날짜시간,앙상블예측(MW),발전량기준(MW),XGB예측(MW),LGB예측(MW)
2026-05-20 00:15:00,66227.3,76095.2,66164.3,66256.8
2026-05-20 00:20:00,66041.2,75881.3,66075.7,66025.0
2026-05-20 00:25:00,65885.8,75702.8,65831.3,65911.3
2026-05-20 00:30:00,65660.8,75444.3,65629.3,65675.6
2026-05-20 00:35:00,65408.9,75154.8,65415.4,65405.9
2026-05-20 00:40:00,65339.6,75075.2,65338.6,65340.1
2026-05-20 00:45:00,65219.2,74936.9,65262.9,65198.8
2026-05-20 00:50:00,64990.1,74673.6,64981.0,64994.3
2026-05-20 00:55:00,64798.9,74453.9,64830.0,64784.4
2026-05-20 01:00:00,64590.0,74213.9,64546.9,64610.1
2026-05-20 01:05:00,64431.1,74031.3,64381.3,64454.5
2026-05-20 01:10:00,64304.5,73885.9,64264.1,64323.4
2026-05-20 01:15:00,64135.5,73691.7,64159.2,64124.4
2026-05-20 01:20:00,63986.8,73520.8,63971.1,63994.2
2026-05-20 01:25:00,63795.8,73301.4,63878.4,63757.1
2026-05-20 01:30:00,63621.0,73100.5,63626.6,63618.3
2026-05-20 01:35:00,63537.4,73004.5,63625.0,63496.4
2026-05-20 01:40:00,63861.2,73376.5,63925.0,63831.3
2026-05-20 01:45:00,63777.8,73280.7,63826.6,63755.0
2026-05-20 01:50:00,63569.8,73041.7,63591.6,63559.5
2026-05-20 01:55:00,63375.7,72818.7,63363.4,63381.4
2026-05-20 02:00:00,63183.7,72598.1,63162.0,63193.9
2026-05-20 02:05:00,62842.4,72205.9,62806.3,62859.4
2026-05-20 02:10:00,62504.1,71817.2,62481.6,62514.6
2026-05-20 02:15:00,62195.8,71463.0,62194.8,62196.3
2026-05-20 02:20:00,61831.9,71044.9,61791.9,61850.6
2026-05-20 02:25:00,61452.6,70609.0,61437.2,61459.8
2026-05-20 02:30:00,60986.5,70073.5,61048.0,60957.7
2026-05-20 02:35:00,60339.9,69330.5,60363.1,60329.0
2026-05-20 02:40:00,60174.5,69140.5,60153.7,60184.2
2026-05-20 02:45:00,59915.0,68842.3,59858.8,59941.3
2026-05-20 02:50:00,59589.5,68468.3,59591.7,59588.5
2026-05-20 02:55:00,59208.1,68030.1,59264.6,59181.6
2026-05-20 03:00:00,58914.1,67692.3,58928.1,58907.5
2026-05-20 03:05:00,58643.8,67381.7,58678.4,58627.6
2026-05-20 03:10:00,58406.0,67108.5,58434.7,58392.5
2026-05-20 03:15:00,58223.1,66898.3,58172.7,58246.7
2026-05-20 03:20:00,58047.0,66696.0,58071.2,58035.7
2026-05-20 03:25:00,57852.3,66472.3,57865.6,57846.1
2026-05-20 03:30:00,57666.3,66258.6,57647.8,57675.1
2026-05-20 03:35:00,57542.6,66116.4,57514.7,57555.7
2026-05-20 03:40:00,57462.0,66023.8,57414.3,57484.4
2026-05-20 03:45:00,57330.4,65872.6,57307.6,57341.0
2026-05-20 03:50:00,57190.8,65712.2,57199.0,57187.0
2026-05-20 03:55:00,57135.3,65648.5,57183.1,57112.9
2026-05-20 04:00:00,57042.4,65541.7,57057.6,57035.4
2026-05-20 04:05:00,56950.3,65435.9,56959.0,56946.2
2026-05-20 04:10:00,56850.2,65320.9,56861.9,56844.8
2026-05-20 04:15:00,56757.9,65214.8,56785.8,56744.8
2026-05-20 04:20:00,56682.1,65127.7,56702.4,56672.6
2026-05-20 04:25:00,56601.3,65034.9,56592.0,56605.7
2026-05-20 04:30:00,56528.0,64950.7,56513.9,56534.6
2026-05-20 04:35:00,56441.4,64851.2,56402.8,56459.5
2026-05-20 04:40:00,56417.3,64823.5,56398.0,56426.4
2026-05-20 04:45:00,56389.4,64791.4,56357.2,56404.5
2026-05-20 04:50:00,56362.4,64760.4,56349.3,56368.5
2026-05-20 04:55:00,56296.0,64684.1,56347.0,56272.2
2026-05-20 05:00:00,56272.7,64657.3,56243.8,56286.3
2026-05-20 05:05:00,56267.2,64651.0,56228.0,56285.6
2026-05-20 05:10:00,56235.6,64614.7,56255.5,56226.3
2026-05-20 05:15:00,56204.5,64579.0,56141.1,56234.2
2026-05-20 05:20:00,56169.8,64539.1,56165.6,56171.8
2026-05-20 05:25:00,56167.1,64536.0,56134.0,56182.6
2026-05-20 05:30:00,56181.1,64552.1,56146.2,56197.5
2026-05-20 05:35:00,56158.0,64525.5,56140.0,56166.5
2026-05-20 05:40:00,56151.0,64517.5,56201.1,56127.6
2026-05-20 05:45:00,56128.0,64491.1,56162.9,56111.6
2026-05-20 05:50:00,56128.2,64491.3,56160.3,56113.2
2026-05-20 05:55:00,56085.7,64442.5,56158.2,56051.7
2026-05-20 06:00:00,56052.0,64403.7,56045.8,56054.9
2026-05-20 06:05:00,56001.2,64345.4,56034.8,55985.5
2026-05-20 06:10:00,55952.5,64289.4,55960.0,55948.9
2026-05-20 06:15:00,55936.0,64270.5,55939.8,55934.2
2026-05-20 06:20:00,55886.7,64213.8,55943.7,55860.0
2026-05-20 06:25:00,55824.4,64142.2,55834.6,55819.7
2026-05-20 06:30:00,55753.2,64060.4,55817.6,55723.1
2026-05-20 06:35:00,55813.8,64130.1,55739.6,55848.6
2026-05-20 06:40:00,55911.9,64242.8,55938.1,55899.6
2026-05-20 06:45:00,55991.6,64334.3,56005.2,55985.2
2026-05-20 06:50:00,56042.9,64393.3,55997.3,56064.2
2026-05-20 06:55:00,56074.9,64430.1,56107.0,56059.8
2026-05-20 07:00:00,56136.0,64500.3,56111.6,56147.4
2026-05-20 07:05:00,56163.5,64531.9,56212.5,56140.6
2026-05-20 07:10:00,56203.9,64578.3,56256.6,56179.2
2026-05-20 07:15:00,56245.1,64625.6,56211.3,56261.0
2026-05-20 07:20:00,56275.3,64660.3,56309.2,56259.5
2026-05-20 07:25:00,56318.7,64710.2,56308.1,56323.7
2026-05-20 07:30:00,56330.5,64723.7,56312.2,56339.1
2026-05-20 07:35:00,56406.2,64810.7,56393.2,56412.2
2026-05-20 07:40:00,56575.5,65005.2,56576.8,56574.8
2026-05-20 07:45:00,56673.8,65118.2,56734.4,56645.4
2026-05-20 07:50:00,56778.1,65238.0,56776.8,56778.7
2026-05-20 07:55:00,56899.3,65377.3,56880.5,56908.1
2026-05-20 08:00:00,56991.6,65483.3,56991.3,56991.7
2026-05-20 08:05:00,57091.0,65597.6,57056.6,57107.1
2026-05-20 08:10:00,57274.5,65808.4,57302.9,57261.1
2026-05-20 08:15:00,57383.0,65933.1,57349.7,57398.6
2026-05-20 08:20:00,57493.7,66060.3,57506.9,57487.6
2026-05-20 08:25:00,57621.2,66206.8,57629.3,57617.5
2026-05-20 08:30:00,57733.2,66335.4,57737.6,57731.2
2026-05-20 08:35:00,57972.5,66610.4,57935.5,57989.8
2026-05-20 08:40:00,58358.2,67053.6,58370.2,58352.5
2026-05-20 08:45:00,58499.3,67215.7,58518.8,58490.2
2026-05-20 08:50:00,58614.4,67347.9,58615.2,58614.0
2026-05-20 08:55:00,58793.3,67553.5,58807.3,58786.8
2026-05-20 09:00:00,58943.7,67726.3,58956.2,58937.8
2026-05-20 09:05:00,59091.6,67896.2,59049.7,59111.2
2026-05-20 09:10:00,59281.3,68114.2,59290.8,59276.9
2026-05-20 09:15:00,59430.0,68285.1,59456.6,59417.5
2026-05-20 09:20:00,59544.5,68416.6,59538.6,59547.3
2026-05-20 09:25:00,59655.1,68543.7,59688.0,59639.8
2026-05-20 09:30:00,59765.4,68670.4,59776.9,59760.1
2026-05-20 09:35:00,60049.6,68997.0,60064.8,60042.5
2026-05-20 09:40:00,60535.3,69555.1,60504.4,60549.7
2026-05-20 09:45:00,60757.3,69810.1,60764.9,60753.8
2026-05-20 09:50:00,61011.3,70102.0,61019.7,61007.3
2026-05-20 09:55:00,61159.2,70271.9,61147.8,61164.5
2026-05-20 10:00:00,61318.7,70455.2,61341.6,61307.9
2026-05-20 10:05:00,61418.5,70569.9,61380.3,61436.4
2026-05-20 10:10:00,61595.0,70772.7,61566.4,61608.4
2026-05-20 10:15:00,61594.0,70771.5,61665.1,61560.6
2026-05-20 10:20:00,61593.8,70771.3,61659.4,61563.1
2026-05-20 10:25:00,61621.8,70803.4,61668.7,61599.8
2026-05-20 10:30:00,61661.1,70848.6,61652.9,61664.9
2026-05-20 10:35:00,61927.3,71154.5,61945.1,61919.0
2026-05-20 10:40:00,62427.8,71729.5,62394.7,62443.2
2026-05-20 10:45:00,62716.6,72061.4,62627.1,62758.5
2026-05-20 10:50:00,62969.1,72351.5,62937.3,62984.0
2026-05-20 10:55:00,63149.1,72558.3,63160.3,63143.9
2026-05-20 11:00:00,63266.3,72693.0,63264.4,63267.2
2026-05-20 11:05:00,63389.3,72834.3,63353.8,63405.9
2026-05-20 11:10:00,63557.0,73027.0,63549.7,63560.4
2026-05-20 11:15:00,63593.3,73068.7,63631.6,63575.4
2026-05-20 11:20:00,63573.5,73046.0,63597.1,63562.5
2026-05-20 11:25:00,63543.8,73011.8,63592.2,63521.0
2026-05-20 11:30:00,63523.1,72988.0,63575.8,63498.4
2026-05-20 11:35:00,63343.0,72781.1,63439.2,63297.9
2026-05-20 11:40:00,63371.2,72813.5,63405.5,63355.2
2026-05-20 11:45:00,63422.9,72872.9,63437.5,63416.1
2026-05-20 11:50:00,63407.7,72855.4,63513.0,63358.3
2026-05-20 11:55:00,63343.1,72781.2,63362.5,63334.1
2026-05-20 12:00:00,63329.8,72765.9,63345.5,63322.5
2026-05-20 12:05:00,63116.3,72520.6,63148.1,63101.3
2026-05-20 12:10:00,62950.1,72329.7,62971.3,62940.2
2026-05-20 12:15:00,62769.6,72122.3,62836.9,62738.0
2026-05-20 12:20:00,62624.3,71955.3,62647.7,62613.3
2026-05-20 12:25:00,62440.2,71743.8,62445.8,62437.6
2026-05-20 12:30:00,62232.0,71504.6,62252.1,62222.6
2026-05-20 12:35:00,61991.5,71228.2,62023.4,61976.5
2026-05-20 12:40:00,61889.7,71111.3,61981.6,61846.6
2026-05-20 12:45:00,61824.2,71036.0,61863.1,61806.0
2026-05-20 12:50:00,61952.7,71183.7,61964.8,61947.1
2026-05-20 12:55:00,61967.7,71200.9,61958.2,61972.1
2026-05-20 13:00:00,61942.9,71172.4,61949.0,61940.1
2026-05-20 13:05:00,61798.5,71006.5,61822.4,61787.4
2026-05-20 13:10:00,61676.0,70865.7,61680.1,61674.1
2026-05-20 13:15:00,61545.0,70715.2,61569.2,61533.7
2026-05-20 13:20:00,61479.4,70639.8,61495.4,61472.0
2026-05-20 13:25:00,61430.4,70583.5,61407.0,61441.4
2026-05-20 13:30:00,61409.8,70559.9,61306.3,61458.3
2026-05-20 13:35:00,61223.2,70345.5,61254.7,61208.4
2026-05-20 13:40:00,61095.0,70198.2,61132.2,61077.5
2026-05-20 13:45:00,60912.4,69988.3,60983.3,60879.2
2026-05-20 13:50:00,60698.4,69742.5,60782.6,60658.9
2026-05-20 13:55:00,60473.5,69484.1,60531.2,60446.5
2026-05-20 14:00:00,60295.5,69279.5,60347.2,60271.3
2026-05-20 14:05:00,60064.0,69013.5,60089.6,60052.0
2026-05-20 14:10:00,59913.7,68840.8,59841.7,59947.5
2026-05-20 14:15:00,59669.6,68560.4,59730.2,59641.2
2026-05-20 14:20:00,59385.1,68233.5,59450.0,59354.7
2026-05-20 14:25:00,59064.5,67865.1,59064.8,59064.4
2026-05-20 14:30:00,58640.5,67377.9,58698.4,58613.3
2026-05-20 14:35:00,58134.4,66796.4,58127.7,58137.5
2026-05-20 14:40:00,58157.5,66823.0,58121.0,58174.6
2026-05-20 14:45:00,58081.1,66735.2,58097.2,58073.6
2026-05-20 14:50:00,57953.2,66588.2,58002.3,57930.1
2026-05-20 14:55:00,57854.8,66475.2,57934.7,57817.4
2026-05-20 15:00:00,57770.9,66378.8,57855.2,57731.4
2026-05-20 15:05:00,57610.6,66194.6,57682.8,57576.7
2026-05-20 15:10:00,57529.3,66101.2,57609.2,57491.9
2026-05-20 15:15:00,57574.8,66153.4,57539.9,57591.2
2026-05-20 15:20:00,57714.1,66313.5,57722.6,57710.2
2026-05-20 15:25:00,57878.4,66502.3,57876.7,57879.1
2026-05-20 15:30:00,58144.0,66807.5,58123.0,58153.8
2026-05-20 15:35:00,58626.1,67361.4,58623.2,58627.5
2026-05-20 15:40:00,59078.0,67880.6,59095.3,59069.9
2026-05-20 15:45:00,59459.5,68319.0,59461.7,59458.5
2026-05-20 15:50:00,59708.8,68605.4,59733.2,59697.4
2026-05-20 15:55:00,59954.0,68887.1,59869.4,59993.7
2026-05-20 16:00:00,60192.8,69161.5,60234.9,60173.1
2026-05-20 16:05:00,60486.9,69499.4,60527.3,60468.0
2026-05-20 16:10:00,60779.7,69835.9,60816.6,60762.4
2026-05-20 16:15:00,60997.5,70086.1,61002.6,60995.1
2026-05-20 16:20:00,61136.7,70246.1,61183.3,61114.9
2026-05-20 16:25:00,61216.2,70337.4,61219.6,61214.7
2026-05-20 16:30:00,61395.6,70543.5,61358.7,61412.9
2026-05-20 16:35:00,61556.4,70728.3,61540.8,61563.7
2026-05-20 16:40:00,61678.0,70868.0,61711.2,61662.4
2026-05-20 16:45:00,61805.6,71014.6,61816.2,61800.6
2026-05-20 16:50:00,62007.9,71247.1,61973.8,62023.9
2026-05-20 16:55:00,62164.0,71426.4,62089.6,62198.8
2026-05-20 17:00:00,62289.0,71570.1,62292.9,62287.2
2026-05-20 17:05:00,62393.2,71689.8,62372.7,62402.8
2026-05-20 17:10:00,62533.6,71851.1,62505.0,62547.0
2026-05-20 17:15:00,62587.8,71913.4,62620.9,62572.3
2026-05-20 17:20:00,62691.7,72032.8,62731.0,62673.3
2026-05-20 17:25:00,62854.6,72219.9,62836.7,62863.0
2026-05-20 17:30:00,62907.7,72280.9,62901.4,62910.7
2026-05-20 17:35:00,62951.9,72331.7,62972.6,62942.3
2026-05-20 17:40:00,62981.8,72366.1,63083.3,62934.2
2026-05-20 17:45:00,63155.8,72566.0,63189.1,63140.1
2026-05-20 17:50:00,63454.1,72908.8,63444.3,63458.7
2026-05-20 17:55:00,63741.4,73238.9,63694.7,63763.3
2026-05-20 18:00:00,64024.1,73563.7,64005.3,64033.0
2026-05-20 18:05:00,64186.1,73749.8,64229.7,64165.7
2026-05-20 18:10:00,64409.5,74006.5,64418.8,64405.1
2026-05-20 18:15:00,64655.2,74288.8,64606.5,64678.1
2026-05-20 18:20:00,64919.8,74592.9,64917.1,64921.0
2026-05-20 18:25:00,65132.4,74837.1,65057.4,65167.5
2026-05-20 18:30:00,65345.9,75082.4,65375.1,65332.2
2026-05-20 18:35:00,65489.2,75247.1,65494.3,65486.8
2026-05-20 18:40:00,65564.2,75333.3,65557.9,65567.1
2026-05-20 18:45:00,65789.9,75592.6,65780.6,65794.2
2026-05-20 18:50:00,65966.6,75795.6,65972.6,65963.8
2026-05-20 18:55:00,66123.5,75975.9,66138.2,66116.6
2026-05-20 19:00:00,66299.9,76178.6,66359.8,66271.8
2026-05-20 19:05:00,66470.0,76374.0,66468.7,66470.7
2026-05-20 19:10:00,66668.0,76601.5,66683.8,66660.6
2026-05-20 19:15:00,66881.3,76846.6,66830.7,66905.1
2026-05-20 19:20:00,67094.8,77091.9,67076.9,67103.2
2026-05-20 19:25:00,67178.9,77188.6,67257.7,67142.0
2026-05-20 19:30:00,67226.5,77243.2,67291.4,67196.1
2026-05-20 19:35:00,67213.4,77228.2,67205.4,67217.1
2026-05-20 19:40:00,67081.7,77076.9,67141.5,67053.6
2026-05-20 19:45:00,67145.4,77150.1,67191.8,67123.6
2026-05-20 19:50:00,67222.5,77238.7,67209.8,67228.4
2026-05-20 19:55:00,67265.0,77287.5,67274.3,67260.7
2026-05-20 20:00:00,67259.0,77280.6,67267.4,67255.1
2026-05-20 20:05:00,67250.7,77271.1,67257.5,67247.6
2026-05-20 20:10:00,67255.5,77276.6,67258.0,67254.4
2026-05-20 20:15:00,67250.8,77271.2,67248.1,67252.1
2026-05-20 20:20:00,67255.1,77276.1,67259.0,67253.3
2026-05-20 20:25:00,67221.8,77237.8,67215.3,67224.8
2026-05-20 20:30:00,67187.9,77198.9,67180.9,67191.2
2026-05-20 20:35:00,67145.0,77149.6,67174.7,67131.0
2026-05-20 20:40:00,67043.4,77032.9,67047.0,67041.8
2026-05-20 20:45:00,67079.0,77073.8,67047.8,67093.6
2026-05-20 20:50:00,67124.8,77126.4,67176.4,67100.6
2026-05-20 20:55:00,67174.4,77183.4,67164.1,67179.2
2026-05-20 21:00:00,67216.9,77232.2,67262.2,67195.6
2026-05-20 21:05:00,67259.3,77280.9,67273.6,67252.6
2026-05-20 21:10:00,67244.1,77263.5,67254.2,67239.3
2026-05-20 21:15:00,67228.7,77245.8,67234.4,67226.0
2026-05-20 21:20:00,67231.1,77248.5,67239.6,67227.2
2026-05-20 21:25:00,67193.5,77205.3,67208.5,67186.4
2026-05-20 21:30:00,67149.6,77154.9,67176.3,67137.1
2026-05-20 21:35:00,67108.3,77107.4,67046.0,67137.5
2026-05-20 21:40:00,67080.0,77074.9,67035.4,67100.9
2026-05-20 21:45:00,67070.5,77064.0,67092.1,67060.4
2026-05-20 21:50:00,67074.2,77068.3,67084.8,67069.2
2026-05-20 21:55:00,67067.3,77060.3,67070.8,67065.7
2026-05-20 22:00:00,67050.6,77041.1,67066.3,67043.3
2026-05-20 22:05:00,67002.7,76986.1,66942.1,67031.1
2026-05-20 22:10:00,67007.4,76991.5,66957.1,67031.0
2026-05-20 22:15:00,67007.1,76991.2,66949.8,67034.0
2026-05-20 22:20:00,67009.8,76994.3,66955.5,67035.2
2026-05-20 22:25:00,66922.7,76894.2,66927.2,66920.5
2026-05-20 22:30:00,66824.2,76781.0,66828.9,66822.0
2026-05-20 22:35:00,66687.3,76623.7,66707.8,66677.7
2026-05-20 22:40:00,66577.0,76497.0,66579.8,66575.7
2026-05-20 22:45:00,66544.2,76459.3,66520.1,66555.5
2026-05-20 22:50:00,66469.5,76373.5,66504.3,66453.3
2026-05-20 22:55:00,66431.7,76330.0,66391.7,66450.4
2026-05-20 23:00:00,66361.2,76249.0,66385.2,66350.0
2026-05-20 23:05:00,66311.6,76192.0,66257.6,66336.9
2026-05-20 23:10:00,66238.9,76108.5,66191.0,66261.2
2026-05-20 23:15:00,66171.9,76031.5,66183.1,66166.7
2026-05-20 23:20:00,66131.0,75984.5,66084.4,66152.8
2026-05-20 23:25:00,66028.8,75867.1,66058.4,66015.0
2026-05-20 23:30:00,65926.4,75749.4,65955.4,65912.8
2026-05-20 23:35:00,65649.0,75430.7,65745.0,65604.0
2026-05-20 23:40:00,65402.5,75147.5,65497.0,65358.2
2026-05-20 23:45:00,65197.5,74911.9,65209.1,65192.0
2026-05-20 23:50:00,65009.5,74695.9,64985.2,65020.9
2026-05-20 23:55:00,64832.5,74492.5,64807.1,64844.4
2026-05-21 00:00:00,64651.4,74284.5,64625.4,64663.6
2026-05-21 00:05:00,64512.0,74124.3,64554.8,64492.0
2026-05-21 00:10:00,64392.3,73986.8,64373.5,64401.2
2026-05-21 00:15:00,64261.9,73836.9,64261.0,64262.4
2026-05-21 00:20:00,64097.4,73647.9,64163.0,64066.6
2026-05-21 00:25:00,63933.9,73460.1,63968.1,63917.9
2026-05-21 00:30:00,63773.0,73275.2,63793.1,63763.6
2026-05-21 00:35:00,63599.4,73075.7,63600.6,63598.8
2026-05-21 00:40:00,63594.3,73069.9,63597.1,63592.9
2026-05-21 00:45:00,63468.6,72925.4,63471.7,63467.1
2026-05-21 00:50:00,63335.3,72772.3,63333.9,63336.0
2026-05-21 00:55:00,63202.8,72620.0,63251.9,63179.7
2026-05-21 01:00:00,63061.9,72458.1,63047.4,63068.6
2026-05-21 01:05:00,62911.8,72285.7,62877.0,62928.0
2026-05-21 01:10:00,62785.6,72140.7,62758.5,62798.2
2026-05-21 01:15:00,62688.3,72028.9,62665.4,62699.0
2026-05-21 01:20:00,62585.0,71910.2,62579.7,62587.5
2026-05-21 01:25:00,62479.6,71789.1,62456.9,62490.2
2026-05-21 01:30:00,62370.4,71663.6,62374.2,62368.6
2026-05-21 01:35:00,62364.9,71657.3,62404.4,62346.4
2026-05-21 01:40:00,62763.2,72114.9,62791.8,62749.8
2026-05-21 01:45:00,62844.2,72208.0,62839.7,62846.2
2026-05-21 01:50:00,62664.5,72001.5,62698.7,62648.4
2026-05-21 01:55:00,62437.3,71740.5,62496.6,62409.5
2026-05-21 02:00:00,62177.4,71441.8,62167.0,62182.3
2026-05-21 02:05:00,61810.6,71020.4,61782.6,61823.7
2026-05-21 02:10:00,61426.2,70578.7,61383.7,61446.1
2026-05-21 02:15:00,61038.7,70133.5,61007.0,61053.6
2026-05-21 02:20:00,60666.8,69706.2,60618.7,60689.3
2026-05-21 02:25:00,60333.7,69323.4,60346.9,60327.4
2026-05-21 02:30:00,59843.9,68760.6,59870.2,59831.7
2026-05-21 02:35:00,59214.4,68037.3,59257.1,59194.3
2026-05-21 02:40:00,58969.4,67755.8,59029.4,58941.2
2026-05-21 02:45:00,58680.2,67423.5,58732.2,58655.8
2026-05-21 02:50:00,58396.1,67097.1,58350.2,58417.6
2026-05-21 02:55:00,58163.1,66829.4,58100.4,58192.5
2026-05-21 03:00:00,57925.2,66556.1,57897.8,57938.0
2026-05-21 03:05:00,57713.4,66312.7,57666.6,57735.3
2026-05-21 03:10:00,57479.8,66044.3,57463.5,57487.4
2026-05-21 03:15:00,57238.4,65766.9,57286.0,57216.1
2026-05-21 03:20:00,57004.0,65497.6,57044.7,56984.9
2026-05-21 03:25:00,56815.4,65280.9,56854.6,56797.0
2026-05-21 03:30:00,56669.0,65112.7,56673.0,56667.2
2026-05-21 03:35:00,56584.1,65015.1,56541.6,56604.0
2026-05-21 03:40:00,56538.2,64962.4,56542.4,56536.2
2026-05-21 03:45:00,56383.9,64785.1,56395.4,56378.5
2026-05-21 03:50:00,56295.2,64683.2,56284.7,56300.2
2026-05-21 03:55:00,56238.7,64618.3,56194.6,56259.4
2026-05-21 04:00:00,56156.7,64524.0,56102.0,56182.4
2026-05-21 04:05:00,56080.9,64437.0,56113.4,56065.7
2026-05-21 04:10:00,56066.1,64419.9,56038.1,56079.2
2026-05-21 04:15:00,56059.9,64412.8,56022.8,56077.3
2026-05-21 04:20:00,56039.5,64389.4,56029.4,56044.2
2026-05-21 04:25:00,55975.8,64316.2,55988.3,55970.0
2026-05-21 04:30:00,55922.0,64254.4,55904.7,55930.1
2026-05-21 04:35:00,55836.6,64156.3,55895.4,55809.0
2026-05-21 04:40:00,55874.4,64199.7,55859.9,55881.1
2026-05-21 04:45:00,55822.8,64140.4,55824.4,55822.1
2026-05-21 04:50:00,55741.9,64047.4,55820.8,55705.0
2026-05-21 04:55:00,55704.4,64004.4,55696.2,55708.2
2026-05-21 05:00:00,55640.9,63931.4,55699.2,55613.6
2026-05-21 05:05:00,55597.9,63882.0,55571.6,55610.2
2026-05-21 05:10:00,55554.9,63832.6,55594.5,55536.4
2026-05-21 05:15:00,55501.1,63770.8,55469.6,55515.9
2026-05-21 05:20:00,55494.8,63763.5,55475.3,55503.9
2026-05-21 05:25:00,55495.7,63764.6,55476.7,55504.7
2026-05-21 05:30:00,55466.3,63730.8,55475.5,55462.0
2026-05-21 05:35:00,55374.0,63624.7,55460.1,55333.6
2026-05-21 05:40:00,55386.0,63638.5,55398.7,55380.0
2026-05-21 05:45:00,55357.5,63605.8,55376.9,55348.3
2026-05-21 05:50:00,55287.2,63525.0,55369.9,55248.4
2026-05-21 05:55:00,55257.4,63490.8,55273.1,55250.1
2026-05-21 06:00:00,55256.1,63489.3,55260.4,55254.0
2026-05-21 06:05:00,55246.7,63478.5,55245.5,55247.3
2026-05-21 06:10:00,55171.2,63391.7,55271.4,55124.2
2026-05-21 06:15:00,55118.5,63331.2,55139.6,55108.7
2026-05-21 06:20:00,55067.6,63272.7,55146.0,55030.9
2026-05-21 06:25:00,55034.6,63234.8,55044.1,55030.2
2026-05-21 06:30:00,55058.1,63261.8,55041.8,55065.8
2026-05-21 06:35:00,55141.3,63357.4,55102.3,55159.6
2026-05-21 06:40:00,55283.0,63520.2,55271.1,55288.5
2026-05-21 06:45:00,55359.8,63608.4,55351.4,55363.7
2026-05-21 06:50:00,55390.9,63644.1,55438.4,55368.6
2026-05-21 06:55:00,55452.8,63715.3,55434.1,55461.6
2026-05-21 07:00:00,55458.8,63722.2,55440.6,55467.4
2026-05-21 07:05:00,55486.9,63754.4,55543.2,55460.6
2026-05-21 07:10:00,55597.7,63881.8,55593.4,55599.8
2026-05-21 07:15:00,55613.1,63899.5,55655.9,55593.1
2026-05-21 07:20:00,55683.0,63979.8,55656.7,55695.3
2026-05-21 07:25:00,55677.2,63973.1,55652.8,55688.7
2026-05-21 07:30:00,55705.1,64005.2,55651.5,55730.2
2026-05-21 07:35:00,55774.0,64084.3,55869.9,55729.1
2026-05-21 07:40:00,55906.0,64236.0,55942.4,55889.0
2026-05-21 07:45:00,55993.1,64336.1,56091.5,55947.0
2026-05-21 07:50:00,56099.0,64457.8,56073.4,56110.9
2026-05-21 07:55:00,56198.0,64571.5,56176.6,56208.0
2026-05-21 08:00:00,56296.6,64684.8,56291.2,56299.1
2026-05-21 08:05:00,56380.8,64781.5,56374.9,56383.6
2026-05-21 08:10:00,56563.0,64990.9,56518.8,56583.7
2026-05-21 08:15:00,56646.4,65086.7,56720.7,56611.6
2026-05-21 08:20:00,56731.9,65185.0,56786.3,56706.4
2026-05-21 08:25:00,56835.5,65304.0,56882.6,56813.5
2026-05-21 08:30:00,56970.7,65459.3,56970.7,56970.6
2026-05-21 08:35:00,57206.5,65730.3,57166.9,57225.0
2026-05-21 08:40:00,57628.8,66215.5,57609.3,57638.0
2026-05-21 08:45:00,57820.9,66436.2,57801.7,57829.9
2026-05-21 08:50:00,58000.9,66643.0,57962.1,58019.0
2026-05-21 08:55:00,58112.7,66771.5,58144.3,58097.9
2026-05-21 09:00:00,58265.3,66946.8,58227.7,58282.9
2026-05-21 09:05:00,58354.1,67048.9,58385.3,58339.5
2026-05-21 09:10:00,58516.6,67235.6,58533.5,58508.6
2026-05-21 09:15:00,58675.4,67418.0,58711.8,58658.4
2026-05-21 09:20:00,58828.9,67594.4,58806.4,58839.4
2026-05-21 09:25:00,58924.7,67704.5,58940.9,58917.1
2026-05-21 09:30:00,59046.3,67844.2,59059.7,59040.0
2026-05-21 09:35:00,59319.1,68157.6,59287.8,59333.8
2026-05-21 09:40:00,59776.8,68683.5,59734.7,59796.5
2026-05-21 09:45:00,60048.7,68996.0,60003.4,60069.9
2026-05-21 09:50:00,60263.9,69243.2,60262.6,60264.6
2026-05-21 09:55:00,60405.8,69406.3,60397.8,60409.6
2026-05-21 10:00:00,60529.3,69548.2,60573.5,60508.5
2026-05-21 10:05:00,60577.4,69603.4,60619.2,60557.7
2026-05-21 10:10:00,60734.7,69784.2,60782.6,60712.2
2026-05-21 10:15:00,60856.7,69924.3,60829.0,60869.7
2026-05-21 10:20:00,60978.7,70064.5,60997.9,60969.6
2026-05-21 10:25:00,61076.7,70177.1,61097.8,61066.8
2026-05-21 10:30:00,61139.4,70249.2,61151.9,61133.6
2026-05-21 10:35:00,61412.7,70563.2,61373.6,61431.0
2026-05-21 10:40:00,61916.8,71142.4,61849.5,61948.3
2026-05-21 10:45:00,62279.3,71558.9,62214.5,62309.6
2026-05-21 10:50:00,62595.5,71922.2,62524.6,62628.7
2026-05-21 10:55:00,62843.1,72206.7,62802.0,62862.3
2026-05-21 11:00:00,63059.9,72455.8,63034.0,63072.1
2026-05-21 11:05:00,63246.7,72670.5,63243.6,63248.1
2026-05-21 11:10:00,63477.0,72935.1,63439.5,63494.6
2026-05-21 11:15:00,63538.3,73005.5,63562.7,63526.8
2026-05-21 11:20:00,63601.6,73078.2,63619.0,63593.5
2026-05-21 11:25:00,63580.0,73053.4,63616.7,63562.7
2026-05-21 11:30:00,63550.0,73019.0,63608.5,63522.6
2026-05-21 11:35:00,63380.7,72824.4,63442.4,63351.8
2026-05-21 11:40:00,63373.1,72815.7,63428.2,63347.3
2026-05-21 11:45:00,63442.9,72895.9,63450.3,63439.5
2026-05-21 11:50:00,63537.5,73004.6,63539.1,63536.8
2026-05-21 11:55:00,63563.2,73034.1,63546.3,63571.1
2026-05-21 12:00:00,63514.6,72978.3,63533.3,63505.8
2026-05-21 12:05:00,63323.5,72758.7,63336.7,63317.2
2026-05-21 12:10:00,63133.5,72540.4,63163.6,63119.4
2026-05-21 12:15:00,62901.8,72274.2,62922.6,62892.0
2026-05-21 12:20:00,62742.4,72091.0,62758.0,62735.1
2026-05-21 12:25:00,62533.7,71851.2,62524.6,62538.0
2026-05-21 12:30:00,62335.9,71623.9,62327.1,62340.1
2026-05-21 12:35:00,62013.7,71253.7,62077.7,61983.7
2026-05-21 12:40:00,61959.5,71191.5,62062.8,61911.1
2026-05-21 12:45:00,61908.5,71132.9,61970.8,61879.3
2026-05-21 12:50:00,62006.4,71245.4,61964.0,62026.3
2026-05-21 12:55:00,62010.3,71249.8,61950.9,62038.1
2026-05-21 13:00:00,61981.0,71216.2,61949.6,61995.7
2026-05-21 13:05:00,61814.8,71025.2,61821.7,61811.5
2026-05-21 13:10:00,61711.6,70906.6,61722.9,61706.4
2026-05-21 13:15:00,61590.9,70767.9,61554.0,61608.1
2026-05-21 13:20:00,61473.9,70633.5,61479.2,61471.4
2026-05-21 13:25:00,61400.0,70548.6,61378.7,61409.9
2026-05-21 13:30:00,61321.7,70458.6,61286.6,61338.2
2026-05-21 13:35:00,61180.0,70295.8,61140.7,61198.5
2026-05-21 13:40:00,61022.0,70114.3,61121.1,60975.6
2026-05-21 13:45:00,60914.1,69990.3,60889.3,60925.8
2026-05-21 13:50:00,60694.1,69737.5,60772.1,60657.6
2026-05-21 13:55:00,60469.9,69479.9,60519.6,60446.6
2026-05-21 14:00:00,60289.3,69272.4,60337.1,60266.9
2026-05-21 14:05:00,60062.8,69012.2,60078.5,60055.4
2026-05-21 14:10:00,59912.8,68839.8,59832.4,59950.5
2026-05-21 14:15:00,59672.5,68563.7,59717.3,59651.5
2026-05-21 14:20:00,59379.0,68226.5,59440.6,59350.2
2026-05-21 14:25:00,59074.0,67876.0,59080.0,59071.2
2026-05-21 14:30:00,58648.7,67387.4,58712.9,58618.6
2026-05-21 14:35:00,58204.2,66876.6,58181.4,58214.9
2026-05-21 14:40:00,58193.2,66864.0,58115.3,58229.7
2026-05-21 14:45:00,58178.0,66846.5,58086.2,58220.9
2026-05-21 14:50:00,58044.1,66692.7,58082.1,58026.2
2026-05-21 14:55:00,57912.7,66541.7,58008.2,57868.0
2026-05-21 15:00:00,57829.2,66445.8,57854.5,57817.4
2026-05-21 15:05:00,57670.5,66263.4,57689.5,57661.6
2026-05-21 15:10:00,57615.5,66200.2,57692.1,57579.6
2026-05-21 15:15:00,57651.8,66241.9,57625.4,57664.2
2026-05-21 15:20:00,57755.4,66361.0,57701.7,57780.6
2026-05-21 15:25:00,57941.6,66574.9,57937.0,57943.7
2026-05-21 15:30:00,58188.0,66858.0,58108.6,58225.2
2026-05-21 15:35:00,58530.6,67251.7,58513.0,58538.9
2026-05-21 15:40:00,58898.3,67674.1,58865.2,58913.8
2026-05-21 15:45:00,59205.6,68027.2,59203.0,59206.8
2026-05-21 15:50:00,59434.8,68290.6,59389.3,59456.1
2026-05-21 15:55:00,59626.5,68510.8,59584.3,59646.2
2026-05-21 16:00:00,59867.1,68787.3,59878.3,59861.9
2026-05-21 16:05:00,60053.5,69001.5,60078.2,60042.0
2026-05-21 16:10:00,60311.1,69297.5,60331.9,60301.4
2026-05-21 16:15:00,60505.6,69520.9,60546.0,60486.7
2026-05-21 16:20:00,60665.0,69704.1,60724.7,60637.0
2026-05-21 16:25:00,60824.3,69887.1,60871.2,60802.3
2026-05-21 16:30:00,60954.6,70036.8,60930.5,60965.9
2026-05-21 16:35:00,61118.6,70225.3,61108.7,61123.2
2026-05-21 16:40:00,61254.1,70381.0,61224.6,61267.8
2026-05-21 16:45:00,61428.5,70581.3,61432.9,61426.4
2026-05-21 16:50:00,61542.6,70712.4,61536.0,61545.6
2026-05-21 16:55:00,61656.1,70842.9,61684.2,61642.9
2026-05-21 17:00:00,61773.9,70978.2,61783.8,61769.3
2026-05-21 17:05:00,61922.6,71149.1,61899.3,61933.5
2026-05-21 17:10:00,62056.9,71303.4,62074.4,62048.7
2026-05-21 17:15:00,62160.7,71422.6,62154.4,62163.6
2026-05-21 17:20:00,62259.8,71536.5,62275.0,62252.7
2026-05-21 17:25:00,62327.9,71614.8,62337.8,62323.3
2026-05-21 17:30:00,62398.9,71696.3,62417.7,62390.1
2026-05-21 17:35:00,62436.7,71739.8,62486.7,62413.2
2026-05-21 17:40:00,62449.7,71754.7,62521.8,62416.0
2026-05-21 17:45:00,62626.9,71958.3,62622.1,62629.1
2026-05-21 17:50:00,62876.7,72245.3,62846.6,62890.9
2026-05-21 17:55:00,63154.9,72565.0,63108.8,63176.5
2026-05-21 18:00:00,63437.4,72889.6,63421.6,63444.8
2026-05-21 18:05:00,63684.0,73172.9,63656.6,63696.9
2026-05-21 18:10:00,63885.5,73404.4,63868.9,63893.2
2026-05-21 18:15:00,64124.8,73679.4,64137.8,64118.6
2026-05-21 18:20:00,64407.9,74004.7,64348.9,64435.5
2026-05-21 18:25:00,64586.9,74210.3,64615.9,64573.3
2026-05-21 18:30:00,64838.6,74499.6,64779.4,64866.3
2026-05-21 18:35:00,64971.9,74652.7,64884.2,65013.0
2026-05-21 18:40:00,65015.2,74702.5,65040.4,65003.4
2026-05-21 18:45:00,65178.8,74890.4,65148.1,65193.2
2026-05-21 18:50:00,65390.4,75133.6,65392.4,65389.5
2026-05-21 18:55:00,65571.8,75342.0,65530.8,65591.0
2026-05-21 19:00:00,65786.8,75589.0,65762.8,65798.1
2026-05-21 19:05:00,65942.5,75767.9,65934.1,65946.4
2026-05-21 19:10:00,66139.8,75994.6,66156.8,66131.8
2026-05-21 19:15:00,66296.4,76174.6,66332.3,66279.6
2026-05-21 19:20:00,66465.8,76369.2,66452.5,66472.0
2026-05-21 19:25:00,66609.0,76533.7,66605.9,66610.5
2026-05-21 19:30:00,66724.7,76666.7,66694.7,66738.8
2026-05-21 19:35:00,66717.1,76657.9,66679.4,66734.8
2026-05-21 19:40:00,66598.3,76521.4,66624.3,66586.1
2026-05-21 19:45:00,66677.9,76612.9,66678.6,66677.6
2026-05-21 19:50:00,66790.5,76742.3,66784.7,66793.2
2026-05-21 19:55:00,66904.7,76873.5,66866.4,66922.7
2026-05-21 20:00:00,66980.2,76960.2,66969.9,66985.1
2026-05-21 20:05:00,67003.6,76987.1,67059.3,66977.5
2026-05-21 20:10:00,67052.2,77043.0,67077.8,67040.3
2026-05-21 20:15:00,67036.3,77024.7,67054.1,67027.9
2026-05-21 20:20:00,67039.1,77027.9,67059.2,67029.7
2026-05-21 20:25:00,67001.5,76984.7,67031.7,66987.4
2026-05-21 20:30:00,66971.5,76950.3,66978.0,66968.5
2026-05-21 20:35:00,66895.4,76862.8,66958.5,66865.8
2026-05-21 20:40:00,66777.3,76727.1,66822.2,66756.3
2026-05-21 20:45:00,66808.1,76762.5,66828.1,66798.8
2026-05-21 20:50:00,66836.7,76795.4,66860.3,66825.7
2026-05-21 20:55:00,66834.1,76792.4,66848.0,66827.6
2026-05-21 21:00:00,66852.6,76813.6,66866.2,66846.3
2026-05-21 21:05:00,66893.5,76860.6,66969.0,66858.1
2026-05-21 21:10:00,66939.3,76913.3,66953.7,66932.5
2026-05-21 21:15:00,66924.1,76895.8,66934.7,66919.2
2026-05-21 21:20:00,66926.6,76898.7,66939.8,66920.4
2026-05-21 21:25:00,66885.8,76851.8,66904.8,66876.9
2026-05-21 21:30:00,66861.9,76824.3,66870.3,66858.0
2026-05-21 21:35:00,66785.6,76736.7,66809.1,66774.7
2026-05-21 21:40:00,66723.2,76665.0,66707.4,66730.7
2026-05-21 21:45:00,66677.9,76612.9,66659.4,66686.5
2026-05-21 21:50:00,66682.9,76618.7,66655.6,66695.6
2026-05-21 21:55:00,66680.0,76615.3,66654.1,66692.1
2026-05-21 22:00:00,66674.4,76608.9,66647.0,66687.2
2026-05-21 22:05:00,66665.8,76599.0,66643.6,66676.2
2026-05-21 22:10:00,66626.3,76553.6,66656.4,66612.2
2026-05-21 22:15:00,66605.1,76529.3,66552.0,66630.0
2026-05-21 22:20:00,66611.5,76536.6,66569.4,66631.2
2026-05-21 22:25:00,66575.2,76494.9,66538.7,66592.3
2026-05-21 22:30:00,66553.9,76470.4,66496.2,66581.0
2026-05-21 22:35:00,66437.9,76337.1,66469.0,66423.3
2026-05-21 22:40:00,66341.5,76226.4,66370.5,66327.9
2026-05-21 22:45:00,66293.6,76171.3,66328.0,66277.5
2026-05-21 22:50:00,66258.7,76131.2,66207.6,66282.6
2026-05-21 22:55:00,66245.1,76115.6,66203.3,66264.7
2026-05-21 23:00:00,66181.6,76042.7,66182.6,66181.1
2026-05-21 23:05:00,66121.8,75973.9,66053.8,66153.6
2026-05-21 23:10:00,66075.9,75921.2,66088.9,66069.9
2026-05-21 23:15:00,66041.5,75881.7,65991.8,66064.8
2026-05-21 23:20:00,66014.6,75850.8,65997.5,66022.6
2026-05-21 23:25:00,65881.4,75697.7,65860.2,65891.4
2026-05-21 23:30:00,65777.9,75578.8,65731.7,65799.5
2026-05-21 23:35:00,65501.0,75260.6,65533.1,65485.9
2026-05-21 23:40:00,65242.4,74963.5,65271.7,65228.7
2026-05-21 23:45:00,65067.9,74763.0,65127.0,65040.2
2026-05-21 23:50:00,64958.5,74637.3,64916.0,64978.4
2026-05-21 23:55:00,64761.9,74411.4,64807.0,64740.8
2026-05-22 00:00:00,64589.3,74213.1,64625.3,64572.5
2026-05-22 00:05:00,64493.2,74102.7,64452.4,64512.4
2026-05-22 00:10:00,64403.0,73999.0,64366.7,64420.1
2026-05-22 00:15:00,64280.8,73858.6,64263.8,64288.8
2026-05-22 00:20:00,64103.5,73654.9,64179.8,64067.8
2026-05-22 00:25:00,63932.0,73457.9,63965.8,63916.1
2026-05-22 00:30:00,63772.8,73274.9,63796.2,63761.8
2026-05-22 00:35:00,63599.8,73076.2,63604.9,63597.5
2026-05-22 00:40:00,63612.8,73091.1,63606.0,63616.0
2026-05-22 00:45:00,63477.7,72935.9,63456.3,63487.7
2026-05-22 00:50:00,63340.3,72778.0,63333.2,63343.7
2026-05-22 00:55:00,63274.8,72702.7,63251.7,63285.6
2026-05-22 01:00:00,63136.8,72544.2,63126.4,63141.8
2026-05-22 01:05:00,62910.4,72284.0,62876.0,62926.6
2026-05-22 01:10:00,62782.3,72136.9,62751.2,62796.8
2026-05-22 01:15:00,62686.8,72027.1,62663.8,62697.6
2026-05-22 01:20:00,62583.5,71908.4,62578.1,62586.0
2026-05-22 01:25:00,62478.4,71787.7,62455.9,62488.9
2026-05-22 01:30:00,62369.1,71662.1,62373.2,62367.2
2026-05-22 01:35:00,62363.4,71655.5,62402.6,62345.0
2026-05-22 01:40:00,62739.2,72087.3,62791.7,62714.6
2026-05-22 01:45:00,62748.7,72098.3,62740.5,62752.5
2026-05-22 01:50:00,62571.5,71894.7,62599.5,62558.4
2026-05-22 01:55:00,62311.1,71595.5,62304.7,62314.1
2026-05-22 02:00:00,62076.9,71326.4,62065.3,62082.4
2026-05-22 02:05:00,61697.2,70890.1,61677.9,61706.3
2026-05-22 02:10:00,61309.4,70444.5,61285.5,61320.5
2026-05-22 02:15:00,60895.3,69968.7,60914.3,60886.5
2026-05-22 02:20:00,60515.7,69532.5,60523.7,60511.9
2026-05-22 02:25:00,60126.1,69084.9,60178.6,60101.5
2026-05-22 02:30:00,59702.8,68598.5,59722.8,59693.5
2026-05-22 02:35:00,59075.3,67877.5,59098.8,59064.3
2026-05-22 02:40:00,58856.6,67626.2,58935.2,58819.8
2026-05-22 02:45:00,58556.2,67281.1,58517.8,58574.1
2026-05-22 02:50:00,58302.5,66989.6,58265.0,58320.1
2026-05-22 02:55:00,58075.3,66728.5,57983.8,58118.2
2026-05-22 03:00:00,57826.0,66442.1,57799.3,57838.4
2026-05-22 03:05:00,57601.7,66184.4,57524.0,57638.2
2026-05-22 03:10:00,57354.5,65900.3,57371.5,57346.6
2026-05-22 03:15:00,57133.9,65646.9,57107.6,57146.3
2026-05-22 03:20:00,56907.3,65386.5,56937.8,56893.1
2026-05-22 03:25:00,56727.2,65179.6,56750.0,56716.5
2026-05-22 03:30:00,56590.2,65022.1,56586.7,56591.9
2026-05-22 03:35:00,56526.3,64948.7,56469.2,56553.0
2026-05-22 03:40:00,56401.5,64805.3,56414.0,56395.6
2026-05-22 03:45:00,56300.3,64689.0,56305.8,56297.6
2026-05-22 03:50:00,56198.0,64571.5,56201.8,56196.2
2026-05-22 03:55:00,56149.0,64515.2,56093.0,56175.2
2026-05-22 04:00:00,56080.8,64436.8,56099.7,56071.9
2026-05-22 04:05:00,56047.0,64398.0,56005.0,56066.7
2026-05-22 04:10:00,56002.3,64346.6,56032.8,55988.1
2026-05-22 04:15:00,55929.5,64263.0,55921.2,55933.3
2026-05-22 04:20:00,55843.4,64164.1,55883.0,55824.9
2026-05-22 04:25:00,55820.4,64137.6,55773.4,55842.4
2026-05-22 04:30:00,55736.1,64040.8,55801.7,55705.4
2026-05-22 04:35:00,55709.3,64010.0,55671.5,55727.1
2026-05-22 04:40:00,55676.1,63971.8,55737.3,55647.4
2026-05-22 04:45:00,55606.2,63891.5,55592.7,55612.5
2026-05-22 04:50:00,55602.7,63887.5,55580.8,55613.0
2026-05-22 04:55:00,55585.3,63867.5,55577.7,55588.9
2026-05-22 05:00:00,55529.0,63802.8,55581.1,55504.6
2026-05-22 05:05:00,55488.4,63756.2,55457.7,55502.8
2026-05-22 05:10:00,55496.3,63765.2,55486.0,55501.1
2026-05-22 05:15:00,55463.7,63727.8,55471.5,55460.0
2026-05-22 05:20:00,55394.7,63648.5,55470.0,55359.5
2026-05-22 05:25:00,55340.5,63586.2,55346.0,55338.0
2026-05-22 05:30:00,55240.4,63471.2,55247.9,55236.9
2026-05-22 05:35:00,55159.8,63378.6,55243.6,55120.5
2026-05-22 05:40:00,55170.1,63390.4,55164.3,55172.9
2026-05-22 05:45:00,55152.8,63370.6,55141.2,55158.2
2026-05-22 05:50:00,55122.2,63335.4,55138.3,55114.6
2026-05-22 05:55:00,55067.4,63272.4,55136.0,55035.3
2026-05-22 06:00:00,55032.2,63232.0,55041.9,55027.7
2026-05-22 06:05:00,55024.9,63223.6,55032.4,55021.4
2026-05-22 06:10:00,55048.6,63250.8,55057.4,55044.5
2026-05-22 06:15:00,55053.4,63256.4,55038.5,55060.3
2026-05-22 06:20:00,55015.6,63212.9,55058.3,54995.7
2026-05-22 06:25:00,55000.6,63195.7,55013.1,54994.8
2026-05-22 06:30:00,54945.2,63132.0,55012.8,54913.5
2026-05-22 06:35:00,54982.7,63175.1,54934.9,55005.1
2026-05-22 06:40:00,55036.2,63236.6,54996.4,55054.9
2026-05-22 06:45:00,55119.7,63332.5,55098.9,55129.4
2026-05-22 06:50:00,55164.5,63384.0,55187.1,55153.9
2026-05-22 06:55:00,55218.4,63445.9,55190.3,55231.5
2026-05-22 07:00:00,55223.9,63452.3,55195.4,55237.2
2026-05-22 07:05:00,55216.9,63444.2,55184.5,55232.0
2026-05-22 07:10:00,55255.8,63488.9,55224.3,55270.6
2026-05-22 07:15:00,55320.1,63562.8,55302.9,55328.1
2026-05-22 07:20:00,55318.5,63561.0,55301.2,55326.6
2026-05-22 07:25:00,55333.8,63578.5,55341.4,55330.2
2026-05-22 07:30:00,55380.5,63632.2,55351.8,55394.0
2026-05-22 07:35:00,55517.7,63789.8,55536.2,55509.0
2026-05-22 07:40:00,55680.9,63977.4,55711.3,55666.7
2026-05-22 07:45:00,55737.9,64042.8,55740.1,55736.9
2026-05-22 07:50:00,55807.9,64123.3,55829.0,55798.0
2026-05-22 07:55:00,55876.3,64201.9,55937.9,55847.5
2026-05-22 08:00:00,55944.0,64279.7,55939.9,55945.9
2026-05-22 08:05:00,56027.6,64375.7,56051.6,56016.4
2026-05-22 08:10:00,56170.6,64540.0,56215.6,56149.5
2026-05-22 08:15:00,56297.9,64686.3,56279.2,56306.6
2026-05-22 08:20:00,56388.6,64790.5,56373.1,56395.9
2026-05-22 08:25:00,56494.6,64912.3,56459.5,56511.1
2026-05-22 08:30:00,56643.8,65083.7,56600.1,56664.3
2026-05-22 08:35:00,56821.4,65287.8,56889.6,56789.5
2026-05-22 08:40:00,57176.1,65695.3,57206.7,57161.8
2026-05-22 08:45:00,57344.4,65888.7,57273.6,57377.6
2026-05-22 08:50:00,57477.2,66041.3,57479.0,57476.4
2026-05-22 08:55:00,57642.0,66230.7,57641.3,57642.3
2026-05-22 09:00:00,57753.6,66358.9,57769.9,57746.0
2026-05-22 09:05:00,57925.6,66556.5,57925.7,57925.6
2026-05-22 09:10:00,58117.3,66776.8,58075.6,58136.9
2026-05-22 09:15:00,58247.7,66926.6,58205.0,58267.7
2026-05-22 09:20:00,58362.4,67058.4,58376.7,58355.7
2026-05-22 09:25:00,58451.6,67160.9,58464.8,58445.5
2026-05-22 09:30:00,58573.0,67300.4,58586.1,58566.9
2026-05-22 09:35:00,58852.2,67621.2,58795.2,58879.0
2026-05-22 09:40:00,59309.7,68146.8,59220.6,59351.5
2026-05-22 09:45:00,59578.6,68455.8,59533.0,59599.9
2026-05-22 09:50:00,59761.6,68666.1,59767.1,59759.0
2026-05-22 09:55:00,59855.8,68774.3,59906.1,59832.2
2026-05-22 10:00:00,59966.2,68901.2,59979.1,59960.1
2026-05-22 10:05:00,60071.2,69021.8,60041.2,60085.2
2026-05-22 10:10:00,60219.7,69192.4,60188.2,60234.5
2026-05-22 10:15:00,60297.0,69281.3,60323.1,60284.9
2026-05-22 10:20:00,60369.2,69364.2,60408.3,60350.9
2026-05-22 10:25:00,60423.8,69426.9,60415.5,60427.7
2026-05-22 10:30:00,60498.2,69512.4,60524.5,60485.8
2026-05-22 10:35:00,60812.5,69873.6,60794.6,60820.9
2026-05-22 10:40:00,61207.7,70327.6,61216.7,61203.5
2026-05-22 10:45:00,61413.1,70563.7,61409.9,61414.6
2026-05-22 10:50:00,61671.2,70860.2,61612.8,61698.6
2026-05-22 10:55:00,61804.8,71013.7,61801.5,61806.3
2026-05-22 11:00:00,61976.7,71211.2,61959.9,61984.5
2026-05-22 11:05:00,62093.0,71344.9,62054.9,62110.8
2026-05-22 11:10:00,62229.2,71501.4,62239.6,62224.3
2026-05-22 11:15:00,62283.1,71563.3,62353.1,62250.3
2026-05-22 11:20:00,62320.8,71606.6,62324.2,62319.2
2026-05-22 11:25:00,62359.8,71651.4,62369.9,62355.1
2026-05-22 11:30:00,62341.4,71630.3,62353.1,62335.9
2026-05-22 11:35:00,62194.1,71461.0,62204.2,62189.3
2026-05-22 11:40:00,62154.7,71415.8,62222.0,62123.2
2026-05-22 11:45:00,62274.5,71553.4,62242.7,62289.3
2026-05-22 11:50:00,62358.9,71650.4,62335.5,62369.9
2026-05-22 11:55:00,62365.6,71658.1,62340.7,62377.3
2026-05-22 12:00:00,62332.3,71619.8,62336.2,62330.4
2026-05-22 12:05:00,62254.6,71530.5,62256.1,62253.9
2026-05-22 12:10:00,62234.6,71507.6,62195.1,62253.1
2026-05-22 12:15:00,62191.9,71458.5,62160.4,62206.6
2026-05-22 12:20:00,62059.6,71306.5,62067.9,62055.7
2026-05-22 12:25:00,61939.0,71167.9,61945.6,61935.9
2026-05-22 12:30:00,61860.6,71077.8,61852.2,61864.6
2026-05-22 12:35:00,61653.7,70840.1,61694.5,61634.6
2026-05-22 12:40:00,61704.8,70898.8,61752.4,61682.5
2026-05-22 12:45:00,61781.7,70987.2,61729.5,61806.1
2026-05-22 12:50:00,61864.8,71082.7,61930.5,61834.0
2026-05-22 12:55:00,61871.9,71090.8,61874.5,61870.6
2026-05-22 13:00:00,61835.3,71048.8,61870.3,61819.0
2026-05-22 13:05:00,61747.4,70947.8,61749.7,61746.4
2026-05-22 13:10:00,61694.0,70886.4,61691.4,61695.2
2026-05-22 13:15:00,61594.1,70771.6,61573.8,61603.7
2026-05-22 13:20:00,61472.6,70632.0,61489.8,61464.6
2026-05-22 13:25:00,61383.1,70529.2,61403.5,61373.6
2026-05-22 13:30:00,61266.2,70394.9,61317.7,61242.1
2026-05-22 13:35:00,61156.3,70268.6,61171.9,61148.9
2026-05-22 13:40:00,61068.4,70167.6,61094.8,61056.0
2026-05-22 13:45:00,60903.6,69978.2,60978.0,60868.8
2026-05-22 13:50:00,60706.6,69751.9,60777.4,60673.4
2026-05-22 13:55:00,60483.3,69495.3,60527.2,60462.7
2026-05-22 14:00:00,60305.8,69291.4,60344.8,60287.5
2026-05-22 14:05:00,60078.5,69030.2,60064.7,60084.9
2026-05-22 14:10:00,59918.7,68846.6,59828.9,59960.7
2026-05-22 14:15:00,59682.3,68575.0,59714.9,59667.0
2026-05-22 14:20:00,59390.5,68239.7,59438.2,59368.1
2026-05-22 14:25:00,59091.8,67896.5,59093.8,59090.9
2026-05-22 14:30:00,58689.5,67434.2,58711.0,58679.4
2026-05-22 14:35:00,58269.5,66951.7,58287.1,58261.3
2026-05-22 14:40:00,58217.7,66892.1,58195.7,58228.0
2026-05-22 14:45:00,58177.2,66845.6,58081.3,58222.1
2026-05-22 14:50:00,58044.7,66693.4,58079.9,58028.2
2026-05-22 14:55:00,57919.2,66549.2,58011.1,57876.1
2026-05-22 15:00:00,57817.7,66432.5,57826.2,57813.8
2026-05-22 15:05:00,57678.2,66272.3,57690.9,57672.2
2026-05-22 15:10:00,57606.3,66189.6,57687.4,57568.2
2026-05-22 15:15:00,57634.9,66222.5,57620.3,57641.7
2026-05-22 15:20:00,57735.0,66337.5,57696.6,57753.1
2026-05-22 15:25:00,57894.9,66521.2,57849.6,57916.2
2026-05-22 15:30:00,58089.8,66745.2,58104.0,58083.1
2026-05-22 15:35:00,58381.7,67080.6,58388.4,58378.5
2026-05-22 15:40:00,58654.6,67394.1,58665.2,58649.5
2026-05-22 15:45:00,58913.3,67691.4,58876.0,58930.8
2026-05-22 15:50:00,59085.6,67889.4,59102.2,59077.9
2026-05-22 15:55:00,59222.5,68046.7,59244.1,59212.4
2026-05-22 16:00:00,59442.2,68299.1,59377.8,59472.4
2026-05-22 16:05:00,59634.2,68519.7,59684.8,59610.5
2026-05-22 16:10:00,59847.3,68764.5,59877.2,59833.3
2026-05-22 16:15:00,60038.8,68984.6,60033.0,60041.5
2026-05-22 16:20:00,60176.9,69143.3,60208.2,60162.1
2026-05-22 16:25:00,60266.5,69246.2,60270.6,60264.5
2026-05-22 16:30:00,60412.7,69414.2,60388.3,60424.1
2026-05-22 16:35:00,60514.2,69530.8,60535.4,60504.2
2026-05-22 16:40:00,60591.7,69619.9,60634.0,60571.9
2026-05-22 16:45:00,60785.2,69842.2,60755.5,60799.1
2026-05-22 16:50:00,60942.0,70022.4,60952.5,60937.0
2026-05-22 16:55:00,61104.5,70209.1,61024.0,61142.1
2026-05-22 17:00:00,61198.1,70316.6,61208.4,61193.3
2026-05-22 17:05:00,61256.4,70383.6,61282.7,61244.2
2026-05-22 17:10:00,61327.9,70465.8,61389.6,61299.0
2026-05-22 17:15:00,61357.1,70499.3,61378.7,61346.9
2026-05-22 17:20:00,61443.0,70598.0,61489.7,61421.1
2026-05-22 17:25:00,61543.0,70712.9,61568.3,61531.2
2026-05-22 17:30:00,61617.3,70798.3,61652.6,61600.7
2026-05-22 17:35:00,61625.4,70807.6,61648.8,61614.4
2026-05-22 17:40:00,61663.2,70851.0,61745.1,61624.8
2026-05-22 17:45:00,61751.5,70952.5,61796.5,61730.5
2026-05-22 17:50:00,61896.1,71118.6,61957.6,61867.4
2026-05-22 17:55:00,62019.9,71260.9,62016.7,62021.5
2026-05-22 18:00:00,62227.6,71499.5,62228.4,62227.2
2026-05-22 18:05:00,62371.4,71664.7,62417.9,62349.6
2026-05-22 18:10:00,62471.1,71779.3,62491.4,62461.5
2026-05-22 18:15:00,62563.9,71885.9,62584.0,62554.5
2026-05-22 18:20:00,62647.7,71982.2,62687.6,62629.0
2026-05-22 18:25:00,62793.1,72149.3,62767.1,62805.4
2026-05-22 18:30:00,62962.7,72344.1,62952.8,62967.4
2026-05-22 18:35:00,63089.2,72489.5,63068.4,63098.9
2026-05-22 18:40:00,63094.8,72495.9,63157.7,63065.3
2026-05-22 18:45:00,63211.3,72629.8,63253.4,63191.5
2026-05-22 18:50:00,63332.3,72768.8,63374.2,63312.7
2026-05-22 18:55:00,63426.6,72877.2,63432.5,63423.8
2026-05-22 19:00:00,63580.1,73053.5,63626.6,63558.4
2026-05-22 19:05:00,63661.9,73147.5,63704.8,63641.8
2026-05-22 19:10:00,63780.3,73283.6,63825.5,63759.1
2026-05-22 19:15:00,63902.5,73424.0,63890.7,63908.0
2026-05-22 19:20:00,64044.3,73586.9,64070.5,64032.1
2026-05-22 19:25:00,64140.1,73697.0,64111.1,64153.7
2026-05-22 19:30:00,64272.5,73849.1,64229.1,64292.9
2026-05-22 19:35:00,64288.9,73867.9,64358.9,64256.1
2026-05-22 19:40:00,64202.3,73768.4,64324.3,64145.2
2026-05-22 19:45:00,64298.5,73879.0,64330.5,64283.6
2026-05-22 19:50:00,64418.2,74016.5,64418.6,64418.0
2026-05-22 19:55:00,64502.0,74112.8,64504.6,64500.7
2026-05-22 20:00:00,64618.8,74247.0,64613.7,64621.2
2026-05-22 20:05:00,64706.2,74347.4,64707.8,64705.5
2026-05-22 20:10:00,64829.0,74488.5,64825.0,64830.9
2026-05-22 20:15:00,64928.2,74602.5,64883.4,64949.1
2026-05-22 20:20:00,64969.3,74649.7,64958.4,64974.4
2026-05-22 20:25:00,65038.0,74728.7,65047.1,65033.7
2026-05-22 20:30:00,65046.6,74738.5,65022.6,65057.9
2026-05-22 20:35:00,65084.4,74782.0,65118.2,65068.6
2026-05-22 20:40:00,65055.7,74749.0,65059.6,65053.9
2026-05-22 20:45:00,65076.5,74772.9,65152.8,65040.8
2026-05-22 20:50:00,65145.9,74852.6,65179.5,65130.1
2026-05-22 20:55:00,65170.7,74881.1,65252.0,65132.5
2026-05-22 21:00:00,65217.7,74935.1,65255.7,65199.9
2026-05-22 21:05:00,65255.1,74978.1,65258.4,65253.5
2026-05-22 21:10:00,65279.5,75006.1,65358.6,65242.5
2026-05-22 21:15:00,65320.4,75053.1,65320.1,65320.6
2026-05-22 21:20:00,65323.4,75056.6,65326.9,65321.8
2026-05-22 21:25:00,65283.6,75010.9,65288.3,65281.4
2026-05-22 21:30:00,65264.9,74989.4,65261.8,65266.3
2026-05-22 21:35:00,65263.3,74987.5,65228.2,65279.8
2026-05-22 21:40:00,65223.7,74942.0,65218.0,65226.3
2026-05-22 21:45:00,65163.0,74872.3,65151.1,65168.6
2026-05-22 21:50:00,65165.4,74875.0,65133.6,65180.3
2026-05-22 21:55:00,65163.3,74872.6,65132.9,65177.6
2026-05-22 22:00:00,65160.6,74869.5,65127.3,65176.3
2026-05-22 22:05:00,65158.7,74867.3,65125.7,65174.2
2026-05-22 22:10:00,65108.7,74809.9,65137.1,65095.4
2026-05-22 22:15:00,65082.9,74780.3,65055.0,65096.1
2026-05-22 22:20:00,65085.6,74783.4,65060.7,65097.3
2026-05-22 22:25:00,65048.8,74741.1,65030.3,65057.5
2026-05-22 22:30:00,64975.9,74657.3,65017.7,64956.4
2026-05-22 22:35:00,64851.8,74514.7,64865.5,64845.3
2026-05-22 22:40:00,64720.6,74364.0,64779.3,64693.1
2026-05-22 22:45:00,64629.2,74259.0,64632.9,64627.4
2026-05-22 22:50:00,64541.1,74157.7,64518.4,64551.7
2026-05-22 22:55:00,64432.9,74033.4,64408.6,64444.2
2026-05-22 23:00:00,64325.5,73910.0,64298.9,64337.9
2026-05-22 23:05:00,64196.6,73761.9,64169.9,64209.1
2026-05-22 23:10:00,64121.4,73675.5,64097.7,64132.4
2026-05-22 23:15:00,64036.2,73577.6,63998.2,64054.1
2026-05-22 23:20:00,63973.0,73505.0,63912.6,64001.3
2026-05-22 23:25:00,63861.8,73377.2,63825.4,63878.9
2026-05-22 23:30:00,63756.5,73256.2,63752.8,63758.3
2026-05-22 23:35:00,63564.1,73035.2,63543.2,63573.9
2026-05-22 23:40:00,63383.9,72828.1,63439.4,63358.0
2026-05-22 23:45:00,63275.8,72703.9,63312.2,63258.8
2026-05-22 23:50:00,63167.3,72579.2,63167.7,63167.1
2026-05-22 23:55:00,63085.9,72485.7,63076.0,63090.5
2026-05-23 00:00:00,62967.3,72349.4,62975.6,62963.3
2026-05-23 00:05:00,62870.9,72238.7,62858.3,62876.8
2026-05-23 00:10:00,62775.4,72128.9,62782.2,62772.2
2026-05-23 00:15:00,62692.9,72034.1,62678.8,62699.5
2026-05-23 00:20:00,62578.1,71902.2,62577.9,62578.2
2026-05-23 00:25:00,62458.2,71764.5,62469.2,62453.0
2026-05-23 00:30:00,62296.9,71579.1,62299.0,62295.9
2026-05-23 00:35:00,62201.0,71468.9,62230.6,62187.1
2026-05-23 00:40:00,62342.2,71631.2,62323.2,62351.2
2026-05-23 00:45:00,62257.5,71533.9,62208.8,62280.3
2026-05-23 00:50:00,62126.4,71383.2,62090.0,62143.4
2026-05-23 00:55:00,61984.1,71219.7,61976.5,61987.7
2026-05-23 01:00:00,61779.0,70984.1,61768.7,61783.8
2026-05-23 01:05:00,61551.3,70722.4,61568.7,61543.2
2026-05-23 01:10:00,61353.4,70495.1,61370.4,61345.4
2026-05-23 01:15:00,61153.8,70265.7,61201.8,61131.3
2026-05-23 01:20:00,60971.5,70056.3,61006.0,60955.4
2026-05-23 01:25:00,60835.6,69900.1,60832.2,60837.2
2026-05-23 01:30:00,60708.1,69753.6,60667.4,60727.1
2026-05-23 01:35:00,60771.0,69825.9,60753.4,60779.2
2026-05-23 01:40:00,61177.3,70292.7,61171.7,61179.9
2026-05-23 01:45:00,61214.4,70335.3,61196.9,61222.5
2026-05-23 01:50:00,61093.5,70196.4,61039.7,61118.7
2026-05-23 01:55:00,60887.6,69959.9,60864.3,60898.5
2026-05-23 02:00:00,60669.9,69709.7,60658.0,60675.5
2026-05-23 02:05:00,60394.6,69393.4,60410.2,60387.3
2026-05-23 02:10:00,60149.3,69111.5,60145.6,60151.0
2026-05-23 02:15:00,59860.1,68779.3,59867.9,59856.5
2026-05-23 02:20:00,59571.0,68447.1,59548.2,59581.7
2026-05-23 02:25:00,59253.7,68082.5,59304.0,59230.2
2026-05-23 02:30:00,58923.3,67702.9,58976.9,58898.2
2026-05-23 02:35:00,58470.4,67182.5,58517.9,58448.1
2026-05-23 02:40:00,58284.3,66968.7,58251.2,58299.8
2026-05-23 02:45:00,58038.3,66686.0,57965.3,58072.6
2026-05-23 02:50:00,57732.3,66334.4,57678.2,57757.7
2026-05-23 02:55:00,57440.2,65998.8,57362.4,57476.6
2026-05-23 03:00:00,57132.6,65645.4,57097.5,57149.0
2026-05-23 03:05:00,56844.7,65314.6,56878.4,56829.0
2026-05-23 03:10:00,56612.3,65047.5,56644.3,56597.4
2026-05-23 03:15:00,56441.3,64851.1,56393.4,56463.8
2026-05-23 03:20:00,56251.3,64632.7,56205.2,56272.9
2026-05-23 03:25:00,56033.7,64382.7,56104.1,56000.7
2026-05-23 03:30:00,55798.7,64112.7,55850.8,55774.3
2026-05-23 03:35:00,55623.9,63911.9,55692.3,55591.9
2026-05-23 03:40:00,55520.4,63792.9,55503.9,55528.2
2026-05-23 03:45:00,55415.8,63672.8,55390.9,55427.4
2026-05-23 03:50:00,55283.3,63520.5,55264.4,55292.1
2026-05-23 03:55:00,55166.3,63386.1,55134.1,55181.4
2026-05-23 04:00:00,55039.1,63239.9,55024.9,55045.8
2026-05-23 04:05:00,54904.9,63085.7,54927.8,54894.2
2026-05-23 04:10:00,54806.0,62972.1,54820.0,54799.4
2026-05-23 04:15:00,54680.0,62827.3,54687.2,54676.6
2026-05-23 04:20:00,54513.9,62636.5,54531.9,54505.4
2026-05-23 04:25:00,54403.9,62510.1,54424.1,54394.5
2026-05-23 04:30:00,54241.1,62323.0,54240.7,54241.2
2026-05-23 04:35:00,54209.0,62286.1,54150.6,54236.3
2026-05-23 04:40:00,54196.6,62271.9,54182.3,54203.3
2026-05-23 04:45:00,54181.5,62254.5,54165.5,54189.0
2026-05-23 04:50:00,54108.4,62170.6,54162.7,54082.9
2026-05-23 04:55:00,54035.7,62087.0,54017.8,54044.0
2026-05-23 05:00:00,53939.7,61976.7,54017.3,53903.4
2026-05-23 05:05:00,53870.4,61897.1,53852.2,53878.9
2026-05-23 05:10:00,53781.2,61794.6,53873.6,53738.0
2026-05-23 05:15:00,53723.5,61728.3,53714.5,53727.8
2026-05-23 05:20:00,53715.0,61718.5,53707.1,53718.7
2026-05-23 05:25:00,53618.0,61607.1,53693.9,53582.4
2026-05-23 05:30:00,53574.2,61556.8,53556.8,53582.4
2026-05-23 05:35:00,53568.7,61550.4,53562.7,53571.5
2026-05-23 05:40:00,53597.8,61583.9,53583.9,53604.3
2026-05-23 05:45:00,53588.5,61573.2,53574.1,53595.2
2026-05-23 05:50:00,53591.1,61576.2,53578.6,53596.9
2026-05-23 05:55:00,53555.3,61535.0,53559.3,53553.4
2026-05-23 06:00:00,53559.1,61539.4,53562.8,53557.3
2026-05-23 06:05:00,53569.3,61551.1,53559.6,53573.9
2026-05-23 06:10:00,53587.8,61572.4,53577.4,53592.8
2026-05-23 06:15:00,53574.2,61556.8,53562.8,53579.6
2026-05-23 06:20:00,53590.5,61575.5,53567.2,53601.4
2026-05-23 06:25:00,53590.1,61575.0,53567.8,53600.6
2026-05-23 06:30:00,53594.5,61580.1,53567.6,53607.1
2026-05-23 06:35:00,53613.3,61601.7,53592.4,53623.1
2026-05-23 06:40:00,53642.9,61635.7,53622.9,53652.3
2026-05-23 06:45:00,53630.5,61621.4,53601.2,53644.2
2026-05-23 06:50:00,53631.6,61622.7,53595.3,53648.6
2026-05-23 06:55:00,53628.1,61618.7,53590.0,53645.9
2026-05-23 07:00:00,53633.3,61624.7,53594.8,53651.4
2026-05-23 07:05:00,53628.1,61618.7,53591.7,53645.2
2026-05-23 07:10:00,53650.5,61644.4,53611.1,53668.9
2026-05-23 07:15:00,53628.9,61619.6,53589.7,53647.2
2026-05-23 07:20:00,53627.6,61618.1,53589.0,53645.7
2026-05-23 07:25:00,53620.9,61610.4,53585.5,53637.5
2026-05-23 07:30:00,53616.8,61605.7,53584.4,53632.0
2026-05-23 07:35:00,53626.8,61617.2,53623.4,53628.4
2026-05-23 07:40:00,53675.4,61673.0,53652.0,53686.3
2026-05-23 07:45:00,53644.9,61638.0,53631.5,53651.2
2026-05-23 07:50:00,53642.4,61635.1,53619.1,53653.3
2026-05-23 07:55:00,53639.6,61631.9,53612.0,53652.5
2026-05-23 08:00:00,53639.9,61632.2,53613.8,53652.1
2026-05-23 08:05:00,53637.6,61629.6,53614.7,53648.4
2026-05-23 08:10:00,53673.6,61671.0,53642.9,53687.9
2026-05-23 08:15:00,53640.4,61632.8,53613.0,53653.3
2026-05-23 08:20:00,53639.9,61632.2,53610.8,53653.6
2026-05-23 08:25:00,53634.5,61626.0,53609.1,53646.4
2026-05-23 08:30:00,53629.1,61619.8,53606.4,53639.8
2026-05-23 08:35:00,53650.7,61644.7,53646.0,53652.9
2026-05-23 08:40:00,53743.5,61751.3,53699.0,53764.4
2026-05-23 08:45:00,53778.9,61792.0,53777.1,53779.7
2026-05-23 08:50:00,53770.8,61782.6,53766.1,53773.0
2026-05-23 08:55:00,53752.5,61761.6,53751.1,53753.1
2026-05-23 09:00:00,53753.2,61762.4,53754.1,53752.8
2026-05-23 09:05:00,53741.8,61749.3,53748.1,53738.8
2026-05-23 09:10:00,53760.9,61771.3,53771.1,53756.1
2026-05-23 09:15:00,53723.1,61727.8,53742.2,53714.1
2026-05-23 09:20:00,53724.6,61729.6,53746.4,53714.4
2026-05-23 09:25:00,53731.5,61737.5,53790.3,53703.9
2026-05-23 09:30:00,53725.3,61730.4,53786.7,53696.5
2026-05-23 09:35:00,53748.8,61757.4,53806.6,53721.6
2026-05-23 09:40:00,53871.7,61898.6,53849.6,53882.0
2026-05-23 09:45:00,53844.8,61867.7,53933.2,53803.4
2026-05-23 09:50:00,53795.2,61810.7,53792.8,53796.3
2026-05-23 09:55:00,53752.0,61761.0,53746.9,53754.4
2026-05-23 10:00:00,53743.6,61751.4,53735.3,53747.5
2026-05-23 10:05:00,53703.3,61705.1,53690.2,53709.4
2026-05-23 10:10:00,53671.0,61668.0,53737.5,53639.8
2026-05-23 10:15:00,53577.1,61560.1,53564.5,53583.0
2026-05-23 10:20:00,53517.9,61492.1,53559.9,53498.2
2026-05-23 10:25:00,53368.8,61320.8,53402.2,53353.1
2026-05-23 10:30:00,53335.1,61282.0,53343.2,53331.4
2026-05-23 10:35:00,53286.4,61226.1,53254.5,53301.3
2026-05-23 10:40:00,53368.5,61320.4,53315.2,53393.4
2026-05-23 10:45:00,53487.0,61456.6,53463.8,53497.8
2026-05-23 10:50:00,53492.5,61462.9,53484.5,53496.3
2026-05-23 10:55:00,53469.8,61436.8,53434.0,53486.6
2026-05-23 11:00:00,53477.2,61445.3,53448.4,53490.6
2026-05-23 11:05:00,53438.4,61400.7,53399.4,53456.7
2026-05-23 11:10:00,53455.6,61420.5,53421.1,53471.8
2026-05-23 11:15:00,53389.8,61344.9,53369.1,53399.5
2026-05-23 11:20:00,53427.5,61388.2,53384.7,53447.6
2026-05-23 11:25:00,53417.5,61376.7,53352.7,53447.8
2026-05-23 11:30:00,53398.7,61355.1,53348.0,53422.5
2026-05-23 11:35:00,53412.7,61371.2,53331.6,53450.7
2026-05-23 11:40:00,53484.7,61453.9,53395.3,53526.7
2026-05-23 11:45:00,53494.0,61464.6,53438.3,53520.1
2026-05-23 11:50:00,53507.7,61480.3,53466.1,53527.1
2026-05-23 11:55:00,53487.8,61457.5,53417.9,53520.6
2026-05-23 12:00:00,53490.6,61460.7,53422.8,53522.3
2026-05-23 12:05:00,53450.8,61415.0,53385.8,53481.3
2026-05-23 12:10:00,53471.0,61438.2,53404.3,53502.3
2026-05-23 12:15:00,53433.7,61395.3,53376.0,53460.8
2026-05-23 12:20:00,53437.0,61399.1,53386.1,53460.8
2026-05-23 12:25:00,53427.6,61388.3,53373.3,53453.0
2026-05-23 12:30:00,53416.2,61375.2,53365.1,53440.1
2026-05-23 12:35:00,53396.9,61353.0,53351.8,53418.0
2026-05-23 12:40:00,53527.2,61502.8,53471.9,53553.1
2026-05-23 12:45:00,53534.8,61511.5,53487.8,53556.9
2026-05-23 12:50:00,53633.9,61625.4,53743.0,53582.8
2026-05-23 12:55:00,53678.0,61676.0,53645.7,53693.2
2026-05-23 13:00:00,53663.8,61659.7,53645.3,53672.4
2026-05-23 13:05:00,53596.0,61581.8,53557.6,53614.1
2026-05-23 13:10:00,53613.7,61602.1,53580.8,53629.1
2026-05-23 13:15:00,53586.0,61570.3,53557.6,53599.3
2026-05-23 13:20:00,53589.0,61573.8,53566.8,53599.4
2026-05-23 13:25:00,53578.8,61562.0,53551.6,53591.5
2026-05-23 13:30:00,53569.2,61551.0,53542.6,53581.6
2026-05-23 13:35:00,53546.8,61525.3,53517.3,53560.7
2026-05-23 13:40:00,53484.2,61453.3,53549.0,53453.9
2026-05-23 13:45:00,53431.2,61392.4,53378.5,53455.8
2026-05-23 13:50:00,53403.5,61360.6,53387.3,53411.1
2026-05-23 13:55:00,53390.4,61345.6,53362.6,53403.5
2026-05-23 14:00:00,53401.6,61358.4,53370.0,53416.4
2026-05-23 14:05:00,53373.8,61326.5,53343.5,53388.1
2026-05-23 14:10:00,53391.3,61346.6,53365.6,53403.4
2026-05-23 14:15:00,53354.3,61304.1,53334.2,53363.7
2026-05-23 14:20:00,53253.4,61188.2,53333.8,53215.7
2026-05-23 14:25:00,53147.2,61066.1,53086.9,53175.5
2026-05-23 14:30:00,52929.6,60816.1,52883.2,52951.3
2026-05-23 14:35:00,52762.9,60624.6,52691.7,52796.3
2026-05-23 14:40:00,52759.1,60620.2,52698.9,52787.3
2026-05-23 14:45:00,52763.0,60624.7,52711.9,52787.0
2026-05-23 14:50:00,52704.0,60556.9,52698.8,52706.5
2026-05-23 14:55:00,52709.6,60563.3,52706.7,52710.9
2026-05-23 15:00:00,52712.0,60566.1,52705.7,52714.9
2026-05-23 15:05:00,52674.7,60523.2,52665.5,52679.0
2026-05-23 15:10:00,52708.6,60562.2,52709.9,52708.0
2026-05-23 15:15:00,52749.8,60609.5,52738.2,52755.2
2026-05-23 15:20:00,52745.4,60604.5,52738.0,52748.8
2026-05-23 15:25:00,52759.5,60620.7,52745.2,52766.2
2026-05-23 15:30:00,52781.9,60646.4,52751.2,52796.3
2026-05-23 15:35:00,52831.7,60703.6,52860.2,52818.3
2026-05-23 15:40:00,52949.8,60839.3,53020.2,52916.8
2026-05-23 15:45:00,53001.6,60898.8,53006.3,52999.3
2026-05-23 15:50:00,53042.4,60945.7,53174.6,52980.4
2026-05-23 15:55:00,53119.2,61034.0,53145.9,53106.7
2026-05-23 16:00:00,53146.1,61064.9,53173.3,53133.3
2026-05-23 16:05:00,53143.6,61062.0,53169.5,53131.5
2026-05-23 16:10:00,53157.0,61077.4,53184.4,53144.1
2026-05-23 16:15:00,53128.1,61044.2,53146.5,53119.4
2026-05-23 16:20:00,53119.4,61034.2,53140.8,53109.3
2026-05-23 16:25:00,53092.3,61003.1,53111.0,53083.6
2026-05-23 16:30:00,53086.4,60996.3,53112.5,53074.2
2026-05-23 16:35:00,53119.2,61034.0,53112.2,53122.5
2026-05-23 16:40:00,53105.6,61018.3,53100.5,53108.0
2026-05-23 16:45:00,53121.5,61036.6,53120.6,53121.9
2026-05-23 16:50:00,53118.9,61033.6,53140.6,53108.7
2026-05-23 16:55:00,53112.9,61026.7,53131.2,53104.3
2026-05-23 17:00:00,53124.5,61040.1,53143.1,53115.8
2026-05-23 17:05:00,53112.9,61026.7,53134.9,53102.6
2026-05-23 17:10:00,53117.7,61032.2,53136.7,53108.8
2026-05-23 17:15:00,53116.7,61031.1,53140.2,53105.7
2026-05-23 17:20:00,53119.3,61034.1,53149.9,53105.0
2026-05-23 17:25:00,53110.9,61024.4,53130.5,53101.8
2026-05-23 17:30:00,53103.0,61015.3,53122.4,53093.9
2026-05-23 17:35:00,53100.1,61012.0,53115.5,53092.9
2026-05-23 17:40:00,53114.7,61028.8,53117.3,53113.5
2026-05-23 17:45:00,53165.0,61086.6,53179.3,53158.4
2026-05-23 17:50:00,53190.5,61115.9,53226.3,53173.8
2026-05-23 17:55:00,53338.2,61285.6,53365.4,53325.5
2026-05-23 18:00:00,53356.1,61306.2,53395.9,53337.5
2026-05-23 18:05:00,53398.5,61354.9,53565.1,53320.5
2026-05-23 18:10:00,53510.1,61483.1,53570.4,53481.8
2026-05-23 18:15:00,53575.6,61558.4,53581.5,53572.9
2026-05-23 18:20:00,53738.2,61745.2,53758.2,53728.8
2026-05-23 18:25:00,53873.3,61900.4,53910.6,53855.8
2026-05-23 18:30:00,53920.2,61954.3,54076.5,53846.9
2026-05-23 18:35:00,54057.7,62112.3,54019.0,54075.9
2026-05-23 18:40:00,54133.2,62199.0,54137.8,54131.1
2026-05-23 18:45:00,54187.9,62261.9,54204.2,54180.2
2026-05-23 18:50:00,54320.9,62414.7,54364.1,54300.7
2026-05-23 18:55:00,54471.4,62587.6,54528.7,54444.6
2026-05-23 19:00:00,54609.1,62745.9,54656.0,54587.1
2026-05-23 19:05:00,54693.5,62842.8,54800.5,54643.4
2026-05-23 19:10:00,54827.9,62997.3,54822.6,54830.4
2026-05-23 19:15:00,54942.0,63128.4,54927.7,54948.7
2026-05-23 19:20:00,55047.7,63249.8,55050.2,55046.6
2026-05-23 19:25:00,55169.9,63390.2,55147.5,55180.5
2026-05-23 19:30:00,55268.2,63503.2,55263.2,55270.6
2026-05-23 19:35:00,55376.5,63627.6,55372.8,55378.2
2026-05-23 19:40:00,55421.5,63679.3,55435.4,55415.0
2026-05-23 19:45:00,55532.7,63807.1,55533.2,55532.5
2026-05-23 19:50:00,55682.3,63979.0,55652.5,55696.2
2026-05-23 19:55:00,55743.5,64049.3,55729.8,55749.9
2026-05-23 20:00:00,55916.9,64248.5,55897.1,55926.2
2026-05-23 20:05:00,56050.5,64402.0,56105.4,56024.8
2026-05-23 20:10:00,56156.3,64523.6,56183.5,56143.6
2026-05-23 20:15:00,56253.3,64635.0,56311.1,56226.2
2026-05-23 20:20:00,56357.9,64755.2,56409.7,56333.7
2026-05-23 20:25:00,56413.6,64819.2,56462.6,56390.6
2026-05-23 20:30:00,56468.9,64882.8,56470.6,56468.1
2026-05-23 20:35:00,56553.1,64979.5,56607.1,56527.7
2026-05-23 20:40:00,56606.9,65041.3,56644.0,56589.5
2026-05-23 20:45:00,56705.3,65154.4,56705.0,56705.4
2026-05-23 20:50:00,56803.3,65267.0,56789.5,56809.8
2026-05-23 20:55:00,56902.0,65380.4,56880.7,56912.0
2026-05-23 21:00:00,57041.1,65540.2,57008.8,57056.2
2026-05-23 21:05:00,57138.3,65651.9,57202.9,57108.0
2026-05-23 21:10:00,57202.8,65726.0,57252.2,57179.7
2026-05-23 21:15:00,57273.2,65806.9,57314.3,57254.0
2026-05-23 21:20:00,57322.3,65863.3,57327.4,57319.9
2026-05-23 21:25:00,57366.7,65914.3,57393.0,57354.4
2026-05-23 21:30:00,57422.0,65977.9,57386.4,57438.7
2026-05-23 21:35:00,57456.6,66017.6,57448.7,57460.3
2026-05-23 21:40:00,57485.1,66050.4,57433.3,57509.3
2026-05-23 21:45:00,57534.1,66106.7,57582.6,57511.4
2026-05-23 21:50:00,57593.5,66174.9,57572.4,57603.4
2026-05-23 21:55:00,57650.2,66240.1,57668.6,57641.5
2026-05-23 22:00:00,57692.6,66288.8,57672.3,57702.2
2026-05-23 22:05:00,57709.9,66308.7,57788.7,57673.0
2026-05-23 22:10:00,57714.8,66314.3,57752.4,57697.1
2026-05-23 22:15:00,57706.6,66304.9,57747.0,57687.6
2026-05-23 22:20:00,57737.0,66339.8,57752.8,57729.6
2026-05-23 22:25:00,57760.2,66366.5,57730.3,57774.2
2026-05-23 22:30:00,57795.4,66406.9,57853.0,57768.5
2026-05-23 22:35:00,57819.4,66434.5,57817.9,57820.1
2026-05-23 22:40:00,57859.1,66480.1,57796.1,57888.6
2026-05-23 22:45:00,57879.3,66503.3,57908.6,57865.6
2026-05-23 22:50:00,57872.5,66495.5,57887.8,57865.3
2026-05-23 22:55:00,57858.8,66479.8,57884.9,57846.5
2026-05-23 23:00:00,57857.9,66478.7,57881.8,57846.7
2026-05-23 23:05:00,57821.7,66437.1,57864.0,57801.9
2026-05-23 23:10:00,57811.7,66425.6,57800.1,57817.2
2026-05-23 23:15:00,57769.8,66377.5,57795.1,57758.0
2026-05-23 23:20:00,57756.6,66362.3,57797.7,57737.4
2026-05-23 23:25:00,57728.1,66329.6,57751.3,57717.3
2026-05-23 23:30:00,57696.9,66293.7,57665.6,57711.6
2026-05-23 23:35:00,57578.4,66157.6,57573.3,57580.7
2026-05-23 23:40:00,57541.8,66115.5,57506.3,57558.4
2026-05-23 23:45:00,57524.6,66095.8,57430.7,57568.7
2026-05-23 23:50:00,57425.5,65981.9,57414.8,57430.5
2026-05-23 23:55:00,57355.3,65901.2,57328.0,57368.1
2026-05-24 00:00:00,57331.4,65873.8,57253.9,57367.7
2026-05-24 00:05:00,57244.2,65773.6,57256.8,57238.4
2026-05-24 00:10:00,57202.7,65725.9,57151.0,57226.9
2026-05-24 00:15:00,57127.2,65639.2,57139.8,57121.3
2026-05-24 00:20:00,57040.8,65539.9,57053.8,57034.7
2026-05-24 00:25:00,56936.1,65419.6,56962.2,56923.9
2026-05-24 00:30:00,56857.7,65329.5,56874.7,56849.8
2026-05-24 00:35:00,56739.6,65193.8,56778.8,56721.3
2026-05-24 00:40:00,56776.7,65236.4,56830.9,56751.3
2026-05-24 00:45:00,56744.7,65199.7,56735.6,56749.0
2026-05-24 00:50:00,56660.9,65103.4,56665.8,56658.6
2026-05-24 00:55:00,56542.9,64967.8,56569.4,56530.5
2026-05-24 01:00:00,56436.5,64845.5,56472.0,56419.9
2026-05-24 01:05:00,56286.8,64673.5,56244.0,56306.8
2026-05-24 01:10:00,56204.5,64579.0,56202.6,56205.4
2026-05-24 01:15:00,56116.8,64478.2,56099.7,56124.8
2026-05-24 01:20:00,56022.7,64370.1,55986.9,56039.5
2026-05-24 01:25:00,55966.1,64305.0,55980.3,55959.5
2026-05-24 01:30:00,55896.3,64224.8,55878.6,55904.6
2026-05-24 01:35:00,55867.7,64192.0,55870.4,55866.5
2026-05-24 01:40:00,56041.5,64391.7,56059.0,56033.3
2026-05-24 01:45:00,56003.5,64348.0,56057.9,55978.0
2026-05-24 01:50:00,55845.2,64166.1,55830.2,55852.2
2026-05-24 01:55:00,55726.8,64030.1,55720.2,55729.9
2026-05-24 02:00:00,55578.7,63859.9,55583.9,55576.2
2026-05-24 02:05:00,55363.2,63612.3,55409.5,55341.5
2026-05-24 02:10:00,55142.7,63359.0,55160.4,55134.5
2026-05-24 02:15:00,54947.0,63134.1,54935.7,54952.3
2026-05-24 02:20:00,54684.2,62832.1,54668.7,54691.4
2026-05-24 02:25:00,54413.9,62521.6,54429.2,54406.6
2026-05-24 02:30:00,54187.4,62261.3,54096.8,54229.8
2026-05-24 02:35:00,53904.6,61936.4,53831.0,53939.1
2026-05-24 02:40:00,53716.9,61720.7,53705.5,53722.2
2026-05-24 02:45:00,53433.4,61395.0,53471.7,53415.5
2026-05-24 02:50:00,53192.1,61117.7,53154.6,53209.6
2026-05-24 02:55:00,52894.3,60775.6,52950.9,52867.8
2026-05-24 03:00:00,52643.3,60487.2,52650.6,52639.8
2026-05-24 03:05:00,52489.1,60310.0,52495.7,52485.9
2026-05-24 03:10:00,52329.5,60126.6,52312.2,52337.5
2026-05-24 03:15:00,52094.2,59856.2,52069.3,52105.8
2026-05-24 03:20:00,51904.1,59637.8,51876.8,51916.9
2026-05-24 03:25:00,51668.1,59366.6,51664.6,51669.7
2026-05-24 03:30:00,51504.6,59178.8,51456.3,51527.2
2026-05-24 03:35:00,51332.3,58980.8,51272.0,51360.6
2026-05-24 03:40:00,51314.7,58960.6,51290.2,51326.1
2026-05-24 03:45:00,51196.1,58824.3,51276.8,51158.3
2026-05-24 03:50:00,51066.6,58675.5,51060.5,51069.5
2026-05-24 03:55:00,50934.0,58523.2,51080.2,50865.6
2026-05-24 04:00:00,50820.8,58393.1,50844.7,50809.7
2026-05-24 04:05:00,50701.6,58256.1,50849.7,50632.2
2026-05-24 04:10:00,50628.6,58172.3,50619.0,50633.1
2026-05-24 04:15:00,50652.0,58199.1,50605.2,50674.0
2026-05-24 04:20:00,50654.2,58201.7,50610.2,50674.8
2026-05-24 04:25:00,50653.7,58201.1,50613.5,50672.6
2026-05-24 04:30:00,50654.4,58201.9,50615.6,50672.6
2026-05-24 04:35:00,50632.0,58176.2,50610.5,50642.0
2026-05-24 04:40:00,50657.8,58205.8,50637.0,50667.6
2026-05-24 04:45:00,50647.3,58193.7,50618.7,50660.6
2026-05-24 04:50:00,50649.2,58195.9,50602.1,50671.2
2026-05-24 04:55:00,50652.5,58199.7,50616.3,50669.5
2026-05-24 05:00:00,50625.3,58168.5,50608.2,50633.4
2026-05-24 05:05:00,50627.1,58170.5,50612.7,50633.9
2026-05-24 05:10:00,50633.8,58178.2,50620.9,50639.8
2026-05-24 05:15:00,50629.2,58173.0,50613.2,50636.7
2026-05-24 05:20:00,50630.7,58174.7,50617.7,50636.8
2026-05-24 05:25:00,50630.4,58174.3,50615.7,50637.3
2026-05-24 05:30:00,50629.8,58173.6,50613.6,50637.4
2026-05-24 05:35:00,50635.4,58180.1,50624.2,50640.6
2026-05-24 05:40:00,50660.1,58208.5,50638.9,50670.0
2026-05-24 05:45:00,50654.3,58201.8,50635.5,50663.2
2026-05-24 05:50:00,50654.1,58201.6,50633.2,50663.9
2026-05-24 05:55:00,50653.1,58200.4,50633.6,50662.2
2026-05-24 06:00:00,50658.5,58206.6,50636.1,50669.0
2026-05-24 06:05:00,50656.1,58203.9,50637.2,50665.0
2026-05-24 06:10:00,50672.2,58222.4,50647.4,50683.9
2026-05-24 06:15:00,50658.6,58206.7,50639.0,50667.8
2026-05-24 06:20:00,50660.1,58208.5,50643.4,50667.9
2026-05-24 06:25:00,50659.3,58207.5,50641.4,50667.7
2026-05-24 06:30:00,50663.6,58212.5,50640.9,50674.2
2026-05-24 06:35:00,50680.5,58231.9,50663.7,50688.4
2026-05-24 06:40:00,50705.7,58260.8,50687.6,50714.2
2026-05-24 06:45:00,50697.0,58250.9,50672.8,50708.4
2026-05-24 06:50:00,50695.6,58249.2,50666.1,50709.5
2026-05-24 06:55:00,50694.7,58248.2,50663.8,50709.2
2026-05-24 07:00:00,50699.7,58254.0,50667.7,50714.6
2026-05-24 07:05:00,50697.6,58251.5,50669.9,50710.6
2026-05-24 07:10:00,50716.2,58272.9,50682.2,50732.1
2026-05-24 07:15:00,50698.0,58252.0,50667.1,50712.5
2026-05-24 07:20:00,50696.8,58250.6,50666.3,50711.0
2026-05-24 07:25:00,50691.0,58244.0,50663.8,50703.8
2026-05-24 07:30:00,50690.4,58243.3,50664.1,50702.8
2026-05-24 07:35:00,50691.9,58245.0,50671.5,50701.4
2026-05-24 07:40:00,50732.6,58291.8,50693.6,50750.9
2026-05-24 07:45:00,50706.8,58262.1,50679.9,50719.4
2026-05-24 07:50:00,50704.4,58259.4,50673.3,50718.9
2026-05-24 07:55:00,50700.9,58255.3,50667.2,50716.7
2026-05-24 08:00:00,50701.8,58256.4,50670.6,50716.4
2026-05-24 08:05:00,50702.4,58257.1,50676.2,50714.7
2026-05-24 08:10:00,50734.8,58294.3,50698.0,50752.0
2026-05-24 08:15:00,50703.4,58258.2,50669.1,50719.5
2026-05-24 08:20:00,50702.9,58257.6,50666.8,50719.9
2026-05-24 08:25:00,50698.1,58252.1,50666.2,50713.0
2026-05-24 08:30:00,50696.9,58250.7,50664.8,50712.0
2026-05-24 08:35:00,50708.1,58263.6,50687.4,50717.8
2026-05-24 08:40:00,50773.8,58339.1,50733.9,50792.5
2026-05-24 08:45:00,50712.3,58268.4,50675.0,50729.7
2026-05-24 08:50:00,50707.2,58262.6,50668.4,50725.4
2026-05-24 08:55:00,50690.8,58243.7,50655.8,50707.2
2026-05-24 09:00:00,50689.1,58241.8,50658.5,50703.5
2026-05-24 09:05:00,50680.7,58232.1,50657.1,50691.8
2026-05-24 09:10:00,50696.3,58250.0,50673.8,50706.8
2026-05-24 09:15:00,50661.3,58209.8,50645.2,50668.9
2026-05-24 09:20:00,50662.9,58211.7,50649.4,50669.2
2026-05-24 09:25:00,50653.8,58201.2,50644.2,50658.3
2026-05-24 09:30:00,50652.3,58199.5,50641.8,50657.3
2026-05-24 09:35:00,50651.5,58198.6,50629.9,50661.6
2026-05-24 09:40:00,50713.8,58270.2,50681.4,50729.0
2026-05-24 09:45:00,50668.7,58218.3,50636.0,50684.0
2026-05-24 09:50:00,50670.2,58220.1,50649.8,50679.7
2026-05-24 09:55:00,50628.6,58172.3,50606.2,50639.1
2026-05-24 10:00:00,50619.5,58161.8,50592.5,50632.1
2026-05-24 10:05:00,50586.1,58123.4,50558.8,50598.8
2026-05-24 10:10:00,50617.8,58159.9,50599.6,50626.4
2026-05-24 10:15:00,50570.5,58105.5,50563.3,50573.9
2026-05-24 10:20:00,50427.4,57941.1,50562.2,50364.3
2026-05-24 10:25:00,50344.3,57845.6,50305.4,50362.5
2026-05-24 10:30:00,50300.3,57795.0,50298.3,50301.2
2026-05-24 10:35:00,50224.4,57707.8,50380.1,50151.4
2026-05-24 10:40:00,50207.5,57688.4,50179.9,50220.4
2026-05-24 10:45:00,50181.1,57658.1,50140.5,50200.1
2026-05-24 10:50:00,50186.4,57664.2,50163.0,50197.4
2026-05-24 10:55:00,50166.6,57641.4,50117.3,50189.7
2026-05-24 11:00:00,50173.5,57649.4,50130.4,50193.7
2026-05-24 11:05:00,50129.5,57598.8,50093.4,50146.4
2026-05-24 11:10:00,50063.6,57523.1,50069.7,50060.7
2026-05-24 11:15:00,50018.9,57471.7,50021.3,50017.8
2026-05-24 11:20:00,49875.9,57307.4,50054.1,49792.5
2026-05-24 11:25:00,49761.6,57176.1,49763.9,49760.5
2026-05-24 11:30:00,49737.2,57148.0,49732.6,49739.4
2026-05-24 11:35:00,49781.3,57198.7,49746.1,49797.8
2026-05-24 11:40:00,49821.9,57245.4,49780.7,49841.2
2026-05-24 11:45:00,49855.7,57284.2,49831.8,49866.9
2026-05-24 11:50:00,49864.0,57293.7,49855.2,49868.1
2026-05-24 11:55:00,49853.2,57281.3,49825.3,49866.3
2026-05-24 12:00:00,49855.5,57284.0,49828.7,49868.1
2026-05-24 12:05:00,49825.3,57249.3,49803.9,49835.3
2026-05-24 12:10:00,49842.2,57268.7,49815.3,49854.8
2026-05-24 12:15:00,49806.9,57228.1,49788.4,49815.6
2026-05-24 12:20:00,49810.2,57231.9,49798.5,49815.7
2026-05-24 12:25:00,49803.2,57223.9,49786.8,49810.9
2026-05-24 12:30:00,49803.9,57224.7,49779.2,49815.5
2026-05-24 12:35:00,49793.9,57213.2,49766.6,49806.6
2026-05-24 12:40:00,49906.1,57342.1,49856.6,49929.3
2026-05-24 12:45:00,49917.2,57354.9,49881.3,49934.1
2026-05-24 12:50:00,49940.6,57381.7,49946.6,49937.9
2026-05-24 12:55:00,49907.6,57343.8,49886.1,49917.7
2026-05-24 13:00:00,49893.2,57327.3,49885.1,49897.0
2026-05-24 13:05:00,49828.9,57253.4,49811.8,49836.9
2026-05-24 13:10:00,49842.4,57268.9,49825.3,49850.4
2026-05-24 13:15:00,49816.6,57239.3,49803.3,49822.9
2026-05-24 13:20:00,49819.6,57242.7,49812.5,49823.0
2026-05-24 13:25:00,49812.0,57234.0,49798.6,49818.2
2026-05-24 13:30:00,49812.5,57234.6,49790.6,49822.7
2026-05-24 13:35:00,49799.8,57220.0,49764.0,49816.6
2026-05-24 13:40:00,49817.7,57240.5,49774.2,49838.1
2026-05-24 13:45:00,49820.9,57244.2,49785.4,49837.5
2026-05-24 13:50:00,49824.3,57248.1,49794.9,49838.2
2026-05-24 13:55:00,49816.5,57239.2,49783.0,49832.1
2026-05-24 14:00:00,49827.5,57251.8,49789.9,49845.1
2026-05-24 14:05:00,49810.9,57232.7,49777.8,49826.3
2026-05-24 14:10:00,49824.5,57248.4,49791.9,49839.7
2026-05-24 14:15:00,49789.8,57208.5,49763.1,49802.4
2026-05-24 14:20:00,49788.2,57206.6,49762.7,49800.2
2026-05-24 14:25:00,49778.1,57195.0,49760.1,49786.5
2026-05-24 14:30:00,49786.9,57205.1,49752.0,49803.3
2026-05-24 14:35:00,49776.6,57193.3,49738.1,49794.7
2026-05-24 14:40:00,49868.9,57299.4,49825.9,49889.0
2026-05-24 14:45:00,49873.8,57305.0,49847.7,49886.0
2026-05-24 14:50:00,49871.0,57301.8,49837.7,49886.7
2026-05-24 14:55:00,49877.7,57309.5,49850.0,49890.6
2026-05-24 15:00:00,49880.8,57313.0,49851.3,49894.6
2026-05-24 15:05:00,49870.3,57301.0,49839.6,49884.6
2026-05-24 15:10:00,49882.5,57315.0,49858.1,49893.9
2026-05-24 15:15:00,49912.8,57349.8,49889.9,49923.6
2026-05-24 15:20:00,49921.4,57359.7,49897.8,49932.5
2026-05-24 15:25:00,49940.4,57381.5,49927.0,49946.7
2026-05-24 15:30:00,49948.5,57390.8,49937.0,49953.9
2026-05-24 15:35:00,50059.1,57517.9,50012.4,50081.0
2026-05-24 15:40:00,50294.4,57788.3,50256.5,50312.2
2026-05-24 15:45:00,50359.8,57863.4,50468.2,50309.0
2026-05-24 15:50:00,50509.2,58035.1,50480.9,50522.4
2026-05-24 15:55:00,50498.9,58023.2,50459.3,50517.4
2026-05-24 16:00:00,50515.4,58042.2,50476.9,50533.4
2026-05-24 16:05:00,50509.5,58035.4,50478.6,50524.0
2026-05-24 16:10:00,50522.4,58050.2,50498.7,50533.5
2026-05-24 16:15:00,50495.6,58019.4,50462.7,50511.1
2026-05-24 16:20:00,50490.1,58013.1,50456.3,50505.9
2026-05-24 16:25:00,50559.3,58092.6,50479.1,50596.8
2026-05-24 16:30:00,50647.1,58193.5,50746.7,50600.4
2026-05-24 16:35:00,50806.6,58376.8,50744.9,50835.4
2026-05-24 16:40:00,50778.7,58344.7,50700.9,50815.2
2026-05-24 16:45:00,50772.3,58337.4,50743.5,50785.8
2026-05-24 16:50:00,50767.3,58331.6,50750.5,50775.1
2026-05-24 16:55:00,50807.6,58377.9,50748.1,50835.4
2026-05-24 17:00:00,50820.0,58392.2,50762.6,50846.9
2026-05-24 17:05:00,50885.0,58466.9,50987.8,50836.8
2026-05-24 17:10:00,50996.6,58595.1,50995.2,50997.2
2026-05-24 17:15:00,51059.6,58667.5,51011.0,51082.3
2026-05-24 17:20:00,51061.0,58669.1,51016.9,51081.7
2026-05-24 17:25:00,51057.5,58665.1,51002.7,51083.1
2026-05-24 17:30:00,51041.2,58646.3,50995.7,51062.5
2026-05-24 17:35:00,51097.1,58710.6,51032.4,51127.4
2026-05-24 17:40:00,51298.1,58941.5,51256.9,51317.4
2026-05-24 17:45:00,51356.6,59008.7,51348.2,51360.6
2026-05-24 17:50:00,51582.2,59267.9,51604.0,51571.9
2026-05-24 17:55:00,51789.2,59505.8,51803.3,51782.6
2026-05-24 18:00:00,52034.4,59787.5,52045.2,52029.3
2026-05-24 18:05:00,52229.5,60011.7,52238.8,52225.1
2026-05-24 18:10:00,52441.7,60255.5,52462.5,52431.9
2026-05-24 18:15:00,52665.6,60512.8,52713.2,52643.2
2026-05-24 18:20:00,52855.7,60731.2,52892.5,52838.4
2026-05-24 18:25:00,53011.6,60910.3,53065.5,52986.4
2026-05-24 18:30:00,53292.8,61233.4,53283.2,53297.2
2026-05-24 18:35:00,53436.8,61398.9,53374.4,53466.0
2026-05-24 18:40:00,53599.9,61586.3,53580.2,53609.2
2026-05-24 18:45:00,53840.5,61862.7,53791.6,53863.3
2026-05-24 18:50:00,53977.1,62019.7,53963.9,53983.3
2026-05-24 18:55:00,54134.3,62200.3,54130.1,54136.3
2026-05-24 19:00:00,54264.3,62349.7,54304.4,54245.5
2026-05-24 19:05:00,54453.6,62567.2,54437.0,54461.4
2026-05-24 19:10:00,54653.0,62796.3,54680.9,54639.9
2026-05-24 19:15:00,54831.0,63000.8,54803.8,54843.8
2026-05-24 19:20:00,54997.3,63191.9,54978.0,55006.3
2026-05-24 19:25:00,55123.2,63336.6,55213.5,55080.9
2026-05-24 19:30:00,55280.7,63517.5,55307.4,55268.2
2026-05-24 19:35:00,55458.2,63721.5,55398.2,55486.4
2026-05-24 19:40:00,55525.2,63798.5,55576.5,55501.2
2026-05-24 19:45:00,55657.0,63949.9,55646.6,55661.9
2026-05-24 19:50:00,55796.8,64110.5,55761.7,55813.2
2026-05-24 19:55:00,55931.3,64265.1,55979.3,55908.8
2026-05-24 20:00:00,56095.4,64453.6,56129.7,56079.4
2026-05-24 20:05:00,56248.8,64629.9,56202.3,56270.6
2026-05-24 20:10:00,56392.1,64794.5,56424.0,56377.2
2026-05-24 20:15:00,56522.7,64944.6,56498.9,56533.8
2026-05-24 20:20:00,56639.5,65078.8,56616.9,56650.1
2026-05-24 20:25:00,56770.1,65228.8,56770.5,56769.9
2026-05-24 20:30:00,56876.4,65351.0,56874.1,56877.5
2026-05-24 20:35:00,57009.3,65503.7,56974.7,57025.5
2026-05-24 20:40:00,57076.5,65580.9,57077.2,57076.1
2026-05-24 20:45:00,57213.3,65738.1,57179.0,57229.3
2026-05-24 20:50:00,57343.5,65887.7,57358.7,57336.3
2026-05-24 20:55:00,57418.0,65973.3,57414.6,57419.6
2026-05-24 21:00:00,57528.9,66100.7,57519.6,57533.3
2026-05-24 21:05:00,57620.5,66206.0,57650.2,57606.6
2026-05-24 21:10:00,57687.8,66283.3,57732.0,57667.0
2026-05-24 21:15:00,57753.7,66359.0,57809.4,57727.6
2026-05-24 21:20:00,57816.9,66431.6,57886.5,57784.3
2026-05-24 21:25:00,57880.5,66504.7,57864.3,57888.0
2026-05-24 21:30:00,57894.2,66520.4,57971.3,57858.1
2026-05-24 21:35:00,57921.5,66551.8,57954.2,57906.2
2026-05-24 21:40:00,57980.0,66619.0,57963.2,57987.9
2026-05-24 21:45:00,58039.8,66687.7,58056.1,58032.2
2026-05-24 21:50:00,58070.6,66723.1,58044.7,58082.8
2026-05-24 21:55:00,58097.8,66754.4,58120.8,58087.0
2026-05-24 22:00:00,58092.1,66747.8,58112.7,58082.5
2026-05-24 22:05:00,58102.6,66759.9,58131.1,58089.2
2026-05-24 22:10:00,58092.8,66748.6,58121.6,58079.3
2026-05-24 22:15:00,58071.6,66724.3,58097.9,58059.3
2026-05-24 22:20:00,58074.3,66727.4,58103.6,58060.5
2026-05-24 22:25:00,58059.9,66710.8,58082.5,58049.3
2026-05-24 22:30:00,58057.8,66708.4,58083.3,58045.9
2026-05-24 22:35:00,58032.0,66678.8,58038.6,58028.9
2026-05-24 22:40:00,57988.3,66628.6,57935.9,58012.9
2026-05-24 22:45:00,57938.3,66571.1,57955.9,57930.0
2026-05-24 22:50:00,57899.7,66526.8,57847.7,57924.1
2026-05-24 22:55:00,57834.4,66451.7,57845.8,57829.1
2026-05-24 23:00:00,57804.0,66416.8,57758.3,57825.4
2026-05-24 23:05:00,57734.8,66337.3,57741.9,57731.5
2026-05-24 23:10:00,57725.1,66326.1,57685.4,57743.7
2026-05-24 23:15:00,57714.6,66314.1,57665.8,57737.5
2026-05-24 23:20:00,57677.6,66271.6,57671.5,57680.4
2026-05-24 23:25:00,57660.3,66251.7,57649.7,57665.3
2026-05-24 23:30:00,57655.6,66246.3,57642.2,57661.9
2026-05-24 23:35:00,57524.6,66095.8,57472.2,57549.2
2026-05-24 23:40:00,57384.6,65934.9,57388.1,57382.9
2026-05-24 23:45:00,57334.2,65877.0,57341.2,57330.9
2026-05-24 23:50:00,57268.7,65801.7,57243.4,57280.6
2026-05-24 23:55:00,57193.6,65715.4,57160.5,57209.2
2026-05-25 00:00:00,57135.7,65648.9,57138.5,57134.3
2026-05-25 00:05:00,57032.3,65530.1,57049.1,57024.4
2026-05-25 00:10:00,56914.2,65394.4,56942.0,56901.1
2026-05-25 00:15:00,56830.5,65298.2,56845.5,56823.4
2026-05-25 00:20:00,56746.5,65201.7,56771.5,56734.8
2026-05-25 00:25:00,56655.4,65097.1,56689.9,56639.3
2026-05-25 00:30:00,56543.1,64968.0,56582.6,56524.6
2026-05-25 00:35:00,56442.9,64852.9,56506.0,56413.3
2026-05-25 00:40:00,56442.2,64852.1,56450.9,56438.2
2026-05-25 00:45:00,56347.4,64743.2,56336.8,56352.3
2026-05-25 00:50:00,56250.2,64631.5,56289.4,56231.8
2026-05-25 00:55:00,56143.3,64508.7,56196.2,56118.5
2026-05-25 01:00:00,56027.2,64375.3,56065.5,56009.2
2026-05-25 01:05:00,55924.8,64257.6,55920.8,55926.7
2026-05-25 01:10:00,55823.3,64141.0,55854.6,55808.7
2026-05-25 01:15:00,55670.6,63965.5,55706.7,55653.7
2026-05-25 01:20:00,55554.5,63832.1,55502.4,55578.9
2026-05-25 01:25:00,55441.2,63701.9,55396.3,55462.3
2026-05-25 01:30:00,55309.7,63550.8,55280.7,55323.2
2026-05-25 01:35:00,55288.9,63526.9,55293.8,55286.6
2026-05-25 01:40:00,55455.6,63718.5,55452.2,55457.2
2026-05-25 01:45:00,55366.8,63616.5,55362.6,55368.8
2026-05-25 01:50:00,55194.7,63418.7,55219.8,55183.0
2026-05-25 01:55:00,54993.5,63187.5,54990.1,54995.1
2026-05-25 02:00:00,54776.1,62937.7,54872.9,54730.8
2026-05-25 02:05:00,54578.0,62710.1,54503.8,54612.7
2026-05-25 02:10:00,54315.0,62407.9,54296.7,54323.5
2026-05-25 02:15:00,54109.3,62171.6,54160.6,54085.2
2026-05-25 02:20:00,53875.8,61903.3,53832.8,53896.0
2026-05-25 02:25:00,53567.5,61549.1,53665.4,53521.6
2026-05-25 02:30:00,53304.3,61246.6,53262.8,53323.8
2026-05-25 02:35:00,52921.0,60806.2,52860.5,52949.4
2026-05-25 02:40:00,52685.9,60536.1,52696.8,52680.8
2026-05-25 02:45:00,52497.0,60319.1,52473.5,52508.0
2026-05-25 02:50:00,52301.7,60094.7,52267.4,52317.8
2026-05-25 02:55:00,52049.4,59804.8,52016.8,52064.6
2026-05-25 03:00:00,51883.0,59613.6,51834.0,51906.0
2026-05-25 03:05:00,51622.6,59314.4,51625.6,51621.2
2026-05-25 03:10:00,51468.1,59136.8,51451.2,51476.0
2026-05-25 03:15:00,51291.9,58934.4,51231.1,51320.4
2026-05-25 03:20:00,51120.5,58737.5,51028.5,51163.5
2026-05-25 03:25:00,51110.2,58725.6,51030.7,51147.4
2026-05-25 03:30:00,51045.6,58651.4,51006.1,51064.1
2026-05-25 03:35:00,50872.7,58452.7,50837.7,50889.0
2026-05-25 03:40:00,50824.1,58396.9,50846.8,50813.5
2026-05-25 03:45:00,50700.1,58254.4,50843.1,50633.1
2026-05-25 03:50:00,50633.6,58178.0,50611.8,50643.8
2026-05-25 03:55:00,50665.0,58214.1,50607.7,50691.8
2026-05-25 04:00:00,50642.5,58188.2,50617.0,50654.5
2026-05-25 04:05:00,50661.9,58210.5,50615.9,50683.5
2026-05-25 04:10:00,50670.7,58220.6,50630.3,50689.6
2026-05-25 04:15:00,50651.6,58198.7,50617.2,50667.7
2026-05-25 04:20:00,50645.0,58191.1,50596.2,50667.8
2026-05-25 04:25:00,50650.3,58197.2,50598.6,50674.5
2026-05-25 04:30:00,50660.1,58208.5,50612.1,50682.5
2026-05-25 04:35:00,50587.0,58124.5,50596.1,50582.8
2026-05-25 04:40:00,50647.6,58194.1,50628.7,50656.5
2026-05-25 04:45:00,50636.3,58181.1,50617.4,50645.2
2026-05-25 04:50:00,50634.9,58179.5,50614.1,50644.7
2026-05-25 04:55:00,50633.8,58178.2,50614.6,50642.8
2026-05-25 05:00:00,50635.4,58180.1,50618.5,50643.3
2026-05-25 05:05:00,50634.0,58178.5,50616.4,50642.2
2026-05-25 05:10:00,50642.1,58187.8,50625.8,50649.8
2026-05-25 05:15:00,50636.8,58181.7,50613.3,50647.9
2026-05-25 05:20:00,50638.3,58183.4,50617.8,50647.9
2026-05-25 05:25:00,50638.1,58183.2,50615.4,50648.7
2026-05-25 05:30:00,50633.1,58177.4,50613.6,50642.2
2026-05-25 05:35:00,50649.3,58196.0,50631.5,50657.6
2026-05-25 05:40:00,50675.3,58225.9,50649.2,50687.5
2026-05-25 05:45:00,50668.9,58218.6,50647.2,50679.1
2026-05-25 05:50:00,50669.4,58219.1,50645.2,50680.7
2026-05-25 05:55:00,50668.4,58218.0,50646.4,50678.8
2026-05-25 06:00:00,50672.5,58222.7,50648.4,50683.9
2026-05-25 06:05:00,50668.7,58218.3,50648.5,50678.2
2026-05-25 06:10:00,50686.3,58238.6,50659.9,50698.7
2026-05-25 06:15:00,50671.3,58221.3,50644.5,50683.9
2026-05-25 06:20:00,50672.8,58223.0,50648.9,50683.9
2026-05-25 06:25:00,50672.0,58222.1,50646.4,50683.9
2026-05-25 06:30:00,50676.1,58226.8,50648.7,50689.0
2026-05-25 06:35:00,50728.8,58287.4,50706.1,50739.4
2026-05-25 06:40:00,50755.3,58317.8,50733.1,50765.8
2026-05-25 06:45:00,50743.8,58304.6,50712.5,50758.5
2026-05-25 06:50:00,50743.6,58304.4,50705.8,50761.3
2026-05-25 06:55:00,50742.7,58303.4,50704.2,50760.8
2026-05-25 07:00:00,50746.6,58307.8,50709.2,50764.2
2026-05-25 07:05:00,50743.2,58303.9,50710.5,50758.6
2026-05-25 07:10:00,50762.6,58326.2,50725.5,50780.0
2026-05-25 07:15:00,50740.3,58300.6,50699.6,50759.4
2026-05-25 07:20:00,50740.1,58300.4,50698.9,50759.5
2026-05-25 07:25:00,50735.3,58294.9,50696.4,50753.5
2026-05-25 07:30:00,50735.0,58294.5,50700.5,50751.1
2026-05-25 07:35:00,50779.8,58346.0,50746.6,50795.3
2026-05-25 07:40:00,50828.2,58401.6,50793.8,50844.2
2026-05-25 07:45:00,50870.4,58450.1,50999.1,50810.1
2026-05-25 07:50:00,50990.6,58588.2,50984.3,50993.5
2026-05-25 07:55:00,51054.9,58662.1,51007.0,51077.4
2026-05-25 08:00:00,51055.3,58662.5,51009.8,51076.7
2026-05-25 08:05:00,51045.9,58651.7,51015.1,51060.2
2026-05-25 08:10:00,51089.5,58701.8,51055.8,51105.3
2026-05-25 08:15:00,51270.3,58909.6,51239.5,51284.8
2026-05-25 08:20:00,51276.7,58916.9,51258.8,51285.1
2026-05-25 08:25:00,51275.3,58915.3,51261.2,51281.9
2026-05-25 08:30:00,51277.7,58918.1,51268.2,51282.1
2026-05-25 08:35:00,51337.4,58986.7,51323.3,51344.0
2026-05-25 08:40:00,51640.6,59335.0,51633.5,51643.9
2026-05-25 08:45:00,51773.6,59487.9,51742.0,51788.4
2026-05-25 08:50:00,51966.4,59709.4,51950.4,51973.9
2026-05-25 08:55:00,52032.0,59784.8,52175.6,51964.7
2026-05-25 09:00:00,52198.7,59976.3,52178.3,52208.3
2026-05-25 09:05:00,52375.6,60179.6,52376.2,52375.4
2026-05-25 09:10:00,52400.7,60208.4,52423.8,52389.9
2026-05-25 09:15:00,52333.1,60130.7,52377.5,52312.3
2026-05-25 09:20:00,52407.1,60215.8,52386.4,52416.8
2026-05-25 09:25:00,52470.0,60288.0,52593.9,52412.0
2026-05-25 09:30:00,52657.1,60503.0,52616.9,52675.9
2026-05-25 09:35:00,52830.7,60702.5,52812.6,52839.1
2026-05-25 09:40:00,53153.1,61072.9,53115.0,53171.0
2026-05-25 09:45:00,53220.1,61149.9,53170.5,53243.3
2026-05-25 09:50:00,53388.0,61342.8,53365.6,53398.5
2026-05-25 09:55:00,53520.1,61494.6,53495.5,53531.7
2026-05-25 10:00:00,53478.2,61446.5,53472.9,53480.7
2026-05-25 10:05:00,53433.8,61395.4,53438.4,53431.6
2026-05-25 10:10:00,53512.9,61486.3,53502.2,53517.9
2026-05-25 10:15:00,53444.7,61408.0,53454.6,53440.0
2026-05-25 10:20:00,53442.2,61405.1,53430.5,53447.6
2026-05-25 10:25:00,53476.2,61444.2,53443.0,53491.7
2026-05-25 10:30:00,53496.0,61466.9,53456.3,53514.6
2026-05-25 10:35:00,53546.2,61524.6,53535.2,53551.4
2026-05-25 10:40:00,53703.0,61704.7,53784.7,53664.7
2026-05-25 10:45:00,53796.7,61812.4,53855.2,53769.3
2026-05-25 10:50:00,53867.5,61893.8,53876.9,53863.1
2026-05-25 10:55:00,53883.3,61911.9,53966.1,53844.6
2026-05-25 11:00:00,53981.8,62025.1,53985.2,53980.2
2026-05-25 11:05:00,53934.2,61970.4,53945.4,53928.9
2026-05-25 11:10:00,53957.9,61997.6,53962.8,53955.6
2026-05-25 11:15:00,53874.1,61901.3,53901.5,53861.3
2026-05-25 11:20:00,53852.9,61877.0,53953.4,53805.8
2026-05-25 11:25:00,53780.5,61793.8,53780.5,53780.5
2026-05-25 11:30:00,53788.4,61802.9,53781.7,53791.5
2026-05-25 11:35:00,53736.4,61743.1,53714.0,53746.9
2026-05-25 11:40:00,53768.8,61780.4,53745.6,53779.6
2026-05-25 11:45:00,53787.3,61801.6,53793.0,53784.6
2026-05-25 11:50:00,53800.8,61817.1,53819.4,53792.1
2026-05-25 11:55:00,53776.7,61789.4,53768.2,53780.7
2026-05-25 12:00:00,53772.5,61784.6,53771.6,53772.9
2026-05-25 12:05:00,53730.5,61736.3,53743.9,53724.3
2026-05-25 12:10:00,53754.1,61763.5,53758.3,53752.2
2026-05-25 12:15:00,53729.0,61734.6,53732.1,53727.6
2026-05-25 12:20:00,53734.4,61740.8,53748.8,53727.7
2026-05-25 12:25:00,53726.2,61731.4,53734.5,53722.3
2026-05-25 12:30:00,53723.7,61728.5,53725.1,53723.1
2026-05-25 12:35:00,53682.5,61681.2,53708.4,53670.3
2026-05-25 12:40:00,53700.4,61701.8,53676.0,53711.9
2026-05-25 12:45:00,53766.1,61777.2,53837.1,53732.8
2026-05-25 12:50:00,53846.2,61869.3,53923.3,53810.1
2026-05-25 12:55:00,53843.8,61866.5,53828.0,53851.1
2026-05-25 13:00:00,53817.5,61836.3,53823.2,53814.8
2026-05-25 13:05:00,53744.5,61752.4,53753.8,53740.1
2026-05-25 13:10:00,53766.5,61777.7,53771.2,53764.3
2026-05-25 13:15:00,53747.1,61755.4,53749.2,53746.1
2026-05-25 13:20:00,53750.8,61759.7,53760.7,53746.2
2026-05-25 13:25:00,53740.8,61748.2,53744.2,53739.2
2026-05-25 13:30:00,53738.1,61745.1,53734.0,53740.0
2026-05-25 13:35:00,53723.8,61728.6,53725.8,53722.8
2026-05-25 13:40:00,53749.3,61757.9,53731.6,53757.6
2026-05-25 13:45:00,53732.9,61739.1,53743.8,53727.8
2026-05-25 13:50:00,53736.2,61742.9,53756.0,53727.0
2026-05-25 13:55:00,53721.6,61726.1,53727.5,53718.8
2026-05-25 14:00:00,53733.3,61739.6,53733.8,53733.1
2026-05-25 14:05:00,53641.2,61633.7,53713.2,53607.4
2026-05-25 14:10:00,53549.8,61528.7,53595.4,53528.4
2026-05-25 14:15:00,53401.5,61358.3,53514.9,53348.3
2026-05-25 14:20:00,53350.1,61299.3,53358.4,53346.2
2026-05-25 14:25:00,53209.4,61137.6,53309.4,53162.6
2026-05-25 14:30:00,53068.5,60975.7,53073.6,53066.0
2026-05-25 14:35:00,52932.8,60819.8,52902.6,52947.0
2026-05-25 14:40:00,52958.6,60849.4,52885.8,52992.7
2026-05-25 14:45:00,52966.3,60858.3,52906.3,52994.5
2026-05-25 14:50:00,52919.3,60804.3,52891.8,52932.1
2026-05-25 14:55:00,52925.0,60810.8,52905.9,52933.9
2026-05-25 15:00:00,52928.5,60814.8,52905.5,52939.2
2026-05-25 15:05:00,52822.4,60692.9,52859.7,52804.9
2026-05-25 15:10:00,52787.0,60652.3,52901.2,52733.5
2026-05-25 15:15:00,52775.7,60639.3,52774.4,52776.3
2026-05-25 15:20:00,52800.8,60668.1,52789.9,52805.9
2026-05-25 15:25:00,52819.0,60689.0,52793.9,52830.7
2026-05-25 15:30:00,52889.8,60770.4,52967.0,52853.7
2026-05-25 15:35:00,53060.5,60966.5,53058.7,53061.4
2026-05-25 15:40:00,53214.7,61143.7,53243.0,53201.5
2026-05-25 15:45:00,53346.7,61295.4,53373.4,53334.2
2026-05-25 15:50:00,53326.1,61271.7,53368.3,53306.4
2026-05-25 15:55:00,53312.5,61256.1,53340.8,53299.3
2026-05-25 16:00:00,53327.5,61273.3,53355.6,53314.3
2026-05-25 16:05:00,53324.4,61269.7,53353.6,53310.7
2026-05-25 16:10:00,53339.8,61287.4,53372.5,53324.5
2026-05-25 16:15:00,53292.4,61233.0,53332.0,53273.8
2026-05-25 16:20:00,53279.6,61218.3,53328.2,53256.8
2026-05-25 16:25:00,53314.3,61258.1,53296.4,53322.7
2026-05-25 16:30:00,53327.3,61273.1,53302.7,53338.9
2026-05-25 16:35:00,53331.1,61277.4,53284.4,53353.0
2026-05-25 16:40:00,53307.5,61250.3,53271.2,53324.5
2026-05-25 16:45:00,53373.5,61326.2,53321.3,53398.0
2026-05-25 16:50:00,53536.1,61513.0,53529.6,53539.1
2026-05-25 16:55:00,53581.6,61565.3,53679.8,53535.6
2026-05-25 17:00:00,53698.4,61699.5,53690.5,53702.1
2026-05-25 17:05:00,53778.8,61791.8,53836.1,53752.0
2026-05-25 17:10:00,53870.2,61896.9,53844.9,53882.0
2026-05-25 17:15:00,53921.9,61956.3,54009.7,53880.7
2026-05-25 17:20:00,54022.9,62072.3,54021.0,54023.8
2026-05-25 17:25:00,54065.7,62121.5,54154.8,54024.0
2026-05-25 17:30:00,54156.0,62225.2,54144.6,54161.3
2026-05-25 17:35:00,54137.4,62203.9,54125.4,54143.0
2026-05-25 17:40:00,54224.5,62304.0,54174.4,54248.0
2026-05-25 17:45:00,54382.3,62485.3,54384.4,54381.4
2026-05-25 17:50:00,54558.6,62687.8,54550.5,54562.4
2026-05-25 17:55:00,54661.7,62806.3,54675.7,54655.1
2026-05-25 18:00:00,54856.0,63029.5,54829.4,54868.4
2026-05-25 18:05:00,54967.8,63158.0,55069.9,54920.0
2026-05-25 18:10:00,55065.5,63270.3,55047.0,55074.1
2026-05-25 18:15:00,55203.7,63429.1,55195.5,55207.5
2026-05-25 18:20:00,55334.2,63579.0,55321.3,55340.3
2026-05-25 18:25:00,55473.4,63738.9,55451.3,55483.7
2026-05-25 18:30:00,55590.3,63873.3,55684.1,55546.4
2026-05-25 18:35:00,55704.5,64004.5,55718.9,55697.7
2026-05-25 18:40:00,55754.7,64062.2,55777.7,55744.0
2026-05-25 18:45:00,55858.9,64181.9,55834.4,55870.4
2026-05-25 18:50:00,56027.8,64375.9,56027.1,56028.1
2026-05-25 18:55:00,56176.6,64546.9,56206.2,56162.7
2026-05-25 19:00:00,56334.7,64728.6,56318.0,56342.6
2026-05-25 19:05:00,56433.3,64841.9,56414.0,56442.3
2026-05-25 19:10:00,56538.2,64962.4,56520.1,56546.6
2026-05-25 19:15:00,56642.0,65081.7,56600.4,56661.4
2026-05-25 19:20:00,56779.1,65239.2,56802.2,56768.3
2026-05-25 19:25:00,56890.6,65367.3,56875.9,56897.5
2026-05-25 19:30:00,57014.7,65509.9,56946.1,57046.8
2026-05-25 19:35:00,57069.7,65573.1,57089.5,57060.4
2026-05-25 19:40:00,57119.6,65630.4,57070.0,57142.9
2026-05-25 19:45:00,57230.5,65757.8,57252.6,57220.1
2026-05-25 19:50:00,57319.9,65860.6,57358.1,57301.9
2026-05-25 19:55:00,57432.6,65990.1,57433.8,57432.1
2026-05-25 20:00:00,57510.4,66079.4,57505.9,57512.4
2026-05-25 20:05:00,57598.5,66180.7,57652.2,57573.3
2026-05-25 20:10:00,57707.1,66305.5,57759.9,57682.4
2026-05-25 20:15:00,57763.9,66370.7,57826.1,57734.7
2026-05-25 20:20:00,57881.5,66505.8,57920.6,57863.2
2026-05-25 20:25:00,57939.9,66572.9,58001.8,57910.9
2026-05-25 20:30:00,58022.3,66667.6,58002.8,58031.5
2026-05-25 20:35:00,58129.7,66791.0,58086.4,58150.1
2026-05-25 20:40:00,58155.3,66820.4,58147.5,58158.9
2026-05-25 20:45:00,58250.2,66929.5,58282.1,58235.2
2026-05-25 20:50:00,58317.1,67006.3,58361.9,58296.1
2026-05-25 20:55:00,58414.0,67117.7,58455.2,58394.8
2026-05-25 21:00:00,58512.5,67230.9,58562.5,58489.1
2026-05-25 21:05:00,58658.2,67398.3,58696.8,58640.1
2026-05-25 21:10:00,58791.3,67551.2,58757.2,58807.3
2026-05-25 21:15:00,58878.9,67651.9,58901.5,58868.4
2026-05-25 21:20:00,59005.1,67796.9,59027.7,58994.5
2026-05-25 21:25:00,59056.7,67856.1,59075.3,59048.0
2026-05-25 21:30:00,59097.1,67902.6,59065.4,59112.0
2026-05-25 21:35:00,59101.8,67908.0,59123.4,59091.6
2026-05-25 21:40:00,59098.1,67903.7,59105.6,59094.6
2026-05-25 21:45:00,59115.7,67923.9,59144.4,59102.3
2026-05-25 21:50:00,59096.7,67902.1,59119.4,59086.0
2026-05-25 21:55:00,59098.3,67903.9,59115.0,59090.4
2026-05-25 22:00:00,59080.9,67884.0,59111.4,59066.6
2026-05-25 22:05:00,59081.8,67885.0,59106.9,59070.0
2026-05-25 22:10:00,59059.9,67859.8,59079.9,59050.5
2026-05-25 22:15:00,59065.4,67866.1,59060.9,59067.4
2026-05-25 22:20:00,59061.5,67861.7,59046.2,59068.6
2026-05-25 22:25:00,59041.8,67839.0,59022.0,59051.0
2026-05-25 22:30:00,59009.9,67802.4,58930.4,59047.1
2026-05-25 22:35:00,58937.2,67718.8,58914.5,58947.8
2026-05-25 22:40:00,58903.7,67680.4,58849.6,58929.0
2026-05-25 22:45:00,58885.2,67659.1,58873.1,58890.9
2026-05-25 22:50:00,58870.1,67641.7,58844.2,58882.3
2026-05-25 22:55:00,58860.5,67630.7,58842.6,58868.9
2026-05-25 23:00:00,58812.0,67575.0,58728.7,58851.0
2026-05-25 23:05:00,58719.4,67468.6,58713.8,58721.9
2026-05-25 23:10:00,58669.7,67411.5,58652.6,58677.7
2026-05-25 23:15:00,58638.9,67376.1,58568.5,58671.9
2026-05-25 23:20:00,58578.5,67306.7,58574.3,58580.4
2026-05-25 23:25:00,58534.1,67255.7,58471.6,58563.3
2026-05-25 23:30:00,58477.3,67190.4,58474.0,58478.8
2026-05-25 23:35:00,58349.4,67043.5,58313.4,58366.3
2026-05-25 23:40:00,58258.2,66938.7,58271.7,58251.8
2026-05-25 23:45:00,58171.6,66839.2,58191.2,58162.4
2026-05-25 23:50:00,58061.8,66713.0,58083.4,58051.7
2026-05-25 23:55:00,57968.1,66605.3,57989.7,57957.9
2026-05-26 00:00:00,57897.1,66523.8,57909.9,57891.1
2026-05-26 00:05:00,57810.3,66424.0,57789.1,57820.3
2026-05-26 00:10:00,57724.6,66325.6,57698.3,57736.9
2026-05-26 00:15:00,57660.1,66251.5,57604.9,57685.9
2026-05-26 00:20:00,57624.5,66210.6,57616.8,57628.2
2026-05-26 00:25:00,57556.8,66132.8,57523.1,57572.6
2026-05-26 00:30:00,57497.1,66064.2,57432.3,57527.4
2026-05-26 00:35:00,57375.3,65924.2,57398.0,57364.7
2026-05-26 00:40:00,57416.0,65971.0,57377.8,57433.9
2026-05-26 00:45:00,57355.9,65901.9,57347.9,57359.6
2026-05-26 00:50:00,57294.4,65831.3,57222.3,57328.1
2026-05-26 00:55:00,57202.9,65726.1,57223.1,57193.5
2026-05-26 01:00:00,57097.1,65604.6,57104.0,57093.9
2026-05-26 01:05:00,56973.5,65462.6,56945.5,56986.7
2026-05-26 01:10:00,56865.7,65338.7,56817.0,56888.5
2026-05-26 01:15:00,56789.3,65250.9,56735.7,56814.4
2026-05-26 01:20:00,56688.8,65135.4,56665.7,56699.6
2026-05-26 01:25:00,56574.3,65003.9,56553.8,56583.9
2026-05-26 01:30:00,56435.7,64844.6,56482.2,56414.0
2026-05-26 01:35:00,56397.7,64801.0,56453.2,56371.7
2026-05-26 01:40:00,56577.7,65007.8,56639.6,56548.7
2026-05-26 01:45:00,56560.2,64987.7,56589.9,56546.3
2026-05-26 01:50:00,56393.1,64795.7,56431.3,56375.2
2026-05-26 01:55:00,56238.8,64618.4,56230.7,56242.6
2026-05-26 02:00:00,56052.6,64404.4,56019.7,56068.0
2026-05-26 02:05:00,55916.3,64247.8,55850.4,55947.1
2026-05-26 02:10:00,55757.4,64065.3,55768.0,55752.5
2026-05-26 02:15:00,55543.4,63819.4,55501.2,55563.2
2026-05-26 02:20:00,55352.1,63599.6,55277.3,55387.1
2026-05-26 02:25:00,55140.0,63355.9,55163.5,55129.0
2026-05-26 02:30:00,54901.8,63082.2,54885.7,54909.3
2026-05-26 02:35:00,54388.3,62492.2,54481.0,54344.9
2026-05-26 02:40:00,54276.6,62363.8,54254.9,54286.7
2026-05-26 02:45:00,54088.3,62147.5,54054.2,54104.2
2026-05-26 02:50:00,53910.2,61942.8,53881.0,53923.9
2026-05-26 02:55:00,53708.6,61711.2,53679.4,53722.2
2026-05-26 03:00:00,53480.8,61449.4,53524.2,53460.5
2026-05-26 03:05:00,53230.2,61161.5,53223.0,53233.7
2026-05-26 03:10:00,52980.0,60874.0,53056.4,52944.2
2026-05-26 03:15:00,52715.3,60569.9,52741.9,52702.8
2026-05-26 03:20:00,52548.5,60378.2,52550.1,52547.8
2026-05-26 03:25:00,52398.1,60205.4,52395.1,52399.5
2026-05-26 03:30:00,52166.9,59939.8,52125.4,52186.4
2026-05-26 03:35:00,51990.6,59737.2,51950.8,52009.3
2026-05-26 03:40:00,51970.5,59714.1,51987.8,51962.5
2026-05-26 03:45:00,51834.7,59558.1,51958.7,51776.7
2026-05-26 03:50:00,51742.6,59452.2,51735.8,51745.7
2026-05-26 03:55:00,51574.3,59258.9,51550.4,51585.5
2026-05-26 04:00:00,51544.5,59224.6,51549.3,51542.2
2026-05-26 04:05:00,51562.0,59244.7,51526.1,51578.9
2026-05-26 04:10:00,51549.5,59230.4,51564.5,51542.4
2026-05-26 04:15:00,51522.9,59199.8,51540.1,51514.8
2026-05-26 04:20:00,51441.6,59106.4,51539.4,51395.8
2026-05-26 04:25:00,51342.7,58992.8,51343.6,51342.3
2026-05-26 04:30:00,51378.9,59034.4,51384.4,51376.3
2026-05-26 04:35:00,51353.3,59004.9,51361.5,51349.5
2026-05-26 04:40:00,51397.7,59056.0,51410.7,51391.6
2026-05-26 04:45:00,51381.6,59037.5,51396.7,51374.6
2026-05-26 04:50:00,51381.6,59037.5,51397.7,51374.1
2026-05-26 04:55:00,51379.5,59035.0,51398.3,51370.7
2026-05-26 05:00:00,51381.4,59037.2,51403.1,51371.3
2026-05-26 05:05:00,51375.1,59030.0,51387.1,51369.5
2026-05-26 05:10:00,51390.0,59047.1,51412.8,51379.4
2026-05-26 05:15:00,51383.9,59040.1,51397.5,51377.5
2026-05-26 05:20:00,51370.7,59024.9,51403.2,51355.5
2026-05-26 05:25:00,51369.7,59023.8,51398.5,51356.3
2026-05-26 05:30:00,51368.1,59021.9,51396.7,51354.6
2026-05-26 05:35:00,51386.0,59042.5,51408.5,51375.5
2026-05-26 05:40:00,51430.1,59093.2,51441.1,51424.9
2026-05-26 05:45:00,51417.8,59079.1,51439.1,51407.9
2026-05-26 05:50:00,51420.2,59081.8,51438.1,51411.9
2026-05-26 05:55:00,51418.3,59079.6,51439.2,51408.5
2026-05-26 06:00:00,51422.8,59084.8,51442.3,51413.6
2026-05-26 06:05:00,51414.9,59075.7,51431.3,51407.2
2026-05-26 06:10:00,51438.0,59102.3,51456.6,51429.2
2026-05-26 06:15:00,51421.0,59082.7,51439.0,51412.5
2026-05-26 06:20:00,51422.8,59084.8,51444.6,51412.6
2026-05-26 06:25:00,51421.3,59083.1,51439.8,51412.6
2026-05-26 06:30:00,51424.5,59086.8,51439.7,51417.5
2026-05-26 06:35:00,51451.4,59117.7,51473.3,51441.1
2026-05-26 06:40:00,51499.3,59172.7,51525.8,51486.9
2026-05-26 06:45:00,51498.1,59171.3,51504.3,51495.2
2026-05-26 06:50:00,51497.5,59170.6,51499.0,51496.8
2026-05-26 06:55:00,51496.1,59169.0,51498.8,51494.8
2026-05-26 07:00:00,51501.5,59175.2,51504.9,51499.8
2026-05-26 07:05:00,51493.7,59166.3,51494.3,51493.5
2026-05-26 07:10:00,51528.1,59205.8,51536.9,51524.0
2026-05-26 07:15:00,51568.1,59251.7,51702.7,51505.0
2026-05-26 07:20:00,51707.6,59412.0,51701.6,51710.4
2026-05-26 07:25:00,51702.2,59405.8,51697.6,51704.4
2026-05-26 07:30:00,51700.5,59403.9,51697.8,51701.8
2026-05-26 07:35:00,51741.9,59451.4,51744.0,51740.9
2026-05-26 07:40:00,51811.1,59531.0,51817.7,51808.0
2026-05-26 07:45:00,51962.2,59704.6,51986.8,51950.7
2026-05-26 07:50:00,51952.2,59693.1,51966.6,51945.5
2026-05-26 07:55:00,51951.4,59692.2,51962.5,51946.2
2026-05-26 08:00:00,51951.9,59692.7,51965.5,51945.4
2026-05-26 08:05:00,51941.4,59680.7,51961.3,51932.1
2026-05-26 08:10:00,52069.1,59827.4,52009.9,52096.8
2026-05-26 08:15:00,52238.2,60021.7,52196.8,52257.7
2026-05-26 08:20:00,52434.3,60247.0,52402.9,52449.0
2026-05-26 08:25:00,52640.0,60483.4,52622.7,52648.1
2026-05-26 08:30:00,52727.4,60583.8,52814.4,52686.6
2026-05-26 08:35:00,52923.1,60808.6,52906.6,52930.8
2026-05-26 08:40:00,53263.3,61199.5,53234.1,53277.0
2026-05-26 08:45:00,53439.5,61402.0,53431.2,53443.4
2026-05-26 08:50:00,53660.8,61656.3,53625.2,53677.4
2026-05-26 08:55:00,53804.6,61821.5,53769.1,53821.3
2026-05-26 09:00:00,53968.7,62010.0,53960.9,53972.4
2026-05-26 09:05:00,54160.8,62230.8,54141.4,54169.9
2026-05-26 09:10:00,54336.5,62432.6,54352.5,54329.0
2026-05-26 09:15:00,54513.4,62635.9,54575.2,54484.4
2026-05-26 09:20:00,54726.9,62881.2,54670.6,54753.3
2026-05-26 09:25:00,54883.6,63061.3,54920.3,54866.4
2026-05-26 09:30:00,55148.3,63365.4,55109.2,55166.6
2026-05-26 09:35:00,55490.6,63758.7,55433.7,55517.2
2026-05-26 09:40:00,55931.2,64264.9,55932.8,55930.4
2026-05-26 09:45:00,56121.0,64483.0,56159.0,56103.2
2026-05-26 09:50:00,56298.3,64686.7,56277.9,56307.9
2026-05-26 09:55:00,56443.2,64853.2,56439.6,56444.8
2026-05-26 10:00:00,56625.3,65062.5,56595.0,56639.5
2026-05-26 10:05:00,56752.9,65209.1,56692.8,56781.0
2026-05-26 10:10:00,56951.3,65437.0,56966.2,56944.3
2026-05-26 10:15:00,57057.5,65559.1,57087.4,57043.6
2026-05-26 10:20:00,57207.4,65731.3,57168.6,57225.7
2026-05-26 10:25:00,57367.6,65915.4,57329.8,57385.4
2026-05-26 10:30:00,57551.0,66126.1,57459.7,57593.7
2026-05-26 10:35:00,57818.3,66433.2,57728.0,57860.6
2026-05-26 10:40:00,58186.9,66856.7,58120.7,58217.9
2026-05-26 10:45:00,58370.0,67067.1,58358.3,58375.5
2026-05-26 10:50:00,58531.4,67252.6,58538.6,58528.1
2026-05-26 10:55:00,58691.2,67436.2,58692.9,58690.5
2026-05-26 11:00:00,58901.0,67677.2,58915.1,58894.4
2026-05-26 11:05:00,59025.2,67820.0,59023.8,59025.9
2026-05-26 11:10:00,59210.7,68033.1,59152.6,59238.0
2026-05-26 11:15:00,59306.6,68143.3,59268.7,59324.4
2026-05-26 11:20:00,59345.5,68188.0,59365.4,59336.2
2026-05-26 11:25:00,59408.7,68260.6,59449.6,59389.5
2026-05-26 11:30:00,59450.7,68308.9,59431.0,59460.0
2026-05-26 11:35:00,59353.6,68197.3,59412.3,59326.1
2026-05-26 11:40:00,59367.5,68213.3,59409.2,59348.0
2026-05-26 11:45:00,59422.3,68276.2,59448.7,59409.9
2026-05-26 11:50:00,59474.0,68335.6,59467.0,59477.3
2026-05-26 11:55:00,59474.2,68335.9,59487.7,59467.9
2026-05-26 12:00:00,59474.4,68336.1,59472.1,59475.5
2026-05-26 12:05:00,59407.6,68259.3,59407.8,59407.6
2026-05-26 12:10:00,59360.1,68204.8,59308.4,59384.3
2026-05-26 12:15:00,59300.7,68136.5,59293.4,59304.1
2026-05-26 12:20:00,59229.3,68054.5,59222.7,59232.4
2026-05-26 12:25:00,59178.1,67995.6,59083.5,59222.5
2026-05-26 12:30:00,59093.6,67898.5,59066.4,59106.4
2026-05-26 12:35:00,58912.6,67690.6,58949.2,58895.5
2026-05-26 12:40:00,58881.0,67654.3,58942.0,58852.4
2026-05-26 12:45:00,58922.0,67701.4,58953.6,58907.2
2026-05-26 12:50:00,59024.1,67818.7,59037.1,59018.1
2026-05-26 12:55:00,59068.9,67870.2,59017.1,59093.2
2026-05-26 13:00:00,59073.6,67875.6,59099.9,59061.2
2026-05-26 13:05:00,58985.3,67774.1,59000.3,58978.3
2026-05-26 13:10:00,58930.4,67711.0,58938.2,58926.8
2026-05-26 13:15:00,58881.8,67655.2,58839.6,58901.5
2026-05-26 13:20:00,58844.4,67612.2,58851.1,58841.2
2026-05-26 13:25:00,58799.9,67561.1,58719.8,58837.5
2026-05-26 13:30:00,58722.4,67472.0,58712.1,58727.1
2026-05-26 13:35:00,58547.3,67270.8,58576.9,58533.4
2026-05-26 13:40:00,58374.6,67072.4,58432.3,58347.5
2026-05-26 13:45:00,58284.5,66968.9,58257.6,58297.1
2026-05-26 13:50:00,58207.6,66880.5,58174.9,58222.9
2026-05-26 13:55:00,58091.5,66747.1,58063.3,58104.6
2026-05-26 14:00:00,57910.3,66538.9,57965.3,57884.5
2026-05-26 14:05:00,57785.8,66395.9,57772.9,57791.9
2026-05-26 14:10:00,57669.8,66262.6,57699.7,57655.7
2026-05-26 14:15:00,57569.5,66147.4,57576.1,57566.4
2026-05-26 14:20:00,57487.6,66053.3,57476.9,57492.7
2026-05-26 14:25:00,57355.2,65901.1,57292.7,57384.5
2026-05-26 14:30:00,57128.3,65640.4,57047.9,57165.9
2026-05-26 14:35:00,56699.4,65147.6,56731.8,56684.2
2026-05-26 14:40:00,56759.7,65216.9,56645.7,56813.1
2026-05-26 14:45:00,56805.7,65269.7,56762.9,56825.8
2026-05-26 14:50:00,56799.1,65262.2,56777.7,56809.2
2026-05-26 14:55:00,56807.8,65272.2,56790.2,56816.1
2026-05-26 15:00:00,56791.1,65253.0,56798.8,56787.5
2026-05-26 15:05:00,56721.2,65172.7,56716.6,56723.4
2026-05-26 15:10:00,56722.1,65173.7,56704.1,56730.5
2026-05-26 15:15:00,56853.3,65324.4,56772.4,56891.1
2026-05-26 15:20:00,56993.7,65485.8,57013.1,56984.6
2026-05-26 15:25:00,57178.3,65697.9,57101.4,57214.4
2026-05-26 15:30:00,57423.9,65980.1,57316.2,57474.4
2026-05-26 15:35:00,57794.0,66405.3,57773.3,57803.6
2026-05-26 15:40:00,58090.6,66746.1,58136.8,58068.9
2026-05-26 15:45:00,58361.7,67057.6,58360.0,58362.5
2026-05-26 15:50:00,58534.8,67256.5,58571.9,58517.5
2026-05-26 15:55:00,58710.2,67458.0,58734.6,58698.8
2026-05-26 16:00:00,58907.7,67684.9,58933.9,58895.5
2026-05-26 16:05:00,59151.9,67965.5,59138.0,59158.3
2026-05-26 16:10:00,59395.2,68245.1,59337.2,59422.4
2026-05-26 16:15:00,59582.0,68459.7,59589.3,59578.5
2026-05-26 16:20:00,59725.8,68624.9,59745.9,59716.3
2026-05-26 16:25:00,59862.0,68781.4,59877.4,59854.8
2026-05-26 16:30:00,60003.2,68943.7,60030.2,59990.6
2026-05-26 16:35:00,60138.7,69099.4,60154.3,60131.3
2026-05-26 16:40:00,60224.6,69198.1,60281.4,60198.0
2026-05-26 16:45:00,60410.8,69412.0,60412.3,60410.1
2026-05-26 16:50:00,60553.9,69576.4,60594.2,60535.0
2026-05-26 16:55:00,60732.7,69781.9,60631.8,60780.0
2026-05-26 17:00:00,60934.8,70014.1,60854.8,60972.3
2026-05-26 17:05:00,61084.5,70186.1,61021.3,61114.1
2026-05-26 17:10:00,61198.5,70317.1,61196.4,61199.5
2026-05-26 17:15:00,61268.1,70397.0,61295.3,61255.4
2026-05-26 17:20:00,61375.5,70520.4,61409.4,61359.5
2026-05-26 17:25:00,61441.0,70595.7,61480.7,61422.5
2026-05-26 17:30:00,61558.3,70730.5,61564.7,61555.4
2026-05-26 17:35:00,61596.0,70773.8,61655.5,61568.2
2026-05-26 17:40:00,61602.2,70780.9,61665.5,61572.5
2026-05-26 17:45:00,61714.3,70909.7,61765.2,61690.4
2026-05-26 17:50:00,61953.8,71184.9,61906.6,61975.8
2026-05-26 17:55:00,62185.0,71450.6,62148.9,62201.9
2026-05-26 18:00:00,62357.6,71648.9,62370.2,62351.7
2026-05-26 18:05:00,62501.4,71814.1,62490.2,62506.6
2026-05-26 18:10:00,62686.8,72027.1,62693.1,62683.8
2026-05-26 18:15:00,62908.0,72281.3,62905.6,62909.2
2026-05-26 18:20:00,63104.0,72506.5,63124.6,63094.3
2026-05-26 18:25:00,63298.0,72729.4,63286.8,63303.3
2026-05-26 18:30:00,63478.9,72937.3,63436.8,63498.6
2026-05-26 18:35:00,63632.1,73113.3,63566.8,63662.6
2026-05-26 18:40:00,63678.2,73166.3,63748.9,63645.1
2026-05-26 18:45:00,63833.7,73344.9,63861.4,63820.8
2026-05-26 18:50:00,64054.6,73598.7,64056.1,64053.9
2026-05-26 18:55:00,64201.6,73767.6,64218.7,64193.6
2026-05-26 19:00:00,64437.3,74038.5,64420.1,64445.4
2026-05-26 19:05:00,64588.6,74212.3,64563.4,64600.4
2026-05-26 19:10:00,64816.6,74474.3,64774.7,64836.2
2026-05-26 19:15:00,65012.1,74698.9,64966.0,65033.7
2026-05-26 19:20:00,65183.5,74895.8,65175.9,65187.0
2026-05-26 19:25:00,65298.7,75028.2,65317.2,65290.0
2026-05-26 19:30:00,65402.8,75147.8,65386.7,65410.3
2026-05-26 19:35:00,65398.9,75143.3,65374.1,65410.5
2026-05-26 19:40:00,65281.7,75008.7,65328.6,65259.6
2026-05-26 19:45:00,65402.1,75147.0,65391.7,65407.0
2026-05-26 19:50:00,65479.9,75236.4,65489.2,65475.6
2026-05-26 19:55:00,65604.2,75379.2,65587.8,65611.9
2026-05-26 20:00:00,65699.3,75488.5,65708.4,65695.1
2026-05-26 20:05:00,65787.0,75589.3,65777.7,65791.3
2026-05-26 20:10:00,65887.2,75704.4,65873.4,65893.7
2026-05-26 20:15:00,65965.6,75794.5,65955.6,65970.2
2026-05-26 20:20:00,66032.1,75870.9,66036.1,66030.2
2026-05-26 20:25:00,66098.3,75946.9,66147.0,66075.4
2026-05-26 20:30:00,66133.8,75987.7,66115.7,66142.2
2026-05-26 20:35:00,66144.1,75999.6,66177.4,66128.5
2026-05-26 20:40:00,66120.8,75972.8,66129.7,66116.5
2026-05-26 20:45:00,66175.3,76035.4,66239.1,66145.4
2026-05-26 20:50:00,66259.9,76132.6,66250.0,66264.6
2026-05-26 20:55:00,66365.6,76254.1,66366.8,66365.1
2026-05-26 21:00:00,66466.7,76370.2,66472.1,66464.1
2026-05-26 21:05:00,66556.5,76473.4,66584.4,66543.4
2026-05-26 21:10:00,66612.9,76538.2,66660.1,66590.8
2026-05-26 21:15:00,66647.9,76578.4,66638.9,66652.2
2026-05-26 21:20:00,66682.0,76617.6,66743.0,66653.4
2026-05-26 21:25:00,66728.0,76670.5,66710.7,66736.0
2026-05-26 21:30:00,66700.6,76639.0,66676.4,66711.9
2026-05-26 21:35:00,66672.6,76606.8,66605.4,66704.1
2026-05-26 21:40:00,66638.7,76567.9,66598.3,66657.7
2026-05-26 21:45:00,66638.4,76567.5,66671.8,66622.7
2026-05-26 21:50:00,66647.8,76578.3,66649.8,66646.8
2026-05-26 21:55:00,66639.5,76568.8,66644.7,66637.1
2026-05-26 22:00:00,66636.3,76565.1,66638.1,66635.4
2026-05-26 22:05:00,66596.3,76519.1,66536.3,66624.4
2026-05-26 22:10:00,66599.1,76522.4,66545.4,66624.2
2026-05-26 22:15:00,66599.1,76522.4,66538.0,66627.6
2026-05-26 22:20:00,66601.8,76525.5,66544.0,66628.8
2026-05-26 22:25:00,66566.7,76485.1,66513.1,66591.8
2026-05-26 22:30:00,66554.4,76471.0,66497.0,66581.3
2026-05-26 22:35:00,66437.4,76336.6,66465.1,66424.5
2026-05-26 22:40:00,66340.6,76225.3,66370.0,66326.8
2026-05-26 22:45:00,66293.6,76171.3,66330.3,66276.4
2026-05-26 22:50:00,66245.5,76116.1,66209.0,66262.6
2026-05-26 22:55:00,66181.3,76042.3,66186.9,66178.7
2026-05-26 23:00:00,66144.9,76000.5,66079.1,66175.7
2026-05-26 23:05:00,66118.1,75969.7,66053.9,66148.2
2026-05-26 23:10:00,66070.5,75915.0,66083.7,66064.4
2026-05-26 23:15:00,66007.0,75842.0,65987.0,66016.4
2026-05-26 23:20:00,65910.1,75730.7,65880.6,65923.9
2026-05-26 23:25:00,65786.9,75589.1,65739.4,65809.1
2026-05-26 23:30:00,65665.4,75449.5,65631.6,65681.3
2026-05-26 23:35:00,65412.0,75158.4,65437.8,65399.9
2026-05-26 23:40:00,65164.4,74873.9,65181.0,65156.6
2026-05-26 23:45:00,65024.7,74713.4,64997.5,65037.4
2026-05-26 23:50:00,64841.6,74503.0,64806.9,64857.9
2026-05-26 23:55:00,64650.3,74283.2,64622.5,64663.3
2026-05-27 00:00:00,64505.4,74116.7,64550.4,64484.3
2026-05-27 00:05:00,64398.2,73993.5,64355.4,64418.2
2026-05-27 00:10:00,64275.5,73852.5,64274.5,64275.9
2026-05-27 00:15:00,64094.7,73644.8,64160.5,64063.9
2026-05-27 00:20:00,63929.5,73455.0,63972.2,63909.6
2026-05-27 00:25:00,63768.8,73270.4,63786.8,63760.3
2026-05-27 00:30:00,63623.0,73102.8,63620.8,63624.0
2026-05-27 00:35:00,63380.3,72824.0,63464.7,63340.9
2026-05-27 00:40:00,63483.4,72942.4,63454.6,63496.9
2026-05-27 00:45:00,63360.7,72801.4,63368.9,63356.9
2026-05-27 00:50:00,63270.8,72698.1,63261.0,63275.3
2026-05-27 00:55:00,63174.5,72587.5,63156.7,63182.8
2026-05-27 01:00:00,63036.8,72429.3,63038.4,63036.1
2026-05-27 01:05:00,62836.4,72199.0,62797.9,62854.4
2026-05-27 01:10:00,62680.3,72019.7,62658.5,62690.5
2026-05-27 01:15:00,62569.0,71891.8,62558.5,62574.0
2026-05-27 01:20:00,62394.4,71691.2,62371.7,62405.1
2026-05-27 01:25:00,62243.7,71518.0,62273.9,62229.6
2026-05-27 01:30:00,62105.0,71358.6,62126.0,62095.2
2026-05-27 01:35:00,62176.0,71440.2,62095.4,62213.8
2026-05-27 01:40:00,62575.7,71899.5,62566.3,62580.0
2026-05-27 01:45:00,62602.9,71930.7,62597.0,62605.7
2026-05-27 01:50:00,62427.1,71728.7,62430.2,62425.6
2026-05-27 01:55:00,62195.2,71462.3,62145.6,62218.4
2026-05-27 02:00:00,61906.4,71130.5,61868.6,61924.2
2026-05-27 02:05:00,61566.2,70739.6,61460.4,61615.7
2026-05-27 02:10:00,61199.8,70318.6,61199.7,61199.9
2026-05-27 02:15:00,60787.9,69845.3,60800.1,60782.3
2026-05-27 02:20:00,60445.3,69451.6,60436.5,60449.4
2026-05-27 02:25:00,60108.6,69064.8,60055.8,60133.4
2026-05-27 02:30:00,59665.6,68555.8,59715.8,59642.1
2026-05-27 02:35:00,58985.8,67774.7,59084.1,58939.7
2026-05-27 02:40:00,58777.8,67535.7,58843.8,58746.8
2026-05-27 02:45:00,58454.2,67163.9,58438.9,58461.4
2026-05-27 02:50:00,58176.1,66844.3,58171.3,58178.4
2026-05-27 02:55:00,57957.2,66592.8,57896.9,57985.5
2026-05-27 03:00:00,57751.6,66356.6,57729.2,57762.1
2026-05-27 03:05:00,57521.1,66091.7,57524.0,57519.8
2026-05-27 03:10:00,57219.0,65744.6,57270.3,57195.1
2026-05-27 03:15:00,56985.9,65476.8,57034.0,56963.3
2026-05-27 03:20:00,56774.4,65233.8,56767.2,56777.8
2026-05-27 03:25:00,56622.9,65059.7,56593.3,56636.8
2026-05-27 03:30:00,56477.1,64892.2,56414.0,56506.7
2026-05-27 03:35:00,56320.9,64712.7,56370.5,56297.7
2026-05-27 03:40:00,56206.9,64581.7,56231.6,56195.3
2026-05-27 03:45:00,56110.2,64470.6,56114.5,56108.2
2026-05-27 03:50:00,56008.0,64353.2,55963.7,56028.7
2026-05-27 03:55:00,55885.8,64212.8,55875.4,55890.6
2026-05-27 04:00:00,55814.0,64130.3,55783.5,55828.4
2026-05-27 04:05:00,55755.7,64063.3,55788.6,55740.3
2026-05-27 04:10:00,55676.9,63972.8,55657.0,55686.2
2026-05-27 04:15:00,55599.4,63883.7,55549.6,55622.7
2026-05-27 04:20:00,55509.6,63780.5,55550.5,55490.5
2026-05-27 04:25:00,55468.0,63732.7,55468.7,55467.6
2026-05-27 04:30:00,55403.3,63658.4,55458.7,55377.3
2026-05-27 04:35:00,55345.6,63592.1,55307.3,55363.6
2026-05-27 04:40:00,55319.1,63561.6,55375.1,55292.8
2026-05-27 04:45:00,55262.0,63496.0,55237.6,55273.5
2026-05-27 04:50:00,55258.4,63491.9,55241.8,55266.1
2026-05-27 04:55:00,55237.2,63467.5,55244.9,55233.5
2026-05-27 05:00:00,55157.9,63376.4,55220.9,55128.4
2026-05-27 05:05:00,55111.8,63323.5,55083.8,55125.0
2026-05-27 05:10:00,55047.5,63249.6,55117.3,55014.8
2026-05-27 05:15:00,55012.9,63209.8,55007.5,55015.4
2026-05-27 05:20:00,55006.8,63202.8,55013.1,55003.9
2026-05-27 05:25:00,55026.8,63225.8,55007.1,55036.0
2026-05-27 05:30:00,55030.5,63230.0,55020.0,55035.3
2026-05-27 05:35:00,54969.8,63160.3,55024.8,54944.1
2026-05-27 05:40:00,54900.6,63080.8,54895.0,54903.3
2026-05-27 05:45:00,54885.1,63063.0,54880.3,54887.3
2026-05-27 05:50:00,54885.6,63063.6,54878.4,54888.9
2026-05-27 05:55:00,54890.2,63068.8,54877.2,54896.4
2026-05-27 06:00:00,54895.1,63074.5,54889.1,54897.9
2026-05-27 06:05:00,54899.3,63079.3,54877.0,54909.8
2026-05-27 06:10:00,54927.0,63111.1,54910.9,54934.5
2026-05-27 06:15:00,54912.7,63094.7,54893.2,54921.8
2026-05-27 06:20:00,54914.8,63097.1,54899.7,54921.8
2026-05-27 06:25:00,54910.7,63092.4,54893.0,54919.1
2026-05-27 06:30:00,54914.8,63097.1,54893.5,54924.9
2026-05-27 06:35:00,55002.0,63197.3,54942.0,55030.2
2026-05-27 06:40:00,55165.3,63384.9,55147.4,55173.6
2026-05-27 06:45:00,55230.0,63459.3,55213.7,55237.6
2026-05-27 06:50:00,55267.8,63502.7,55323.9,55241.6
2026-05-27 06:55:00,55332.3,63576.8,55320.9,55337.6
2026-05-27 07:00:00,55338.5,63583.9,55327.6,55343.7
2026-05-27 07:05:00,55330.6,63574.9,55315.2,55337.9
2026-05-27 07:10:00,55368.6,63618.5,55360.6,55372.4
2026-05-27 07:15:00,55441.0,63701.7,55455.2,55434.4
2026-05-27 07:20:00,55486.7,63754.2,55453.4,55502.3
2026-05-27 07:25:00,55581.2,63862.8,55564.5,55589.0
2026-05-27 07:30:00,55618.9,63906.1,55661.8,55598.8
2026-05-27 07:35:00,55724.9,64027.9,55734.7,55720.4
2026-05-27 07:40:00,55903.2,64232.8,55925.0,55893.0
2026-05-27 07:45:00,55954.1,64291.3,55963.0,55949.9
2026-05-27 07:50:00,56082.7,64439.0,56073.4,56087.0
2026-05-27 07:55:00,56182.5,64553.7,56177.9,56184.6
2026-05-27 08:00:00,56300.6,64689.4,56291.2,56305.0
2026-05-27 08:05:00,56382.7,64783.7,56375.2,56386.2
2026-05-27 08:10:00,56552.8,64979.2,56523.5,56566.5
2026-05-27 08:15:00,56680.7,65126.1,56721.4,56661.7
2026-05-27 08:20:00,56814.6,65280.0,56787.4,56827.4
2026-05-27 08:25:00,56928.3,65410.6,56894.5,56944.2
2026-05-27 08:30:00,57055.1,65556.3,57053.4,57055.9
2026-05-27 08:35:00,57300.8,65838.6,57274.9,57313.0
2026-05-27 08:40:00,57729.7,66331.4,57692.9,57746.9
2026-05-27 08:45:00,57908.6,66537.0,57884.9,57919.6
2026-05-27 08:50:00,58074.4,66727.5,58079.1,58072.2
2026-05-27 08:55:00,58210.0,66883.3,58228.3,58201.4
2026-05-27 09:00:00,58340.5,67033.2,58335.6,58342.8
2026-05-27 09:05:00,58457.9,67168.1,58471.2,58451.7
2026-05-27 09:10:00,58619.8,67354.2,58627.1,58616.4
2026-05-27 09:15:00,58795.6,67556.1,58801.7,58792.7
2026-05-27 09:20:00,58931.0,67711.7,58947.7,58923.2
2026-05-27 09:25:00,59083.6,67887.1,59059.2,59095.0
2026-05-27 09:30:00,59207.3,68029.2,59224.3,59199.3
2026-05-27 09:35:00,59492.1,68356.4,59476.0,59499.7
2026-05-27 09:40:00,59904.5,68830.3,59936.9,59889.3
2026-05-27 09:45:00,60152.8,69115.6,60084.7,60184.7
2026-05-27 09:50:00,60348.3,69340.2,60359.1,60343.3
2026-05-27 09:55:00,60495.0,69508.8,60470.2,60506.7
2026-05-27 10:00:00,60618.6,69650.8,60670.6,60594.2
2026-05-27 10:05:00,60675.2,69715.8,60706.0,60660.8
2026-05-27 10:10:00,60841.4,69906.8,60867.4,60829.2
2026-05-27 10:15:00,60951.3,70033.0,60900.6,60975.1
2026-05-27 10:20:00,61052.5,70149.3,61080.6,61039.3
2026-05-27 10:25:00,61140.8,70250.8,61146.6,61138.1
2026-05-27 10:30:00,61220.0,70341.8,61250.9,61205.6
2026-05-27 10:35:00,61507.6,70672.2,61447.8,61535.7
2026-05-27 10:40:00,62000.4,71238.5,61926.7,62034.9
2026-05-27 10:45:00,62287.5,71568.3,62226.8,62316.0
2026-05-27 10:50:00,62592.4,71918.7,62528.7,62622.3
2026-05-27 10:55:00,62836.5,72199.1,62791.9,62857.4
2026-05-27 11:00:00,63044.4,72438.0,63011.4,63059.8
2026-05-27 11:05:00,63161.5,72572.6,63201.2,63142.9
2026-05-27 11:10:00,63374.5,72817.3,63346.2,63387.7
2026-05-27 11:15:00,63453.7,72908.3,63490.9,63436.3
2026-05-27 11:20:00,63515.1,72978.8,63526.0,63509.9
2026-05-27 11:25:00,63482.4,72941.3,63521.8,63463.9
2026-05-27 11:30:00,63464.1,72920.3,63504.3,63445.2
2026-05-27 11:35:00,63292.9,72723.5,63336.5,63272.4
2026-05-27 11:40:00,63259.8,72685.5,63300.6,63240.7
2026-05-27 11:45:00,63332.3,72768.8,63329.9,63333.5
2026-05-27 11:50:00,63343.6,72781.8,63349.0,63341.1
2026-05-27 11:55:00,63393.6,72839.2,63378.3,63400.8
2026-05-27 12:00:00,63347.4,72786.2,63377.6,63333.3
2026-05-27 12:05:00,63243.0,72666.2,63286.6,63222.6
2026-05-27 12:10:00,63128.6,72534.8,63167.9,63110.2
2026-05-27 12:15:00,62906.1,72279.1,62926.8,62896.3
2026-05-27 12:20:00,62754.5,72104.9,62761.9,62751.0
2026-05-27 12:25:00,62575.8,71899.6,62622.2,62554.0
2026-05-27 12:30:00,62432.6,71735.1,62428.3,62434.6
2026-05-27 12:35:00,62115.0,71370.1,62185.6,62081.8
2026-05-27 12:40:00,62077.3,71326.8,62163.4,62036.9
2026-05-27 12:45:00,62010.4,71249.9,62061.3,61986.5
2026-05-27 12:50:00,62103.5,71356.9,62078.4,62115.2
2026-05-27 12:55:00,62126.4,71383.2,62043.4,62165.3
2026-05-27 13:00:00,62126.5,71383.3,62136.9,62121.7
2026-05-27 13:05:00,62007.8,71247.0,62007.7,62007.9
2026-05-27 13:10:00,61880.8,71101.0,61847.3,61896.5
2026-05-27 13:15:00,61735.6,70934.2,61717.6,61744.0
2026-05-27 13:20:00,61640.4,70824.8,61679.6,61622.1
2026-05-27 13:25:00,61553.2,70724.6,61569.8,61545.4
2026-05-27 13:30:00,61480.6,70641.2,61475.3,61483.2
2026-05-27 13:35:00,61348.9,70489.9,61324.4,61360.4
2026-05-27 13:40:00,61297.7,70431.1,61313.8,61290.2
2026-05-27 13:45:00,61204.2,70323.6,61212.6,61200.2
2026-05-27 13:50:00,61073.9,70173.9,61112.0,61056.1
2026-05-27 13:55:00,60914.5,69990.8,60931.6,60906.5
2026-05-27 14:00:00,60679.6,69720.9,60733.1,60654.5
2026-05-27 14:05:00,60427.3,69431.0,60468.2,60408.1
2026-05-27 14:10:00,60180.1,69146.9,60215.2,60163.6
2026-05-27 14:15:00,59955.5,68888.9,59879.5,59991.1
2026-05-27 14:20:00,59681.4,68573.9,59717.1,59664.7
2026-05-27 14:25:00,59349.3,68192.3,59347.8,59350.0
2026-05-27 14:30:00,58923.4,67703.0,58971.4,58901.0
2026-05-27 14:35:00,58443.9,67152.0,58473.5,58430.0
2026-05-27 14:40:00,58419.9,67124.5,58371.2,58442.7
2026-05-27 14:45:00,58368.3,67065.2,58359.9,58372.2
2026-05-27 14:50:00,58284.0,66968.3,58267.0,58292.0
2026-05-27 14:55:00,58213.1,66886.9,58181.4,58228.0
2026-05-27 15:00:00,58047.5,66696.6,58087.7,58028.6
2026-05-27 15:05:00,57865.5,66487.5,57942.4,57829.5
2026-05-27 15:10:00,57792.7,66403.8,57894.5,57745.1
2026-05-27 15:15:00,57798.5,66410.5,57824.4,57786.3
2026-05-27 15:20:00,57833.4,66450.6,57866.9,57817.7
2026-05-27 15:25:00,57974.1,66612.2,57955.7,57982.7
2026-05-27 15:30:00,58214.0,66887.9,58228.5,58207.2
2026-05-27 15:35:00,58507.0,67224.5,58503.9,58508.4
2026-05-27 15:40:00,58824.1,67588.9,58846.6,58813.6
2026-05-27 15:45:00,59014.5,67807.7,59031.0,59006.7
2026-05-27 15:50:00,59173.8,67990.7,59195.6,59163.6
2026-05-27 15:55:00,59322.2,68161.2,59348.7,59309.8
2026-05-27 16:00:00,59547.0,68419.5,59497.7,59570.2
2026-05-27 16:05:00,59755.9,68659.5,59781.6,59743.9
2026-05-27 16:10:00,59991.0,68929.7,60008.8,59982.6
2026-05-27 16:15:00,60194.5,69163.5,60152.0,60214.5
2026-05-27 16:20:00,60391.0,69389.3,60415.0,60379.8
2026-05-27 16:25:00,60511.9,69528.2,60554.6,60491.8
2026-05-27 16:30:00,60615.5,69647.2,60668.7,60590.5
2026-05-27 16:35:00,60700.6,69745.0,60716.4,60693.2
2026-05-27 16:40:00,60835.7,69900.2,60835.3,60835.9
2026-05-27 16:45:00,61012.5,70103.4,60949.6,61041.9
2026-05-27 16:50:00,61152.4,70264.1,61145.7,61155.5
2026-05-27 16:55:00,61283.8,70415.1,61317.9,61267.8
2026-05-27 17:00:00,61383.7,70529.9,61413.7,61369.6
2026-05-27 17:05:00,61470.9,70630.1,61476.8,61468.2
2026-05-27 17:10:00,61612.8,70793.1,61579.5,61628.5
2026-05-27 17:15:00,61707.8,70902.3,61679.1,61721.2
2026-05-27 17:20:00,61810.5,71020.3,61777.6,61825.8
2026-05-27 17:25:00,61943.9,71173.5,61898.6,61965.1
2026-05-27 17:30:00,62025.3,71267.1,62042.6,62017.2
2026-05-27 17:35:00,62088.7,71339.9,62104.9,62081.1
2026-05-27 17:40:00,62110.7,71365.2,62135.7,62099.0
2026-05-27 17:45:00,62308.9,71592.9,62370.4,62280.1
2026-05-27 17:50:00,62575.4,71899.1,62582.3,62572.1
2026-05-27 17:55:00,62803.3,72161.0,62800.3,62804.7
2026-05-27 18:00:00,62998.4,72385.2,63050.0,62974.2
2026-05-27 18:05:00,63174.4,72587.4,63183.8,63170.0
2026-05-27 18:10:00,63388.3,72833.2,63378.4,63393.0
2026-05-27 18:15:00,63630.5,73111.4,63603.8,63643.0
2026-05-27 18:20:00,63892.4,73412.4,63897.8,63889.9
2026-05-27 18:25:00,64126.0,73680.8,64138.3,64120.2
2026-05-27 18:30:00,64359.2,73948.7,64304.0,64385.1
2026-05-27 18:35:00,64516.1,74129.0,64503.6,64521.9
2026-05-27 18:40:00,64570.7,74191.7,64573.6,64569.4
2026-05-27 18:45:00,64712.1,74354.2,64770.9,64684.6
2026-05-27 18:50:00,64883.4,74551.0,64892.4,64879.2
2026-05-27 18:55:00,65075.9,74772.2,65022.0,65101.1
2026-05-27 19:00:00,65251.0,74973.4,65284.3,65235.4
2026-05-27 19:05:00,65404.5,75149.8,65452.5,65382.0
2026-05-27 19:10:00,65569.8,75339.7,65540.7,65583.5
2026-05-27 19:15:00,65752.2,75549.3,65739.4,65758.2
2026-05-27 19:20:00,65951.5,75778.3,65934.6,65959.4
2026-05-27 19:25:00,66077.8,75923.4,66088.9,66072.6
2026-05-27 19:30:00,66197.7,76061.2,66174.8,66208.5
2026-05-27 19:35:00,66210.9,76076.3,66227.2,66203.3
2026-05-27 19:40:00,66097.5,75946.0,66157.9,66069.2
2026-05-27 19:45:00,66178.5,76039.1,66205.9,66165.7
2026-05-27 19:50:00,66286.4,76163.1,66309.8,66275.5
2026-05-27 19:55:00,66390.3,76282.5,66392.3,66389.3
2026-05-27 20:00:00,66489.9,76396.9,66484.7,66492.3
2026-05-27 20:05:00,66560.8,76478.4,66578.6,66552.4
2026-05-27 20:10:00,66645.6,76575.8,66698.5,66620.8
2026-05-27 20:15:00,66698.5,76636.6,66753.9,66672.5
2026-05-27 20:20:00,66739.4,76683.6,66747.8,66735.5
2026-05-27 20:25:00,66743.5,76688.3,66721.3,66753.9
2026-05-27 20:30:00,66752.0,76698.0,66789.9,66734.3
2026-05-27 20:35:00,66741.9,76686.4,66773.1,66727.2
2026-05-27 20:40:00,66618.1,76544.2,66609.0,66622.4
2026-05-27 20:45:00,66652.4,76583.6,66632.8,66661.5
2026-05-27 20:50:00,66705.2,76644.3,66746.2,66685.9
2026-05-27 20:55:00,66745.6,76690.7,66731.4,66752.2
2026-05-27 21:00:00,66802.1,76755.6,66855.0,66777.4
2026-05-27 21:05:00,66870.9,76834.7,66865.4,66873.6
2026-05-27 21:10:00,66884.1,76849.8,66931.8,66861.7
2026-05-27 21:15:00,66933.4,76906.5,66935.1,66932.7
2026-05-27 21:20:00,66935.9,76909.3,66940.2,66933.9
2026-05-27 21:25:00,66886.5,76852.6,66904.5,66878.1
2026-05-27 21:30:00,66862.8,76825.4,66869.5,66859.7
2026-05-27 21:35:00,66786.1,76737.2,66808.7,66775.5
2026-05-27 21:40:00,66729.6,76672.3,66726.0,66731.2
2026-05-27 21:45:00,66678.9,76614.1,66661.4,66687.1
2026-05-27 21:50:00,66682.3,76618.0,66657.5,66693.9
2026-05-27 21:55:00,66679.0,76614.2,66654.6,66690.4
2026-05-27 22:00:00,66673.4,76607.7,66647.4,66685.5
2026-05-27 22:05:00,66664.8,76597.9,66644.0,66674.5
2026-05-27 22:10:00,66625.3,76552.5,66656.8,66610.5
2026-05-27 22:15:00,66604.1,76528.1,66552.5,66628.3
2026-05-27 22:20:00,66606.8,76531.2,66558.2,66629.5
2026-05-27 22:25:00,66575.5,76495.2,66538.4,66592.9
2026-05-27 22:30:00,66554.4,76471.0,66495.4,66582.1
2026-05-27 22:35:00,66427.9,76325.7,66468.7,66408.9
2026-05-27 22:40:00,66341.7,76226.6,66370.9,66328.1
2026-05-27 22:45:00,66293.9,76171.7,66328.4,66277.7
2026-05-27 22:50:00,66257.7,76130.1,66208.0,66281.0
2026-05-27 22:55:00,66243.9,76114.2,66202.9,66263.1
2026-05-27 23:00:00,66180.4,76041.3,66182.2,66179.5
2026-05-27 23:05:00,66120.6,75972.6,66053.4,66152.0
2026-05-27 23:10:00,66074.7,75919.8,66088.5,66068.3
2026-05-27 23:15:00,66040.3,75880.3,65991.4,66063.2
2026-05-27 23:20:00,65949.6,75776.1,65997.1,65927.4
2026-05-27 23:25:00,65881.2,75697.5,65859.0,65891.6
2026-05-27 23:30:00,65777.9,75578.8,65730.1,65800.2
2026-05-27 23:35:00,65494.9,75253.6,65530.7,65478.1
2026-05-27 23:40:00,65241.3,74962.3,65270.8,65227.5
2026-05-27 23:45:00,65067.8,74762.9,65126.2,65040.4
2026-05-27 23:50:00,64956.9,74635.5,64914.3,64976.9
2026-05-27 23:55:00,64760.6,74409.9,64806.1,64739.3
2026-05-28 00:00:00,64590.2,74214.1,64631.4,64570.9
2026-05-28 00:05:00,64489.8,74098.8,64443.7,64511.4
2026-05-28 00:10:00,64402.1,73998.0,64365.9,64419.1
2026-05-28 00:15:00,64280.4,73858.2,64262.9,64288.6
2026-05-28 00:20:00,64104.7,73656.3,64183.9,64067.6
2026-05-28 00:25:00,63932.0,73457.9,63965.0,63916.6
2026-05-28 00:30:00,63772.8,73274.9,63795.3,63762.3
2026-05-28 00:35:00,63599.4,73075.7,63604.0,63597.3
2026-05-28 00:40:00,63613.8,73092.3,63609.5,63615.9
2026-05-28 00:45:00,63477.5,72935.6,63456.1,63487.5
2026-05-28 00:50:00,63340.2,72777.9,63333.2,63343.5
2026-05-28 00:55:00,63274.6,72702.5,63251.7,63285.4
2026-05-28 01:00:00,63136.4,72543.7,63125.5,63141.6
2026-05-28 01:05:00,62909.4,72282.9,62873.2,62926.4
2026-05-28 01:10:00,62782.1,72136.6,62751.2,62796.6
2026-05-28 01:15:00,62686.6,72026.9,62663.5,62697.4
2026-05-28 01:20:00,62583.3,71908.2,62577.8,62585.9
2026-05-28 01:25:00,62478.2,71787.5,62455.8,62488.7
2026-05-28 01:30:00,62368.2,71661.1,62370.5,62367.0
2026-05-28 01:35:00,62363.2,71655.3,62402.6,62344.8
2026-05-28 01:40:00,62740.2,72088.5,62795.4,62714.4
2026-05-28 01:45:00,62748.5,72098.0,62740.5,62752.3
2026-05-28 01:50:00,62571.4,71894.5,62599.5,62558.2
2026-05-28 01:55:00,62311.0,71595.3,62304.7,62313.9
2026-05-28 02:00:00,62076.4,71325.8,62064.0,62082.2
2026-05-28 02:05:00,61699.1,70892.3,61684.4,61706.1
2026-05-28 02:10:00,61310.6,70445.9,61289.8,61320.4
2026-05-28 02:15:00,60896.8,69970.4,60919.2,60886.3
2026-05-28 02:20:00,60517.1,69534.1,60528.6,60511.8
2026-05-28 02:25:00,60127.6,69086.6,60183.6,60101.3
2026-05-28 02:30:00,59703.3,68599.1,59724.8,59693.3
2026-05-28 02:35:00,59065.6,67866.4,59088.2,59055.0
2026-05-28 02:40:00,58862.8,67633.4,58939.5,58826.8
2026-05-28 02:45:00,58558.1,67283.3,58523.4,58574.4
2026-05-28 02:50:00,58305.1,66992.6,58271.0,58321.1
2026-05-28 02:55:00,58077.9,66731.5,57989.8,58119.2
2026-05-28 03:00:00,57828.5,66444.9,57804.9,57839.5
2026-05-28 03:05:00,57601.5,66184.1,57527.8,57636.0
2026-05-28 03:10:00,57356.0,65902.0,57377.1,57346.0
2026-05-28 03:15:00,57135.7,65648.9,57114.3,57145.7
2026-05-28 03:20:00,56908.9,65388.3,56944.6,56892.2
2026-05-28 03:25:00,56727.8,65180.2,56754.4,56715.4
2026-05-28 03:30:00,56593.0,65025.4,56592.6,56593.1
2026-05-28 03:35:00,56521.9,64943.7,56462.2,56549.8
2026-05-28 03:40:00,56404.9,64809.2,56413.8,56400.8
2026-05-28 03:45:00,56299.4,64688.0,56306.6,56296.0
2026-05-28 03:50:00,56197.5,64570.9,56203.0,56194.9
2026-05-28 03:55:00,56148.5,64514.6,56094.2,56173.9
2026-05-28 04:00:00,56080.1,64436.0,56100.5,56070.6
2026-05-28 04:05:00,56044.3,64394.9,56005.1,56062.7
2026-05-28 04:10:00,56000.0,64344.0,56034.2,55984.0
2026-05-28 04:15:00,55927.2,64260.4,55922.7,55929.3
2026-05-28 04:20:00,55842.7,64163.3,55884.5,55823.1
2026-05-28 04:25:00,55821.4,64138.8,55774.2,55843.5
2026-05-28 04:30:00,55738.7,64043.8,55802.5,55708.8
2026-05-28 04:35:00,55705.9,64006.1,55665.8,55724.8
2026-05-28 04:40:00,55675.2,63970.8,55736.8,55646.3
2026-05-28 04:45:00,55604.8,63889.9,55593.5,55610.1
2026-05-28 04:50:00,55602.0,63886.7,55582.0,55611.3
2026-05-28 04:55:00,55586.8,63869.2,55578.9,55590.5
2026-05-28 05:00:00,55530.3,63804.3,55581.9,55506.1
2026-05-28 05:05:00,55488.0,63755.7,55456.7,55502.7
2026-05-28 05:10:00,55497.6,63766.7,55486.9,55502.6
2026-05-28 05:15:00,55465.1,63729.4,55472.7,55461.5
2026-05-28 05:20:00,55396.2,63650.2,55471.2,55361.0
2026-05-28 05:25:00,55342.6,63588.6,55348.8,55339.7
2026-05-28 05:30:00,55272.2,63507.8,55345.1,55238.1
2026-05-28 05:35:00,55222.0,63450.1,55243.7,55211.8
2026-05-28 05:40:00,55171.6,63392.2,55166.0,55174.3
2026-05-28 05:45:00,55153.8,63371.7,55144.2,55158.3
2026-05-28 05:50:00,55154.5,63372.5,55141.7,55160.6
2026-05-28 05:55:00,55123.3,63336.7,55139.2,55115.9
2026-05-28 06:00:00,55066.1,63270.9,55142.4,55030.4
2026-05-28 06:05:00,55026.5,63225.4,55035.3,55022.4
2026-05-28 06:10:00,55052.0,63254.7,55062.2,55047.2
2026-05-28 06:15:00,55056.9,63260.4,55043.8,55063.0
2026-05-28 06:20:00,55063.5,63268.0,55064.4,55063.1
2026-05-28 06:25:00,55017.0,63214.5,55058.1,54997.7
2026-05-28 06:30:00,55007.2,63203.3,55018.4,55001.9
2026-05-28 06:35:00,55089.3,63297.6,55069.0,55098.9
2026-05-28 06:40:00,55147.4,63364.4,55142.0,55149.9
2026-05-28 06:45:00,55207.1,63433.0,55200.7,55210.1
2026-05-28 06:50:00,55209.8,63436.1,55193.6,55217.4
2026-05-28 06:55:00,55219.6,63447.3,55189.4,55233.8
2026-05-28 07:00:00,55227.8,63456.7,55202.7,55239.5
2026-05-28 07:05:00,55220.8,63448.7,55190.7,55234.9
2026-05-28 07:10:00,55260.7,63494.5,55233.2,55273.5
2026-05-28 07:15:00,55339.7,63585.3,55352.0,55333.9
2026-05-28 07:20:00,55385.4,63637.8,55350.2,55401.8
2026-05-28 07:25:00,55469.8,63734.8,55440.9,55483.4
2026-05-28 07:30:00,55510.0,63781.0,55552.8,55490.0
2026-05-28 07:35:00,55605.5,63890.7,55637.4,55590.5
2026-05-28 07:40:00,55778.9,64090.0,55819.4,55760.0
2026-05-28 07:45:00,55818.2,64135.1,55853.4,55801.7
2026-05-28 07:50:00,55878.4,64204.3,55950.4,55844.6
2026-05-28 07:55:00,55946.5,64282.5,55944.6,55947.3
2026-05-28 08:00:00,56083.6,64440.1,56070.3,56089.9
2026-05-28 08:05:00,56174.7,64544.7,56166.1,56178.7
2026-05-28 08:10:00,56354.4,64751.2,56338.5,56361.9
2026-05-28 08:15:00,56443.6,64853.7,56471.4,56430.6
2026-05-28 08:20:00,56544.1,64969.2,56486.1,56571.2
2026-05-28 08:25:00,56678.6,65123.7,56718.8,56659.8
2026-05-28 08:30:00,56785.3,65246.3,56790.4,56783.0
2026-05-28 08:35:00,57022.1,65518.4,57014.0,57025.9
2026-05-28 08:40:00,57393.0,65944.6,57406.6,57386.6
2026-05-28 08:45:00,57642.4,66231.1,57595.9,57664.2
2026-05-28 08:50:00,57862.3,66483.8,57812.2,57885.8
2026-05-28 08:55:00,57960.8,66597.0,58055.8,57916.2
2026-05-28 09:00:00,58125.7,66786.4,58155.9,58111.6
2026-05-28 09:05:00,58253.4,66933.2,58213.9,58271.9
2026-05-28 09:10:00,58431.0,67137.2,58439.5,58427.1
2026-05-28 09:15:00,58530.9,67252.0,58570.8,58512.2
2026-05-28 09:20:00,58713.0,67461.2,58727.1,58706.3
2026-05-28 09:25:00,58859.3,67629.3,58882.9,58848.2
2026-05-28 09:30:00,59016.2,67809.6,58979.8,59033.3
2026-05-28 09:35:00,59268.7,68099.7,59273.4,59266.5
2026-05-28 09:40:00,59755.9,68659.5,59734.6,59765.9
2026-05-28 09:45:00,59994.7,68933.9,60003.4,59990.6
2026-05-28 09:50:00,60249.2,69226.3,60181.9,60280.7
2026-05-28 09:55:00,60416.2,69418.2,60402.2,60422.8
2026-05-28 10:00:00,60534.5,69554.1,60570.4,60517.8
2026-05-28 10:05:00,60573.0,69598.4,60605.4,60557.8
2026-05-28 10:10:00,60736.6,69786.4,60779.4,60716.5
2026-05-28 10:15:00,60854.6,69921.9,60815.3,60873.1
2026-05-28 10:20:00,60986.0,70072.9,61006.0,60976.5
2026-05-28 10:25:00,61086.1,70187.9,61093.2,61082.8
2026-05-28 10:30:00,61142.0,70252.2,61160.3,61133.4
2026-05-28 10:35:00,61439.8,70594.3,61467.3,61426.9
2026-05-28 10:40:00,61946.8,71176.9,61944.1,61948.1
2026-05-28 10:45:00,62289.0,71570.1,62221.0,62320.9
2026-05-28 10:50:00,62595.3,71922.0,62531.2,62625.3
2026-05-28 10:55:00,62843.1,72206.7,62802.5,62862.1
2026-05-28 11:00:00,63060.2,72456.2,63035.3,63071.9
2026-05-28 11:05:00,63243.6,72666.9,63234.2,63247.9
2026-05-28 11:10:00,63477.2,72935.3,63440.7,63494.4
2026-05-28 11:15:00,63537.6,73004.7,63563.2,63525.6
2026-05-28 11:20:00,63599.1,73075.4,63627.8,63585.7
2026-05-28 11:25:00,63580.0,73053.4,63617.2,63562.5
2026-05-28 11:30:00,63550.0,73019.0,63609.0,63522.4
2026-05-28 11:35:00,63381.6,72825.5,63445.7,63351.6
2026-05-28 11:40:00,63374.0,72816.7,63431.4,63347.2
2026-05-28 11:45:00,63443.8,72896.9,63453.5,63439.3
2026-05-28 11:50:00,63538.4,73005.6,63542.3,63536.6
2026-05-28 11:55:00,63564.1,73035.2,63549.6,63570.9
2026-05-28 12:00:00,63515.5,72979.3,63536.6,63505.7
2026-05-28 12:05:00,63352.2,72791.7,63427.1,63317.1
2026-05-28 12:10:00,63250.6,72674.9,63293.7,63230.3
2026-05-28 12:15:00,63086.8,72486.7,63132.7,63065.3
2026-05-28 12:20:00,62907.0,72280.1,62939.3,62891.9
2026-05-28 12:25:00,62730.0,72076.8,62746.5,62722.3
2026-05-28 12:30:00,62518.5,71833.8,62518.7,62518.4
2026-05-28 12:35:00,62227.4,71499.3,62264.3,62210.1
2026-05-28 12:40:00,62166.3,71429.1,62244.5,62129.6
2026-05-28 12:45:00,62124.6,71381.2,62160.8,62107.7
2026-05-28 12:50:00,62239.6,71513.3,62262.9,62228.7
2026-05-28 12:55:00,62250.0,71525.2,62223.4,62262.4
2026-05-28 13:00:00,62230.9,71503.3,62218.8,62236.6
2026-05-28 13:05:00,62097.5,71350.0,62088.3,62101.8
2026-05-28 13:10:00,61933.9,71162.1,61941.2,61930.5
2026-05-28 13:15:00,61802.7,71011.3,61823.1,61793.2
2026-05-28 13:20:00,61722.9,70919.6,61661.1,61751.9
2026-05-28 13:25:00,61628.1,70810.7,61662.7,61611.9
2026-05-28 13:30:00,61563.5,70736.5,61559.3,61565.4
2026-05-28 13:35:00,61411.3,70561.6,61424.4,61405.2
2026-05-28 13:40:00,61278.4,70408.9,61316.7,61260.4
2026-05-28 13:45:00,61234.4,70358.3,61200.8,61250.1
2026-05-28 13:50:00,61151.8,70263.4,61104.5,61173.9
2026-05-28 13:55:00,61025.5,70118.3,61066.1,61006.4
2026-05-28 14:00:00,60836.7,69901.4,60849.1,60830.9
2026-05-28 14:05:00,60590.7,69618.7,60574.9,60598.1
2026-05-28 14:10:00,60363.0,69357.1,60401.6,60344.9
2026-05-28 14:15:00,60112.4,69069.1,60076.9,60129.1
2026-05-28 14:20:00,59900.6,68825.8,59882.6,59909.0
2026-05-28 14:25:00,59573.5,68450.0,59548.3,59585.3
2026-05-28 14:30:00,59149.4,67962.7,59178.3,59135.8
2026-05-28 14:35:00,58637.9,67374.9,58634.6,58639.4
2026-05-28 14:40:00,58626.9,67362.3,58595.5,58641.6
2026-05-28 14:45:00,58603.0,67334.8,58556.2,58624.9
2026-05-28 14:50:00,58546.6,67270.0,58560.6,58540.1
2026-05-28 14:55:00,58456.4,67166.4,58450.6,58459.1
2026-05-28 15:00:00,58325.2,67015.7,58344.9,58316.0
2026-05-28 15:05:00,58133.1,66794.9,58226.4,58089.4
2026-05-28 15:10:00,58059.4,66710.3,58059.2,58059.5
2026-05-28 15:15:00,58091.5,66747.1,58132.1,58072.5
2026-05-28 15:20:00,58106.9,66764.8,58173.5,58075.6
2026-05-28 15:25:00,58230.0,66906.3,58218.4,58235.4
2026-05-28 15:30:00,58422.3,67127.2,58459.2,58405.0
2026-05-28 15:35:00,58793.0,67553.2,58766.4,58805.5
2026-05-28 15:40:00,59096.2,67901.5,59103.8,59092.7
2026-05-28 15:45:00,59272.3,68103.9,59329.7,59245.4
2026-05-28 15:50:00,59474.9,68336.7,59512.8,59457.1
2026-05-28 15:55:00,59618.2,68501.3,59661.2,59598.0
2026-05-28 16:00:00,59802.4,68713.0,59767.1,59818.9
2026-05-28 16:05:00,60026.0,68969.9,59977.0,60049.0
2026-05-28 16:10:00,60267.7,69247.6,60283.2,60260.4
2026-05-28 16:15:00,60469.6,69479.6,60426.4,60489.9
2026-05-28 16:20:00,60634.8,69669.4,60688.2,60609.8
2026-05-28 16:25:00,60702.0,69746.6,60742.2,60683.1
2026-05-28 16:30:00,60804.3,69864.1,60847.0,60784.3
2026-05-28 16:35:00,60918.6,69995.5,60894.8,60929.8
2026-05-28 16:40:00,61004.4,70094.1,61029.9,60992.4
2026-05-28 16:45:00,61124.8,70232.4,61152.6,61111.9
2026-05-28 16:50:00,61247.3,70373.1,61240.3,61250.6
2026-05-28 16:55:00,61370.1,70514.2,61405.2,61353.6
2026-05-28 17:00:00,61455.7,70612.6,61508.1,61431.1
2026-05-28 17:05:00,61561.8,70734.5,61574.5,61555.9
2026-05-28 17:10:00,61651.9,70838.0,61675.8,61640.7
2026-05-28 17:15:00,61710.7,70905.6,61763.9,61685.8
2026-05-28 17:20:00,61797.6,71005.4,61761.2,61814.6
2026-05-28 17:25:00,61878.2,71098.1,61875.4,61879.6
2026-05-28 17:30:00,61933.7,71161.8,61918.2,61940.9
2026-05-28 17:35:00,61977.8,71212.5,62019.5,61958.3
2026-05-28 17:40:00,61977.2,71211.8,62057.0,61939.8
2026-05-28 17:45:00,62113.5,71368.4,62157.0,62093.1
2026-05-28 17:50:00,62385.8,71681.3,62403.8,62377.3
2026-05-28 17:55:00,62630.9,71962.9,62621.4,62635.3
2026-05-28 18:00:00,62809.5,72168.1,62837.5,62796.4
2026-05-28 18:05:00,63000.7,72387.8,62990.2,63005.6
2026-05-28 18:10:00,63174.0,72586.9,63182.2,63170.2
2026-05-28 18:15:00,63401.8,72848.7,63369.1,63417.1
2026-05-28 18:20:00,63650.2,73134.1,63612.3,63667.9
2026-05-28 18:25:00,63897.9,73418.7,63882.6,63905.0
2026-05-28 18:30:00,64105.3,73657.0,64111.1,64102.5
2026-05-28 18:35:00,64305.2,73886.7,64216.8,64346.6
2026-05-28 18:40:00,64357.2,73946.4,64375.9,64348.4
2026-05-28 18:45:00,64535.3,74151.1,64585.2,64511.9
2026-05-28 18:50:00,64702.5,74343.2,64699.3,64704.0
2026-05-28 18:55:00,64882.0,74549.4,64877.5,64884.1
2026-05-28 19:00:00,65086.9,74784.8,65032.8,65112.3
2026-05-28 19:05:00,65246.3,74968.0,65269.0,65235.6
2026-05-28 19:10:00,65422.8,75170.8,65469.6,65400.9
2026-05-28 19:15:00,65600.6,75375.1,65634.3,65584.8
2026-05-28 19:20:00,65756.3,75554.0,65744.1,65762.0
2026-05-28 19:25:00,65917.6,75739.3,65895.8,65927.9
2026-05-28 19:30:00,65995.2,75828.5,66068.2,65960.9
2026-05-28 19:35:00,65963.3,75791.8,65992.5,65949.7
2026-05-28 19:40:00,65844.0,75654.8,65937.1,65800.3
2026-05-28 19:45:00,65931.3,75755.1,65965.8,65915.1
2026-05-28 19:50:00,65986.1,75818.0,66072.4,65945.7
2026-05-28 19:55:00,66024.3,75861.9,66054.1,66010.4
2026-05-28 20:00:00,66121.4,75973.5,66167.5,66099.8
2026-05-28 20:05:00,66197.7,76061.2,66242.9,66176.6
2026-05-28 20:10:00,66277.3,76152.6,66278.7,66276.6
2026-05-28 20:15:00,66381.5,76272.3,66367.3,66388.2
2026-05-28 20:20:00,66445.8,76346.2,66455.9,66441.0
2026-05-28 20:25:00,66443.7,76343.8,66516.1,66409.8
2026-05-28 20:30:00,66409.3,76304.3,66482.7,66375.0
2026-05-28 20:35:00,66412.8,76308.3,66371.4,66432.3
2026-05-28 20:40:00,66330.9,76214.2,66309.1,66341.1
2026-05-28 20:45:00,66384.8,76276.1,66428.0,66364.6
2026-05-28 20:50:00,66463.0,76366.0,66456.5,66466.1
2026-05-28 20:55:00,66545.9,76461.2,66538.3,66549.5
2026-05-28 21:00:00,66624.8,76551.9,66662.2,66607.3
2026-05-28 21:05:00,66699.0,76637.2,66672.3,66711.5
2026-05-28 21:10:00,66755.5,76702.1,66741.7,66762.0
2026-05-28 21:15:00,66774.4,76723.8,66828.1,66749.2
2026-05-28 21:20:00,66837.0,76795.7,66833.0,66838.8
2026-05-28 21:25:00,66804.3,76758.1,66802.8,66805.0
2026-05-28 21:30:00,66780.0,76730.2,66767.0,66786.2
2026-05-28 21:35:00,66763.3,76711.0,66713.4,66786.7
2026-05-28 21:40:00,66668.9,76602.6,66700.5,66654.2
2026-05-28 21:45:00,66685.6,76621.8,66653.2,66700.9
2026-05-28 21:50:00,66689.2,76625.9,66648.4,66708.3
2026-05-28 21:55:00,66685.4,76621.5,66644.0,66704.8
2026-05-28 22:00:00,66679.8,76615.1,66636.9,66699.9
2026-05-28 22:05:00,66667.1,76600.5,66620.6,66688.9
2026-05-28 22:10:00,66630.9,76558.9,66643.5,66625.0
2026-05-28 22:15:00,66599.6,76522.9,66539.1,66627.9
2026-05-28 22:20:00,66602.3,76526.0,66544.8,66629.2
2026-05-28 22:25:00,66569.1,76487.9,66513.4,66595.2
2026-05-28 22:30:00,66555.7,76472.5,66495.4,66583.9
2026-05-28 22:35:00,66438.9,76338.3,66468.2,66425.1
2026-05-28 22:40:00,66341.1,76225.9,66370.4,66327.4
2026-05-28 22:45:00,66293.3,76171.0,66328.0,66277.0
2026-05-28 22:50:00,66257.6,76130.0,66207.5,66281.0
2026-05-28 22:55:00,66243.7,76114.0,66202.4,66263.1
2026-05-28 23:00:00,66179.9,76040.7,66180.7,66179.5
2026-05-28 23:05:00,66120.4,75972.3,66053.0,66152.0
2026-05-28 23:10:00,66074.6,75919.7,66088.1,66068.3
2026-05-28 23:15:00,66040.1,75880.1,65990.9,66063.2
2026-05-28 23:20:00,65949.5,75776.0,65996.6,65927.4
2026-05-28 23:25:00,65880.6,75696.8,65858.6,65890.9
2026-05-28 23:30:00,65776.9,75577.7,65729.5,65799.1
2026-05-28 23:35:00,65494.4,75253.1,65530.7,65477.4
2026-05-28 23:40:00,65240.9,74961.8,65270.8,65226.8
2026-05-28 23:45:00,65067.3,74762.3,65126.2,65039.8
2026-05-28 23:50:00,64956.9,74635.5,64914.3,64976.9
2026-05-28 23:55:00,64760.6,74409.9,64806.1,64739.3
2026-05-29 00:00:00,64590.2,74214.1,64631.4,64570.9
2026-05-29 00:05:00,64489.8,74098.8,64443.7,64511.4
2026-05-29 00:10:00,64402.1,73998.0,64365.9,64419.1
2026-05-29 00:15:00,64280.2,73857.9,64262.3,64288.6
2026-05-29 00:20:00,64104.7,73656.3,64183.9,64067.6
2026-05-29 00:25:00,63931.6,73457.4,63965.0,63915.9
2026-05-29 00:30:00,63772.4,73274.5,63795.3,63761.6
2026-05-29 00:35:00,63599.4,73075.7,63604.0,63597.3
2026-05-29 00:40:00,63613.8,73092.3,63609.5,63615.9
2026-05-29 00:45:00,63477.5,72935.6,63456.1,63487.5
2026-05-29 00:50:00,63340.2,72777.9,63333.2,63343.5
2026-05-29 00:55:00,63274.6,72702.5,63251.7,63285.4
2026-05-29 01:00:00,63136.4,72543.7,63125.5,63141.6
2026-05-29 01:05:00,62910.0,72283.6,62875.1,62926.4
2026-05-29 01:10:00,62782.1,72136.6,62751.2,62796.6
2026-05-29 01:15:00,62686.6,72026.9,62663.5,62697.4
2026-05-29 01:20:00,62583.3,71908.2,62577.8,62585.9
2026-05-29 01:25:00,62478.2,71787.5,62455.8,62488.7
2026-05-29 01:30:00,62369.0,71662.0,62373.1,62367.0
2026-05-29 01:35:00,62363.2,71655.3,62402.6,62344.8
2026-05-29 01:40:00,62740.2,72088.5,62795.4,62714.4
2026-05-29 01:45:00,62748.5,72098.0,62740.5,62752.3
2026-05-29 01:50:00,62571.4,71894.5,62599.5,62558.2
2026-05-29 01:55:00,62310.7,71595.0,62304.0,62313.9
2026-05-29 02:00:00,62076.4,71325.8,62064.0,62082.2
2026-05-29 02:05:00,61699.1,70892.3,61684.4,61706.1
2026-05-29 02:10:00,61310.6,70445.9,61289.8,61320.4
2026-05-29 02:15:00,60896.8,69970.4,60919.2,60886.3
2026-05-29 02:20:00,60517.1,69534.1,60528.6,60511.8
2026-05-29 02:25:00,60127.6,69086.6,60183.6,60101.3
2026-05-29 02:30:00,59705.6,68601.7,59731.9,59693.3
2026-05-29 02:35:00,59075.9,67878.2,59095.5,59066.7
2026-05-29 02:40:00,58858.2,67628.1,58935.2,58822.2
2026-05-29 02:45:00,58557.8,67282.9,58517.8,58576.5
2026-05-29 02:50:00,58304.1,66991.4,58264.9,58322.4
2026-05-29 02:55:00,58076.9,66730.4,57983.8,58120.5
2026-05-29 03:00:00,57827.6,66443.9,57799.3,57840.8
2026-05-29 03:05:00,57603.4,66186.3,57523.9,57640.6
2026-05-29 03:10:00,57356.2,65902.3,57371.5,57349.0
2026-05-29 03:15:00,57135.3,65648.5,57107.6,57148.3
2026-05-29 03:20:00,56908.7,65388.1,56937.8,56895.1
2026-05-29 03:25:00,56728.6,65181.2,56750.0,56718.6
2026-05-29 03:30:00,56591.4,65023.5,56585.8,56594.0
2026-05-29 03:35:00,56524.8,64947.0,56465.6,56552.5
2026-05-29 03:40:00,56400.5,64804.2,56412.0,56395.1
2026-05-29 03:45:00,56299.2,64687.8,56303.5,56297.1
2026-05-29 03:50:00,56196.9,64570.2,56199.5,56195.7
2026-05-29 03:55:00,56147.7,64513.7,56090.7,56174.4
2026-05-29 04:00:00,56079.7,64435.6,56097.3,56071.5
2026-05-29 04:05:00,56046.3,64397.2,56003.8,56066.2
2026-05-29 04:10:00,56000.6,64344.7,56028.2,55987.6
2026-05-29 04:15:00,55927.9,64261.2,55917.4,55932.9
2026-05-29 04:20:00,55841.9,64162.3,55879.2,55824.4
2026-05-29 04:25:00,55820.5,64137.8,55771.4,55843.5
2026-05-29 04:30:00,55736.2,64040.9,55799.6,55706.5
2026-05-29 04:35:00,55708.0,64008.5,55669.4,55726.1
2026-05-29 04:40:00,55674.8,63970.3,55735.2,55646.5
2026-05-29 04:45:00,55604.9,63890.0,55590.6,55611.6
2026-05-29 04:50:00,55601.4,63886.0,55578.7,55612.1
2026-05-29 04:55:00,55585.7,63868.0,55575.6,55590.4
2026-05-29 05:00:00,55529.3,63803.2,55579.0,55506.0
2026-05-29 05:05:00,55488.7,63756.5,55455.6,55504.2
2026-05-29 05:10:00,55496.6,63765.6,55484.0,55502.5
2026-05-29 05:15:00,55464.0,63728.1,55469.4,55461.4
2026-05-29 05:20:00,55390.2,63643.3,55467.9,55353.8
2026-05-29 05:25:00,55341.5,63587.4,55345.9,55339.4
2026-05-29 05:30:00,55241.3,63472.3,55247.8,55238.3
2026-05-29 05:35:00,55159.6,63378.4,55243.6,55120.3
2026-05-29 05:40:00,55170.0,63390.3,55164.3,55172.7
2026-05-29 05:45:00,55152.6,63370.3,55141.2,55158.0
2026-05-29 05:50:00,55122.0,63335.2,55138.3,55114.4
2026-05-29 05:55:00,55069.1,63274.4,55135.8,55037.9
2026-05-29 06:00:00,55034.6,63234.8,55043.8,55030.2
2026-05-29 06:05:00,55027.2,63226.3,55034.3,55023.9
2026-05-29 06:10:00,55051.0,63253.6,55059.3,55047.1
2026-05-29 06:15:00,55055.7,63259.0,55040.4,55062.9
2026-05-29 06:20:00,55018.3,63216.0,55061.0,54998.2
2026-05-29 06:25:00,55003.0,63198.4,55015.0,54997.4
2026-05-29 06:30:00,55012.0,63208.8,55015.6,55010.4
2026-05-29 06:35:00,55088.4,63296.6,55070.2,55096.9
2026-05-29 06:40:00,55144.0,63360.5,55138.1,55146.8
2026-05-29 06:45:00,55204.1,63429.5,55196.1,55207.8
2026-05-29 06:50:00,55220.1,63447.9,55189.0,55234.6
2026-05-29 06:55:00,55219.2,63446.9,55191.9,55232.0
2026-05-29 07:00:00,55224.8,63453.3,55197.1,55237.8
2026-05-29 07:05:00,55219.4,63447.1,55186.8,55234.7
2026-05-29 07:10:00,55258.7,63492.2,55227.6,55273.2
2026-05-29 07:15:00,55336.5,63581.6,55348.6,55330.8
2026-05-29 07:20:00,55382.2,63634.1,55346.8,55398.7
2026-05-29 07:25:00,55473.6,63739.2,55437.4,55490.5
2026-05-29 07:30:00,55505.2,63775.5,55548.7,55484.9
2026-05-29 07:35:00,55604.8,63889.9,55637.0,55589.7
2026-05-29 07:40:00,55773.9,64084.2,55807.8,55758.1
2026-05-29 07:45:00,55815.1,64131.5,55847.7,55799.8
2026-05-29 07:50:00,55876.3,64201.9,55943.8,55844.6
2026-05-29 07:55:00,55943.2,64278.7,55937.8,55945.8
2026-05-29 08:00:00,56033.3,64382.3,56063.7,56019.1
2026-05-29 08:05:00,56109.9,64470.3,56162.2,56085.4
2026-05-29 08:10:00,56251.8,64633.3,56220.5,56266.5
2026-05-29 08:15:00,56329.6,64722.7,56378.4,56306.7
2026-05-29 08:20:00,56410.5,64815.7,56375.3,56427.1
2026-05-29 08:25:00,56532.1,64955.4,56480.2,56556.4
2026-05-29 08:30:00,56608.9,65043.6,56603.7,56611.4
2026-05-29 08:35:00,56820.1,65286.3,56821.6,56819.4
2026-05-29 08:40:00,57193.4,65715.2,57196.9,57191.8
2026-05-29 08:45:00,57377.4,65926.6,57376.1,57378.0
2026-05-29 08:50:00,57591.2,66172.3,57548.0,57611.4
2026-05-29 08:55:00,57695.8,66292.5,57746.6,57672.0
2026-05-29 09:00:00,57815.6,66430.1,57857.9,57795.8
2026-05-29 09:05:00,57972.0,66609.8,57928.0,57992.6
2026-05-29 09:10:00,58146.1,66809.9,58162.1,58138.6
2026-05-29 09:15:00,58280.7,66964.5,58308.0,58267.9
2026-05-29 09:20:00,58417.2,67121.4,58384.7,58432.4
2026-05-29 09:25:00,58533.1,67254.5,58550.9,58524.8
2026-05-29 09:30:00,58735.3,67486.9,58701.1,58751.3
2026-05-29 09:35:00,58977.3,67764.9,59010.5,58961.8
2026-05-29 09:40:00,59412.3,68264.7,59397.2,59419.4
2026-05-29 09:45:00,59664.6,68554.6,59611.8,59689.4
2026-05-29 09:50:00,59830.0,68744.7,59848.8,59821.2
2026-05-29 09:55:00,59937.6,68868.3,59994.1,59911.1
2026-05-29 10:00:00,60069.7,69020.1,60096.2,60057.3
2026-05-29 10:05:00,60160.9,69124.9,60119.5,60180.3
2026-05-29 10:10:00,60297.0,69281.3,60287.8,60301.3
2026-05-29 10:15:00,60362.4,69356.4,60405.8,60342.0
2026-05-29 10:20:00,60431.1,69435.3,60414.8,60438.7
2026-05-29 10:25:00,60467.2,69476.8,60517.2,60443.8
2026-05-29 10:30:00,60552.6,69574.9,60504.7,60575.1
2026-05-29 10:35:00,60830.1,69893.8,60789.0,60849.3
2026-05-29 10:40:00,61261.0,70388.9,61208.0,61285.8
2026-05-29 10:45:00,61542.9,70712.8,61520.3,61553.5
2026-05-29 10:50:00,61764.7,70967.6,61806.6,61745.1
2026-05-29 10:55:00,61919.9,71146.0,61897.5,61930.3
2026-05-29 11:00:00,62152.2,71412.9,62128.2,62163.5
2026-05-29 11:05:00,62287.7,71568.6,62296.5,62283.5
2026-05-29 11:10:00,62466.1,71773.5,62445.9,62475.5
2026-05-29 11:15:00,62476.6,71785.6,62507.8,62462.0
2026-05-29 11:20:00,62547.5,71867.1,62556.7,62543.3
2026-05-29 11:25:00,62527.7,71844.3,62549.3,62517.6
2026-05-29 11:30:00,62502.2,71815.0,62520.4,62493.6
2026-05-29 11:35:00,62381.0,71675.8,62398.8,62372.6
2026-05-29 11:40:00,62425.4,71726.8,62397.9,62438.3
2026-05-29 11:45:00,62497.4,71809.5,62508.4,62492.2
2026-05-29 11:50:00,62557.4,71878.5,62603.9,62535.6
2026-05-29 11:55:00,62521.7,71837.4,62536.8,62514.7
2026-05-29 12:00:00,62518.6,71833.9,62522.0,62517.0
2026-05-29 12:05:00,62438.8,71742.2,62446.8,62435.1
2026-05-29 12:10:00,62334.4,71622.2,62353.0,62325.7
2026-05-29 12:15:00,62186.6,71452.4,62218.7,62171.6
2026-05-29 12:20:00,62056.3,71302.7,62064.2,62052.6
2026-05-29 12:25:00,61937.1,71165.7,61946.3,61932.8
2026-05-29 12:30:00,61854.4,71070.7,61852.9,61855.1
2026-05-29 12:35:00,61660.3,70847.7,61695.3,61644.0
2026-05-29 12:40:00,61706.3,70900.5,61737.8,61691.6
2026-05-29 12:45:00,61728.8,70926.4,61731.8,61727.4
2026-05-29 12:50:00,61846.2,71061.3,61932.8,61805.6
2026-05-29 12:55:00,61852.9,71069.0,61860.2,61849.5
2026-05-29 13:00:00,61831.5,71044.4,61858.6,61818.8
2026-05-29 13:05:00,61722.6,70919.3,61744.7,61712.3
2026-05-29 13:10:00,61669.4,70858.1,61687.9,61660.7
2026-05-29 13:15:00,61591.6,70768.7,61573.7,61600.0
2026-05-29 13:20:00,61470.0,70629.0,61489.8,61460.7
2026-05-29 13:25:00,61380.6,70526.3,61403.5,61369.9
2026-05-29 13:30:00,61271.9,70401.4,61317.7,61250.5
2026-05-29 13:35:00,61161.3,70274.3,61171.9,61156.4
2026-05-29 13:40:00,61023.1,70115.5,61097.0,60988.5
2026-05-29 13:45:00,60882.7,69954.2,60896.1,60876.5
2026-05-29 13:50:00,60712.2,69758.3,60778.4,60681.1
2026-05-29 13:55:00,60489.2,69502.1,60528.2,60470.9
2026-05-29 14:00:00,60307.5,69293.3,60346.1,60289.4
2026-05-29 14:05:00,60079.1,69030.9,60065.1,60085.7
2026-05-29 14:10:00,59920.6,68848.8,59830.5,59962.8
2026-05-29 14:15:00,59680.8,68573.2,59705.8,59669.1
2026-05-29 14:20:00,59407.0,68258.6,59443.3,59390.0
2026-05-29 14:25:00,59145.1,67957.7,59093.0,59169.6
2026-05-29 14:30:00,58743.2,67495.9,58709.2,58759.1
2026-05-29 14:35:00,58299.0,66985.6,58290.4,58303.0
2026-05-29 14:40:00,58276.9,66960.2,58212.9,58306.9
2026-05-29 14:45:00,58211.2,66884.7,58171.4,58229.8
2026-05-29 14:50:00,58134.1,66796.1,58092.9,58153.5
2026-05-29 14:55:00,58013.1,66657.1,58102.1,57971.3
2026-05-29 15:00:00,57908.8,66537.2,57945.6,57891.6
2026-05-29 15:05:00,57719.4,66319.6,57800.3,57681.4
2026-05-29 15:10:00,57651.8,66241.9,57682.3,57637.5
2026-05-29 15:15:00,57693.4,66289.7,57633.0,57721.8
2026-05-29 15:20:00,57776.8,66385.5,57805.7,57763.3
2026-05-29 15:25:00,57910.8,66539.5,57928.2,57902.6
2026-05-29 15:30:00,58145.4,66809.1,58120.1,58157.2
2026-05-29 15:35:00,58427.3,67133.0,58500.3,58393.1
2026-05-29 15:40:00,58651.0,67390.0,58745.8,58606.6
2026-05-29 15:45:00,58883.7,67657.4,58872.7,58888.8
2026-05-29 15:50:00,59072.7,67874.5,59100.4,59059.7
2026-05-29 15:55:00,59221.4,68045.4,59240.8,59212.3
2026-05-29 16:00:00,59439.4,68295.9,59377.4,59468.5
2026-05-29 16:05:00,59633.0,68518.3,59689.8,59606.5
2026-05-29 16:10:00,59844.6,68761.4,59877.0,59829.3
2026-05-29 16:15:00,60029.3,68973.7,60026.1,60030.8
2026-05-29 16:20:00,60170.0,69135.3,60205.0,60153.6
2026-05-29 16:25:00,60256.7,69234.9,60263.7,60253.5
2026-05-29 16:30:00,60385.9,69383.4,60385.4,60386.2
2026-05-29 16:35:00,60513.8,69530.4,60533.8,60504.4
2026-05-29 16:40:00,60591.6,69619.7,60634.0,60571.7
2026-05-29 16:45:00,60785.1,69842.1,60755.5,60798.9
2026-05-29 16:50:00,60941.8,70022.1,60952.5,60936.8
2026-05-29 16:55:00,61104.3,70208.8,61024.0,61142.0
2026-05-29 17:00:00,61198.0,70316.5,61208.4,61193.1
2026-05-29 17:05:00,61256.3,70383.5,61282.6,61244.0
2026-05-29 17:10:00,61327.8,70465.6,61389.6,61298.8
2026-05-29 17:15:00,61356.9,70499.1,61378.7,61346.8
2026-05-29 17:20:00,61442.9,70597.9,61489.7,61421.0
2026-05-29 17:25:00,61547.4,70718.0,61568.3,61537.6
2026-05-29 17:30:00,61617.1,70798.0,61652.6,61600.5
2026-05-29 17:35:00,61625.4,70807.6,61649.3,61614.2
2026-05-29 17:40:00,61663.0,70850.8,61745.1,61624.6
2026-05-29 17:45:00,61751.4,70952.4,61796.4,61730.3
2026-05-29 17:50:00,61896.0,71118.5,61957.5,61867.2
2026-05-29 17:55:00,62020.8,71261.9,62019.8,62021.3
2026-05-29 18:00:00,62228.5,71500.5,62231.5,62227.0
2026-05-29 18:05:00,62372.4,71665.9,62421.4,62349.4
2026-05-29 18:10:00,62472.1,71780.4,62494.9,62461.3
2026-05-29 18:15:00,62564.9,71887.1,62587.5,62554.3
2026-05-29 18:20:00,62648.7,71983.4,62691.2,62628.8
2026-05-29 18:25:00,62794.1,72150.4,62770.6,62805.2
2026-05-29 18:30:00,62963.8,72345.4,62956.6,62967.2
2026-05-29 18:35:00,63089.3,72489.6,63069.1,63098.8
2026-05-29 18:40:00,63094.9,72496.0,63158.3,63065.1
2026-05-29 18:45:00,63211.4,72629.9,63254.1,63191.3
2026-05-29 18:50:00,63332.2,72768.7,63374.2,63312.5
2026-05-29 18:55:00,63426.4,72876.9,63432.5,63423.6
2026-05-29 19:00:00,63580.0,73053.4,63626.6,63558.2
2026-05-29 19:05:00,63661.8,73147.4,63704.8,63641.6
2026-05-29 19:10:00,63780.2,73283.4,63825.4,63759.0
2026-05-29 19:15:00,63902.3,73423.7,63890.7,63907.8
2026-05-29 19:20:00,64043.8,73586.3,64070.5,64031.2
2026-05-29 19:25:00,64139.5,73696.3,64111.1,64152.8
2026-05-29 19:30:00,64272.0,73848.5,64229.1,64292.0
2026-05-29 19:35:00,64288.4,73867.4,64358.9,64255.3
2026-05-29 19:40:00,64201.7,73767.8,64324.2,64144.4
2026-05-29 19:45:00,64298.0,73878.4,64330.4,64282.8
2026-05-29 19:50:00,64417.4,74015.6,64417.7,64417.2
2026-05-29 19:55:00,64501.1,74111.8,64503.8,64499.9
2026-05-29 20:00:00,64618.0,74246.1,64612.9,64620.3
2026-05-29 20:05:00,64705.4,74346.5,64706.9,64704.7
2026-05-29 20:10:00,64828.2,74487.6,64824.2,64830.1
2026-05-29 20:15:00,64928.0,74602.3,64882.6,64949.2
2026-05-29 20:20:00,64968.5,74648.8,64957.5,64973.6
2026-05-29 20:25:00,65037.4,74728.0,65046.3,65033.3
2026-05-29 20:30:00,65046.0,74737.9,65021.7,65057.4
2026-05-29 20:35:00,65084.3,74781.9,65117.5,65068.8
2026-05-29 20:40:00,65055.6,74748.9,65058.9,65054.1
2026-05-29 20:45:00,65076.4,74772.8,65152.2,65041.0
2026-05-29 20:50:00,65144.4,74850.9,65178.7,65128.4
2026-05-29 20:55:00,65169.3,74879.5,65251.2,65130.9
2026-05-29 21:00:00,65216.3,74933.5,65254.8,65198.2
2026-05-29 21:05:00,65253.6,74976.4,65257.6,65251.8
2026-05-29 21:10:00,65278.4,75004.9,65358.6,65240.8
2026-05-29 21:15:00,65319.3,75051.9,65320.1,65318.9
2026-05-29 21:20:00,65322.3,75055.3,65326.9,65320.1
2026-05-29 21:25:00,65283.7,75011.0,65288.3,65281.6
2026-05-29 21:30:00,65265.0,74989.5,65261.8,65266.5
2026-05-29 21:35:00,65263.0,74987.2,65228.2,65279.3
2026-05-29 21:40:00,65223.4,74941.7,65218.0,65225.9
2026-05-29 21:45:00,65162.7,74871.9,65151.0,65168.1
2026-05-29 21:50:00,65164.0,74873.4,65133.6,65178.2
2026-05-29 21:55:00,65161.9,74871.0,65132.8,65175.5
2026-05-29 22:00:00,65159.2,74867.9,65127.3,65174.2
2026-05-29 22:05:00,65103.6,74804.0,65125.7,65093.2
2026-05-29 22:10:00,65083.7,74781.2,65063.3,65093.3
2026-05-29 22:15:00,65081.5,74778.6,65055.0,65094.0
2026-05-29 22:20:00,65084.2,74781.7,65060.7,65095.2
2026-05-29 22:25:00,65048.9,74741.2,65030.3,65057.6
2026-05-29 22:30:00,64976.0,74657.4,65017.6,64956.6
2026-05-29 22:35:00,64851.9,74514.8,64865.5,64845.5
2026-05-29 22:40:00,64725.3,74369.4,64793.8,64693.3
2026-05-29 22:45:00,64630.7,74260.7,64637.5,64627.6
2026-05-29 22:50:00,64539.4,74155.8,64515.3,64550.7
2026-05-29 22:55:00,64431.7,74032.0,64407.0,64443.3
2026-05-29 23:00:00,64324.3,73908.6,64297.3,64337.0
2026-05-29 23:05:00,64197.7,73763.2,64175.5,64208.2
2026-05-29 23:10:00,64120.2,73674.1,64096.1,64131.5
2026-05-29 23:15:00,64035.3,73576.6,63997.4,64053.1
2026-05-29 23:20:00,63972.1,73503.9,63911.8,64000.3
2026-05-29 23:25:00,63861.7,73377.1,63824.5,63879.1
2026-05-29 23:30:00,63756.5,73256.2,63752.4,63758.4
2026-05-29 23:35:00,63563.9,73034.9,63542.3,63574.1
2026-05-29 23:40:00,63384.0,72828.2,63439.0,63358.2
2026-05-29 23:45:00,63275.7,72703.8,63311.4,63258.9
2026-05-29 23:50:00,63166.1,72577.8,63166.0,63166.2
2026-05-29 23:55:00,63085.5,72485.2,63075.2,63090.3
2026-05-30 00:00:00,62966.9,72349.0,62974.8,62963.2
2026-05-30 00:05:00,62870.5,72238.2,62857.4,62876.6
2026-05-30 00:10:00,62775.0,72128.5,62781.4,62772.0
2026-05-30 00:15:00,62692.5,72033.7,62677.9,62699.3
2026-05-30 00:20:00,62577.7,71901.8,62577.0,62578.0
2026-05-30 00:25:00,62458.0,71764.2,62469.1,62452.8
2026-05-30 00:30:00,62296.8,71579.0,62299.0,62295.7
2026-05-30 00:35:00,62200.9,71468.8,62230.6,62186.9
2026-05-30 00:40:00,62342.1,71631.1,62323.1,62351.0
2026-05-30 00:45:00,62257.1,71533.4,62208.1,62280.1
2026-05-30 00:50:00,62126.0,71382.8,62089.3,62143.2
2026-05-30 00:55:00,61983.8,71219.4,61975.8,61987.5
2026-05-30 01:00:00,61778.4,70983.4,61767.2,61783.6
2026-05-30 01:05:00,61551.4,70722.6,61569.4,61543.0
2026-05-30 01:10:00,61352.8,70494.4,61368.9,61345.2
2026-05-30 01:15:00,61153.4,70265.3,61201.0,61131.2
2026-05-30 01:20:00,60971.2,70055.9,61005.2,60955.2
2026-05-30 01:25:00,60835.2,69899.6,60831.4,60837.0
2026-05-30 01:30:00,60707.7,69753.1,60666.6,60726.9
2026-05-30 01:35:00,60766.1,69820.2,60738.4,60779.0
2026-05-30 01:40:00,61172.4,70287.1,61156.7,61179.8
2026-05-30 01:45:00,61209.4,70329.6,61181.9,61222.3
2026-05-30 01:50:00,61045.4,70141.2,61041.5,61047.2
2026-05-30 01:55:00,60887.4,69959.6,60864.0,60898.3
2026-05-30 02:00:00,60671.4,69711.4,60663.0,60675.3
2026-05-30 02:05:00,60396.0,69395.0,60414.9,60387.1
2026-05-30 02:10:00,60150.8,69113.3,60150.6,60150.8
2026-05-30 02:15:00,59861.6,68781.0,59872.9,59856.3
2026-05-30 02:20:00,59572.5,68448.8,59553.2,59581.5
2026-05-30 02:25:00,59253.6,68082.4,59304.0,59230.0
2026-05-30 02:30:00,58923.2,67702.8,58976.9,58898.0
2026-05-30 02:35:00,58470.2,67182.3,58517.9,58447.9
2026-05-30 02:40:00,58284.2,66968.5,58251.2,58299.6
2026-05-30 02:45:00,58038.2,66685.9,57965.3,58072.4
2026-05-30 02:50:00,57732.2,66334.3,57678.2,57757.5
2026-05-30 02:55:00,57440.1,65998.7,57362.4,57476.5
2026-05-30 03:00:00,57132.2,65644.9,57097.5,57148.5
2026-05-30 03:05:00,56844.4,65314.2,56878.4,56828.5
2026-05-30 03:10:00,56610.9,65045.9,56640.7,56596.9
2026-05-30 03:15:00,56439.2,64848.6,56389.8,56462.4
2026-05-30 03:20:00,56249.8,64631.0,56203.4,56271.6
2026-05-30 03:25:00,56032.0,64380.8,56102.4,55999.0
2026-05-30 03:30:00,55796.6,64110.3,55847.9,55772.6
2026-05-30 03:35:00,55621.0,63908.5,55686.6,55590.2
2026-05-30 03:40:00,55518.2,63790.4,55499.8,55526.8
2026-05-30 03:45:00,55413.4,63670.0,55386.4,55426.1
2026-05-30 03:50:00,55281.7,63518.7,55262.3,55290.7
2026-05-30 03:55:00,55133.6,63348.5,55133.2,55133.7
2026-05-30 04:00:00,55033.8,63233.8,55009.3,55045.3
2026-05-30 04:05:00,54903.4,63084.0,54924.1,54893.7
2026-05-30 04:10:00,54805.4,62971.4,54819.4,54798.9
2026-05-30 04:15:00,54678.6,62825.7,54685.3,54675.4
2026-05-30 04:20:00,54511.0,62633.1,54525.7,54504.2
2026-05-30 04:25:00,54402.5,62508.5,54422.2,54393.3
2026-05-30 04:30:00,54239.5,62321.2,54238.4,54240.0
2026-05-30 04:35:00,54207.4,62284.3,54148.3,54235.0
2026-05-30 04:40:00,54196.5,62271.8,54184.4,54202.1
2026-05-30 04:45:00,54179.9,62252.7,54163.2,54187.8
2026-05-30 04:50:00,54110.8,62173.3,54167.3,54084.3
2026-05-30 04:55:00,54037.9,62089.5,54015.5,54048.4
2026-05-30 05:00:00,54037.2,62088.7,54014.7,54047.8
2026-05-30 05:05:00,54026.7,62076.7,54014.9,54032.2
2026-05-30 05:10:00,53940.6,61977.7,54029.8,53898.9
2026-05-30 05:15:00,53880.2,61908.3,53872.9,53883.7
2026-05-30 05:20:00,53859.9,61885.0,53861.9,53859.0
2026-05-30 05:25:00,53773.8,61786.1,53863.9,53731.6
2026-05-30 05:30:00,53700.6,61702.0,53712.2,53695.2
2026-05-30 05:35:00,53611.7,61599.8,53697.8,53571.3
2026-05-30 05:40:00,53597.6,61583.6,53583.9,53604.1
2026-05-30 05:45:00,53588.3,61573.0,53574.0,53595.0
2026-05-30 05:50:00,53590.9,61575.9,53578.6,53596.7
2026-05-30 05:55:00,53586.9,61571.3,53574.7,53592.6
2026-05-30 06:00:00,53590.7,61575.7,53578.2,53596.6
2026-05-30 06:05:00,53558.6,61538.8,53575.0,53551.0
2026-05-30 06:10:00,53572.1,61554.3,53577.0,53569.8
2026-05-30 06:15:00,53574.0,61556.5,53562.4,53579.4
2026-05-30 06:20:00,53575.4,61558.1,53566.7,53579.5
2026-05-30 06:25:00,53573.9,61556.4,53563.8,53578.6
2026-05-30 06:30:00,53593.1,61578.5,53563.6,53606.9
2026-05-30 06:35:00,53613.2,61601.6,53592.4,53622.9
2026-05-30 06:40:00,53642.8,61635.6,53622.9,53652.1
2026-05-30 06:45:00,53630.4,61621.3,53601.2,53644.1
2026-05-30 06:50:00,53631.5,61622.6,53595.3,53648.4
2026-05-30 06:55:00,53628.0,61618.6,53590.0,53645.7
2026-05-30 07:00:00,53633.2,61624.5,53594.8,53651.2
2026-05-30 07:05:00,53628.0,61618.6,53591.7,53645.0
2026-05-30 07:10:00,53650.4,61644.3,53611.1,53668.7
2026-05-30 07:15:00,53628.8,61619.5,53589.7,53647.1
2026-05-30 07:20:00,53627.5,61618.0,53589.0,53645.5
2026-05-30 07:25:00,53620.8,61610.3,53585.4,53637.3
2026-05-30 07:30:00,53616.7,61605.6,53584.4,53631.8
2026-05-30 07:35:00,53626.7,61617.1,53623.4,53628.2
2026-05-30 07:40:00,53675.2,61672.8,53652.0,53686.1
2026-05-30 07:45:00,53644.8,61637.9,53631.5,53651.0
2026-05-30 07:50:00,53642.3,61635.0,53619.1,53653.1
2026-05-30 07:55:00,53639.4,61631.7,53612.0,53652.3
2026-05-30 08:00:00,53639.8,61632.1,53613.8,53652.0
2026-05-30 08:05:00,53637.5,61629.5,53614.7,53648.2
2026-05-30 08:10:00,53673.4,61670.7,53642.9,53687.7
2026-05-30 08:15:00,53640.3,61632.7,53613.0,53653.1
2026-05-30 08:20:00,53639.8,61632.1,53610.8,53653.4
2026-05-30 08:25:00,53634.4,61625.9,53609.0,53646.3
2026-05-30 08:30:00,53629.0,61619.7,53606.4,53639.6
2026-05-30 08:35:00,53650.6,61644.5,53646.0,53652.7
2026-05-30 08:40:00,53743.4,61751.2,53699.0,53764.2
2026-05-30 08:45:00,53780.5,61793.8,53777.1,53782.1
2026-05-30 08:50:00,53770.7,61782.5,53766.0,53772.8
2026-05-30 08:55:00,53752.3,61761.4,53751.1,53752.9
2026-05-30 09:00:00,53753.4,61762.7,53755.2,53752.6
2026-05-30 09:05:00,53741.6,61749.1,53748.1,53738.6
2026-05-30 09:10:00,53760.8,61771.2,53771.1,53755.9
2026-05-30 09:15:00,53722.9,61727.6,53742.2,53713.9
2026-05-30 09:20:00,53724.5,61729.5,53746.3,53714.2
2026-05-30 09:25:00,53731.3,61737.3,53790.3,53703.7
2026-05-30 09:30:00,53725.1,61730.1,53786.7,53696.3
2026-05-30 09:35:00,53748.6,61757.1,53806.6,53721.5
2026-05-30 09:40:00,53871.5,61898.4,53849.6,53881.8
2026-05-30 09:45:00,53844.7,61867.6,53933.2,53803.2
2026-05-30 09:50:00,53795.1,61810.6,53792.8,53796.1
2026-05-30 09:55:00,53751.9,61760.9,53746.8,53754.2
2026-05-30 10:00:00,53743.4,61751.2,53735.2,53747.3
2026-05-30 10:05:00,53703.1,61704.9,53690.2,53709.2
2026-05-30 10:10:00,53670.9,61667.9,53737.4,53639.7
2026-05-30 10:15:00,53577.0,61560.0,53564.5,53582.8
2026-05-30 10:20:00,53517.7,61491.8,53559.9,53498.0
2026-05-30 10:25:00,53368.6,61320.5,53402.2,53352.9
2026-05-30 10:30:00,53335.0,61281.9,53343.2,53331.2
2026-05-30 10:35:00,53286.3,61226.0,53254.5,53301.2
2026-05-30 10:40:00,53368.4,61320.3,53315.2,53393.2
2026-05-30 10:45:00,53486.8,61456.3,53463.8,53497.6
2026-05-30 10:50:00,53492.4,61462.8,53484.5,53496.1
2026-05-30 10:55:00,53469.7,61436.7,53433.9,53486.4
2026-05-30 11:00:00,53477.0,61445.1,53448.4,53490.4
2026-05-30 11:05:00,53438.3,61400.6,53399.3,53456.5
2026-05-30 11:10:00,53455.4,61420.3,53421.0,53471.6
2026-05-30 11:15:00,53389.7,61344.8,53369.1,53399.3
2026-05-30 11:20:00,53427.4,61388.1,53384.7,53447.4
2026-05-30 11:25:00,53417.3,61376.5,53352.7,53447.6
2026-05-30 11:30:00,53398.6,61355.0,53348.0,53422.3
2026-05-30 11:35:00,53412.6,61371.1,53331.5,53450.6
2026-05-30 11:40:00,53484.6,61453.8,53395.3,53526.5
2026-05-30 11:45:00,53493.9,61464.5,53438.3,53519.9
2026-05-30 11:50:00,53507.5,61480.1,53466.1,53527.0
2026-05-30 11:55:00,53487.7,61457.4,53417.8,53520.4
2026-05-30 12:00:00,53490.4,61460.5,53422.7,53522.2
2026-05-30 12:05:00,53450.7,61414.9,53385.8,53481.1
2026-05-30 12:10:00,53470.9,61438.1,53404.3,53502.1
2026-05-30 12:15:00,53433.6,61395.2,53376.0,53460.6
2026-05-30 12:20:00,53436.9,61399.0,53386.1,53460.7
2026-05-30 12:25:00,53427.4,61388.1,53373.3,53452.8
2026-05-30 12:30:00,53416.0,61375.0,53365.1,53439.9
2026-05-30 12:35:00,53397.3,61353.5,53353.5,53417.8
2026-05-30 12:40:00,53527.6,61503.2,53473.6,53552.9
2026-05-30 12:45:00,53535.2,61511.9,53489.5,53556.7
2026-05-30 12:50:00,53634.3,61625.8,53744.7,53582.6
2026-05-30 12:55:00,53678.4,61676.5,53647.4,53693.0
2026-05-30 13:00:00,53664.2,61660.2,53646.9,53672.3
2026-05-30 13:05:00,53596.4,61582.3,53559.2,53613.9
2026-05-30 13:10:00,53614.1,61602.6,53582.4,53628.9
2026-05-30 13:15:00,53586.4,61570.8,53559.2,53599.1
2026-05-30 13:20:00,53589.4,61574.2,53568.4,53599.2
2026-05-30 13:25:00,53579.2,61562.5,53553.3,53591.3
2026-05-30 13:30:00,53569.6,61551.5,53544.3,53581.4
2026-05-30 13:35:00,53547.2,61525.7,53518.9,53560.5
2026-05-30 13:40:00,53484.6,61453.8,53550.6,53453.7
2026-05-30 13:45:00,53431.6,61392.9,53380.2,53455.6
2026-05-30 13:50:00,53403.9,61361.1,53389.0,53410.9
2026-05-30 13:55:00,53390.8,61346.0,53364.3,53403.3
2026-05-30 14:00:00,53402.0,61358.9,53371.6,53416.2
2026-05-30 14:05:00,53374.2,61327.0,53345.1,53387.9
2026-05-30 14:10:00,53391.7,61347.1,53367.3,53403.2
2026-05-30 14:15:00,53354.7,61304.6,53335.9,53363.6
2026-05-30 14:20:00,53253.8,61188.6,53335.5,53215.5
2026-05-30 14:25:00,53147.6,61066.6,53088.6,53175.3
2026-05-30 14:30:00,52930.0,60816.6,52884.9,52951.1
2026-05-30 14:35:00,52763.0,60624.7,52692.4,52796.1
2026-05-30 14:40:00,52759.2,60620.3,52699.5,52787.1
2026-05-30 14:45:00,52763.1,60624.8,52712.5,52786.8
2026-05-30 14:50:00,52704.1,60557.0,52699.4,52706.3
2026-05-30 14:55:00,52709.7,60563.4,52707.3,52710.7
2026-05-30 15:00:00,52712.0,60566.1,52706.3,52714.7
2026-05-30 15:05:00,52675.1,60523.7,52667.1,52678.8
2026-05-30 15:10:00,52709.0,60562.6,52711.6,52707.8
2026-05-30 15:15:00,52750.2,60610.0,52739.9,52755.0
2026-05-30 15:20:00,52745.8,60604.9,52739.7,52748.6
2026-05-30 15:25:00,52759.6,60620.8,52745.8,52766.0
2026-05-30 15:30:00,52780.5,60644.8,52747.3,52796.1
2026-05-30 15:35:00,52832.1,60704.1,52861.9,52818.1
2026-05-30 15:40:00,52950.2,60839.8,53021.9,52916.6
2026-05-30 15:45:00,53002.0,60899.3,53008.0,52999.1
2026-05-30 15:50:00,53042.8,60946.2,53176.3,52980.2
2026-05-30 15:55:00,53119.6,61034.4,53147.6,53106.5
2026-05-30 16:00:00,53146.5,61065.3,53175.0,53133.2
2026-05-30 16:05:00,53144.0,61062.5,53171.1,53131.3
2026-05-30 16:10:00,53157.4,61077.9,53186.0,53144.0
2026-05-30 16:15:00,53128.5,61044.6,53148.2,53119.2
2026-05-30 16:20:00,53119.9,61034.8,53142.8,53109.2
2026-05-30 16:25:00,53092.7,61003.5,53112.7,53083.4
2026-05-30 16:30:00,53087.0,60997.0,53114.6,53074.0
2026-05-30 16:35:00,53119.6,61034.4,53113.8,53122.3
2026-05-30 16:40:00,53106.0,61018.8,53102.2,53107.8
2026-05-30 16:45:00,53121.9,61037.1,53122.2,53121.8
2026-05-30 16:50:00,53119.3,61034.1,53142.2,53108.5
2026-05-30 16:55:00,53113.3,61027.2,53132.9,53104.1
2026-05-30 17:00:00,53124.9,61040.5,53144.7,53115.6
2026-05-30 17:05:00,53113.2,61027.1,53136.3,53102.4
2026-05-30 17:10:00,53118.0,61032.6,53138.0,53108.7
2026-05-30 17:15:00,53117.0,61031.4,53141.5,53105.5
2026-05-30 17:20:00,53119.6,61034.4,53151.2,53104.8
2026-05-30 17:25:00,53111.2,61024.8,53131.9,53101.6
2026-05-30 17:30:00,53103.4,61015.8,53124.1,53093.7
2026-05-30 17:35:00,53100.5,61012.5,53117.2,53092.7
2026-05-30 17:40:00,53115.1,61029.2,53119.0,53113.3
2026-05-30 17:45:00,53165.4,61087.0,53180.9,53158.2
2026-05-30 17:50:00,53191.0,61116.5,53227.9,53173.6
2026-05-30 17:55:00,53338.6,61286.1,53367.1,53325.3
2026-05-30 18:00:00,53356.5,61306.6,53397.6,53337.3
2026-05-30 18:05:00,53398.9,61355.3,53566.7,53320.3
2026-05-30 18:10:00,53510.5,61483.6,53572.1,53481.7
2026-05-30 18:15:00,53576.0,61558.8,53583.2,53572.7
2026-05-30 18:20:00,53738.7,61745.8,53760.3,53728.6
2026-05-30 18:25:00,53873.8,61901.0,53912.7,53855.6
2026-05-30 18:30:00,53919.7,61953.7,54075.4,53846.7
2026-05-30 18:35:00,54057.3,62111.8,54017.9,54075.7
2026-05-30 18:40:00,54132.7,62198.5,54136.6,54130.9
2026-05-30 18:45:00,54187.4,62261.3,54203.0,54180.0
2026-05-30 18:50:00,54239.2,62320.8,54361.6,54181.9
2026-05-30 18:55:00,54420.5,62529.2,54394.1,54432.8
2026-05-30 19:00:00,54568.3,62699.0,54532.6,54585.1
2026-05-30 19:05:00,54635.1,62775.7,54667.1,54620.0
2026-05-30 19:10:00,54826.2,62995.3,54819.5,54829.4
2026-05-30 19:15:00,54941.2,63127.4,54923.6,54949.4
2026-05-30 19:20:00,55048.6,63250.8,55051.4,55047.3
2026-05-30 19:25:00,55170.5,63390.9,55147.8,55181.2
2026-05-30 19:30:00,55268.6,63503.6,55262.8,55271.3
2026-05-30 19:35:00,55350.9,63598.2,55371.1,55341.5
2026-05-30 19:40:00,55353.3,63600.9,55428.9,55317.9
2026-05-30 19:45:00,55466.7,63731.2,55533.2,55435.5
2026-05-30 19:50:00,55614.3,63900.8,55665.7,55590.1
2026-05-30 19:55:00,55760.9,64069.3,55728.6,55776.1
2026-05-30 20:00:00,55915.1,64246.4,55896.4,55923.9
2026-05-30 20:05:00,56052.0,64403.7,56116.2,56021.9
2026-05-30 20:10:00,56154.5,64521.5,56184.0,56140.6
2026-05-30 20:15:00,56253.0,64634.7,56311.8,56225.5
2026-05-30 20:20:00,56346.1,64741.7,56409.6,56316.3
2026-05-30 20:25:00,56413.3,64818.9,56463.2,56389.9
2026-05-30 20:30:00,56468.1,64881.8,56472.1,56466.3
2026-05-30 20:35:00,56546.3,64971.7,56586.1,56527.6
2026-05-30 20:40:00,56617.9,65054.0,56643.2,56606.0
2026-05-30 20:45:00,56729.6,65182.3,56705.0,56741.1
2026-05-30 20:50:00,56834.1,65302.4,56887.2,56809.2
2026-05-30 20:55:00,56925.7,65407.6,56956.2,56911.4
2026-05-30 21:00:00,57065.8,65568.6,57087.6,57055.6
2026-05-30 21:05:00,57201.6,65724.6,57202.6,57201.2
2026-05-30 21:10:00,57306.6,65845.3,57351.7,57285.5
2026-05-30 21:15:00,57374.1,65922.8,57413.0,57355.8
2026-05-30 21:20:00,57459.0,66020.4,57419.6,57477.4
2026-05-30 21:25:00,57515.2,66085.0,57482.7,57530.4
2026-05-30 21:30:00,57543.8,66117.8,57582.9,57525.5
2026-05-30 21:35:00,57625.2,66211.4,57571.6,57650.3
2026-05-30 21:40:00,57628.7,66215.4,57649.4,57618.9
2026-05-30 21:45:00,57699.4,66296.6,57683.9,57706.7
2026-05-30 21:50:00,57723.7,66324.5,57756.1,57708.5
2026-05-30 21:55:00,57771.2,66379.1,57757.1,57777.8
2026-05-30 22:00:00,57823.3,66439.0,57846.4,57812.4
2026-05-30 22:05:00,57885.5,66510.4,57842.4,57905.7
2026-05-30 22:10:00,57913.2,66542.3,57963.4,57889.6
2026-05-30 22:15:00,57993.4,66634.4,57954.9,58011.4
2026-05-30 22:20:00,58017.3,66661.9,58050.7,58001.7
2026-05-30 22:25:00,58034.3,66681.4,58013.4,58044.1
2026-05-30 22:30:00,58020.9,66666.0,58012.6,58024.7
2026-05-30 22:35:00,58037.7,66685.3,57972.8,58068.1
2026-05-30 22:40:00,58033.8,66680.8,57976.8,58060.5
2026-05-30 22:45:00,58050.4,66699.9,58001.9,58073.1
2026-05-30 22:50:00,58056.0,66706.3,58066.8,58050.9
2026-05-30 22:55:00,58040.0,66688.0,58046.4,58037.0
2026-05-30 23:00:00,58013.5,66657.5,57962.8,58037.2
2026-05-30 23:05:00,57992.2,66633.0,57945.0,58014.3
2026-05-30 23:10:00,57937.5,66570.2,57971.6,57921.4
2026-05-30 23:15:00,57893.0,66519.1,57850.3,57913.0
2026-05-30 23:20:00,57832.8,66449.9,57856.1,57821.9
2026-05-30 23:25:00,57784.8,66394.7,57748.5,57801.8
2026-05-30 23:30:00,57731.5,66333.5,57748.5,57723.5
2026-05-30 23:35:00,57597.6,66179.6,57578.8,57606.4
2026-05-30 23:40:00,57520.7,66091.3,57512.6,57524.5
2026-05-30 23:45:00,57410.5,65964.7,57437.0,57398.0
2026-05-30 23:50:00,57330.9,65873.2,57323.1,57334.5
2026-05-30 23:55:00,57255.6,65786.7,57238.3,57263.7
2026-05-31 00:00:00,57233.5,65761.3,57169.9,57263.3
2026-05-31 00:05:00,57152.5,65668.2,57178.0,57140.6
2026-05-31 00:10:00,57104.2,65612.7,57051.1,57129.1
2026-05-31 00:15:00,57030.4,65527.9,57026.7,57032.1
2026-05-31 00:20:00,56935.0,65418.3,56958.5,56924.0
2026-05-31 00:25:00,56852.6,65323.6,56862.7,56847.9
2026-05-31 00:30:00,56750.9,65206.8,56790.4,56732.4
2026-05-31 00:35:00,56659.2,65101.4,56695.4,56642.2
2026-05-31 00:40:00,56661.3,65103.8,56718.9,56634.4
2026-05-31 00:45:00,56574.2,65003.8,56614.7,56555.3
2026-05-31 00:50:00,56465.3,64878.6,56499.8,56449.1
2026-05-31 00:55:00,56355.9,64752.9,56397.2,56336.5
2026-05-31 01:00:00,56245.7,64626.3,56274.5,56232.2
2026-05-31 01:05:00,56123.2,64485.6,56143.4,56113.8
2026-05-31 01:10:00,56002.2,64346.5,55964.7,56019.8
2026-05-31 01:15:00,55884.3,64211.1,55869.8,55891.0
2026-05-31 01:20:00,55812.8,64128.9,55784.3,55826.1
2026-05-31 01:25:00,55687.1,63984.5,55718.7,55672.4
2026-05-31 01:30:00,55596.0,63879.8,55599.3,55594.4
2026-05-31 01:35:00,55572.1,63852.3,55647.6,55536.8
2026-05-31 01:40:00,55735.4,64040.0,55755.3,55726.1
2026-05-31 01:45:00,55733.4,64037.7,55764.2,55718.9
2026-05-31 01:50:00,55636.9,63926.8,55630.8,55639.8
2026-05-31 01:55:00,55479.6,63746.1,55471.4,55483.5
2026-05-31 02:00:00,55276.7,63512.9,55334.4,55249.7
2026-05-31 02:05:00,55060.1,63264.1,55033.8,55072.5
2026-05-31 02:10:00,54824.3,62993.1,54838.4,54817.6
2026-05-31 02:15:00,54595.8,62730.6,54585.8,54600.5
2026-05-31 02:20:00,54363.9,62464.1,54403.8,54345.3
2026-05-31 02:25:00,54138.3,62204.9,54123.1,54145.5
2026-05-31 02:30:00,53882.7,61911.2,53836.7,53904.3
2026-05-31 02:35:00,53599.6,61585.9,53515.6,53638.9
2026-05-31 02:40:00,53396.4,61352.5,53362.7,53412.2
2026-05-31 02:45:00,53174.5,61097.5,53152.4,53184.9
2026-05-31 02:50:00,52842.5,60716.0,52961.5,52786.7
2026-05-31 02:55:00,52625.1,60466.2,52634.5,52620.7
2026-05-31 03:00:00,52371.6,60175.0,52454.7,52332.6
2026-05-31 03:05:00,52085.8,59846.6,52091.4,52083.1
2026-05-31 03:10:00,51905.6,59639.5,51863.2,51925.5
2026-05-31 03:15:00,51718.0,59424.0,51659.1,51745.6
2026-05-31 03:20:00,51480.0,59150.5,51457.8,51490.4
2026-05-31 03:25:00,51287.3,58929.1,51235.4,51311.7
2026-05-31 03:30:00,51113.0,58728.8,51028.0,51152.9
2026-05-31 03:35:00,51089.3,58701.6,51059.1,51103.4
2026-05-31 03:40:00,50948.6,58539.9,51071.2,50891.2
2026-05-31 03:45:00,50866.1,58445.1,50840.5,50878.0
2026-05-31 03:50:00,50789.2,58356.8,50845.4,50763.0
2026-05-31 03:55:00,50591.3,58129.4,50596.0,50589.0
2026-05-31 04:00:00,50608.2,58148.8,50602.6,50610.8
2026-05-31 04:05:00,50634.9,58179.5,50601.4,50650.6
2026-05-31 04:10:00,50633.2,58177.5,50622.6,50638.1
2026-05-31 04:15:00,50651.0,58198.0,50614.2,50668.2
2026-05-31 04:20:00,50651.4,58198.5,50615.9,50668.1
2026-05-31 04:25:00,50642.2,58187.9,50616.5,50654.3
2026-05-31 04:30:00,50636.7,58181.6,50599.1,50654.4
2026-05-31 04:35:00,50629.5,58173.3,50597.4,50644.5
2026-05-31 04:40:00,50668.7,58218.3,50641.0,50681.7
2026-05-31 04:45:00,50593.8,58132.3,50610.4,50586.1
2026-05-31 04:50:00,50626.1,58169.4,50612.3,50632.6
2026-05-31 04:55:00,50625.1,58168.2,50612.8,50630.9
2026-05-31 05:00:00,50628.3,58171.9,50617.9,50633.2
2026-05-31 05:05:00,50627.4,58170.9,50614.0,50633.7
2026-05-31 05:10:00,50634.9,58179.5,50624.9,50639.6
2026-05-31 05:15:00,50630.1,58174.0,50616.5,50636.5
2026-05-31 05:20:00,50631.6,58175.7,50621.0,50636.6
2026-05-31 05:25:00,50631.3,58175.4,50618.9,50637.1
2026-05-31 05:30:00,50630.7,58174.7,50616.8,50637.2
2026-05-31 05:35:00,50634.6,58179.2,50622.2,50640.4
2026-05-31 05:40:00,50659.2,58207.4,50636.7,50669.8
2026-05-31 05:45:00,50653.5,58200.9,50633.3,50663.0
2026-05-31 05:50:00,50653.2,58200.5,50631.0,50663.7
2026-05-31 05:55:00,50652.4,58199.6,50632.1,50662.0
2026-05-31 06:00:00,50658.2,58206.3,50635.6,50668.8
2026-05-31 06:05:00,50654.9,58202.5,50633.9,50664.8
2026-05-31 06:10:00,50671.9,58222.0,50646.9,50683.7
2026-05-31 06:15:00,50658.0,58206.0,50637.5,50667.6
2026-05-31 06:20:00,50659.5,58207.8,50641.9,50667.7
2026-05-31 06:25:00,50658.7,58206.8,50639.8,50667.5
2026-05-31 06:30:00,50663.0,58211.8,50639.4,50674.0
2026-05-31 06:35:00,50679.8,58231.1,50661.7,50688.2
2026-05-31 06:40:00,50704.9,58259.9,50685.4,50714.0
2026-05-31 06:45:00,50696.2,58249.9,50670.6,50708.2
2026-05-31 06:50:00,50694.8,58248.3,50663.9,50709.3
2026-05-31 06:55:00,50694.1,58247.5,50662.3,50709.0
2026-05-31 07:00:00,50699.4,58253.6,50667.1,50714.5
2026-05-31 07:05:00,50696.5,58250.3,50666.6,50710.4
2026-05-31 07:10:00,50715.9,58272.6,50681.7,50731.9
2026-05-31 07:15:00,50697.4,58251.3,50665.5,50712.4
2026-05-31 07:20:00,50696.2,58249.9,50664.8,50710.8
2026-05-31 07:25:00,50690.4,58243.3,50662.3,50703.6
2026-05-31 07:30:00,50689.8,58242.6,50662.6,50702.6
2026-05-31 07:35:00,50691.2,58244.2,50669.8,50701.2
2026-05-31 07:40:00,50731.9,58291.0,50691.6,50750.7
2026-05-31 07:45:00,50706.9,58262.2,50680.5,50719.2
2026-05-31 07:50:00,50704.4,58259.4,50673.9,50718.7
2026-05-31 07:55:00,50701.2,58255.7,50668.5,50716.5
2026-05-31 08:00:00,50701.6,58256.1,50670.3,50716.2
2026-05-31 08:05:00,50701.3,58255.8,50673.1,50714.5
2026-05-31 08:10:00,50734.6,58294.1,50697.7,50751.8
2026-05-31 08:15:00,50702.9,58257.6,50667.8,50719.4
2026-05-31 08:20:00,50702.4,58257.1,50665.6,50719.7
2026-05-31 08:25:00,50697.5,58251.4,50664.9,50712.8
2026-05-31 08:30:00,50696.4,58250.2,50663.5,50711.8
2026-05-31 08:35:00,50707.5,58262.9,50685.7,50717.7
2026-05-31 08:40:00,50773.0,58338.2,50731.9,50792.3
2026-05-31 08:45:00,50711.5,58267.5,50673.0,50729.5
2026-05-31 08:50:00,50706.5,58261.8,50666.4,50725.2
2026-05-31 08:55:00,50690.3,58243.2,50654.6,50707.0
2026-05-31 09:00:00,50688.9,58241.5,50658.2,50703.3
2026-05-31 09:05:00,50679.6,58230.9,50654.1,50691.6
2026-05-31 09:10:00,50696.1,58249.8,50673.5,50706.7
2026-05-31 09:15:00,50660.8,58209.3,50643.9,50668.7
2026-05-31 09:20:00,50662.3,58211.0,50648.1,50669.0
2026-05-31 09:25:00,50653.2,58200.5,50642.9,50658.1
2026-05-31 09:30:00,50651.8,58198.9,50640.5,50657.1
2026-05-31 09:35:00,50650.0,58196.8,50625.7,50661.4
2026-05-31 09:40:00,50713.1,58269.4,50679.5,50728.8
2026-05-31 09:45:00,50667.7,58217.2,50633.4,50683.8
2026-05-31 09:50:00,50669.2,58218.9,50647.2,50679.5
2026-05-31 09:55:00,50627.9,58171.5,50604.3,50638.9
2026-05-31 10:00:00,50619.3,58161.6,50592.2,50631.9
2026-05-31 10:05:00,50585.0,58122.2,50555.8,50598.6
2026-05-31 10:10:00,50617.6,58159.6,50599.4,50626.2
2026-05-31 10:15:00,50570.0,58104.9,50562.2,50573.7
2026-05-31 10:20:00,50426.9,57940.5,50561.1,50364.1
2026-05-31 10:25:00,50343.8,57845.0,50304.3,50362.3
2026-05-31 10:30:00,50299.8,57794.5,50297.1,50301.0
2026-05-31 10:35:00,50227.1,57710.9,50378.9,50155.9
2026-05-31 10:40:00,50210.2,57691.5,50178.7,50224.9
2026-05-31 10:45:00,50183.8,57661.2,50139.3,50204.6
2026-05-31 10:50:00,50189.1,57667.3,50161.8,50201.9
2026-05-31 10:55:00,50168.8,57644.0,50116.2,50193.5
2026-05-31 11:00:00,50176.1,57652.3,50130.2,50197.6
2026-05-31 11:05:00,50131.2,57600.7,50090.5,50150.2
2026-05-31 11:10:00,50066.1,57525.9,50069.5,50064.5
2026-05-31 11:15:00,50021.2,57474.4,50020.1,50021.7
2026-05-31 11:20:00,49878.2,57310.1,50052.9,49796.3
2026-05-31 11:25:00,49763.8,57178.6,49762.7,49764.3
2026-05-31 11:30:00,49739.5,57150.7,49731.5,49743.2
2026-05-31 11:35:00,49784.0,57201.8,49744.9,49802.3
2026-05-31 11:40:00,49824.6,57248.5,49779.5,49845.7
2026-05-31 11:45:00,49858.4,57287.3,49830.7,49871.4
2026-05-31 11:50:00,49866.7,57296.8,49854.0,49872.6
2026-05-31 11:55:00,49855.5,57284.0,49824.1,49870.2
2026-05-31 12:00:00,49858.0,57286.8,49828.5,49871.9
2026-05-31 12:05:00,49827.0,57251.2,49801.0,49839.1
2026-05-31 12:10:00,49844.7,57271.6,49815.1,49858.7
2026-05-31 12:15:00,49809.2,57230.8,49787.2,49819.5
2026-05-31 12:20:00,49812.4,57234.4,49797.3,49819.5
2026-05-31 12:25:00,49805.5,57226.5,49785.6,49814.8
2026-05-31 12:30:00,49806.1,57227.2,49778.0,49819.3
2026-05-31 12:35:00,49797.2,57217.0,49767.6,49811.1
2026-05-31 12:40:00,49909.5,57346.0,49857.6,49933.8
2026-05-31 12:45:00,49920.6,57358.8,49882.3,49938.6
2026-05-31 12:50:00,49944.0,57385.7,49947.5,49942.4
2026-05-31 12:55:00,49910.5,57347.2,49887.1,49921.5
2026-05-31 13:00:00,49895.8,57330.3,49885.2,49900.8
2026-05-31 13:05:00,49830.8,57255.6,49809.8,49840.7
2026-05-31 13:10:00,49845.7,57272.7,49827.6,49854.2
2026-05-31 13:15:00,49819.6,57242.7,49804.2,49826.7
2026-05-31 13:20:00,49822.5,57246.1,49813.4,49826.8
2026-05-31 13:25:00,49814.9,57237.3,49799.6,49822.1
2026-05-31 13:30:00,49815.4,57237.9,49791.6,49826.6
2026-05-31 13:35:00,49800.1,57220.3,49765.5,49816.4
2026-05-31 13:40:00,49818.1,57241.0,49775.6,49838.0
2026-05-31 13:45:00,49821.2,57244.6,49786.9,49837.3
2026-05-31 13:50:00,49824.7,57248.6,49796.3,49838.0
2026-05-31 13:55:00,49816.8,57239.5,49784.4,49831.9
2026-05-31 14:00:00,49828.0,57252.4,49792.1,49844.9
2026-05-31 14:05:00,49810.6,57232.4,49777.3,49826.2
2026-05-31 14:10:00,49825.0,57248.9,49794.1,49839.5
2026-05-31 14:15:00,49790.2,57208.9,49764.5,49802.2
2026-05-31 14:20:00,49788.6,57207.1,49764.1,49800.0
2026-05-31 14:25:00,49778.4,57195.4,49761.5,49786.3
2026-05-31 14:30:00,49787.3,57205.6,49753.5,49803.1
2026-05-31 14:35:00,49777.0,57193.8,49739.5,49794.5
2026-05-31 14:40:00,49868.9,57299.4,49826.3,49888.8
2026-05-31 14:45:00,49874.1,57305.3,49849.1,49885.8
2026-05-31 14:50:00,49871.4,57302.2,49839.1,49886.5
2026-05-31 14:55:00,49878.0,57309.8,49851.5,49890.4
2026-05-31 15:00:00,49881.1,57313.4,49852.8,49894.4
2026-05-31 15:05:00,49867.3,57297.5,49830.7,49884.4
2026-05-31 15:10:00,49882.8,57315.3,49859.5,49893.7
2026-05-31 15:15:00,49913.2,57350.3,49891.4,49923.4
2026-05-31 15:20:00,49921.8,57360.1,49899.2,49932.3
2026-05-31 15:25:00,49934.2,57374.4,49907.8,49946.5
2026-05-31 15:30:00,49942.3,57383.7,49917.8,49953.8
2026-05-31 15:35:00,50062.7,57522.0,50024.0,50080.8
2026-05-31 15:40:00,50298.0,57792.4,50268.1,50312.0
2026-05-31 15:45:00,50363.3,57867.4,50479.8,50308.8
2026-05-31 15:50:00,50512.7,58039.1,50492.4,50522.2
2026-05-31 15:55:00,50502.4,58027.3,50470.8,50517.2
2026-05-31 16:00:00,50519.0,58046.3,50488.5,50533.3
2026-05-31 16:05:00,50512.4,58038.7,50488.2,50523.8
2026-05-31 16:10:00,50523.6,58051.6,50502.9,50533.3
2026-05-31 16:15:00,50496.8,58020.8,50466.8,50510.9
2026-05-31 16:20:00,50491.6,58014.8,50461.4,50505.7
2026-05-31 16:25:00,50560.5,58094.0,50483.3,50596.6
2026-05-31 16:30:00,50648.3,58194.9,50750.9,50600.2
2026-05-31 16:35:00,50807.4,58377.7,50748.0,50835.3
2026-05-31 16:40:00,50779.6,58345.8,50703.9,50815.0
2026-05-31 16:45:00,50773.1,58338.3,50746.5,50785.6
2026-05-31 16:50:00,50768.8,58333.4,50755.7,50775.0
2026-05-31 16:55:00,50809.1,58379.7,50753.4,50835.3
2026-05-31 17:00:00,50820.8,58393.1,50765.4,50846.8
2026-05-31 17:05:00,50886.2,58468.2,50992.1,50836.6
2026-05-31 17:10:00,51002.1,58601.4,51013.0,50997.1
2026-05-31 17:15:00,51061.1,58669.2,51016.2,51082.2
2026-05-31 17:20:00,51062.5,58670.8,51022.1,51081.5
2026-05-31 17:25:00,51059.0,58666.8,51007.9,51083.0
2026-05-31 17:30:00,51042.7,58648.1,51000.9,51062.3
2026-05-31 17:35:00,51098.6,58712.3,51037.6,51127.2
2026-05-31 17:40:00,51299.7,58943.4,51262.1,51317.3
2026-05-31 17:45:00,51427.0,59089.6,51569.2,51360.4
2026-05-31 17:50:00,51583.7,59269.7,51609.2,51571.7
2026-05-31 17:55:00,51790.7,59507.5,51808.5,51782.4
2026-05-31 18:00:00,52035.8,59789.1,52050.2,52029.1
2026-05-31 18:05:00,52230.7,60013.1,52243.1,52224.9
2026-05-31 18:10:00,52443.2,60257.2,52467.6,52431.8
2026-05-31 18:15:00,52667.1,60514.5,52718.4,52643.1
2026-05-31 18:20:00,52857.2,60732.9,52897.8,52838.2
2026-05-31 18:25:00,53084.1,60993.6,53070.7,53090.3
2026-05-31 18:30:00,53295.2,61236.2,53291.3,53297.1
2026-05-31 18:35:00,53438.3,61400.6,53379.6,53465.8
2026-05-31 18:40:00,53601.5,61588.1,53585.4,53609.0
2026-05-31 18:45:00,53823.4,61843.1,53796.8,53835.8
2026-05-31 18:50:00,53978.6,62021.4,53969.1,53983.1
2026-05-31 18:55:00,54135.9,62202.1,54135.3,54136.1
2026-05-31 19:00:00,54264.9,62350.4,54306.5,54245.3
2026-05-31 19:05:00,54454.4,62568.1,54439.8,54461.2
2026-05-31 19:10:00,54654.0,62797.4,54684.5,54639.7
2026-05-31 19:15:00,54832.6,63002.7,54809.0,54843.6
2026-05-31 19:20:00,54999.3,63194.2,54984.7,55006.1
2026-05-31 19:25:00,55128.1,63342.2,55229.3,55080.7
2026-05-31 19:30:00,55282.2,63519.2,55312.6,55268.0
2026-05-31 19:35:00,55459.4,63722.9,55402.1,55486.3
2026-05-31 19:40:00,55526.5,63799.9,55580.8,55501.1
2026-05-31 19:45:00,55658.7,63951.8,55652.1,55661.8
2026-05-31 19:50:00,55798.5,64112.5,55767.3,55813.1
2026-05-31 19:55:00,55932.9,64266.9,55984.4,55908.7
2026-05-31 20:00:00,56096.9,64455.3,56134.8,56079.2
2026-05-31 20:05:00,56251.5,64633.0,56206.4,56272.6
2026-05-31 20:10:00,56395.2,64798.1,56429.5,56379.2
2026-05-31 20:15:00,56523.6,64945.6,56502.2,56533.6
2026-05-31 20:20:00,56640.5,65079.9,56620.2,56649.9
2026-05-31 20:25:00,56771.0,65229.9,56773.8,56769.7
2026-05-31 20:30:00,56877.4,65352.1,56877.4,56877.4
2026-05-31 20:35:00,57005.8,65499.7,56965.0,57024.9
2026-05-31 20:40:00,57076.1,65580.4,57077.3,57075.6
2026-05-31 20:45:00,57213.2,65738.0,57179.1,57229.1
2026-05-31 20:50:00,57343.4,65887.6,57358.8,57336.1
2026-05-31 20:55:00,57417.9,65973.2,57414.7,57419.4
2026-05-31 21:00:00,57528.8,66100.6,57519.6,57533.1
2026-05-31 21:05:00,57620.1,66205.5,57649.5,57606.4
2026-05-31 21:10:00,57687.6,66283.1,57731.9,57666.9
2026-05-31 21:15:00,57753.6,66358.9,57809.5,57727.4
2026-05-31 21:20:00,57816.8,66431.5,57886.6,57784.1
2026-05-31 21:25:00,57880.4,66504.6,57864.4,57887.8
2026-05-31 21:30:00,57894.1,66520.3,57971.4,57858.0
2026-05-31 21:35:00,57921.8,66552.1,57955.5,57906.0
2026-05-31 21:40:00,57980.3,66619.4,57964.4,57987.7
2026-05-31 21:45:00,58040.1,66688.1,58057.4,58032.0
2026-05-31 21:50:00,58070.9,66723.5,58046.0,58082.6
2026-05-31 21:55:00,58098.1,66754.7,58122.0,58086.8
2026-05-31 22:00:00,58092.4,66748.2,58113.9,58082.3
2026-05-31 22:05:00,58102.2,66759.4,58130.3,58089.0
2026-05-31 22:10:00,58092.1,66747.8,58119.8,58079.1
2026-05-31 22:15:00,58070.9,66723.5,58096.0,58059.1
2026-05-31 22:20:00,58073.5,66726.5,58101.7,58060.3
2026-05-31 22:25:00,58059.1,66709.9,58080.6,58049.1
2026-05-31 22:30:00,58057.1,66707.6,58081.4,58045.7
2026-05-31 22:35:00,58032.2,66679.0,58039.6,58028.7
2026-05-31 22:40:00,57988.5,66628.8,57936.8,58012.7
2026-05-31 22:45:00,57938.5,66571.3,57956.9,57929.8
2026-05-31 22:50:00,57899.9,66527.0,57848.7,57923.9
2026-05-31 22:55:00,57833.8,66451.0,57844.3,57828.9
2026-05-31 23:00:00,57803.4,66416.1,57756.8,57825.2
2026-05-31 23:05:00,57733.6,66335.9,57738.4,57731.4
2026-05-31 23:10:00,57724.5,66325.5,57684.0,57743.5
2026-05-31 23:15:00,57714.0,66313.4,57664.3,57737.3
2026-05-31 23:20:00,57677.0,66270.9,57670.1,57680.2
2026-05-31 23:25:00,57660.7,66252.1,57651.3,57665.1
2026-05-31 23:30:00,57656.0,66246.7,57643.8,57661.7
2026-05-31 23:35:00,57525.0,66096.2,57473.8,57549.0
2026-05-31 23:40:00,57385.0,65935.4,57389.8,57382.7
2026-05-31 23:45:00,57334.6,65877.5,57342.8,57330.7
2026-05-31 23:50:00,57269.1,65802.2,57245.0,57280.4
2026-05-31 23:55:00,57194.0,65715.9,57162.2,57209.0
2026-06-01 00:00:00,57135.8,65649.0,57140.2,57133.7
2026-06-01 00:05:00,57033.8,65531.8,57055.0,57023.8
2026-06-01 00:10:00,56914.3,65394.5,56943.7,56900.6
2026-06-01 00:15:00,56830.6,65298.4,56847.1,56822.8
2026-06-01 00:20:00,56746.6,65201.8,56773.1,56734.2
2026-06-01 00:25:00,56655.6,65097.3,56691.6,56638.7
2026-06-01 00:30:00,56543.2,64968.1,56582.5,56524.8
2026-06-01 00:35:00,56441.4,64851.2,56505.2,56411.5
2026-06-01 00:40:00,56441.4,64851.2,56452.3,56436.3
2026-06-01 00:45:00,56346.0,64741.6,56336.5,56350.5
2026-06-01 00:50:00,56248.8,64629.9,56289.2,56229.9
2026-06-01 00:55:00,56143.1,64508.4,56196.0,56118.3
2026-06-01 01:00:00,56025.6,64373.4,56065.3,56007.0
2026-06-01 01:05:00,55922.5,64255.0,55918.3,55924.5
2026-06-01 01:10:00,55821.7,64139.1,55854.0,55806.5
2026-06-01 01:15:00,55668.2,63962.8,55703.6,55651.5
2026-06-01 01:20:00,55552.0,63829.2,55499.4,55576.7
2026-06-01 01:25:00,55438.8,63699.2,55393.2,55460.1
2026-06-01 01:30:00,55308.2,63549.1,55279.9,55321.5
2026-06-01 01:35:00,55290.3,63528.6,55298.9,55286.2
2026-06-01 01:40:00,55446.7,63708.3,55461.1,55440.0
2026-06-01 01:45:00,55366.8,63616.5,55363.4,55368.5
2026-06-01 01:50:00,55195.5,63419.6,55222.9,55182.6
2026-06-01 01:55:00,54993.0,63187.0,54989.3,54994.7
2026-06-01 02:00:00,54776.1,62937.7,54873.3,54730.5
2026-06-01 02:05:00,54577.0,62709.0,54501.0,54612.5
2026-06-01 02:10:00,54315.7,62408.7,54299.7,54323.2
2026-06-01 02:15:00,54071.4,62128.0,54178.7,54021.2
2026-06-01 02:20:00,53878.7,61906.6,53840.2,53896.7
2026-06-01 02:25:00,53568.0,61549.6,53665.5,53522.3
2026-06-01 02:30:00,53304.8,61247.2,53262.9,53324.5
2026-06-01 02:35:00,52906.3,60789.3,52840.2,52937.3
2026-06-01 02:40:00,52735.2,60592.7,52757.7,52724.7
2026-06-01 02:45:00,52528.7,60355.5,52511.9,52536.5
2026-06-01 02:50:00,52338.3,60136.7,52307.0,52353.0
2026-06-01 02:55:00,52088.3,59849.5,52057.7,52102.6
2026-06-01 03:00:00,51916.6,59652.2,51874.0,51936.6
2026-06-01 03:05:00,51669.2,59367.9,51669.4,51669.1
2026-06-01 03:10:00,51504.4,59178.6,51489.9,51511.3
2026-06-01 03:15:00,51313.1,58958.8,51263.8,51336.2
2026-06-01 03:20:00,51208.4,58838.5,51262.9,51182.8
2026-06-01 03:25:00,51129.5,58747.8,51064.8,51159.9
2026-06-01 03:30:00,51067.0,58676.0,51047.0,51076.3
2026-06-01 03:35:00,50961.5,58554.8,51076.5,50907.6
2026-06-01 03:40:00,50858.1,58436.0,50874.9,50850.2
2026-06-01 03:45:00,50858.7,58436.6,50867.0,50854.8
2026-06-01 03:50:00,50887.9,58470.2,50875.3,50893.8
2026-06-01 03:55:00,50917.6,58504.3,50876.1,50937.0
2026-06-01 04:00:00,50939.3,58529.3,50883.9,50965.2
2026-06-01 04:05:00,50910.9,58496.6,50877.9,50926.3
2026-06-01 04:10:00,50922.2,58509.6,50897.2,50933.9
2026-06-01 04:15:00,50900.3,58484.4,50880.2,50909.6
2026-06-01 04:20:00,50900.0,58484.1,50879.4,50909.7
2026-06-01 04:25:00,50899.4,58483.4,50863.2,50916.4
2026-06-01 04:30:00,50904.8,58489.6,50863.2,50924.3
2026-06-01 04:35:00,50889.3,58471.8,50861.6,50902.3
2026-06-01 04:40:00,50930.3,58518.9,50907.9,50940.8
2026-06-01 04:45:00,50913.5,58499.6,50890.3,50924.3
2026-06-01 04:50:00,50912.8,58498.8,50889.3,50923.8
2026-06-01 04:55:00,50911.3,58497.1,50890.5,50921.0
2026-06-01 05:00:00,50913.1,58499.2,50895.0,50921.6
2026-06-01 05:05:00,50909.3,58494.8,50886.9,50919.8
2026-06-01 05:10:00,50920.5,58507.7,50903.6,50928.4
2026-06-01 05:15:00,50913.8,58500.0,50887.8,50926.0
2026-06-01 05:20:00,50915.1,58501.4,50891.7,50926.1
2026-06-01 05:25:00,50914.7,58501.0,50888.7,50926.8
2026-06-01 05:30:00,50909.8,58495.4,50887.4,50920.2
2026-06-01 05:35:00,50926.6,58514.7,50907.1,50935.7
2026-06-01 05:40:00,50969.8,58564.3,50938.5,50984.5
2026-06-01 05:45:00,50959.7,58552.7,50935.9,50970.8
2026-06-01 05:50:00,50960.5,58553.6,50935.0,50972.5
2026-06-01 05:55:00,50959.2,58552.1,50936.7,50969.7
2026-06-01 06:00:00,50963.5,58557.1,50939.5,50974.8
2026-06-01 06:05:00,50957.3,58549.9,50933.6,50968.4
2026-06-01 06:10:00,50979.5,58575.4,50953.2,50991.9
2026-06-01 06:15:00,50961.2,58554.4,50932.6,50974.7
2026-06-01 06:20:00,50962.5,58555.9,50936.4,50974.7
2026-06-01 06:25:00,50961.5,58554.8,50933.4,50974.7
2026-06-01 06:30:00,50960.5,58553.6,50936.1,50971.9
2026-06-01 06:35:00,51010.7,58611.3,50991.2,51019.9
2026-06-01 06:40:00,51057.8,58665.4,51042.1,51065.1
2026-06-01 06:45:00,51041.0,58646.1,51016.3,51052.6
2026-06-01 06:50:00,51041.1,58646.2,51010.6,51055.4
2026-06-01 06:55:00,51039.3,58644.2,51007.7,51054.1
2026-06-01 07:00:00,51043.9,58649.4,51014.8,51057.5
2026-06-01 07:05:00,51037.8,58642.4,51009.3,51051.1
2026-06-01 07:10:00,51066.7,58675.6,51043.7,51077.5
2026-06-01 07:15:00,51111.6,58727.2,51233.3,51054.6
2026-06-01 07:20:00,51245.0,58880.5,51230.0,51252.0
2026-06-01 07:25:00,51242.7,58877.9,51235.7,51246.0
2026-06-01 07:30:00,51242.5,58877.6,51240.3,51243.5
2026-06-01 07:35:00,51317.9,58964.3,51332.7,51311.0
2026-06-01 07:40:00,51489.9,59161.9,51644.6,51417.4
2026-06-01 07:45:00,51601.0,59289.5,51592.2,51605.2
2026-06-01 07:50:00,51799.4,59517.5,51791.7,51802.9
2026-06-01 07:55:00,52020.6,59771.7,52004.7,52028.0
2026-06-01 08:00:00,52277.4,60066.7,52253.7,52288.5
2026-06-01 08:05:00,52463.1,60280.1,52448.5,52470.0
2026-06-01 08:10:00,52726.1,60582.3,52742.3,52718.5
2026-06-01 08:15:00,52854.2,60729.5,52875.8,52844.1
2026-06-01 08:20:00,53066.7,60973.6,53028.7,53084.4
2026-06-01 08:25:00,53309.6,61252.7,53260.9,53332.4
2026-06-01 08:30:00,53478.3,61446.6,53459.4,53487.2
2026-06-01 08:35:00,53807.6,61824.9,53821.1,53801.3
2026-06-01 08:40:00,54286.2,62374.8,54277.1,54290.5
2026-06-01 08:45:00,54579.0,62711.3,54556.9,54589.3
2026-06-01 08:50:00,54813.6,62980.8,54828.4,54806.7
2026-06-01 08:55:00,55054.7,63257.9,55046.0,55058.8
2026-06-01 09:00:00,55351.0,63598.3,55327.9,55361.8
2026-06-01 09:05:00,55615.2,63901.9,55651.4,55598.2
2026-06-01 09:10:00,55976.4,64316.9,55942.3,55992.3
2026-06-01 09:15:00,56243.8,64624.1,56190.5,56268.8
2026-06-01 09:20:00,56487.3,64903.9,56550.9,56457.5
2026-06-01 09:25:00,56778.6,65238.6,56743.7,56795.0
2026-06-01 09:30:00,57069.6,65573.0,57079.1,57065.1
2026-06-01 09:35:00,57532.2,66104.5,57509.5,57542.8
2026-06-01 09:40:00,58087.1,66742.1,58102.9,58079.8
2026-06-01 09:45:00,58452.9,67162.4,58474.4,58442.9
2026-06-01 09:50:00,58840.9,67608.2,58817.8,58851.8
2026-06-01 09:55:00,59162.6,67977.8,59094.1,59194.6
2026-06-01 10:00:00,59439.5,68296.0,59464.4,59427.9
2026-06-01 10:05:00,59737.9,68638.8,59736.4,59738.6
2026-06-01 10:10:00,60113.4,69070.3,60128.4,60106.3
2026-06-01 10:15:00,60431.3,69435.6,60445.0,60424.9
2026-06-01 10:20:00,60698.8,69742.9,60715.7,60690.8
2026-06-01 10:25:00,61028.3,70121.5,60995.0,61043.8
2026-06-01 10:30:00,61297.1,70430.4,61232.9,61327.2
2026-06-01 10:35:00,61698.1,70891.1,61720.0,61687.8
2026-06-01 10:40:00,62308.1,71592.0,62279.6,62321.5
2026-06-01 10:45:00,62746.1,72095.3,62725.9,62755.6
2026-06-01 10:50:00,63073.5,72471.5,63105.9,63058.3
2026-06-01 10:55:00,63373.8,72816.5,63409.5,63357.1
2026-06-01 11:00:00,63732.3,73228.4,63737.6,63729.8
2026-06-01 11:05:00,63966.9,73498.0,63999.6,63951.6
2026-06-01 11:10:00,64312.9,73895.5,64260.8,64337.3
2026-06-01 11:15:00,64591.8,74216.0,64549.7,64611.5
2026-06-01 11:20:00,64840.9,74502.2,64811.3,64854.8
2026-06-01 11:25:00,64964.5,74644.2,65006.4,64944.8
2026-06-01 11:30:00,65117.0,74819.4,65184.8,65085.2
2026-06-01 11:35:00,65148.1,74855.2,65142.0,65151.0
2026-06-01 11:40:00,65261.2,74985.1,65277.8,65253.5
2026-06-01 11:45:00,65411.6,75157.9,65421.4,65407.0
2026-06-01 11:50:00,65529.2,75293.1,65525.6,65530.9
2026-06-01 11:55:00,65651.4,75433.5,65693.3,65631.7
2026-06-01 12:00:00,65777.9,75578.8,65767.2,65782.8
2026-06-01 12:05:00,65822.2,75629.7,65820.4,65823.0
2026-06-01 12:10:00,65857.8,75670.6,65927.4,65825.1
2026-06-01 12:15:00,65872.3,75687.3,65871.1,65872.9
2026-06-01 12:20:00,65869.5,75684.1,65871.0,65868.8
2026-06-01 12:25:00,65836.7,75646.4,65855.4,65828.0
2026-06-01 12:30:00,65757.9,75555.8,65829.4,65724.3
2026-06-01 12:35:00,65645.9,75427.1,65704.7,65618.3
2026-06-01 12:40:00,65635.8,75415.5,65754.9,65579.9
2026-06-01 12:45:00,65675.4,75461.0,65773.7,65629.4
2026-06-01 12:50:00,65854.6,75666.9,65843.9,65859.7
2026-06-01 12:55:00,65919.0,75740.9,65916.6,65920.1
2026-06-01 13:00:00,65908.4,75728.8,66020.2,65856.0
2026-06-01 13:05:00,65793.2,75596.4,65811.3,65784.7
2026-06-01 13:10:00,65743.7,75539.5,65754.9,65738.4
2026-06-01 13:15:00,65685.5,75472.6,65740.4,65659.8
2026-06-01 13:20:00,65659.5,75442.8,65658.7,65659.9
2026-06-01 13:25:00,65631.0,75410.0,65639.0,65627.2
2026-06-01 13:30:00,65562.0,75330.7,65628.4,65530.8
2026-06-01 13:35:00,65429.6,75178.6,65430.3,65429.3
2026-06-01 13:40:00,65297.0,75026.3,65378.5,65258.9
2026-06-01 13:45:00,65226.6,74945.4,65234.1,65223.0
2026-06-01 13:50:00,65147.1,74854.0,65206.0,65119.5
2026-06-01 13:55:00,65034.9,74725.1,65060.0,65023.2
2026-06-01 14:00:00,64913.5,74585.6,64883.3,64927.7
2026-06-01 14:05:00,64749.9,74397.6,64727.8,64760.3
2026-06-01 14:10:00,64608.5,74235.2,64592.3,64616.0
2026-06-01 14:15:00,64485.3,74093.6,64439.8,64506.7
2026-06-01 14:20:00,64371.9,73963.3,64331.2,64391.0
2026-06-01 14:25:00,64109.4,73661.7,64117.5,64105.6
2026-06-01 14:30:00,63806.3,73313.4,63750.6,63832.3
2026-06-01 14:35:00,63318.8,72753.3,63431.6,63266.0
2026-06-01 14:40:00,63398.0,72844.3,63333.8,63428.0
2026-06-01 14:45:00,63561.8,73032.5,63441.4,63618.3
2026-06-01 14:50:00,63677.2,73165.1,63573.7,63725.8
2026-06-01 14:55:00,63751.5,73250.5,63696.4,63777.3
2026-06-01 15:00:00,63791.3,73296.2,63737.0,63816.7
2026-06-01 15:05:00,63685.0,73174.1,63617.0,63716.8
2026-06-01 15:10:00,63710.8,73203.7,63638.1,63744.8
2026-06-01 15:15:00,63734.9,73231.4,63781.8,63712.9
2026-06-01 15:20:00,63821.3,73330.7,63811.1,63826.0
2026-06-01 15:25:00,64004.5,73541.2,63992.7,64010.1
2026-06-01 15:30:00,64235.2,73806.2,64234.1,64235.8
2026-06-01 15:35:00,64667.8,74303.3,64564.6,64716.2
2026-06-01 15:40:00,65088.0,74786.1,65075.7,65093.7
2026-06-01 15:45:00,65407.0,75152.6,65414.6,65403.5
2026-06-01 15:50:00,65540.1,75305.6,65577.0,65522.8
2026-06-01 15:55:00,65745.0,75541.0,65784.4,65726.5
2026-06-01 16:00:00,65965.6,75794.5,66001.7,65948.6
2026-06-01 16:05:00,66180.6,76041.5,66179.8,66181.0
2026-06-01 16:10:00,66441.2,76340.9,66401.0,66460.0
2026-06-01 16:15:00,66625.6,76552.8,66662.3,66608.5
2026-06-01 16:20:00,66788.1,76739.5,66758.9,66801.7
2026-06-01 16:25:00,66922.6,76894.1,66891.8,66937.1
2026-06-01 16:30:00,67057.2,77048.7,67032.3,67068.9
2026-06-01 16:35:00,67107.1,77106.1,67091.8,67114.2
2026-06-01 16:40:00,67136.1,77139.4,67191.1,67110.4
2026-06-01 16:45:00,67217.0,77232.3,67228.9,67211.4
2026-06-01 16:50:00,67263.0,77285.2,67317.6,67237.4
2026-06-01 16:55:00,67279.5,77304.1,67290.5,67274.4
2026-06-01 17:00:00,67314.1,77343.9,67385.5,67280.6
2026-06-01 17:05:00,67335.3,77368.3,67413.4,67298.6
2026-06-01 17:10:00,67401.7,77444.6,67408.7,67398.4
2026-06-01 17:15:00,67424.6,77470.9,67500.3,67389.2
2026-06-01 17:20:00,67473.7,77527.3,67491.8,67465.2
2026-06-01 17:25:00,67460.6,77512.2,67471.2,67455.7
2026-06-01 17:30:00,67448.0,77497.8,67450.4,67446.9
2026-06-01 17:35:00,67363.9,77401.1,67401.1,67346.5
2026-06-01 17:40:00,67284.5,77309.9,67310.5,67272.3
2026-06-01 17:45:00,67389.1,77430.1,67410.2,67379.2
2026-06-01 17:50:00,67545.8,77610.1,67585.5,67527.2
2026-06-01 17:55:00,67729.1,77820.7,67685.5,67749.6
2026-06-01 18:00:00,67898.6,78015.5,67915.0,67890.9
2026-06-01 18:05:00,68002.0,78134.3,67974.1,68015.0
2026-06-01 18:10:00,68132.7,78284.5,68107.5,68144.5
2026-06-01 18:15:00,68246.6,78415.3,68219.2,68259.4
2026-06-01 18:20:00,68411.5,78604.8,68452.3,68392.4
2026-06-01 18:25:00,68595.6,78816.3,68574.6,68605.4
2026-06-01 18:30:00,68715.0,78953.5,68741.0,68702.8
2026-06-01 18:35:00,68753.1,78997.3,68806.8,68727.9
2026-06-01 18:40:00,68768.4,79014.9,68762.9,68771.0
2026-06-01 18:45:00,68925.6,79195.5,68902.2,68936.6
2026-06-01 18:50:00,69080.3,79373.3,69119.9,69061.7
2026-06-01 18:55:00,69154.4,79458.4,69216.9,69125.2
2026-06-01 19:00:00,69292.4,79617.0,69327.7,69275.9
2026-06-01 19:05:00,69368.0,79703.8,69412.5,69347.1
2026-06-01 19:10:00,69459.2,79808.6,69443.0,69466.8
2026-06-01 19:15:00,69535.0,79895.7,69535.2,69534.9
2026-06-01 19:20:00,69636.0,80011.8,69704.3,69604.0
2026-06-01 19:25:00,69709.7,80096.4,69752.7,69689.5
2026-06-01 19:30:00,69768.0,80163.4,69719.4,69790.9
2026-06-01 19:35:00,69691.5,80075.5,69768.9,69655.2
2026-06-01 19:40:00,69544.6,79906.7,69521.2,69555.6
2026-06-01 19:45:00,69569.8,79935.7,69627.5,69542.8
2026-06-01 19:50:00,69649.2,80026.9,69651.5,69648.2
2026-06-01 19:55:00,69671.4,80052.4,69720.2,69648.5
2026-06-01 20:00:00,69665.3,80045.4,69723.5,69638.0
2026-06-01 20:05:00,69642.2,80018.9,69717.9,69606.6
2026-06-01 20:10:00,69665.5,80045.7,69755.0,69623.6
2026-06-01 20:15:00,69662.3,80042.0,69742.4,69624.8
2026-06-01 20:20:00,69654.0,80032.4,69747.6,69610.2
2026-06-01 20:25:00,69611.6,79983.7,69712.7,69564.3
2026-06-01 20:30:00,69554.5,79918.1,69571.2,69546.7
2026-06-01 20:35:00,69447.3,79794.9,69535.1,69406.1
2026-06-01 20:40:00,69289.8,79614.0,69364.7,69254.7
2026-06-01 20:45:00,69297.9,79623.3,69372.1,69263.1
2026-06-01 20:50:00,69312.0,79639.5,69387.9,69276.4
2026-06-01 20:55:00,69307.2,79634.0,69370.4,69277.6
2026-06-01 21:00:00,69320.7,79649.5,69381.7,69292.2
2026-06-01 21:05:00,69331.2,79661.5,69399.2,69299.3
2026-06-01 21:10:00,69380.4,79718.1,69377.2,69381.8
2026-06-01 21:15:00,69368.6,79704.5,69362.6,69371.5
2026-06-01 21:20:00,69371.0,79707.3,69367.4,69372.7
2026-06-01 21:25:00,69339.4,79671.0,69355.9,69331.6
2026-06-01 21:30:00,69308.3,79635.2,69313.2,69306.0
2026-06-01 21:35:00,69157.9,79462.4,69188.5,69143.6
2026-06-01 21:40:00,69049.0,79337.3,69042.0,69052.3
2026-06-01 21:45:00,69005.9,79287.8,69003.6,69006.9
2026-06-01 21:50:00,68973.0,79250.0,68892.8,69010.5
2026-06-01 21:55:00,68904.9,79171.7,68893.0,68910.4
2026-06-01 22:00:00,68861.2,79121.5,68767.9,68904.9
2026-06-01 22:05:00,68733.8,78975.1,68764.0,68719.7
2026-06-01 22:10:00,68615.7,78839.4,68662.4,68593.8
2026-06-01 22:15:00,68501.4,78708.1,68529.2,68488.3
2026-06-01 22:20:00,68404.2,78596.4,68426.1,68394.0
2026-06-01 22:25:00,68272.1,78444.6,68296.0,68260.8
2026-06-01 22:30:00,68188.4,78348.5,68190.3,68187.5
2026-06-01 22:35:00,68055.6,78195.9,68008.1,68077.8
2026-06-01 22:40:00,67879.4,77993.4,67913.6,67863.4
2026-06-01 22:45:00,67764.9,77861.9,67719.0,67786.3
2026-06-01 22:50:00,67602.9,77675.7,67589.5,67609.2
2026-06-01 22:55:00,67408.1,77451.9,67501.5,67364.4
2026-06-01 23:00:00,67255.1,77276.1,67245.5,67259.6
2026-06-01 23:05:00,67042.2,77031.5,67020.2,67052.4
2026-06-01 23:10:00,66873.5,76837.7,66827.2,66895.2
2026-06-01 23:15:00,66680.6,76616.0,66715.1,66664.5
2026-06-01 23:20:00,66536.3,76450.2,66518.7,66544.5
2026-06-01 23:25:00,66358.4,76245.8,66395.3,66341.1
2026-06-01 23:30:00,66209.0,76074.1,66188.3,66218.7
2026-06-01 23:35:00,65912.1,75733.0,65956.4,65891.4
2026-06-01 23:40:00,65680.4,75466.8,65662.0,65689.0
2026-06-01 23:45:00,65476.4,75232.4,65517.6,65457.1
2026-06-01 23:50:00,65290.5,75018.8,65304.1,65284.2
2026-06-01 23:55:00,65120.2,74823.1,65102.5,65128.5
2026-06-02 00:00:00,64906.4,74577.5,64898.7,64910.1
2026-06-02 00:05:00,64710.8,74352.7,64672.0,64728.9
2026-06-02 00:10:00,64544.8,74162.0,64513.9,64559.2
2026-06-02 00:15:00,64356.1,73945.2,64309.3,64378.0
2026-06-02 00:20:00,64237.7,73809.1,64238.8,64237.2
2026-06-02 00:25:00,64053.1,73597.0,64046.3,64056.2
2026-06-02 00:30:00,63856.5,73371.1,63867.0,63851.5
2026-06-02 00:35:00,63667.7,73154.2,63685.0,63659.6
2026-06-02 00:40:00,63701.3,73192.8,63687.7,63707.6
2026-06-02 00:45:00,63585.9,73060.2,63625.7,63567.3
2026-06-02 00:50:00,63415.3,72864.2,63405.8,63419.7
2026-06-02 00:55:00,63243.5,72666.8,63250.4,63240.2
2026-06-02 01:00:00,63115.5,72519.7,63100.2,63122.7
2026-06-02 01:05:00,62919.8,72294.9,62871.8,62942.3
2026-06-02 01:10:00,62772.6,72125.7,62739.1,62788.3
2026-06-02 01:15:00,62679.5,72018.7,62660.1,62688.5
2026-06-02 01:20:00,62576.1,71899.9,62577.4,62575.5
2026-06-02 01:25:00,62473.0,71781.5,62452.3,62482.6
2026-06-02 01:30:00,62331.2,71618.5,62277.5,62356.3
2026-06-02 01:35:00,62339.9,71628.5,62385.0,62318.8
2026-06-02 01:40:00,62713.7,72058.0,62740.2,62701.3
2026-06-02 01:45:00,62714.9,72059.4,62723.6,62710.8
2026-06-02 01:50:00,62559.8,71881.2,62581.6,62549.6
2026-06-02 01:55:00,62305.2,71588.7,62287.4,62313.5
2026-06-02 02:00:00,62066.3,71314.2,62055.9,62071.1
2026-06-02 02:05:00,61691.3,70883.3,61684.3,61694.6
2026-06-02 02:10:00,61304.9,70439.3,61287.1,61313.2
2026-06-02 02:15:00,60896.1,69969.6,60913.7,60887.9
2026-06-02 02:20:00,60515.2,69532.0,60525.6,60510.3
2026-06-02 02:25:00,60123.9,69082.4,60177.6,60098.7
2026-06-02 02:30:00,59689.0,68582.7,59722.6,59673.2
2026-06-02 02:35:00,59080.7,67883.7,59096.0,59073.5
2026-06-02 02:40:00,58858.1,67628.0,58933.4,58822.8
2026-06-02 02:45:00,58555.8,67280.6,58522.1,58571.6
2026-06-02 02:50:00,58307.9,66995.8,58275.3,58323.2
2026-06-02 02:55:00,58080.8,66734.8,57994.1,58121.4
2026-06-02 03:00:00,57829.5,66446.1,57807.5,57839.8
2026-06-02 03:05:00,57601.8,66184.5,57529.1,57635.9
2026-06-02 03:10:00,57353.5,65899.2,57374.8,57343.4
2026-06-02 03:15:00,57128.1,65640.2,57112.2,57135.6
2026-06-02 03:20:00,56901.0,65379.2,56940.8,56882.3
2026-06-02 03:25:00,56695.1,65142.7,56672.7,56705.6
2026-06-02 03:30:00,56548.9,64974.7,56498.3,56572.7
2026-06-02 03:35:00,56451.2,64862.4,56459.4,56447.4
2026-06-02 03:40:00,56346.0,64741.6,56405.1,56318.3
2026-06-02 03:45:00,56231.3,64609.8,56302.3,56198.1
2026-06-02 03:50:00,56113.5,64474.4,56099.1,56120.2
2026-06-02 03:55:00,56026.5,64374.4,55983.2,56046.7
2026-06-02 04:00:00,55967.9,64307.1,55983.8,55960.5
2026-06-02 04:05:00,55903.4,64233.0,55885.1,55912.0
2026-06-02 04:10:00,55847.1,64168.3,55828.5,55855.9
2026-06-02 04:15:00,55788.9,64101.4,55765.2,55800.0
2026-06-02 04:20:00,55692.4,63990.6,55644.2,55715.0
2026-06-02 04:25:00,55621.0,63908.5,55657.2,55604.1
2026-06-02 04:30:00,55594.1,63877.6,55571.9,55604.6
2026-06-02 04:35:00,55522.6,63795.5,55552.0,55508.9
2026-06-02 04:40:00,55536.1,63811.0,55503.6,55551.4
2026-06-02 04:45:00,55491.6,63759.8,55469.9,55501.7
2026-06-02 04:50:00,55484.3,63751.5,55466.4,55492.7
2026-06-02 04:55:00,55406.2,63661.7,55471.6,55375.6
2026-06-02 05:00:00,55364.4,63613.7,55341.9,55375.0
2026-06-02 05:05:00,55267.6,63502.5,55335.7,55235.6
2026-06-02 05:10:00,55247.4,63479.3,55254.1,55244.3
2026-06-02 05:15:00,55170.5,63390.9,55240.9,55137.6
2026-06-02 05:20:00,55129.3,63343.6,55105.0,55140.7
2026-06-02 05:25:00,55075.3,63281.5,55100.3,55063.6
2026-06-02 05:30:00,55013.5,63210.5,55004.0,55018.0
2026-06-02 05:35:00,54987.4,63180.5,55006.7,54978.4
2026-06-02 05:40:00,54974.9,63166.2,55058.7,54935.6
2026-06-02 05:45:00,54916.7,63099.3,54907.6,54920.9
2026-06-02 05:50:00,54937.6,63123.3,54903.9,54953.5
2026-06-02 05:55:00,54883.9,63061.6,54874.8,54888.1
2026-06-02 06:00:00,54887.6,63065.9,54878.2,54892.0
2026-06-02 06:05:00,54879.6,63056.7,54869.9,54884.1
2026-06-02 06:10:00,54908.6,63090.0,54893.3,54915.8
2026-06-02 06:15:00,54894.9,63074.2,54883.4,54900.3
2026-06-02 06:20:00,54909.2,63090.7,54887.2,54919.6
2026-06-02 06:25:00,54910.4,63092.0,54890.8,54919.6
2026-06-02 06:30:00,54910.7,63092.4,54891.9,54919.5
2026-06-02 06:35:00,55010.4,63206.9,54936.6,55045.0
2026-06-02 06:40:00,55175.0,63396.1,55146.2,55188.5
2026-06-02 06:45:00,55239.7,63470.4,55216.2,55250.8
2026-06-02 06:50:00,55275.3,63511.3,55324.1,55252.4
2026-06-02 06:55:00,55336.6,63581.8,55319.4,55344.6
2026-06-02 07:00:00,55342.4,63588.4,55326.6,55349.8
2026-06-02 07:05:00,55363.9,63613.1,55411.0,55341.9
2026-06-02 07:10:00,55394.1,63647.8,55449.3,55368.2
2026-06-02 07:15:00,55442.2,63703.1,55452.7,55437.3
2026-06-02 07:20:00,55487.4,63755.0,55449.4,55505.2
2026-06-02 07:25:00,55581.1,63862.7,55558.1,55591.8
2026-06-02 07:30:00,55618.8,63906.0,55657.2,55600.8
2026-06-02 07:35:00,55736.2,64040.9,55740.5,55734.2
2026-06-02 07:40:00,55914.6,64245.9,55931.3,55906.7
2026-06-02 07:45:00,55998.1,64341.8,56074.0,55962.5
2026-06-02 07:50:00,56092.4,64450.2,56079.3,56098.6
2026-06-02 07:55:00,56191.8,64564.4,56181.7,56196.5
2026-06-02 08:00:00,56310.8,64701.1,56296.8,56317.3
2026-06-02 08:05:00,56415.4,64821.3,56381.1,56431.5
2026-06-02 08:10:00,56561.7,64989.4,56545.8,56569.1
2026-06-02 08:15:00,56691.7,65138.8,56724.9,56676.2
2026-06-02 08:20:00,56825.1,65292.0,56789.4,56841.9
2026-06-02 08:25:00,56961.9,65449.2,56976.3,56955.2
2026-06-02 08:30:00,57118.5,65629.2,57060.9,57145.5
2026-06-02 08:35:00,57358.8,65905.3,57413.4,57333.2
2026-06-02 08:40:00,57813.1,66427.3,57714.8,57859.2
2026-06-02 08:45:00,58011.1,66654.8,57999.2,58016.7
2026-06-02 08:50:00,58261.4,66942.3,58191.4,58294.2
2026-06-02 08:55:00,58404.7,67107.0,58421.3,58396.9
2026-06-02 09:00:00,58551.2,67275.3,58514.5,58568.4
2026-06-02 09:05:00,58721.5,67471.0,58727.3,58718.8
2026-06-02 09:10:00,58967.7,67753.9,58990.3,58957.1
2026-06-02 09:15:00,59163.4,67978.7,59174.7,59158.2
2026-06-02 09:20:00,59342.1,68184.1,59375.7,59326.3
2026-06-02 09:25:00,59548.0,68420.7,59503.9,59568.7
2026-06-02 09:30:00,59752.0,68655.0,59759.6,59748.4
2026-06-02 09:35:00,60087.5,69040.5,60113.7,60075.3
2026-06-02 09:40:00,60651.6,69688.7,60634.5,60659.6
2026-06-02 09:45:00,60983.0,70069.5,60889.6,61026.8
2026-06-02 09:50:00,61271.9,70401.4,61299.8,61258.8
2026-06-02 09:55:00,61444.1,70599.3,61497.0,61419.4
2026-06-02 10:00:00,61676.8,70866.6,61680.3,61675.1
2026-06-02 10:05:00,61828.8,71041.3,61800.8,61841.9
2026-06-02 10:10:00,62084.5,71335.1,62085.6,62084.0
2026-06-02 10:15:00,62185.7,71451.4,62256.5,62152.5
2026-06-02 10:20:00,62339.8,71628.4,62352.6,62333.7
2026-06-02 10:25:00,62537.8,71855.9,62530.6,62541.1
2026-06-02 10:30:00,62686.9,72027.2,62705.3,62678.3
2026-06-02 10:35:00,63089.4,72489.7,63051.9,63106.9
2026-06-02 10:40:00,63653.6,73138.0,63621.4,63668.7
2026-06-02 10:45:00,64071.4,73618.0,63988.6,64110.2
2026-06-02 10:50:00,64419.4,74017.9,64450.8,64404.7
2026-06-02 10:55:00,64722.8,74366.5,64682.3,64741.7
2026-06-02 11:00:00,65021.0,74709.1,65066.7,64999.5
2026-06-02 11:05:00,65285.4,75012.9,65251.1,65301.4
2026-06-02 11:10:00,65575.2,75345.9,65567.3,65578.9
2026-06-02 11:15:00,65759.6,75557.8,65784.3,65748.0
2026-06-02 11:20:00,65925.3,75748.2,65943.0,65917.1
2026-06-02 11:25:00,66027.6,75865.7,66124.0,65982.5
2026-06-02 11:30:00,66179.8,76040.6,66210.5,66165.4
2026-06-02 11:35:00,66127.5,75980.5,66140.7,66121.2
2026-06-02 11:40:00,66169.7,76029.0,66239.8,66136.8
2026-06-02 11:45:00,66287.1,76163.9,66296.3,66282.8
2026-06-02 11:50:00,66414.5,76310.3,66433.8,66405.5
2026-06-02 11:55:00,66469.9,76373.9,66462.1,66473.6
2026-06-02 12:00:00,66536.9,76450.9,66552.7,66529.5
2026-06-02 12:05:00,66541.4,76456.1,66605.3,66511.4
2026-06-02 12:10:00,66555.1,76471.8,66614.8,66527.2
2026-06-02 12:15:00,66492.0,76399.3,66554.0,66463.0
2026-06-02 12:20:00,66460.8,76363.5,66457.0,66462.5
2026-06-02 12:25:00,66490.1,76397.1,66439.8,66513.7
2026-06-02 12:30:00,66465.5,76368.9,66411.7,66490.7
2026-06-02 12:35:00,66394.5,76287.3,66381.0,66400.9
2026-06-02 12:40:00,66448.3,76349.1,66431.6,66456.0
2026-06-02 12:45:00,66534.9,76448.6,66546.9,66529.3
2026-06-02 12:50:00,66746.2,76691.4,66744.3,66747.1
2026-06-02 12:55:00,66822.9,76779.5,66850.3,66810.1
2026-06-02 13:00:00,66851.3,76812.1,66850.3,66851.7
2026-06-02 13:05:00,66810.4,76765.1,66841.2,66795.9
2026-06-02 13:10:00,66815.8,76771.4,66789.6,66828.0
2026-06-02 13:15:00,66803.5,76757.2,66771.4,66818.5
2026-06-02 13:20:00,66806.9,76761.1,66781.9,66818.6
2026-06-02 13:25:00,66782.5,76733.1,66761.7,66792.3
2026-06-02 13:30:00,66769.1,76717.7,66737.2,66784.1
2026-06-02 13:35:00,66594.6,76517.2,66635.4,66575.4
2026-06-02 13:40:00,66534.1,76447.7,66486.7,66556.4
2026-06-02 13:45:00,66497.9,76406.1,66495.1,66499.2
2026-06-02 13:50:00,66475.1,76379.9,66417.0,66502.3
2026-06-02 13:55:00,66450.3,76351.4,66409.6,66469.4
2026-06-02 14:00:00,66396.0,76289.0,66414.2,66387.5
2026-06-02 14:05:00,66316.3,76197.4,66247.1,66348.8
2026-06-02 14:10:00,66248.3,76119.3,66166.6,66286.6
2026-06-02 14:15:00,66225.5,76093.1,66130.7,66269.9
2026-06-02 14:20:00,66153.8,76010.7,66121.6,66168.8
2026-06-02 14:25:00,65979.5,75810.4,65899.2,66017.2
2026-06-02 14:30:00,65690.5,75478.4,65625.2,65721.2
2026-06-02 14:35:00,65258.8,74982.4,65223.9,65275.1
2026-06-02 14:40:00,65240.8,74961.7,65264.1,65229.9
2026-06-02 14:45:00,65153.7,74861.6,65281.3,65093.9
2026-06-02 14:50:00,65046.0,74737.9,65121.4,65010.6
2026-06-02 14:55:00,64954.1,74632.3,65057.4,64905.8
2026-06-02 15:00:00,64847.9,74510.2,64947.6,64801.3
2026-06-02 15:05:00,64684.4,74322.4,64740.0,64658.3
2026-06-02 15:10:00,64666.5,74301.8,64685.7,64657.5
2026-06-02 15:15:00,64662.1,74296.8,64751.0,64620.4
2026-06-02 15:20:00,64644.7,74276.8,64753.4,64593.8
2026-06-02 15:25:00,64754.3,74402.7,64738.6,64761.7
2026-06-02 15:30:00,64919.4,74592.4,64924.6,64916.9
2026-06-02 15:35:00,65331.0,75065.3,65226.1,65380.1
2026-06-02 15:40:00,65667.5,75452.0,65594.5,65701.7
2026-06-02 15:45:00,66013.6,75849.6,65935.0,66050.4
2026-06-02 15:50:00,66144.5,76000.0,66150.4,66141.7
2026-06-02 15:55:00,66365.2,76253.6,66329.2,66382.1
2026-06-02 16:00:00,66618.1,76544.2,66587.8,66632.4
2026-06-02 16:05:00,66845.1,76805.0,66800.8,66865.9
2026-06-02 16:10:00,67072.4,77066.2,66995.6,67108.4
2026-06-02 16:15:00,67240.2,77259.0,67263.8,67229.2
2026-06-02 16:20:00,67401.2,77444.0,67364.0,67418.6
2026-06-02 16:25:00,67493.8,77550.4,67551.9,67466.7
2026-06-02 16:30:00,67610.8,77684.8,67675.5,67580.5
2026-06-02 16:35:00,67705.9,77794.1,67725.8,67696.6
2026-06-02 16:40:00,67779.2,77878.3,67823.0,67758.7
2026-06-02 16:45:00,67882.3,77996.8,67871.3,67887.4
2026-06-02 16:50:00,67961.1,78087.3,67959.6,67961.8
2026-06-02 16:55:00,68071.8,78214.5,68066.2,68074.5
2026-06-02 17:00:00,68195.7,78356.9,68154.6,68215.0
2026-06-02 17:05:00,68262.3,78433.4,68228.6,68278.1
2026-06-02 17:10:00,68308.8,78486.8,68350.8,68289.1
2026-06-02 17:15:00,68355.0,78539.9,68340.4,68361.8
2026-06-02 17:20:00,68374.8,78562.6,68404.1,68361.1
2026-06-02 17:25:00,68388.8,78578.7,68476.2,68347.9
2026-06-02 17:30:00,68444.4,78642.6,68437.6,68447.6
2026-06-02 17:35:00,68428.4,78624.2,68418.8,68433.0
2026-06-02 17:40:00,68440.9,78638.6,68419.2,68451.1
2026-06-02 17:45:00,68589.0,78808.8,68526.1,68618.5
2026-06-02 17:50:00,68806.4,79058.6,68783.8,68817.0
2026-06-02 17:55:00,69006.3,79288.2,68935.3,69039.5
2026-06-02 18:00:00,69184.1,79492.5,69174.5,69188.6
2026-06-02 18:05:00,69306.2,79632.8,69348.1,69286.5
2026-06-02 18:10:00,69412.8,79755.3,69465.7,69388.1
2026-06-02 18:15:00,69523.4,79882.4,69571.4,69500.9
2026-06-02 18:20:00,69690.4,80074.3,69691.1,69690.0
2026-06-02 18:25:00,69847.8,80255.1,69836.1,69853.2
2026-06-02 18:30:00,69972.6,80398.5,69920.1,69997.2
2026-06-02 18:35:00,70013.7,80445.7,69959.9,70038.9
2026-06-02 18:40:00,69947.6,80369.8,70032.9,69907.6
2026-06-02 18:45:00,70050.1,80487.6,70027.1,70060.9
2026-06-02 18:50:00,70134.1,80584.1,70183.4,70111.0
2026-06-02 18:55:00,70242.4,80708.5,70302.3,70214.3
2026-06-02 19:00:00,70347.9,80829.7,70289.2,70375.4
2026-06-02 19:05:00,70434.0,80928.7,70397.9,70451.0
2026-06-02 19:10:00,70499.8,81004.3,70563.9,70469.8
2026-06-02 19:15:00,70577.5,81093.5,70540.6,70594.8
2026-06-02 19:20:00,70641.2,81166.7,70656.6,70634.0
2026-06-02 19:25:00,70690.1,81222.9,70646.4,70710.5
2026-06-02 19:30:00,70769.3,81313.9,70754.4,70776.2
2026-06-02 19:35:00,70744.0,81284.9,70670.9,70778.2
2026-06-02 19:40:00,70523.8,81031.8,70521.7,70524.9
2026-06-02 19:45:00,70584.3,81101.4,70502.0,70622.9
2026-06-02 19:50:00,70647.2,81173.6,70655.5,70643.4
2026-06-02 19:55:00,70716.5,81253.3,70642.7,70751.0
2026-06-02 20:00:00,70752.7,81294.9,70782.3,70738.9
2026-06-02 20:05:00,70730.8,81269.7,70764.4,70715.0
2026-06-02 20:10:00,70727.9,81266.4,70786.4,70700.5
2026-06-02 20:15:00,70725.6,81263.7,70776.6,70701.7
2026-06-02 20:20:00,70728.0,81266.5,70781.7,70702.9
2026-06-02 20:25:00,70693.3,81226.6,70745.8,70668.7
2026-06-02 20:30:00,70670.1,81199.9,70710.6,70651.2
2026-06-02 20:35:00,70604.9,81125.0,70545.0,70632.9
2026-06-02 20:40:00,70440.7,80936.4,70452.8,70435.1
2026-06-02 20:45:00,70459.7,80958.2,70507.0,70437.5
2026-06-02 20:50:00,70477.4,80978.5,70535.2,70450.3
2026-06-02 20:55:00,70567.5,81082.1,70508.6,70595.1
2026-06-02 21:00:00,70625.3,81148.5,70660.2,70609.0
2026-06-02 21:05:00,70718.8,81255.9,70673.8,70739.9
2026-06-02 21:10:00,70744.4,81285.3,70786.6,70724.7
2026-06-02 21:15:00,70731.8,81270.8,70769.3,70714.3
2026-06-02 21:20:00,70734.3,81273.7,70774.4,70715.5
2026-06-02 21:25:00,70694.1,81227.5,70741.3,70672.0
2026-06-02 21:30:00,70666.8,81196.2,70701.1,70650.8
2026-06-02 21:35:00,70595.9,81114.7,70512.6,70635.0
2026-06-02 21:40:00,70493.1,80996.6,70458.8,70509.2
2026-06-02 21:45:00,70519.0,81026.3,70437.3,70557.3
2026-06-02 21:50:00,70517.1,81024.1,70431.7,70557.2
2026-06-02 21:55:00,70494.8,80998.5,70432.8,70523.8
2026-06-02 22:00:00,70487.8,80990.5,70424.5,70517.5
2026-06-02 22:05:00,70462.7,80961.6,70398.4,70492.8
2026-06-02 22:10:00,70375.6,80861.6,70413.4,70357.9
2026-06-02 22:15:00,70327.3,80806.1,70257.7,70359.9
2026-06-02 22:20:00,70239.2,80704.8,70263.4,70227.9
2026-06-02 22:25:00,70166.5,80621.3,70125.2,70185.9
2026-06-02 22:30:00,70072.6,80513.4,70121.8,70049.6
2026-06-02 22:35:00,69867.7,80278.0,69874.8,69864.4
2026-06-02 22:40:00,69634.0,80009.5,69643.0,69629.8
2026-06-02 22:45:00,69483.3,79836.3,69563.9,69445.5
2026-06-02 22:50:00,69341.0,79672.8,69329.1,69346.5
2026-06-02 22:55:00,69228.2,79543.2,69179.8,69250.9
2026-06-02 23:00:00,69089.0,79383.3,69053.6,69105.6
2026-06-02 23:05:00,68858.4,79118.3,68903.4,68837.3
2026-06-02 23:10:00,68673.0,78905.3,68705.2,68657.9
2026-06-02 23:15:00,68484.0,78688.1,68453.9,68498.1
2026-06-02 23:20:00,68353.3,78537.9,68354.8,68352.6
2026-06-02 23:25:00,68073.3,78216.2,68054.2,68082.2
2026-06-02 23:30:00,67898.0,78014.8,67845.2,67922.7
2026-06-02 23:35:00,67580.3,77649.8,67561.5,67589.2
2026-06-02 23:40:00,67320.4,77351.1,67303.4,67328.3
2026-06-02 23:45:00,67157.5,77164.0,67154.2,67159.0
2026-06-02 23:50:00,66972.1,76950.9,66946.6,66984.0
2026-06-02 23:55:00,66776.9,76726.7,66808.1,66762.3
2026-06-03 00:00:00,66641.7,76571.3,66615.7,66653.9
2026-06-03 00:05:00,66460.6,76363.2,66505.9,66439.3
2026-06-03 00:10:00,66339.6,76224.2,66300.0,66358.2
2026-06-03 00:15:00,66159.4,76017.2,66201.0,66139.9
2026-06-03 00:20:00,65963.8,75792.4,65976.0,65958.1
2026-06-03 00:25:00,65783.9,75585.7,65793.5,65779.4
2026-06-03 00:30:00,65535.6,75300.4,65604.9,65503.2
2026-06-03 00:35:00,65281.4,75008.3,65368.1,65240.8
2026-06-03 00:40:00,65287.7,75015.6,65263.1,65299.2
2026-06-03 00:45:00,65190.0,74903.3,65171.3,65198.7
2026-06-03 00:50:00,65030.3,74719.8,64994.1,65047.2
2026-06-03 00:55:00,64844.7,74506.6,64806.0,64862.8
2026-06-03 01:00:00,64662.8,74297.6,64680.7,64654.4
2026-06-03 01:05:00,64463.0,74068.0,64485.1,64452.6
2026-06-03 01:10:00,64327.9,73912.8,64345.6,64319.6
2026-06-03 01:15:00,64179.0,73741.7,64156.6,64189.4
2026-06-03 01:20:00,64012.9,73550.8,64062.3,63989.8
2026-06-03 01:25:00,63864.6,73380.4,63871.7,63861.2
2026-06-03 01:30:00,63697.6,73188.5,63722.8,63685.7
2026-06-03 01:35:00,63655.9,73140.6,63699.1,63635.6
2026-06-03 01:40:00,63975.9,73508.3,64009.5,63960.1
2026-06-03 01:45:00,63877.8,73395.6,63875.8,63878.8
2026-06-03 01:50:00,63731.8,73227.8,63682.5,63754.9
2026-06-03 01:55:00,63588.6,73063.3,63543.5,63609.8
2026-06-03 02:00:00,63324.6,72760.0,63321.8,63325.9
2026-06-03 02:05:00,62946.6,72325.6,62928.2,62955.2
2026-06-03 02:10:00,62626.2,71957.5,62655.2,62612.6
2026-06-03 02:15:00,62283.4,71563.6,62291.2,62279.8
2026-06-03 02:20:00,61941.8,71171.1,61945.0,61940.3
2026-06-03 02:25:00,61599.7,70778.1,61578.8,61609.6
2026-06-03 02:30:00,61087.5,70189.5,61147.0,61059.6
2026-06-03 02:35:00,60494.4,69508.1,60502.7,60490.5
2026-06-03 02:40:00,60318.8,69306.3,60311.4,60322.2
2026-06-03 02:45:00,60038.8,68984.6,60009.6,60052.4
2026-06-03 02:50:00,59687.5,68580.9,59729.4,59667.9
2026-06-03 02:55:00,59346.1,68188.7,59349.8,59344.3
2026-06-03 03:00:00,59038.0,67834.7,59081.9,59017.4
2026-06-03 03:05:00,58748.7,67502.3,58772.9,58737.3
2026-06-03 03:10:00,58510.1,67228.1,58513.5,58508.5
2026-06-03 03:15:00,58313.3,67002.0,58340.3,58300.7
2026-06-03 03:20:00,58123.2,66783.6,58058.5,58153.5
2026-06-03 03:25:00,57896.3,66522.8,57851.2,57917.4
2026-06-03 03:30:00,57646.5,66235.8,57631.8,57653.4
2026-06-03 03:35:00,57496.8,66063.8,57403.5,57540.6
2026-06-03 03:40:00,57326.3,65867.9,57366.8,57307.3
2026-06-03 03:45:00,57135.8,65649.0,57178.3,57115.9
2026-06-03 03:50:00,56971.9,65460.7,56990.3,56963.3
2026-06-03 03:55:00,56853.3,65324.4,56828.5,56865.0
2026-06-03 04:00:00,56716.7,65167.5,56717.2,56716.4
2026-06-03 04:05:00,56576.4,65006.3,56537.0,56594.9
2026-06-03 04:10:00,56452.9,64864.4,56462.5,56448.4
2026-06-03 04:15:00,56323.3,64715.5,56386.1,56293.9
2026-06-03 04:20:00,56195.6,64568.7,56192.8,56197.0
2026-06-03 04:25:00,56119.7,64481.5,56081.0,56137.8
2026-06-03 04:30:00,56013.7,64359.7,55967.9,56035.1
2026-06-03 04:35:00,55894.2,64222.4,55885.1,55898.5
2026-06-03 04:40:00,55848.7,64170.2,55826.8,55859.0
2026-06-03 04:45:00,55816.5,64133.2,55795.8,55826.2
2026-06-03 04:50:00,55703.2,64003.0,55751.8,55680.4
2026-06-03 04:55:00,55605.5,63890.7,55625.7,55596.1
2026-06-03 05:00:00,55548.2,63824.9,55531.0,55556.2
2026-06-03 05:05:00,55451.9,63714.2,55437.7,55458.5
2026-06-03 05:10:00,55342.3,63588.3,55313.8,55355.6
2026-06-03 05:15:00,55228.6,63457.7,55202.2,55240.9
2026-06-03 05:20:00,55117.0,63329.4,55089.3,55129.9
2026-06-03 05:25:00,55056.5,63259.9,55074.5,55048.1
2026-06-03 05:30:00,54973.8,63164.9,54985.2,54968.5
2026-06-03 05:35:00,54882.3,63059.8,54850.5,54897.2
2026-06-03 05:40:00,54883.3,63060.9,54881.4,54884.1
2026-06-03 05:45:00,54876.1,63052.6,54873.1,54877.6
2026-06-03 05:50:00,54878.4,63055.3,54870.4,54882.2
2026-06-03 05:55:00,54839.3,63010.4,54874.6,54822.7
2026-06-03 06:00:00,54696.4,62846.2,54709.4,54690.4
2026-06-03 06:05:00,54616.1,62753.9,54608.8,54619.5
2026-06-03 06:10:00,54641.5,62783.1,54627.4,54648.1
2026-06-03 06:15:00,54600.2,62735.6,54611.9,54594.7
2026-06-03 06:20:00,54534.5,62660.1,54618.9,54494.9
2026-06-03 06:25:00,54494.6,62614.3,54493.9,54494.9
2026-06-03 06:30:00,54481.9,62599.7,54498.8,54474.0
2026-06-03 06:35:00,54552.1,62680.4,54541.0,54557.4
2026-06-03 06:40:00,54584.2,62717.2,54579.1,54586.6
2026-06-03 06:45:00,54573.8,62705.3,54563.5,54578.7
2026-06-03 06:50:00,54546.7,62674.2,54554.5,54543.0
2026-06-03 06:55:00,54535.8,62661.6,54533.5,54536.9
2026-06-03 07:00:00,54535.0,62660.7,54538.7,54533.3
2026-06-03 07:05:00,54530.0,62655.0,54537.1,54526.7
2026-06-03 07:10:00,54556.8,62685.8,54561.1,54554.7
2026-06-03 07:15:00,54531.7,62656.9,54531.7,54531.8
2026-06-03 07:20:00,54529.8,62654.7,54528.8,54530.3
2026-06-03 07:25:00,54524.5,62648.7,54524.8,54524.3
2026-06-03 07:30:00,54523.4,62647.4,54524.8,54522.7
2026-06-03 07:35:00,54541.0,62667.6,54572.9,54526.1
2026-06-03 07:40:00,54593.1,62727.5,54615.3,54582.8
2026-06-03 07:45:00,54603.9,62739.9,54721.9,54548.7
2026-06-03 07:50:00,54599.4,62734.7,54703.9,54550.4
2026-06-03 07:55:00,54596.9,62731.8,54694.3,54551.3
2026-06-03 08:00:00,54596.4,62731.3,54693.6,54550.8
2026-06-03 08:05:00,54593.7,62728.2,54696.7,54545.5
2026-06-03 08:10:00,54639.3,62780.6,54734.8,54594.5
2026-06-03 08:15:00,54677.7,62824.7,54694.2,54670.0
2026-06-03 08:20:00,54676.4,62823.2,54689.5,54670.3
2026-06-03 08:25:00,54672.9,62819.2,54690.9,54664.5
2026-06-03 08:30:00,54670.1,62815.9,54686.8,54662.3
2026-06-03 08:35:00,54721.2,62874.7,54764.4,54701.0
2026-06-03 08:40:00,54892.4,63071.4,54936.7,54871.6
2026-06-03 08:45:00,54979.9,63171.9,54987.1,54976.5
2026-06-03 08:50:00,54965.1,63154.9,54973.7,54961.1
2026-06-03 08:55:00,54940.9,63127.1,54952.0,54935.7
2026-06-03 09:00:00,54942.5,63128.9,54958.7,54934.9
2026-06-03 09:05:00,54966.5,63156.5,54955.0,54971.9
2026-06-03 09:10:00,55001.2,63196.4,54988.9,55007.0
2026-06-03 09:15:00,54998.4,63193.2,55085.7,54957.5
2026-06-03 09:20:00,54999.1,63194.0,55087.4,54957.8
2026-06-03 09:25:00,54991.4,63185.1,55084.2,54947.9
2026-06-03 09:30:00,55027.2,63226.3,55084.3,55000.5
2026-06-03 09:35:00,55160.8,63379.8,55134.9,55172.9
2026-06-03 09:40:00,55338.5,63583.9,55319.1,55347.6
2026-06-03 09:45:00,55351.6,63599.0,55346.2,55354.2
2026-06-03 09:50:00,55374.3,63625.1,55451.2,55338.3
2026-06-03 09:55:00,55383.3,63635.4,55392.4,55379.1
2026-06-03 10:00:00,55375.6,63626.6,55377.0,55375.0
2026-06-03 10:05:00,55398.8,63653.2,55381.7,55406.8
2026-06-03 10:10:00,55451.7,63714.0,55432.4,55460.8
2026-06-03 10:15:00,55396.4,63650.5,55389.8,55399.4
2026-06-03 10:20:00,55395.7,63649.7,55382.7,55401.8
2026-06-03 10:25:00,55399.0,63653.5,55394.5,55401.1
2026-06-03 10:30:00,55382.5,63634.5,55389.4,55379.3
2026-06-03 10:35:00,55472.4,63737.8,55506.9,55456.2
2026-06-03 10:40:00,55624.1,63912.1,55699.0,55589.0
2026-06-03 10:45:00,55741.5,64047.0,55710.9,55755.8
2026-06-03 10:50:00,55837.5,64157.3,55841.8,55835.5
2026-06-03 10:55:00,55902.3,64231.7,55919.7,55894.1
2026-06-03 11:00:00,55915.1,64246.4,55932.8,55906.7
2026-06-03 11:05:00,55901.0,64230.2,55995.7,55856.6
2026-06-03 11:10:00,55893.8,64222.0,55917.0,55882.9
2026-06-03 11:15:00,55835.1,64154.5,55858.2,55824.3
2026-06-03 11:20:00,55826.9,64145.1,55859.8,55811.4
2026-06-03 11:25:00,55746.0,64052.2,55836.1,55703.7
2026-06-03 11:30:00,55701.5,64001.0,55719.6,55693.0
2026-06-03 11:35:00,55667.5,63962.0,55721.0,55642.5
2026-06-03 11:40:00,55679.8,63976.1,55690.7,55674.7
2026-06-03 11:45:00,55679.9,63976.2,55698.9,55671.0
2026-06-03 11:50:00,55685.5,63982.6,55724.9,55667.0
2026-06-03 11:55:00,55653.0,63945.3,55665.4,55647.2
2026-06-03 12:00:00,55653.1,63945.4,55662.6,55648.6
2026-06-03 12:05:00,55616.5,63903.4,55629.8,55610.2
2026-06-03 12:10:00,55640.4,63930.8,55653.5,55634.3
2026-06-03 12:15:00,55608.2,63893.8,55625.8,55600.0
2026-06-03 12:20:00,55608.1,63893.7,55638.0,55594.0
2026-06-03 12:25:00,55599.4,63883.7,55623.3,55588.2
2026-06-03 12:30:00,55545.5,63821.8,55615.1,55512.9
2026-06-03 12:35:00,55503.5,63773.5,55514.8,55498.2
2026-06-03 12:40:00,55601.9,63886.6,55638.9,55584.6
2026-06-03 12:45:00,55721.8,64024.3,55749.4,55708.8
2026-06-03 12:50:00,55905.4,64235.3,55937.4,55890.4
2026-06-03 12:55:00,55985.1,64326.9,56058.4,55950.7
2026-06-03 13:00:00,56056.0,64408.3,56048.8,56059.4
2026-06-03 13:05:00,56094.3,64452.4,56085.0,56098.7
2026-06-03 13:10:00,56118.7,64480.4,56112.5,56121.6
2026-06-03 13:15:00,56097.3,64455.8,56092.5,56099.6
2026-06-03 13:20:00,56101.0,64460.0,56103.0,56100.1
2026-06-03 13:25:00,56133.5,64497.4,56086.8,56155.4
2026-06-03 13:30:00,56157.1,64524.5,56189.2,56142.0
2026-06-03 13:35:00,56131.0,64494.5,56165.6,56114.7
2026-06-03 13:40:00,56139.4,64504.2,56202.6,56109.9
2026-06-03 13:45:00,56112.4,64473.1,56192.5,56074.9
2026-06-03 13:50:00,56097.5,64456.0,56083.6,56104.1
2026-06-03 13:55:00,56058.5,64411.2,56052.7,56061.2
2026-06-03 14:00:00,56109.5,64469.8,56055.8,56134.6
2026-06-03 14:05:00,56086.8,64443.7,56023.2,56116.5
2026-06-03 14:10:00,56107.2,64467.2,56050.5,56133.7
2026-06-03 14:15:00,56080.4,64436.4,56023.3,56107.1
2026-06-03 14:20:00,56079.5,64435.3,56025.2,56105.0
2026-06-03 14:25:00,56033.8,64382.8,55963.1,56067.0
2026-06-03 14:30:00,55876.7,64202.3,55907.9,55862.1
2026-06-03 14:35:00,55721.1,64023.5,55689.2,55736.0
2026-06-03 14:40:00,55825.5,64143.5,55783.7,55845.1
2026-06-03 14:45:00,55859.6,64182.7,55905.1,55838.3
2026-06-03 14:50:00,55917.6,64249.3,55890.9,55930.1
2026-06-03 14:55:00,55961.2,64299.4,56010.2,55938.3
2026-06-03 15:00:00,56016.4,64362.8,56004.6,56021.9
2026-06-03 15:05:00,56010.0,64355.5,56073.2,55980.4
2026-06-03 15:10:00,56024.4,64372.0,56007.8,56032.2
2026-06-03 15:15:00,56093.5,64451.4,56157.0,56063.7
2026-06-03 15:20:00,56170.9,64540.4,56176.3,56168.4
2026-06-03 15:25:00,56281.5,64667.4,56277.9,56283.1
2026-06-03 15:30:00,56411.7,64817.0,56407.7,56413.5
2026-06-03 15:35:00,56622.4,65059.1,56629.8,56618.9
2026-06-03 15:40:00,56839.4,65308.5,56845.4,56836.5
2026-06-03 15:45:00,56976.8,65466.3,57037.3,56948.4
2026-06-03 15:50:00,57113.2,65623.1,57064.6,57136.0
2026-06-03 15:55:00,57140.9,65654.9,57202.2,57112.2
2026-06-03 16:00:00,57212.1,65736.7,57250.9,57193.9
2026-06-03 16:05:00,57302.4,65840.5,57343.8,57283.0
2026-06-03 16:10:00,57443.0,66002.0,57455.2,57437.2
2026-06-03 16:15:00,57578.9,66158.2,57492.8,57619.3
2026-06-03 16:20:00,57697.5,66294.4,57713.9,57689.8
2026-06-03 16:25:00,57749.9,66354.6,57783.3,57734.3
2026-06-03 16:30:00,57855.3,66475.7,57895.8,57836.4
2026-06-03 16:35:00,57958.7,66594.5,57969.1,57953.8
2026-06-03 16:40:00,57989.1,66629.5,58044.9,57963.0
2026-06-03 16:45:00,58037.0,66684.5,58097.3,58008.8
2026-06-03 16:50:00,58137.3,66799.8,58150.2,58131.3
2026-06-03 16:55:00,58263.9,66945.2,58309.5,58242.6
2026-06-03 17:00:00,58322.4,67012.4,58347.3,58310.7
2026-06-03 17:05:00,58426.9,67132.5,58438.4,58421.5
2026-06-03 17:10:00,58491.1,67206.3,58533.7,58471.1
2026-06-03 17:15:00,58524.3,67244.4,58526.9,58523.0
2026-06-03 17:20:00,58629.2,67365.0,58654.4,58617.4
2026-06-03 17:25:00,58704.0,67450.9,58724.7,58694.3
2026-06-03 17:30:00,58785.9,67545.0,58803.9,58777.5
2026-06-03 17:35:00,58828.0,67593.4,58877.1,58805.0
2026-06-03 17:40:00,58839.2,67606.2,58859.5,58829.6
2026-06-03 17:45:00,58994.4,67784.6,58971.4,59005.1
2026-06-03 17:50:00,59150.4,67963.8,59205.8,59124.5
2026-06-03 17:55:00,59292.8,68127.4,59264.5,59306.1
2026-06-03 18:00:00,59496.0,68360.9,59503.0,59492.7
2026-06-03 18:05:00,59670.7,68561.6,59673.3,59669.5
2026-06-03 18:10:00,59801.4,68711.8,59829.6,59788.3
2026-06-03 18:15:00,59983.2,68920.7,59959.8,59994.2
2026-06-03 18:20:00,60179.2,69145.9,60149.0,60193.4
2026-06-03 18:25:00,60338.6,69329.1,60318.0,60348.3
2026-06-03 18:30:00,60496.1,69510.0,60494.8,60496.8
2026-06-03 18:35:00,60643.1,69678.9,60622.3,60652.9
2026-06-03 18:40:00,60768.2,69822.7,60675.8,60811.5
2026-06-03 18:45:00,60959.3,70042.2,60972.4,60953.2
2026-06-03 18:50:00,61167.8,70281.8,61181.2,61161.5
2026-06-03 18:55:00,61323.6,70460.8,61356.9,61307.9
2026-06-03 19:00:00,61466.3,70624.8,61457.5,61470.4
2026-06-03 19:05:00,61598.1,70776.2,61631.3,61582.6
2026-06-03 19:10:00,61672.3,70861.5,61734.9,61643.0
2026-06-03 19:15:00,61853.0,71069.1,61816.7,61870.0
2026-06-03 19:20:00,62031.1,71273.7,62025.9,62033.5
2026-06-03 19:25:00,62199.0,71466.7,62175.6,62209.9
2026-06-03 19:30:00,62349.1,71639.1,62286.5,62378.4
2026-06-03 19:35:00,62449.4,71754.4,62428.9,62459.0
2026-06-03 19:40:00,62454.4,71760.1,62433.4,62464.3
2026-06-03 19:45:00,62540.3,71858.8,62571.3,62525.8
2026-06-03 19:50:00,62645.7,71979.9,62696.5,62622.0
2026-06-03 19:55:00,62772.4,72125.5,62760.4,62778.1
2026-06-03 20:00:00,62968.3,72350.6,62981.6,62962.1
2026-06-03 20:05:00,63117.6,72522.1,63155.7,63099.8
2026-06-03 20:10:00,63234.0,72655.9,63248.6,63227.1
2026-06-03 20:15:00,63362.2,72803.2,63409.7,63340.0
2026-06-03 20:20:00,63559.7,73030.1,63546.0,63566.1
2026-06-03 20:25:00,63704.6,73196.6,63697.2,63708.1
2026-06-03 20:30:00,63770.1,73271.8,63832.0,63741.1
2026-06-03 20:35:00,63837.2,73348.9,63846.2,63833.0
2026-06-03 20:40:00,63891.5,73411.3,63883.8,63895.2
2026-06-03 20:45:00,64037.4,73579.0,64064.6,64024.7
2026-06-03 20:50:00,64176.7,73739.0,64175.2,64177.4
2026-06-03 20:55:00,64330.2,73915.4,64343.9,64323.8
2026-06-03 21:00:00,64467.3,74072.9,64496.8,64453.4
2026-06-03 21:05:00,64595.7,74220.5,64696.2,64548.6
2026-06-03 21:10:00,64758.7,74407.7,64750.3,64762.6
2026-06-03 21:15:00,64840.7,74502.0,64913.1,64806.8
2026-06-03 21:20:00,64923.1,74596.6,64913.0,64927.8
2026-06-03 21:25:00,64975.2,74656.5,64940.1,64991.7
2026-06-03 21:30:00,65053.7,74746.7,65051.7,65054.6
2026-06-03 21:35:00,65106.8,74807.7,65110.5,65105.1
2026-06-03 21:40:00,65119.7,74822.5,65091.1,65133.1
2026-06-03 21:45:00,65136.2,74841.5,65143.1,65132.9
2026-06-03 21:50:00,65162.0,74871.1,65220.0,65134.9
2026-06-03 21:55:00,65189.5,74902.7,65220.6,65174.9
2026-06-03 22:00:00,65213.9,74930.8,65211.9,65214.8
2026-06-03 22:05:00,65208.6,74924.7,65196.8,65214.0
2026-06-03 22:10:00,65201.7,74916.8,65186.0,65209.0
2026-06-03 22:15:00,65197.5,74911.9,65176.6,65207.3
2026-06-03 22:20:00,65194.8,74908.8,65169.0,65206.9
2026-06-03 22:25:00,65161.5,74870.6,65140.5,65171.4
2026-06-03 22:30:00,65152.1,74859.8,65127.4,65163.6
2026-06-03 22:35:00,65020.6,74708.7,65080.9,64992.4
2026-06-03 22:40:00,64878.1,74544.9,64906.2,64865.0
2026-06-03 22:45:00,64824.7,74483.6,64839.6,64817.6
2026-06-03 22:50:00,64736.7,74382.5,64731.4,64739.2
2026-06-03 22:55:00,64646.8,74279.2,64629.7,64654.8
2026-06-03 23:00:00,64549.1,74166.9,64517.4,64563.9
2026-06-03 23:05:00,64418.4,74016.7,64386.0,64433.5
2026-06-03 23:10:00,64326.2,73910.8,64304.0,64336.6
2026-06-03 23:15:00,64226.8,73796.6,64202.0,64238.4
2026-06-03 23:20:00,64130.3,73685.7,64095.6,64146.5
2026-06-03 23:25:00,64008.8,73546.1,63978.3,64023.1
2026-06-03 23:30:00,63909.3,73431.8,63881.4,63922.3
2026-06-03 23:35:00,63764.3,73265.2,63743.5,63774.1
2026-06-03 23:40:00,63598.1,73074.2,63598.4,63598.0
2026-06-03 23:45:00,63418.7,72868.1,63434.8,63411.1
2026-06-03 23:50:00,63248.8,72672.9,63268.1,63239.8
2026-06-03 23:55:00,63138.8,72546.5,63149.3,63133.8
2026-06-04 00:00:00,62958.0,72338.7,62946.7,62963.3
2026-06-04 00:05:00,62853.3,72218.4,62855.1,62852.4
2026-06-04 00:10:00,62677.5,72016.4,62680.7,62676.1
2026-06-04 00:15:00,62561.8,71883.5,62572.5,62556.8
2026-06-04 00:20:00,62391.7,71688.1,62400.6,62387.5
2026-06-04 00:25:00,62273.2,71551.9,62292.7,62264.1
2026-06-04 00:30:00,62087.8,71338.9,62137.0,62064.7
2026-06-04 00:35:00,61907.8,71132.1,61900.0,61911.5
2026-06-04 00:40:00,61985.0,71220.8,61894.3,62027.5
2026-06-04 00:45:00,61908.1,71132.4,61891.5,61915.9
2026-06-04 00:50:00,61784.0,70989.8,61694.5,61825.9
2026-06-04 00:55:00,61566.1,70739.4,61587.4,61556.1
2026-06-04 01:00:00,61334.8,70473.7,61360.3,61322.9
2026-06-04 01:05:00,61086.3,70188.2,61085.5,61086.6
2026-06-04 01:10:00,60810.6,69871.4,60887.6,60774.5
2026-06-04 01:15:00,60583.7,69610.7,60611.7,60570.5
2026-06-04 01:20:00,60426.2,69429.7,60470.7,60405.3
2026-06-04 01:25:00,60231.6,69206.1,60272.3,60212.5
2026-06-04 01:30:00,60071.2,69021.8,60081.9,60066.1
2026-06-04 01:35:00,60115.4,69072.6,60075.4,60134.1
2026-06-04 01:40:00,60414.6,69416.4,60434.0,60405.5
2026-06-04 01:45:00,60402.2,69402.1,60439.9,60384.5
2026-06-04 01:50:00,60233.1,69207.8,60272.7,60214.6
2026-06-04 01:55:00,60013.1,68955.1,60041.9,59999.6
2026-06-04 02:00:00,59840.8,68757.1,59824.6,59848.3
2026-06-04 02:05:00,59580.6,68458.1,59566.3,59587.3
2026-06-04 02:10:00,59286.5,68120.2,59300.0,59280.2
2026-06-04 02:15:00,59042.6,67839.9,59042.2,59042.9
2026-06-04 02:20:00,58810.7,67573.5,58728.0,58849.4
2026-06-04 02:25:00,58530.3,67251.3,58520.1,58535.2
2026-06-04 02:30:00,58182.5,66851.7,58227.0,58161.7
2026-06-04 02:35:00,57717.0,66316.8,57732.8,57709.6
2026-06-04 02:40:00,57532.1,66104.4,57511.9,57541.5
2026-06-04 02:45:00,57294.0,65830.8,57221.1,57328.2
2026-06-04 02:50:00,57007.1,65501.2,57048.2,56987.8
2026-06-04 02:55:00,56751.2,65207.1,56798.7,56729.0
2026-06-04 03:00:00,56526.1,64948.5,56539.4,56519.9
2026-06-04 03:05:00,56331.2,64724.5,56293.4,56348.8
2026-06-04 03:10:00,56148.2,64514.3,56131.1,56156.3
2026-06-04 03:15:00,55942.2,64277.6,56015.7,55907.8
2026-06-04 03:20:00,55782.8,64094.4,55805.1,55772.4
2026-06-04 03:25:00,55601.4,63886.0,55574.6,55613.9
2026-06-04 03:30:00,55473.7,63739.3,55482.7,55469.5
2026-06-04 03:35:00,55411.7,63668.0,55427.4,55404.4
2026-06-04 03:40:00,55365.4,63614.8,55319.1,55387.1
2026-06-04 03:45:00,55286.8,63524.5,55304.5,55278.5
2026-06-04 03:50:00,55220.5,63448.4,55214.8,55223.1
2026-06-04 03:55:00,55110.7,63322.2,55099.3,55116.0
2026-06-04 04:00:00,55063.0,63267.4,55103.8,55043.9
2026-06-04 04:05:00,54970.7,63161.3,54991.0,54961.2
2026-06-04 04:10:00,54842.4,63013.9,54830.4,54848.0
2026-06-04 04:15:00,54712.4,62864.5,54695.3,54720.4
2026-06-04 04:20:00,54597.4,62732.4,54592.6,54599.7
2026-06-04 04:25:00,54487.9,62606.6,54604.9,54433.0
2026-06-04 04:30:00,54451.2,62564.4,54443.9,54454.7
2026-06-04 04:35:00,54368.9,62469.9,54316.6,54393.3
2026-06-04 04:40:00,54378.5,62480.9,54371.6,54381.7
2026-06-04 04:45:00,54371.5,62472.9,54348.6,54382.3
2026-06-04 04:50:00,54358.2,62457.6,54338.5,54367.5
2026-06-04 04:55:00,54360.3,62460.0,54336.0,54371.6
2026-06-04 05:00:00,54335.0,62430.9,54336.0,54334.6
2026-06-04 05:05:00,54260.1,62344.9,54330.5,54227.2
2026-06-04 05:10:00,54229.8,62310.0,54210.9,54238.7
2026-06-04 05:15:00,54217.0,62295.3,54195.9,54226.8
2026-06-04 05:20:00,54218.5,62297.1,54200.7,54226.9
2026-06-04 05:25:00,54183.0,62256.3,54179.8,54184.6
2026-06-04 05:30:00,54097.1,62157.6,54172.5,54061.7
2026-06-04 05:35:00,54040.1,62092.1,54027.5,54045.9
2026-06-04 05:40:00,54087.9,62147.0,54067.5,54097.4
2026-06-04 05:45:00,54074.4,62131.5,54058.4,54081.9
2026-06-04 05:50:00,54075.9,62133.2,54058.4,54084.1
2026-06-04 05:55:00,54074.9,62132.1,54058.0,54082.8
2026-06-04 06:00:00,54078.5,62136.2,54060.9,54086.7
2026-06-04 06:05:00,54070.9,62127.5,54052.5,54079.6
2026-06-04 06:10:00,54086.9,62145.8,54077.2,54091.5
2026-06-04 06:15:00,54070.2,62126.7,54058.0,54075.9
2026-06-04 06:20:00,54072.3,62129.1,54064.5,54076.0
2026-06-04 06:25:00,54068.3,62124.5,54053.4,54075.3
2026-06-04 06:30:00,54067.8,62123.9,54059.0,54071.9
2026-06-04 06:35:00,54143.9,62211.3,54106.2,54161.5
2026-06-04 06:40:00,54195.5,62270.6,54165.7,54209.4
2026-06-04 06:45:00,54305.4,62396.9,54274.1,54320.0
2026-06-04 06:50:00,54316.3,62409.4,54273.6,54336.2
2026-06-04 06:55:00,54356.1,62455.2,54404.9,54333.2
2026-06-04 07:00:00,54435.6,62546.5,54412.4,54446.5
2026-06-04 07:05:00,54431.4,62541.7,54414.2,54439.4
2026-06-04 07:10:00,54466.8,62582.4,54454.6,54472.6
2026-06-04 07:15:00,54472.5,62588.9,54526.8,54447.0
2026-06-04 07:20:00,54553.2,62681.6,54523.0,54567.4
2026-06-04 07:25:00,54551.9,62680.1,54533.0,54560.7
2026-06-04 07:30:00,54549.1,62676.9,54535.4,54555.5
2026-06-04 07:35:00,54617.5,62755.5,54633.7,54609.9
2026-06-04 07:40:00,54828.0,62997.4,54833.6,54825.4
2026-06-04 07:45:00,54899.7,63079.8,54906.2,54896.7
2026-06-04 07:50:00,55017.6,63215.2,55014.6,55019.0
2026-06-04 07:55:00,55138.4,63354.0,55132.6,55141.1
2026-06-04 08:00:00,55258.0,63491.4,55259.1,55257.5
2026-06-04 08:05:00,55379.2,63630.7,55385.5,55376.2
2026-06-04 08:10:00,55562.4,63841.2,55558.8,55564.0
2026-06-04 08:15:00,55666.5,63960.8,55629.6,55683.8
2026-06-04 08:20:00,55772.6,64082.7,55728.5,55793.3
2026-06-04 08:25:00,55871.2,64196.0,55838.3,55886.6
2026-06-04 08:30:00,56039.7,64389.6,56008.8,56054.1
2026-06-04 08:35:00,56289.4,64676.5,56340.4,56265.5
2026-06-04 08:40:00,56664.7,65107.7,56638.9,56676.8
2026-06-04 08:45:00,56867.2,65340.4,56867.3,56867.1
2026-06-04 08:50:00,57102.1,65610.3,57047.9,57127.5
2026-06-04 08:55:00,57270.2,65803.5,57301.5,57255.5
2026-06-04 09:00:00,57450.9,66011.1,57411.8,57469.2
2026-06-04 09:05:00,57633.1,66220.4,57560.6,57667.1
2026-06-04 09:10:00,57904.6,66532.4,57863.5,57923.9
2026-06-04 09:15:00,58038.9,66686.7,58093.2,58013.4
2026-06-04 09:20:00,58243.7,66922.0,58186.8,58270.3
2026-06-04 09:25:00,58404.4,67106.7,58423.9,58395.2
2026-06-04 09:30:00,58561.6,67287.3,58527.4,58577.6
2026-06-04 09:35:00,58902.9,67679.4,58852.7,58926.3
2026-06-04 09:40:00,59406.7,68258.3,59373.9,59422.1
2026-06-04 09:45:00,59720.2,68618.5,59671.0,59743.2
2026-06-04 09:50:00,60030.8,68975.4,59981.9,60053.7
2026-06-04 09:55:00,60211.4,69182.9,60276.6,60180.9
2026-06-04 10:00:00,60444.8,69451.1,60453.0,60440.9
2026-06-04 10:05:00,60620.7,69653.2,60583.0,60638.3
2026-06-04 10:10:00,60844.4,69910.2,60848.2,60842.6
2026-06-04 10:15:00,61004.0,70093.6,60961.9,61023.7
2026-06-04 10:20:00,61118.1,70224.7,61153.2,61101.6
2026-06-04 10:25:00,61324.1,70461.4,61274.0,61347.6
2026-06-04 10:30:00,61492.0,70654.3,61459.6,61507.2
2026-06-04 10:35:00,61882.2,71102.6,61814.1,61914.0
2026-06-04 10:40:00,62428.8,71730.7,62396.4,62444.0
2026-06-04 10:45:00,62827.2,72188.5,62758.2,62859.5
2026-06-04 10:50:00,63167.2,72579.1,63152.8,63173.9
2026-06-04 10:55:00,63461.5,72917.3,63450.2,63466.8
2026-06-04 11:00:00,63785.1,73289.1,63747.7,63802.6
2026-06-04 11:05:00,63982.3,73515.7,63994.6,63976.5
2026-06-04 11:10:00,64260.9,73835.8,64292.4,64246.2
2026-06-04 11:15:00,64468.2,74074.0,64514.3,64446.6
2026-06-04 11:20:00,64612.2,74239.4,64676.9,64581.9
2026-06-04 11:25:00,64724.1,74368.0,64766.3,64704.3
2026-06-04 11:30:00,64846.5,74508.6,64881.7,64830.0
2026-06-04 11:35:00,64818.2,74476.1,64832.2,64811.7
2026-06-04 11:40:00,64894.4,74563.7,64866.0,64907.6
2026-06-04 11:45:00,65037.6,74728.2,64963.7,65072.1
2026-06-04 11:50:00,65141.2,74847.2,65140.3,65141.6
2026-06-04 11:55:00,65180.3,74892.2,65259.6,65143.2
2026-06-04 12:00:00,65216.8,74934.1,65246.8,65202.8
2026-06-04 12:05:00,65160.7,74869.6,65176.3,65153.4
2026-06-04 12:10:00,65175.1,74886.2,65196.6,65165.1
2026-06-04 12:15:00,65144.7,74851.3,65153.5,65140.5
2026-06-04 12:20:00,65100.5,74800.5,65144.3,65079.9
2026-06-04 12:25:00,65042.3,74733.6,65037.7,65044.5
2026-06-04 12:30:00,64959.6,74638.6,65004.4,64938.5
2026-06-04 12:35:00,64777.8,74429.7,64884.1,64728.0
2026-06-04 12:40:00,64848.3,74510.7,64870.3,64837.9
2026-06-04 12:45:00,64888.1,74556.4,64958.8,64855.0
2026-06-04 12:50:00,65052.9,74745.8,65049.1,65054.7
2026-06-04 12:55:00,65091.6,74790.2,65148.2,65065.0
2026-06-04 13:00:00,65122.8,74826.1,65137.4,65116.0
2026-06-04 13:05:00,65028.4,74717.6,65022.8,65031.0
2026-06-04 13:10:00,64952.8,74630.8,64948.2,64954.9
2026-06-04 13:15:00,64860.0,74524.1,64925.6,64829.3
2026-06-04 13:20:00,64789.4,74443.0,64841.5,64765.0
2026-06-04 13:25:00,64731.9,74377.0,64730.8,64732.5
2026-06-04 13:30:00,64660.4,74294.8,64635.0,64672.3
2026-06-04 13:35:00,64528.5,74143.2,64563.8,64512.0
2026-06-04 13:40:00,64437.1,74038.2,64417.1,64446.4
2026-06-04 13:45:00,64342.1,73929.1,64310.8,64356.7
2026-06-04 13:50:00,64220.0,73788.8,64216.4,64221.8
2026-06-04 13:55:00,64108.3,73660.4,64085.3,64119.1
2026-06-04 14:00:00,64040.3,73582.3,63997.7,64060.3
2026-06-04 14:05:00,63925.3,73450.2,63861.0,63955.3
2026-06-04 14:10:00,63846.2,73359.3,63798.6,63868.4
2026-06-04 14:15:00,63739.4,73236.6,63647.5,63782.4
2026-06-04 14:20:00,63640.7,73123.2,63548.8,63683.7
2026-06-04 14:25:00,63440.1,72892.7,63367.7,63474.0
2026-06-04 14:30:00,63136.4,72543.7,63099.6,63153.7
2026-06-04 14:35:00,62629.1,71960.8,62694.8,62598.3
2026-06-04 14:40:00,62634.6,71967.2,62622.3,62640.3
2026-06-04 14:45:00,62648.3,71982.9,62606.4,62667.9
2026-06-04 14:50:00,62641.1,71974.6,62584.1,62667.8
2026-06-04 14:55:00,62659.5,71995.8,62595.7,62689.5
2026-06-04 15:00:00,62629.6,71961.4,62674.7,62608.4
2026-06-04 15:05:00,62468.8,71776.7,62445.8,62479.6
2026-06-04 15:10:00,62408.1,71706.9,62377.8,62422.3
2026-06-04 15:15:00,62504.6,71817.8,62438.7,62535.5
2026-06-04 15:20:00,62592.6,71918.9,62537.4,62618.4
2026-06-04 15:25:00,62763.8,72115.6,62723.2,62782.8
2026-06-04 15:30:00,63004.2,72391.8,62966.8,63021.7
2026-06-04 15:35:00,63311.8,72745.3,63295.7,63319.3
2026-06-04 15:40:00,63632.8,73114.1,63599.8,63648.3
2026-06-04 15:45:00,63938.5,73465.3,63963.9,63926.6
2026-06-04 15:50:00,64129.0,73684.2,64155.2,64116.7
2026-06-04 15:55:00,64319.7,73903.3,64332.8,64313.6
2026-06-04 16:00:00,64515.8,74128.7,64533.8,64507.3
2026-06-04 16:05:00,64746.6,74393.8,64689.3,64773.4
2026-06-04 16:10:00,64969.3,74649.7,64931.4,64987.1
2026-06-04 16:15:00,65180.6,74892.5,65141.8,65198.8
2026-06-04 16:20:00,65351.8,75089.2,65326.1,65363.8
2026-06-04 16:25:00,65408.6,75154.5,65451.0,65388.7
2026-06-04 16:30:00,65496.7,75255.7,65482.0,65503.6
2026-06-04 16:35:00,65601.4,75376.0,65547.6,65626.6
2026-06-04 16:40:00,65639.1,75419.3,65651.6,65633.3
2026-06-04 16:45:00,65734.9,75529.4,65807.3,65701.0
2026-06-04 16:50:00,65824.2,75632.0,65890.9,65793.0
2026-06-04 16:55:00,65892.4,75710.4,65960.8,65860.3
2026-06-04 17:00:00,65951.8,75778.6,65962.7,65946.7
2026-06-04 17:05:00,66010.0,75845.5,66033.1,65999.2
2026-06-04 17:10:00,66002.7,75837.1,66028.3,65990.7
2026-06-04 17:15:00,65985.3,75817.1,65997.5,65979.7
2026-06-04 17:20:00,65983.8,75815.4,66025.4,65964.4
2026-06-04 17:25:00,65971.7,75801.5,66009.4,65954.1
2026-06-04 17:30:00,65956.9,75784.5,65985.4,65943.5
2026-06-04 17:35:00,65894.6,75712.9,65969.3,65859.6
2026-06-04 17:40:00,65806.7,75611.9,65836.0,65792.9
2026-06-04 17:45:00,65850.8,75662.6,65853.8,65849.4
2026-06-04 17:50:00,66006.4,75841.4,65991.8,66013.2
2026-06-04 17:55:00,66074.4,75919.5,66063.0,66079.8
2026-06-04 18:00:00,66209.9,76075.2,66172.3,66227.6
2026-06-04 18:05:00,66260.4,76133.2,66269.8,66256.0
2026-06-04 18:10:00,66392.1,76284.5,66382.8,66396.5
2026-06-04 18:15:00,66496.8,76404.8,66492.3,66499.0
2026-06-04 18:20:00,66605.1,76529.3,66612.0,66601.9
2026-06-04 18:25:00,66713.5,76653.8,66700.9,66719.4
2026-06-04 18:30:00,66765.7,76713.8,66767.6,66764.8
2026-06-04 18:35:00,66756.9,76703.7,66805.8,66734.0
2026-06-04 18:40:00,66640.8,76570.3,66751.2,66589.1
2026-06-04 18:45:00,66726.0,76668.2,66773.4,66703.8
2026-06-04 18:50:00,66789.6,76741.3,66796.4,66786.4
2026-06-04 18:55:00,66880.7,76845.9,66894.6,66874.2
2026-06-04 19:00:00,66991.4,76973.1,67028.2,66974.2
2026-06-04 19:05:00,67053.9,77044.9,67093.4,67035.4
2026-06-04 19:10:00,67068.0,77061.1,67105.4,67050.5
2026-06-04 19:15:00,67101.4,77099.5,67208.6,67051.2
2026-06-04 19:20:00,67155.1,77161.2,67230.2,67119.9
2026-06-04 19:25:00,67129.3,77131.6,67176.9,67107.0
2026-06-04 19:30:00,67113.9,77113.9,67155.6,67094.4
2026-06-04 19:35:00,67033.4,77021.4,67067.7,67017.3
2026-06-04 19:40:00,66865.5,76828.5,66883.7,66857.0
2026-06-04 19:45:00,66872.3,76836.3,66953.8,66834.1
2026-06-04 19:50:00,66894.4,76861.7,66976.9,66855.8
2026-06-04 19:55:00,66951.7,76927.5,66971.1,66942.7
2026-06-04 20:00:00,66957.2,76933.8,66972.7,66950.0
2026-06-04 20:05:00,66975.6,76955.0,67061.4,66935.3
2026-06-04 20:10:00,66989.8,76971.3,67069.0,66952.7
2026-06-04 20:15:00,66988.7,76970.0,67061.1,66954.8
2026-06-04 20:20:00,66991.2,76972.9,67066.2,66956.0
2026-06-04 20:25:00,67021.6,77007.8,67038.3,67013.7
2026-06-04 20:30:00,66990.7,76972.3,67008.2,66982.5
2026-06-04 20:35:00,66973.7,76952.8,66965.9,66977.4
2026-06-04 20:40:00,66850.4,76811.1,66913.9,66820.7
2026-06-04 20:45:00,66867.3,76830.5,66947.0,66830.0
2026-06-04 20:50:00,66885.2,76851.1,66973.1,66844.0
2026-06-04 20:55:00,66939.8,76913.8,66960.9,66929.9
2026-06-04 21:00:00,66955.2,76931.5,66973.6,66946.7
2026-06-04 21:05:00,66989.6,76971.1,67071.5,66951.3
2026-06-04 21:10:00,66974.8,76954.0,67056.4,66936.6
2026-06-04 21:15:00,66963.5,76941.1,67041.1,66927.2
2026-06-04 21:20:00,66966.0,76943.9,67046.2,66928.4
2026-06-04 21:25:00,66929.1,76901.5,67014.6,66889.0
2026-06-04 21:30:00,66881.1,76846.4,66889.0,66877.5
2026-06-04 21:35:00,66866.6,76829.7,66830.8,66883.3
2026-06-04 21:40:00,66778.8,76728.8,66817.8,66760.6
2026-06-04 21:45:00,66796.2,76748.8,66792.8,66797.8
2026-06-04 21:50:00,66795.8,76748.4,66784.9,66801.0
2026-06-04 21:55:00,66794.7,76747.1,66784.2,66799.6
2026-06-04 22:00:00,66787.0,76738.3,66775.7,66792.3
2026-06-04 22:05:00,66775.4,76724.9,66769.4,66778.2
2026-06-04 22:10:00,66782.6,76733.2,66781.8,66783.1
2026-06-04 22:15:00,66784.3,76735.2,66776.6,66787.9
2026-06-04 22:20:00,66786.9,76738.1,66782.3,66789.1
2026-06-04 22:25:00,66750.7,76696.6,66753.3,66749.4
2026-06-04 22:30:00,66681.9,76617.5,66735.2,66657.0
2026-06-04 22:35:00,66592.3,76514.6,66565.1,66605.1
2026-06-04 22:40:00,66509.1,76419.0,66465.4,66529.6
2026-06-04 22:45:00,66450.6,76351.7,66425.6,66462.3
2026-06-04 22:50:00,66388.1,76279.9,66427.9,66369.4
2026-06-04 22:55:00,66353.6,76240.3,66322.4,66368.2
2026-06-04 23:00:00,66281.5,76157.4,66313.1,66266.8
2026-06-04 23:05:00,66232.0,76100.6,66177.0,66257.8
2026-06-04 23:10:00,66176.6,76036.9,66209.5,66161.2
2026-06-04 23:15:00,66137.7,75992.2,66085.3,66162.2
2026-06-04 23:20:00,66070.6,75915.1,66091.2,66060.9
2026-06-04 23:25:00,66018.7,75855.5,65973.8,66039.8
2026-06-04 23:30:00,65915.6,75737.0,65962.3,65893.7
2026-06-04 23:35:00,65640.7,75421.2,65733.9,65597.0
2026-06-04 23:40:00,65391.9,75135.3,65485.4,65348.1
2026-06-04 23:45:00,65180.3,74892.2,65199.9,65171.2
2026-06-04 23:50:00,64998.5,74683.3,64976.4,65008.8
2026-06-04 23:55:00,64822.4,74480.9,64801.0,64832.4
2026-06-05 00:00:00,64643.0,74274.8,64620.6,64653.5
2026-06-05 00:05:00,64473.9,74080.5,64454.4,64483.0
2026-06-05 00:10:00,64340.3,73927.0,64365.1,64328.7
2026-06-05 00:15:00,64182.3,73745.5,64160.0,64192.7
2026-06-05 00:20:00,64013.5,73551.5,64065.0,63989.3
2026-06-05 00:25:00,63866.9,73383.1,63877.7,63861.9
2026-06-05 00:30:00,63695.8,73186.5,63722.2,63683.4
2026-06-05 00:35:00,63489.6,72949.6,63534.4,63468.6
2026-06-05 00:40:00,63508.7,72971.5,63494.9,63515.2
2026-06-05 00:45:00,63395.1,72841.0,63392.4,63396.3
2026-06-05 00:50:00,63259.5,72685.2,63249.2,63264.4
2026-06-05 00:55:00,63151.7,72561.3,63137.1,63158.5
2026-06-05 01:00:00,63037.2,72429.7,63041.9,63035.0
2026-06-05 01:05:00,62835.3,72197.8,62802.3,62850.8
2026-06-05 01:10:00,62681.4,72020.9,62663.5,62689.7
2026-06-05 01:15:00,62570.7,71893.7,62566.6,62572.6
2026-06-05 01:20:00,62398.6,71696.0,62379.2,62407.7
2026-06-05 01:25:00,62243.1,71517.3,62278.6,62226.6
2026-06-05 01:30:00,62096.1,71348.4,62129.2,62080.6
2026-06-05 01:35:00,62095.1,71347.3,62087.8,62098.5
2026-06-05 01:40:00,62477.7,71786.9,62461.6,62485.3
2026-06-05 01:45:00,62529.0,71845.8,62530.2,62528.5
2026-06-05 01:50:00,62335.2,71623.1,62334.4,62335.5
2026-06-05 01:55:00,62103.3,71356.7,62040.5,62132.7
2026-06-05 02:00:00,61873.6,71092.8,61758.3,61927.6
2026-06-05 02:05:00,61498.3,70661.5,61475.2,61509.1
2026-06-05 02:10:00,61126.5,70234.3,61127.7,61126.0
2026-06-05 02:15:00,60765.1,69819.1,60711.6,60790.2
2026-06-05 02:20:00,60419.9,69422.5,60442.8,60409.1
2026-06-05 02:25:00,60059.0,69007.8,60061.0,60058.1
2026-06-05 02:30:00,59665.8,68556.0,59641.5,59677.2
2026-06-05 02:35:00,59015.3,67808.6,59093.2,58978.7
2026-06-05 02:40:00,58777.3,67535.1,58845.6,58745.3
2026-06-05 02:45:00,58453.2,67162.7,58436.8,58460.9
2026-06-05 02:50:00,58178.3,66846.9,58170.4,58182.0
2026-06-05 02:55:00,57959.0,66594.9,57895.0,57988.9
2026-06-05 03:00:00,57753.2,66358.4,57726.8,57765.5
2026-06-05 03:05:00,57527.0,66098.5,57528.4,57526.4
2026-06-05 03:10:00,57276.5,65810.7,57272.0,57278.6
2026-06-05 03:15:00,57041.0,65540.1,57034.5,57044.0
2026-06-05 03:20:00,56810.1,65274.8,56865.2,56784.3
2026-06-05 03:25:00,56628.1,65065.7,56599.5,56641.5
2026-06-05 03:30:00,56477.4,64892.5,56415.5,56506.4
2026-06-05 03:35:00,56376.5,64776.6,56374.2,56377.5
2026-06-05 03:40:00,56301.4,64690.3,56327.2,56289.3
2026-06-05 03:45:00,56204.9,64579.4,56213.8,56200.8
2026-06-05 03:50:00,56123.3,64485.7,56083.0,56142.1
2026-06-05 03:55:00,56039.6,64389.5,55976.7,56069.1
2026-06-05 04:00:00,55970.7,64310.3,55985.5,55963.7
2026-06-05 04:05:00,55915.2,64246.6,55909.5,55917.9
2026-06-05 04:10:00,55881.6,64208.0,55927.4,55860.2
2026-06-05 04:15:00,55808.5,64124.0,55783.7,55820.1
2026-06-05 04:20:00,55740.1,64045.4,55766.6,55727.6
2026-06-05 04:25:00,55695.9,63994.6,55680.4,55703.2
2026-06-05 04:30:00,55632.4,63921.6,55687.5,55606.6
2026-06-05 04:35:00,55587.5,63870.0,55561.7,55599.6
2026-06-05 04:40:00,55566.4,63845.8,55619.4,55541.5
2026-06-05 04:45:00,55496.4,63765.4,55470.3,55508.6
2026-06-05 04:50:00,55488.2,63755.9,55467.6,55497.9
2026-06-05 04:55:00,55483.8,63750.9,55464.5,55492.8
2026-06-05 05:00:00,55410.6,63666.8,55474.7,55380.6
2026-06-05 05:05:00,55344.7,63591.1,55334.6,55349.5
2026-06-05 05:10:00,55284.9,63522.4,55359.6,55249.9
2026-06-05 05:15:00,55236.8,63467.1,55242.1,55234.3
2026-06-05 05:20:00,55176.5,63397.8,55247.6,55143.2
2026-06-05 05:25:00,55133.0,63347.8,55103.6,55146.9
2026-06-05 05:30:00,55131.2,63345.7,55101.5,55145.2
2026-06-05 05:35:00,55035.4,63235.7,55114.0,54998.7
2026-06-05 05:40:00,55045.9,63247.7,55063.9,55037.5
2026-06-05 05:45:00,55029.3,63228.7,55041.8,55023.4
2026-06-05 05:50:00,55029.5,63228.9,55038.8,55025.1
2026-06-05 05:55:00,55049.9,63252.3,55036.4,55056.3
2026-06-05 06:00:00,55014.1,63211.2,55053.7,54995.5
2026-06-05 06:05:00,54995.0,63189.3,55007.6,54989.2
2026-06-05 06:10:00,54953.0,63141.0,55030.4,54916.7
2026-06-05 06:15:00,54898.4,63078.3,54875.0,54909.4
2026-06-05 06:20:00,54903.2,63083.8,54889.8,54909.4
2026-06-05 06:25:00,54912.6,63094.6,54884.2,54926.0
2026-06-05 06:30:00,54910.8,63092.5,54884.6,54923.1
2026-06-05 06:35:00,54995.8,63190.2,54942.7,55020.7
2026-06-05 06:40:00,55094.0,63303.0,55144.0,55070.6
2026-06-05 06:45:00,55135.0,63350.1,55107.3,55148.0
2026-06-05 06:50:00,55219.5,63447.2,55195.9,55230.6
2026-06-05 06:55:00,55217.7,63445.1,55189.8,55230.7
2026-06-05 07:00:00,55222.7,63450.9,55196.2,55235.1
2026-06-05 07:05:00,55218.2,63445.7,55187.3,55232.6
2026-06-05 07:10:00,55259.5,63493.2,55237.3,55269.9
2026-06-05 07:15:00,55330.4,63574.6,55313.4,55338.4
2026-06-05 07:20:00,55328.8,63572.8,55311.6,55336.8
2026-06-05 07:25:00,55334.9,63579.8,55348.4,55328.6
2026-06-05 07:30:00,55378.3,63629.7,55348.2,55392.4
2026-06-05 07:35:00,55519.6,63792.0,55532.6,55513.5
2026-06-05 07:40:00,55686.9,63984.2,55718.6,55672.1
2026-06-05 07:45:00,55777.6,64088.5,55856.2,55740.8
2026-06-05 07:50:00,55813.2,64129.4,55837.4,55801.9
2026-06-05 07:55:00,55880.9,64207.2,55945.9,55850.5
2026-06-05 08:00:00,55949.4,64285.9,55948.7,55949.8
2026-06-05 08:05:00,56081.0,64437.1,56063.1,56089.4
2026-06-05 08:10:00,56241.4,64621.4,56229.7,56246.8
2026-06-05 08:15:00,56337.7,64732.0,56386.9,56314.7
2026-06-05 08:20:00,56419.2,64825.7,56383.7,56435.8
2026-06-05 08:25:00,56544.1,64969.2,56487.8,56570.4
2026-06-05 08:30:00,56689.3,65136.0,56726.2,56672.1
2026-06-05 08:35:00,56913.6,65393.7,56911.7,56914.4
2026-06-05 08:40:00,57275.2,65809.2,57295.2,57265.8
2026-06-05 08:45:00,57466.2,66028.7,57418.1,57488.8
2026-06-05 08:50:00,57684.3,66279.3,57594.6,57726.3
2026-06-05 08:55:00,57863.9,66485.6,57875.8,57858.4
2026-06-05 09:00:00,57984.3,66624.0,58067.3,57945.4
2026-06-05 09:05:00,58136.9,66799.3,58144.0,58133.6
2026-06-05 09:10:00,58360.4,67056.1,58375.9,58353.1
2026-06-05 09:15:00,58481.3,67195.0,58487.0,58478.5
2026-06-05 09:20:00,58613.9,67347.4,58591.7,58624.3
2026-06-05 09:25:00,58838.1,67605.0,58821.9,58845.8
2026-06-05 09:30:00,58968.1,67754.3,58973.7,58965.5
2026-06-05 09:35:00,59278.0,68110.4,59284.9,59274.8
2026-06-05 09:40:00,59762.4,68667.0,59744.6,59770.8
2026-06-05 09:45:00,60029.1,68973.4,60018.8,60033.9
2026-06-05 09:50:00,60265.7,69245.3,60286.0,60256.3
2026-06-05 09:55:00,60448.5,69455.3,60416.0,60463.8
2026-06-05 10:00:00,60620.4,69652.8,60581.3,60638.8
2026-06-05 10:05:00,60737.8,69787.7,60755.8,60729.3
2026-06-05 10:10:00,60954.8,70037.1,60946.5,60958.6
2026-06-05 10:15:00,61141.8,70251.9,61167.9,61129.6
2026-06-05 10:20:00,61292.5,70425.1,61294.9,61291.4
2026-06-05 10:25:00,61412.5,70563.0,61409.6,61413.8
2026-06-05 10:30:00,61549.4,70720.3,61496.4,61574.3
2026-06-05 10:35:00,61872.5,71091.5,61881.7,61868.3
2026-06-05 10:40:00,62408.7,71707.6,62360.8,62431.1
2026-06-05 10:45:00,62780.7,72135.0,62723.7,62807.4
2026-06-05 10:50:00,63145.1,72553.7,63135.4,63149.6
2026-06-05 10:55:00,63375.5,72818.4,63333.2,63395.4
2026-06-05 11:00:00,63672.7,73159.9,63653.6,63681.7
2026-06-05 11:05:00,63896.9,73417.5,63883.6,63903.1
2026-06-05 11:10:00,64164.0,73724.4,64166.8,64162.7
2026-06-05 11:15:00,64363.4,73953.5,64423.3,64335.3
2026-06-05 11:20:00,64508.3,74120.0,64566.9,64480.9
2026-06-05 11:25:00,64607.1,74233.6,64663.3,64580.7
2026-06-05 11:30:00,64736.4,74382.1,64739.6,64735.0
2026-06-05 11:35:00,64692.1,74331.2,64690.1,64693.1
2026-06-05 11:40:00,64789.7,74443.4,64787.9,64790.5
2026-06-05 11:45:00,64940.1,74616.2,64882.7,64967.0
2026-06-05 11:50:00,65039.5,74730.4,65108.6,65007.1
2026-06-05 11:55:00,65094.8,74793.9,65078.0,65102.6
2026-06-05 12:00:00,65126.5,74830.3,65162.0,65109.9
2026-06-05 12:05:00,65081.0,74778.1,65082.8,65080.2
2026-06-05 12:10:00,65084.7,74782.3,65099.7,65077.7
2026-06-05 12:15:00,65046.0,74737.9,65067.0,65036.1
2026-06-05 12:20:00,64996.2,74680.6,65056.9,64967.8
2026-06-05 12:25:00,64925.9,74599.9,64923.2,64927.1
2026-06-05 12:30:00,64813.3,74470.5,64800.4,64819.4
2026-06-05 12:35:00,64659.8,74294.1,64688.3,64646.5
2026-06-05 12:40:00,64711.1,74353.1,64785.6,64676.2
2026-06-05 12:45:00,64786.9,74440.1,64780.7,64789.8
2026-06-05 12:50:00,64938.6,74614.5,64947.3,64934.6
2026-06-05 12:55:00,64970.7,74651.3,65037.1,64939.6
2026-06-05 13:00:00,65003.7,74689.3,65028.3,64992.1
2026-06-05 13:05:00,64910.1,74581.7,64923.3,64904.0
2026-06-05 13:10:00,64838.2,74499.1,64851.4,64832.0
2026-06-05 13:15:00,64770.1,74420.8,64751.6,64778.7
2026-06-05 13:20:00,64727.1,74371.4,64773.9,64705.2
2026-06-05 13:25:00,64692.0,74331.1,64664.5,64704.9
2026-06-05 13:30:00,64693.2,74332.5,64661.2,64708.2
2026-06-05 13:35:00,64623.3,74252.2,64578.9,64644.1
2026-06-05 13:40:00,64582.3,74205.1,64557.2,64594.1
2026-06-05 13:45:00,64533.6,74149.1,64553.4,64524.4
2026-06-05 13:50:00,64499.4,74109.8,64457.4,64519.1
2026-06-05 13:55:00,64462.6,74067.5,64435.2,64475.4
2026-06-05 14:00:00,64393.3,73987.9,64440.6,64371.2
2026-06-05 14:05:00,64270.4,73846.7,64217.2,64295.3
2026-06-05 14:10:00,64148.1,73706.2,64146.6,64148.8
2026-06-05 14:15:00,63976.7,73509.2,63915.0,64005.7
2026-06-05 14:20:00,63805.6,73312.6,63724.7,63843.5
2026-06-05 14:25:00,63580.7,73054.2,63542.4,63598.7
2026-06-05 14:30:00,63260.9,72686.8,63177.3,63300.0
2026-06-05 14:35:00,62838.9,72201.9,62826.2,62844.8
2026-06-05 14:40:00,62881.2,72250.5,62838.8,62901.0
2026-06-05 14:45:00,62972.6,72355.5,62898.0,63007.6
2026-06-05 14:50:00,62972.2,72355.1,62965.7,62975.3
2026-06-05 14:55:00,62982.3,72366.7,62968.1,62988.9
2026-06-05 15:00:00,62978.5,72362.3,62948.3,62992.6
2026-06-05 15:05:00,62892.8,72263.8,62828.6,62922.9
2026-06-05 15:10:00,62909.7,72283.2,62859.3,62933.3
2026-06-05 15:15:00,62936.9,72314.5,62904.7,62951.9
2026-06-05 15:20:00,62984.3,72369.0,62956.9,62997.2
2026-06-05 15:25:00,63088.3,72488.5,63094.6,63085.3
2026-06-05 15:30:00,63246.4,72670.1,63240.0,63249.4
2026-06-05 15:35:00,63619.8,73099.2,63562.9,63646.5
2026-06-05 15:40:00,63941.6,73468.9,64020.0,63904.9
2026-06-05 15:45:00,64188.3,73752.4,64210.3,64178.0
2026-06-05 15:50:00,64342.4,73929.4,64442.8,64295.3
2026-06-05 15:55:00,64473.8,74080.4,64510.0,64456.8
2026-06-05 16:00:00,64612.8,74240.1,64730.3,64557.8
2026-06-05 16:05:00,64836.2,74496.8,64800.9,64852.7
2026-06-05 16:10:00,65048.7,74741.0,64996.3,65073.2
2026-06-05 16:15:00,65242.9,74964.1,65239.6,65244.5
2026-06-05 16:20:00,65343.0,75079.1,65413.2,65310.1
2026-06-05 16:25:00,65406.8,75152.4,65442.6,65390.0
2026-06-05 16:30:00,65472.9,75228.4,65446.2,65485.4
2026-06-05 16:35:00,65568.2,75337.9,65526.2,65587.9
2026-06-05 16:40:00,65643.6,75424.5,65652.6,65639.4
2026-06-05 16:45:00,65721.4,75513.9,65795.3,65686.8
2026-06-05 16:50:00,65812.1,75618.1,65876.2,65782.1
2026-06-05 16:55:00,65858.7,75671.6,65852.8,65861.4
2026-06-05 17:00:00,65943.9,75769.5,65945.6,65943.1
2026-06-05 17:05:00,66000.9,75835.0,66025.8,65989.2
2026-06-05 17:10:00,66002.6,75837.0,66020.4,65994.3
2026-06-05 17:15:00,65993.9,75827.0,66016.7,65983.3
2026-06-05 17:20:00,65985.1,75816.9,66020.7,65968.5
2026-06-05 17:25:00,65972.5,75802.4,66003.8,65957.8
2026-06-05 17:30:00,65957.9,75785.6,65980.4,65947.4
2026-06-05 17:35:00,65900.6,75719.8,65964.9,65870.4
2026-06-05 17:40:00,65810.5,75616.3,65829.4,65801.6
2026-06-05 17:45:00,65844.9,75655.8,65848.6,65843.2
2026-06-05 17:50:00,65991.3,75824.0,65993.3,65990.3
2026-06-05 17:55:00,66056.7,75899.1,66056.0,66057.0
2026-06-05 18:00:00,66208.5,76073.6,66165.7,66228.5
2026-06-05 18:05:00,66256.3,76128.5,66266.7,66251.4
2026-06-05 18:10:00,66378.1,76268.4,66376.3,66378.9
2026-06-05 18:15:00,66482.7,76388.6,66485.3,66481.4
2026-06-05 18:20:00,66579.4,76499.7,66595.5,66571.8
2026-06-05 18:25:00,66694.3,76631.8,66694.9,66694.1
2026-06-05 18:30:00,66749.3,76694.9,66755.0,66746.6
2026-06-05 18:35:00,66756.9,76703.7,66806.1,66733.9
2026-06-05 18:40:00,66652.0,76583.1,66754.6,66603.9
2026-06-05 18:45:00,66725.1,76667.1,66771.1,66703.5
2026-06-05 18:50:00,66785.1,76736.1,66790.5,66782.6
2026-06-05 18:55:00,66876.8,76841.4,66890.6,66870.3
2026-06-05 19:00:00,66926.2,76898.2,67023.1,66880.8
2026-06-05 19:05:00,66964.0,76941.6,66996.5,66948.7
2026-06-05 19:10:00,67014.5,76999.7,67101.9,66973.6
2026-06-05 19:15:00,67060.8,77052.9,67089.5,67047.3
2026-06-05 19:20:00,67093.3,77090.2,67208.6,67039.3
2026-06-05 19:25:00,67060.0,77051.9,67172.3,67007.4
2026-06-05 19:30:00,67046.6,77036.5,67151.0,66997.7
2026-06-05 19:35:00,66934.0,76907.2,66959.6,66922.0
2026-06-05 19:40:00,66779.1,76729.2,66801.4,66768.6
2026-06-05 19:45:00,66829.8,76787.4,66859.2,66816.0
2026-06-05 19:50:00,66847.5,76807.8,66877.9,66833.2
2026-06-05 19:55:00,66845.7,76805.7,66873.8,66832.5
2026-06-05 20:00:00,66850.8,76811.6,66874.3,66839.8
2026-06-05 20:05:00,66873.4,76837.5,66966.2,66830.0
2026-06-05 20:10:00,66884.1,76849.8,66972.9,66842.5
2026-06-05 20:15:00,66942.8,76917.3,66965.2,66932.3
2026-06-05 20:20:00,66945.2,76920.0,66970.3,66933.5
2026-06-05 20:25:00,66911.3,76881.1,66927.0,66904.0
2026-06-05 20:30:00,66897.0,76864.7,66902.8,66894.3
2026-06-05 20:35:00,66891.7,76858.6,66886.4,66894.2
2026-06-05 20:40:00,66833.2,76791.3,66830.0,66834.7
2026-06-05 20:45:00,66835.4,76793.9,66848.7,66829.1
2026-06-05 20:50:00,66851.7,76812.6,66871.3,66842.5
2026-06-05 20:55:00,66878.4,76843.3,66951.7,66844.0
2026-06-05 21:00:00,66895.2,76862.6,66968.6,66860.8
2026-06-05 21:05:00,66953.2,76929.2,66973.1,66943.9
2026-06-05 21:10:00,66972.2,76951.1,67051.4,66935.0
2026-06-05 21:15:00,66959.5,76936.5,67031.9,66925.6
2026-06-05 21:20:00,66962.5,76939.9,67038.7,66926.8
2026-06-05 21:25:00,66925.2,76897.1,67008.0,66886.4
2026-06-05 21:30:00,66879.8,76844.9,66884.4,66877.6
2026-06-05 21:35:00,66870.4,76834.1,66838.0,66885.6
2026-06-05 21:40:00,66783.5,76734.2,66825.6,66763.8
2026-06-05 21:45:00,66801.2,76754.6,66798.8,66802.3
2026-06-05 21:50:00,66802.1,76755.6,66789.2,66808.1
2026-06-05 21:55:00,66800.9,76754.2,66788.5,66806.7
2026-06-05 22:00:00,66792.9,76745.0,66778.9,66799.5
2026-06-05 22:05:00,66782.2,76732.7,66773.0,66786.6
2026-06-05 22:10:00,66788.5,76740.0,66784.9,66790.2
2026-06-05 22:15:00,66790.2,76741.9,66779.8,66795.0
2026-06-05 22:20:00,66792.8,76744.9,66785.6,66796.3
2026-06-05 22:25:00,66754.4,76700.8,66757.4,66753.0
2026-06-05 22:30:00,66686.2,76622.4,66739.3,66661.3
2026-06-05 22:35:00,66584.2,76505.2,66567.0,66592.3
2026-06-05 22:40:00,66513.4,76423.9,66472.5,66532.6
2026-06-05 22:45:00,66453.7,76355.3,66431.0,66464.3
2026-06-05 22:50:00,66390.7,76282.9,66426.1,66374.1
2026-06-05 22:55:00,66356.2,76243.3,66320.6,66372.9
2026-06-05 23:00:00,66346.7,76232.4,66310.1,66363.9
2026-06-05 23:05:00,66259.5,76132.2,66285.6,66247.3
2026-06-05 23:10:00,66244.6,76115.0,66206.6,66262.4
2026-06-05 23:15:00,66173.3,76033.1,66187.1,66166.8
2026-06-05 23:20:00,66142.6,75997.8,66088.4,66168.0
2026-06-05 23:25:00,66048.0,75889.2,66061.1,66041.8
2026-06-05 23:30:00,66011.0,75846.6,65961.8,66034.1
2026-06-05 23:35:00,65699.8,75489.1,65744.1,65679.1
2026-06-05 23:40:00,65467.4,75222.0,65484.4,65459.4
2026-06-05 23:45:00,65254.8,74977.8,65284.1,65241.0
2026-06-05 23:50:00,65039.5,74730.4,65105.1,65008.7
2026-06-05 23:55:00,64821.6,74480.0,64798.9,64832.3
2026-06-06 00:00:00,64640.8,74272.3,64617.9,64651.5
2026-06-06 00:05:00,64471.3,74077.5,64443.1,64484.5
2026-06-06 00:10:00,64339.7,73926.3,64363.5,64328.6
2026-06-06 00:15:00,64180.8,73743.7,64155.5,64192.6
2026-06-06 00:20:00,64011.9,73549.7,64067.1,63986.0
2026-06-06 00:25:00,63837.3,73349.1,63878.4,63818.1
2026-06-06 00:30:00,63695.1,73185.7,63722.0,63682.5
2026-06-06 00:35:00,63492.3,72952.7,63543.2,63468.4
2026-06-06 00:40:00,63508.4,72971.2,63513.6,63505.9
2026-06-06 00:45:00,63392.5,72838.0,63383.6,63396.7
2026-06-06 00:50:00,63259.5,72685.2,63249.0,63264.4
2026-06-06 00:55:00,63151.7,72561.3,63137.0,63158.6
2026-06-06 01:00:00,63035.9,72428.2,63037.8,63035.0
2026-06-06 01:05:00,62838.4,72201.3,62807.3,62852.9
2026-06-06 01:10:00,62682.0,72021.6,62665.2,62689.8
2026-06-06 01:15:00,62572.0,71895.2,62570.4,62572.7
2026-06-06 01:20:00,62450.2,71755.3,62383.0,62481.6
2026-06-06 01:25:00,62282.2,71562.2,62280.1,62283.2
2026-06-06 01:30:00,62095.7,71348.0,62128.2,62080.5
2026-06-06 01:35:00,62093.4,71345.3,62071.0,62103.9
2026-06-06 01:40:00,62461.3,71768.0,62438.8,62471.9
2026-06-06 01:45:00,62451.0,71756.2,62436.2,62457.9
2026-06-06 01:50:00,62261.1,71538.0,62259.8,62261.7
2026-06-06 01:55:00,62042.4,71286.7,61972.3,62075.3
2026-06-06 02:00:00,61814.2,71024.5,61766.0,61836.8
2026-06-06 02:05:00,61432.2,70585.6,61398.8,61447.8
2026-06-06 02:10:00,61057.7,70155.3,61010.9,61079.6
2026-06-06 02:15:00,60687.2,69729.6,60705.8,60678.6
2026-06-06 02:20:00,60369.9,69365.0,60402.5,60354.6
2026-06-06 02:25:00,60032.6,68977.5,59981.3,60056.7
2026-06-06 02:30:00,59604.0,68485.0,59651.9,59581.5
2026-06-06 02:35:00,59042.2,67839.5,59057.7,59034.9
2026-06-06 02:40:00,58790.6,67550.4,58803.1,58784.8
2026-06-06 02:45:00,58463.5,67174.6,58503.0,58445.0
2026-06-06 02:50:00,58160.3,66826.2,58157.9,58161.4
2026-06-06 02:55:00,57936.1,66568.6,57880.5,57962.1
2026-06-06 03:00:00,57702.4,66300.1,57625.4,57738.4
2026-06-06 03:05:00,57436.8,65994.9,57418.6,57445.3
2026-06-06 03:10:00,57170.3,65688.7,57154.8,57177.5
2026-06-06 03:15:00,56933.5,65416.6,56909.0,56945.0
2026-06-06 03:20:00,56700.5,65148.9,56740.7,56681.7
2026-06-06 03:25:00,56512.0,64932.3,56466.5,56533.3
2026-06-06 03:30:00,56349.6,64745.7,56287.1,56378.9
2026-06-06 03:35:00,56200.9,64574.8,56261.7,56172.4
2026-06-06 03:40:00,56059.8,64412.7,56075.8,56052.4
2026-06-06 03:45:00,55943.5,64279.1,55949.4,55940.7
2026-06-06 03:50:00,55810.4,64126.1,55814.3,55808.5
2026-06-06 03:55:00,55648.2,63939.8,55693.2,55627.2
2026-06-06 04:00:00,55551.8,63829.0,55494.0,55578.8
2026-06-06 04:05:00,55425.2,63683.6,55381.1,55445.9
2026-06-06 04:10:00,55298.0,63537.4,55272.0,55310.2
2026-06-06 04:15:00,55191.8,63415.4,55179.3,55197.7
2026-06-06 04:20:00,55076.0,63282.3,55057.7,55084.5
2026-06-06 04:25:00,54932.1,63117.0,54949.2,54924.2
2026-06-06 04:30:00,54817.2,62985.0,54818.9,54816.4
2026-06-06 04:35:00,54717.7,62870.6,54691.3,54730.1
2026-06-06 04:40:00,54647.0,62789.4,54706.1,54619.4
2026-06-06 04:45:00,54627.8,62767.3,54589.7,54645.6
2026-06-06 04:50:00,54585.5,62718.7,54590.5,54583.1
2026-06-06 04:55:00,54461.8,62576.6,54441.1,54471.4
2026-06-06 05:00:00,54373.8,62475.5,54421.5,54351.4
2026-06-06 05:05:00,54312.8,62405.4,54297.7,54319.9
2026-06-06 05:10:00,54202.9,62279.1,54176.0,54215.5
2026-06-06 05:15:00,54204.1,62280.5,54162.8,54223.5
2026-06-06 05:20:00,54185.9,62259.6,54166.7,54194.8
2026-06-06 05:25:00,54097.6,62158.1,54167.7,54064.7
2026-06-06 05:30:00,54051.0,62104.6,54018.9,54066.0
2026-06-06 05:35:00,54037.7,62089.3,54043.4,54035.0
2026-06-06 05:40:00,54063.2,62118.6,54061.6,54063.9
2026-06-06 05:45:00,54055.4,62109.7,54052.7,54056.7
2026-06-06 05:50:00,54055.9,62110.2,54050.6,54058.3
2026-06-06 05:55:00,54038.7,62090.5,54029.8,54042.9
2026-06-06 06:00:00,54040.0,62092.0,54026.9,54046.1
2026-06-06 06:05:00,54035.5,62086.8,54025.9,54040.0
2026-06-06 06:10:00,53944.5,61982.2,54036.0,53901.6
2026-06-06 06:15:00,53884.0,61912.7,53874.3,53888.5
2026-06-06 06:20:00,53865.7,61891.7,53878.7,53859.6
2026-06-06 06:25:00,53762.9,61773.6,53861.9,53716.5
2026-06-06 06:30:00,53714.2,61717.6,53711.9,53715.3
2026-06-06 06:35:00,53703.4,61705.2,53776.8,53669.0
2026-06-06 06:40:00,53732.3,61738.4,53807.5,53697.1
2026-06-06 06:45:00,53797.8,61813.7,53786.8,53803.0
2026-06-06 06:50:00,53798.8,61814.8,53779.8,53807.7
2026-06-06 06:55:00,53794.4,61809.8,53771.6,53805.0
2026-06-06 07:00:00,53799.5,61815.6,53776.8,53810.1
2026-06-06 07:05:00,53795.8,61811.4,53775.9,53805.1
2026-06-06 07:10:00,53820.0,61839.2,53792.3,53833.0
2026-06-06 07:15:00,53796.8,61812.5,53771.0,53808.9
2026-06-06 07:20:00,53801.8,61818.3,53770.3,53816.5
2026-06-06 07:25:00,53794.2,61809.5,53764.3,53808.3
2026-06-06 07:30:00,53813.0,61831.1,53764.1,53835.9
2026-06-06 07:35:00,53825.2,61845.2,53816.8,53829.1
2026-06-06 07:40:00,53850.6,61874.3,53845.9,53852.7
2026-06-06 07:45:00,53821.1,61840.4,53826.4,53818.6
2026-06-06 07:50:00,53818.4,61837.3,53813.0,53821.0
2026-06-06 07:55:00,53815.2,61833.7,53804.5,53820.2
2026-06-06 08:00:00,53815.0,61833.4,53805.2,53819.6
2026-06-06 08:05:00,53814.2,61832.5,53808.3,53816.9
2026-06-06 08:10:00,53852.4,61876.4,53834.7,53860.7
2026-06-06 08:15:00,53817.7,61836.5,53805.0,53823.6
2026-06-06 08:20:00,53817.2,61836.0,53802.7,53823.9
2026-06-06 08:25:00,53812.0,61830.0,53801.6,53816.8
2026-06-06 08:30:00,53806.5,61823.7,53798.9,53810.1
2026-06-06 08:35:00,53840.3,61862.5,53847.0,53837.1
2026-06-06 08:40:00,53931.6,61967.4,53894.2,53949.1
2026-06-06 08:45:00,53977.1,62019.7,53976.1,53977.5
2026-06-06 08:50:00,53966.9,62008.0,53964.0,53968.2
2026-06-06 08:55:00,53948.1,61986.4,53945.5,53949.3
2026-06-06 09:00:00,53948.2,61986.5,53947.2,53948.7
2026-06-06 09:05:00,53937.4,61974.1,53944.3,53934.1
2026-06-06 09:10:00,53958.8,61998.7,53965.5,53955.6
2026-06-06 09:15:00,53917.1,61950.7,53937.5,53907.5
2026-06-06 09:20:00,53918.3,61952.1,53940.6,53907.8
2026-06-06 09:25:00,53909.3,61941.8,53935.0,53897.3
2026-06-06 09:30:00,53903.1,61934.7,53931.2,53889.9
2026-06-06 09:35:00,53959.3,61999.2,53972.5,53953.2
2026-06-06 09:40:00,54044.7,62097.4,54031.2,54051.0
2026-06-06 09:45:00,54115.3,62178.5,54112.2,54116.7
2026-06-06 09:50:00,54111.6,62174.2,54121.3,54107.0
2026-06-06 09:55:00,54065.1,62120.8,54061.9,54066.6
2026-06-06 10:00:00,54055.8,62110.1,54048.3,54059.3
2026-06-06 10:05:00,54020.0,62069.0,54006.5,54026.3
2026-06-06 10:10:00,53958.8,61998.7,54051.9,53915.2
2026-06-06 10:15:00,53860.9,61886.2,53873.1,53855.2
2026-06-06 10:20:00,53764.7,61775.6,53868.5,53716.1
2026-06-06 10:25:00,53719.0,61723.1,53728.1,53714.7
2026-06-06 10:30:00,53703.4,61705.2,53719.1,53696.0
2026-06-06 10:35:00,53739.9,61747.1,53846.7,53689.8
2026-06-06 10:40:00,53895.5,61925.9,53914.2,53886.7
2026-06-06 10:45:00,53987.1,62031.2,54003.9,53979.3
2026-06-06 10:50:00,53990.6,62035.2,54023.8,53975.1
2026-06-06 10:55:00,53963.9,62004.5,53960.4,53965.5
2026-06-06 11:00:00,53972.0,62013.8,53970.6,53972.7
2026-06-06 11:05:00,53924.7,61959.5,53921.6,53926.2
2026-06-06 11:10:00,53944.9,61982.7,53937.5,53948.4
2026-06-06 11:15:00,53874.3,61901.6,53893.9,53865.1
2026-06-06 11:20:00,53786.2,61800.3,53907.6,53729.4
2026-06-06 11:25:00,53732.8,61739.0,53726.5,53735.7
2026-06-06 11:30:00,53714.8,61718.3,53717.6,53713.5
2026-06-06 11:35:00,53664.6,61660.6,53756.9,53621.4
2026-06-06 11:40:00,53675.7,61673.4,53688.2,53669.8
2026-06-06 11:45:00,53696.4,61697.2,53707.4,53691.3
2026-06-06 11:50:00,53709.7,61712.4,53730.4,53699.9
2026-06-06 11:55:00,53727.4,61732.8,53808.2,53689.5
2026-06-06 12:00:00,53805.2,61822.2,53813.1,53801.5
2026-06-06 12:05:00,53771.9,61783.9,53770.6,53772.6
2026-06-06 12:10:00,53791.3,61806.2,53787.9,53792.9
2026-06-06 12:15:00,53766.4,61777.6,53764.6,53767.2
2026-06-06 12:20:00,53709.4,61712.1,53779.2,53676.7
2026-06-06 12:25:00,53631.6,61622.7,53766.9,53568.3
2026-06-06 12:30:00,53593.4,61578.8,53623.6,53579.2
2026-06-06 12:35:00,53585.1,61569.3,53611.1,53572.9
2026-06-06 12:40:00,53694.7,61695.2,53718.1,53683.7
2026-06-06 12:45:00,53701.8,61703.4,53726.4,53690.3
2026-06-06 12:50:00,53782.3,61795.9,53923.5,53716.2
2026-06-06 12:55:00,53779.5,61792.6,53822.6,53759.3
2026-06-06 13:00:00,53758.9,61769.0,53818.5,53730.9
2026-06-06 13:05:00,53709.3,61712.0,53735.3,53697.1
2026-06-06 13:10:00,53658.7,61653.8,53757.3,53612.5
2026-06-06 13:15:00,53595.3,61581.0,53606.8,53589.9
2026-06-06 13:20:00,53612.7,61601.0,53615.0,53611.7
2026-06-06 13:25:00,53607.3,61594.8,53614.9,53603.8
2026-06-06 13:30:00,53597.9,61584.0,53606.3,53593.9
2026-06-06 13:35:00,53574.5,61557.1,53587.7,53568.3
2026-06-06 13:40:00,53593.3,61578.7,53609.8,53585.5
2026-06-06 13:45:00,53589.6,61574.5,53594.1,53587.5
2026-06-06 13:50:00,53578.7,61561.9,53599.2,53569.1
2026-06-06 13:55:00,53561.9,61542.6,53562.9,53561.5
2026-06-06 14:00:00,53572.1,61554.3,53568.2,53574.0
2026-06-06 14:05:00,53570.2,61552.2,53544.3,53582.3
2026-06-06 14:10:00,53587.7,61572.3,53570.2,53595.9
2026-06-06 14:15:00,53563.0,61543.9,53547.6,53570.2
2026-06-06 14:20:00,53561.4,61542.0,53547.2,53568.0
2026-06-06 14:25:00,53516.3,61490.2,53495.4,53526.0
2026-06-06 14:30:00,53305.9,61248.5,53285.0,53315.8
2026-06-06 14:35:00,53182.1,61106.2,53127.9,53207.4
2026-06-06 14:40:00,53205.7,61133.3,53278.2,53171.7
2026-06-06 14:45:00,53292.7,61233.3,53286.7,53295.5
2026-06-06 14:50:00,53291.6,61232.0,53276.2,53298.8
2026-06-06 14:55:00,53295.2,61236.2,53282.3,53301.2
2026-06-06 15:00:00,53297.3,61238.6,53281.5,53304.7
2026-06-06 15:05:00,53269.6,61206.8,53251.8,53277.9
2026-06-06 15:10:00,53256.7,61191.9,53287.9,53242.1
2026-06-06 15:15:00,53283.1,61222.3,53316.6,53267.4
2026-06-06 15:20:00,53288.6,61228.6,53314.8,53276.3
2026-06-06 15:25:00,53323.4,61268.6,53316.7,53326.6
2026-06-06 15:30:00,53358.3,61308.7,53325.1,53373.8
2026-06-06 15:35:00,53498.3,61469.5,53611.4,53445.4
2026-06-06 15:40:00,53571.0,61553.1,53617.1,53549.4
2026-06-06 15:45:00,53738.3,61745.3,53740.2,53737.4
2026-06-06 15:50:00,53853.7,61877.9,53874.6,53843.9
2026-06-06 15:55:00,53880.6,61908.8,53838.2,53900.4
2026-06-06 16:00:00,54043.3,62095.8,54013.2,54057.5
2026-06-06 16:05:00,54180.6,62253.5,54160.0,54190.2
2026-06-06 16:10:00,54239.1,62320.7,54319.4,54201.5
2026-06-06 16:15:00,54296.3,62386.4,54286.0,54301.1
2026-06-06 16:20:00,54373.4,62475.0,54331.5,54393.1
2026-06-06 16:25:00,54484.8,62603.0,54436.8,54507.2
2026-06-06 16:30:00,54590.7,62724.7,54554.6,54607.6
2026-06-06 16:35:00,54698.7,62848.8,54738.1,54680.2
2026-06-06 16:40:00,54746.1,62903.3,54702.5,54766.5
2026-06-06 16:45:00,54857.0,63030.7,54860.2,54855.5
2026-06-06 16:50:00,54900.9,63081.1,54993.5,54857.6
2026-06-06 16:55:00,54997.0,63191.6,54967.2,55011.0
2026-06-06 17:00:00,55025.5,63224.3,55126.6,54978.1
2026-06-06 17:05:00,55098.4,63308.1,55114.9,55090.7
2026-06-06 17:10:00,55127.9,63342.0,55116.7,55133.1
2026-06-06 17:15:00,55198.0,63422.5,55239.5,55178.6
2026-06-06 17:20:00,55249.8,63482.0,55214.5,55266.4
2026-06-06 17:25:00,55373.0,63623.6,55342.4,55387.3
2026-06-06 17:30:00,55464.3,63728.5,55448.9,55471.5
2026-06-06 17:35:00,55500.9,63770.5,55580.3,55463.7
2026-06-06 17:40:00,55522.8,63795.7,55540.3,55514.6
2026-06-06 17:45:00,55632.3,63921.5,55658.8,55619.9
2026-06-06 17:50:00,55763.3,64072.0,55797.3,55747.4
2026-06-06 17:55:00,55857.3,64180.0,55871.6,55850.6
2026-06-06 18:00:00,56014.1,64360.2,56010.4,56015.9
2026-06-06 18:05:00,56105.1,64464.8,56110.1,56102.7
2026-06-06 18:10:00,56205.3,64579.9,56210.9,56202.7
2026-06-06 18:15:00,56311.9,64702.4,56316.7,56309.7
2026-06-06 18:20:00,56425.8,64833.2,56430.8,56423.5
2026-06-06 18:25:00,56515.0,64935.7,56532.4,56506.8
2026-06-06 18:30:00,56640.0,65079.4,56632.9,56643.3
2026-06-06 18:35:00,56759.2,65216.3,56769.1,56754.6
2026-06-06 18:40:00,56764.9,65222.9,56822.6,56737.9
2026-06-06 18:45:00,56849.6,65320.2,56911.0,56820.8
2026-06-06 18:50:00,56953.9,65440.0,56997.5,56933.5
2026-06-06 18:55:00,57138.0,65651.6,57095.5,57157.9
2026-06-06 19:00:00,57207.3,65731.2,57270.6,57177.6
2026-06-06 19:05:00,57330.2,65872.4,57368.5,57312.2
2026-06-06 19:10:00,57419.4,65974.9,57464.4,57398.3
2026-06-06 19:15:00,57522.5,66093.4,57521.4,57523.1
2026-06-06 19:20:00,57608.8,66192.5,57653.6,57587.8
2026-06-06 19:25:00,57692.4,66288.6,57730.0,57674.7
2026-06-06 19:30:00,57741.7,66345.2,57801.3,57713.8
2026-06-06 19:35:00,57780.5,66389.8,57772.8,57784.2
2026-06-06 19:40:00,57779.0,66388.1,57785.5,57776.0
2026-06-06 19:45:00,57851.5,66471.4,57911.1,57823.6
2026-06-06 19:50:00,57962.7,66599.1,58030.2,57931.1
2026-06-06 19:55:00,58063.5,66715.0,58122.1,58036.0
2026-06-06 20:00:00,58193.0,66863.8,58204.9,58187.4
2026-06-06 20:05:00,58295.6,66981.6,58331.9,58278.6
2026-06-06 20:10:00,58384.9,67084.3,58387.1,58383.8
2026-06-06 20:15:00,58462.1,67173.0,58471.0,58458.0
2026-06-06 20:20:00,58500.8,67217.4,58564.8,58470.9
2026-06-06 20:25:00,58537.0,67259.0,58544.7,58533.4
2026-06-06 20:30:00,58633.9,67370.4,58654.0,58624.5
2026-06-06 20:35:00,58716.4,67465.1,58740.1,58705.3
2026-06-06 20:40:00,58757.7,67512.6,58764.7,58754.5
2026-06-06 20:45:00,58850.7,67619.5,58837.5,58857.0
2026-06-06 20:50:00,58960.8,67746.0,58932.3,58974.1
2026-06-06 20:55:00,59036.2,67832.6,59030.6,59038.8
2026-06-06 21:00:00,59129.9,67940.3,59129.2,59130.2
2026-06-06 21:05:00,59252.3,68080.9,59228.7,59263.4
2026-06-06 21:10:00,59408.3,68260.1,59427.8,59399.2
2026-06-06 21:15:00,59517.7,68385.8,59490.1,59530.7
2026-06-06 21:20:00,59624.3,68508.3,59594.8,59638.1
2026-06-06 21:25:00,59708.5,68605.1,59723.0,59701.7
2026-06-06 21:30:00,59791.5,68700.4,59699.0,59834.8
2026-06-06 21:35:00,59866.3,68786.4,59814.4,59890.6
2026-06-06 21:40:00,59854.6,68772.9,59883.3,59841.1
2026-06-06 21:45:00,59897.8,68822.6,59929.7,59882.8
2026-06-06 21:50:00,59936.5,68867.0,59912.6,59947.7
2026-06-06 21:55:00,59963.8,68898.4,59991.1,59951.0
2026-06-06 22:00:00,59971.4,68907.1,59991.9,59961.8
2026-06-06 22:05:00,60082.8,69035.1,60005.1,60119.2
2026-06-06 22:10:00,60142.4,69103.6,60085.3,60169.2
2026-06-06 22:15:00,60173.9,69139.8,60172.0,60174.9
2026-06-06 22:20:00,60225.9,69199.6,60159.9,60256.9
2026-06-06 22:25:00,60197.6,69167.0,60256.9,60169.8
2026-06-06 22:30:00,60194.1,69163.0,60255.1,60165.4
2026-06-06 22:35:00,60134.9,69095.0,60208.3,60100.6
2026-06-06 22:40:00,60027.9,68972.1,60093.3,59997.3
2026-06-06 22:45:00,60023.1,68966.5,60027.5,60021.0
2026-06-06 22:50:00,60006.5,68947.5,59989.8,60014.4
2026-06-06 22:55:00,59997.7,68937.4,59973.9,60008.9
2026-06-06 23:00:00,59996.0,68935.4,59968.8,60008.7
2026-06-06 23:05:00,59971.5,68907.3,59952.3,59980.5
2026-06-06 23:10:00,59962.8,68897.3,59895.3,59994.4
2026-06-06 23:15:00,59850.9,68768.7,59889.9,59832.7
2026-06-06 23:20:00,59772.7,68678.8,59805.2,59757.4
2026-06-06 23:25:00,59666.8,68557.2,59695.2,59653.5
2026-06-06 23:30:00,59594.3,68473.9,59616.3,59584.0
2026-06-06 23:35:00,59468.1,68328.8,59425.8,59487.9
2026-06-06 23:40:00,59403.4,68254.5,59385.2,59412.0
2026-06-06 23:45:00,59336.1,68177.2,59302.6,59351.8
2026-06-06 23:50:00,59268.8,68099.9,59206.1,59298.2
2026-06-06 23:55:00,59157.8,67972.3,59182.8,59146.2
2026-06-07 00:00:00,59046.3,67844.2,59103.2,59019.7
2026-06-07 00:05:00,58925.9,67705.9,58925.0,58926.3
2026-06-07 00:10:00,58797.9,67558.8,58826.8,58784.3
2026-06-07 00:15:00,58665.6,67406.8,58705.9,58646.7
2026-06-07 00:20:00,58562.7,67288.5,58545.2,58570.9
2026-06-07 00:25:00,58475.3,67188.1,58463.4,58480.9
2026-06-07 00:30:00,58382.2,67081.1,58362.6,58391.4
2026-06-07 00:35:00,58309.9,66998.1,58269.3,58328.9
2026-06-07 00:40:00,58361.2,67057.0,58312.5,58384.0
2026-06-07 00:45:00,58303.9,66991.2,58315.5,58298.4
2026-06-07 00:50:00,58234.3,66911.2,58168.6,58265.0
2026-06-07 00:55:00,58131.5,66793.1,58164.3,58116.1
2026-06-07 01:00:00,58005.6,66648.4,57951.2,58031.1
2026-06-07 01:05:00,57861.5,66482.9,57872.9,57856.1
2026-06-07 01:10:00,57783.1,66392.8,57770.8,57788.9
2026-06-07 01:15:00,57671.4,66264.4,57676.2,57669.2
2026-06-07 01:20:00,57607.9,66191.5,57606.8,57608.4
2026-06-07 01:25:00,57505.3,66073.6,57499.9,57507.8
2026-06-07 01:30:00,57365.3,65912.7,57405.0,57346.8
2026-06-07 01:35:00,57375.7,65924.7,57349.6,57387.9
2026-06-07 01:40:00,57613.4,66197.8,57605.8,57617.0
2026-06-07 01:45:00,57570.2,66148.2,57604.9,57554.0
2026-06-07 01:50:00,57440.9,65999.6,57433.5,57444.3
2026-06-07 01:55:00,57290.6,65826.9,57247.0,57311.0
2026-06-07 02:00:00,57107.3,65616.3,57145.0,57089.7
2026-06-07 02:05:00,56877.0,65351.7,56880.0,56875.6
2026-06-07 02:10:00,56679.0,65124.2,56630.2,56701.8
2026-06-07 02:15:00,56460.8,64873.5,56440.4,56470.3
2026-06-07 02:20:00,56222.2,64599.3,56250.6,56208.9
2026-06-07 02:25:00,55998.1,64341.8,55980.4,56006.5
2026-06-07 02:30:00,55730.1,64033.9,55717.1,55736.2
2026-06-07 02:35:00,55431.9,63691.3,55343.5,55473.2
2026-06-07 02:40:00,55249.3,63481.4,55204.9,55270.1
2026-06-07 02:45:00,55069.0,63274.3,55031.7,55086.4
2026-06-07 02:50:00,54785.0,62948.0,54762.3,54795.6
2026-06-07 02:55:00,54497.5,62617.6,54493.8,54499.2
2026-06-07 03:00:00,54274.3,62361.2,54267.2,54277.7
2026-06-07 03:05:00,54034.8,62086.0,54001.5,54050.5
2026-06-07 03:10:00,53791.5,61806.4,53868.7,53755.4
2026-06-07 03:15:00,53537.5,61514.6,53510.0,53550.4
2026-06-07 03:20:00,53267.3,61204.1,53376.0,53216.5
2026-06-07 03:25:00,53053.2,60958.1,53025.2,53066.3
2026-06-07 03:30:00,52831.4,60703.3,52872.8,52812.0
2026-06-07 03:35:00,52699.5,60551.7,52719.3,52690.3
2026-06-07 03:40:00,52563.1,60395.0,52567.9,52560.8
2026-06-07 03:45:00,52349.7,60149.8,52340.5,52354.1
2026-06-07 03:50:00,52162.2,59934.4,52111.0,52186.2
2026-06-07 03:55:00,51971.1,59714.8,51930.9,51989.9
2026-06-07 04:00:00,51798.8,59516.8,51915.7,51744.0
2026-06-07 04:05:00,51706.7,59411.0,51694.0,51712.6
2026-06-07 04:10:00,51541.1,59220.7,51508.6,51556.3
2026-06-07 04:15:00,51430.8,59094.0,51485.2,51405.3
2026-06-07 04:20:00,51346.4,58997.0,51286.8,51374.3
2026-06-07 04:25:00,51297.5,58940.8,51292.1,51300.0
2026-06-07 04:30:00,51086.4,58698.3,51081.4,51088.8
2026-06-07 04:35:00,51003.9,58603.5,51099.0,50959.3
2026-06-07 04:40:00,50860.2,58438.4,50887.0,50847.7
2026-06-07 04:45:00,50879.9,58461.0,50861.8,50888.4
2026-06-07 04:50:00,50910.3,58495.9,50891.9,50918.9
2026-06-07 04:55:00,50928.9,58517.3,50893.6,50945.5
2026-06-07 05:00:00,50922.0,58509.4,50867.0,50947.8
2026-06-07 05:05:00,50924.2,58511.9,50870.8,50949.2
2026-06-07 05:10:00,50906.5,58491.6,50883.7,50917.2
2026-06-07 05:15:00,50887.1,58469.3,50871.1,50894.6
2026-06-07 05:20:00,50888.6,58471.0,50875.7,50894.7
2026-06-07 05:25:00,50888.3,58470.7,50873.3,50895.3
2026-06-07 05:30:00,50883.5,58465.1,50858.4,50895.3
2026-06-07 05:35:00,50905.3,58490.2,50898.5,50908.5
2026-06-07 05:40:00,50929.8,58518.3,50911.5,50938.4
2026-06-07 05:45:00,50924.4,58512.1,50909.1,50931.6
2026-06-07 05:50:00,50924.2,58511.9,50906.9,50932.2
2026-06-07 05:55:00,50923.1,58510.6,50907.3,50930.5
2026-06-07 06:00:00,50928.8,58517.2,50910.6,50937.4
2026-06-07 06:05:00,50925.0,58512.8,50908.1,50932.9
2026-06-07 06:10:00,50942.4,58532.8,50922.3,50951.8
2026-06-07 06:15:00,50926.5,58514.5,50907.0,50935.7
2026-06-07 06:20:00,50928.0,58516.3,50911.3,50935.8
2026-06-07 06:25:00,50927.2,58515.4,50909.3,50935.6
2026-06-07 06:30:00,50926.1,58514.1,50908.4,50934.4
2026-06-07 06:35:00,50950.6,58542.2,50939.7,50955.8
2026-06-07 06:40:00,50975.6,58571.0,50961.9,50982.0
2026-06-07 06:45:00,50966.9,58561.0,50947.0,50976.3
2026-06-07 06:50:00,50965.5,58559.4,50940.3,50977.3
2026-06-07 06:55:00,50964.0,58557.6,50936.0,50977.0
2026-06-07 07:00:00,50969.6,58564.1,50942.2,50982.5
2026-06-07 07:05:00,50966.2,58560.2,50940.9,50978.0
2026-06-07 07:10:00,50986.0,58582.9,50957.2,50999.5
2026-06-07 07:15:00,50966.6,58560.6,50935.0,50981.4
2026-06-07 07:20:00,50965.4,58559.2,50934.3,50979.9
2026-06-07 07:25:00,50958.5,58551.3,50928.3,50972.7
2026-06-07 07:30:00,50957.9,58550.6,50928.5,50971.6
2026-06-07 07:35:00,50959.9,58552.9,50954.9,50962.3
2026-06-07 07:40:00,51000.5,58599.6,50975.3,51012.3
2026-06-07 07:45:00,50974.7,58569.9,50961.6,50980.8
2026-06-07 07:50:00,50972.2,58567.1,50955.0,50980.3
2026-06-07 07:55:00,50971.2,58565.9,50948.6,50981.9
2026-06-07 08:00:00,50971.5,58566.3,50950.1,50981.5
2026-06-07 08:05:00,50970.7,58565.3,50952.2,50979.4
2026-06-07 08:10:00,51004.8,58604.5,50979.2,51016.7
2026-06-07 08:15:00,50973.9,58569.0,50948.5,50985.7
2026-06-07 08:20:00,50973.4,58568.4,50946.3,50986.1
2026-06-07 08:25:00,50968.5,58562.8,50945.7,50979.2
2026-06-07 08:30:00,50967.4,58561.5,50944.3,50978.2
2026-06-07 08:35:00,50988.8,58586.1,50982.4,50991.7
2026-06-07 08:40:00,51055.1,58662.3,51021.1,51071.1
2026-06-07 08:45:00,50993.1,58591.1,50960.5,51008.4
2026-06-07 08:50:00,50988.0,58585.2,50953.9,51004.1
2026-06-07 08:55:00,50970.3,58564.9,50938.8,50985.1
2026-06-07 09:00:00,50970.9,58565.6,50941.4,50984.8
2026-06-07 09:05:00,50958.4,58551.2,50937.4,50968.3
2026-06-07 09:10:00,50975.3,58570.6,50958.2,50983.4
2026-06-07 09:15:00,50938.9,58528.8,50929.8,50943.2
2026-06-07 09:20:00,50940.4,58530.5,50933.9,50943.5
2026-06-07 09:25:00,50931.3,58520.1,50928.7,50932.6
2026-06-07 09:30:00,50929.1,58517.5,50923.8,50931.5
2026-06-07 09:35:00,50950.7,58542.4,50941.9,50954.8
2026-06-07 09:40:00,51016.2,58617.6,50993.3,51027.0
2026-06-07 09:45:00,50968.9,58563.3,50941.0,50982.0
2026-06-07 09:50:00,50970.7,58565.3,50955.8,50977.7
2026-06-07 09:55:00,50926.9,58515.0,50899.6,50939.7
2026-06-07 10:00:00,50918.0,58504.8,50886.5,50932.7
2026-06-07 10:05:00,50880.1,58461.2,50848.9,50894.7
2026-06-07 10:10:00,50913.6,58499.7,50895.1,50922.2
2026-06-07 10:15:00,50867.8,58447.1,50861.9,50870.5
2026-06-07 10:20:00,50871.3,58451.1,50860.8,50876.2
2026-06-07 10:25:00,50872.0,58451.9,50867.0,50874.4
2026-06-07 10:30:00,50867.4,58446.6,50859.8,50871.0
2026-06-07 10:35:00,50960.2,58553.3,50971.4,50954.9
2026-06-07 10:40:00,51025.5,58628.3,51027.1,51024.7
2026-06-07 10:45:00,50996.6,58595.1,50979.9,51004.5
2026-06-07 10:50:00,51002.0,58601.3,51002.6,51001.7
2026-06-07 10:55:00,50978.2,58574.0,50944.4,50994.0
2026-06-07 11:00:00,50984.4,58581.1,50955.1,50998.1
2026-06-07 11:05:00,50937.5,58527.2,50911.2,50949.8
2026-06-07 11:10:00,50952.0,58543.8,50927.5,50963.5
2026-06-07 11:15:00,50889.4,58471.9,50883.4,50892.2
2026-06-07 11:20:00,50892.4,58475.4,50892.7,50892.3
2026-06-07 11:25:00,50865.2,58444.1,50861.8,50866.8
2026-06-07 11:30:00,50858.1,58436.0,50854.6,50859.8
2026-06-07 11:35:00,50910.2,58495.8,50885.2,50921.9
2026-06-07 11:40:00,50960.5,58553.6,50935.6,50972.2
2026-06-07 11:45:00,50978.6,58574.4,50961.7,50986.5
2026-06-07 11:50:00,50984.9,58581.7,50981.3,50986.5
2026-06-07 11:55:00,50969.2,58563.6,50936.1,50984.8
2026-06-07 12:00:00,50970.3,58564.9,50941.5,50983.7
2026-06-07 12:05:00,50937.6,58527.3,50904.0,50953.3
2026-06-07 12:10:00,50956.0,58548.4,50921.3,50972.2
2026-06-07 12:15:00,50926.2,58514.2,50897.5,50939.7
2026-06-07 12:20:00,50929.5,58518.0,50907.4,50939.8
2026-06-07 12:25:00,50922.8,58510.3,50896.7,50935.0
2026-06-07 12:30:00,50920.7,58507.9,50890.7,50934.7
2026-06-07 12:35:00,50927.3,58515.5,50912.7,50934.1
2026-06-07 12:40:00,51028.8,58632.1,51002.3,51041.2
2026-06-07 12:45:00,51039.6,58644.5,51017.5,51049.9
2026-06-07 12:50:00,51057.5,58665.1,51068.1,51052.5
2026-06-07 12:55:00,51021.1,58623.2,50997.0,51032.4
2026-06-07 13:00:00,51000.5,58599.6,50993.2,51004.0
2026-06-07 13:05:00,50945.3,58536.1,50917.3,50958.4
2026-06-07 13:10:00,50962.0,58555.3,50938.3,50973.1
2026-06-07 13:15:00,50941.6,58531.9,50922.6,50950.5
2026-06-07 13:20:00,50944.3,58535.0,50930.8,50950.6
2026-06-07 13:25:00,50937.6,58527.3,50917.7,50947.0
2026-06-07 13:30:00,50935.9,58525.3,50910.8,50947.7
2026-06-07 13:35:00,50928.4,58516.7,50896.4,50943.4
2026-06-07 13:40:00,50938.1,58527.9,50906.0,50953.1
2026-06-07 13:45:00,50938.6,58528.5,50906.8,50953.5
2026-06-07 13:50:00,50940.2,58530.3,50912.8,50953.0
2026-06-07 13:55:00,50926.4,58514.4,50882.4,50947.0
2026-06-07 14:00:00,50936.7,58526.3,50888.0,50959.5
2026-06-07 14:05:00,50923.4,58511.0,50868.6,50949.1
2026-06-07 14:10:00,50940.2,58530.3,50892.4,50962.6
2026-06-07 14:15:00,50915.2,58501.6,50868.9,50936.9
2026-06-07 14:20:00,50913.6,58499.7,50868.5,50934.8
2026-06-07 14:25:00,50901.3,58485.6,50861.5,50920.0
2026-06-07 14:30:00,50901.3,58485.6,50849.1,50925.7
2026-06-07 14:35:00,50884.0,58465.7,50851.9,50899.1
2026-06-07 14:40:00,50969.7,58564.2,50935.0,50985.9
2026-06-07 14:45:00,50973.3,58568.3,50950.4,50984.0
2026-06-07 14:50:00,50969.6,58564.1,50940.0,50983.5
2026-06-07 14:55:00,50973.3,58568.3,50943.1,50987.4
2026-06-07 15:00:00,50975.6,58571.0,50942.7,50991.0
2026-06-07 15:05:00,50968.5,58562.8,50939.7,50982.0
2026-06-07 15:10:00,50978.4,58574.2,50948.2,50992.6
2026-06-07 15:15:00,51005.9,58605.8,50980.2,51017.9
2026-06-07 15:20:00,51014.5,58615.7,50988.1,51026.9
2026-06-07 15:25:00,51023.5,58626.0,50990.0,51039.2
2026-06-07 15:30:00,51029.5,58632.9,50993.3,51046.5
2026-06-07 15:35:00,51105.2,58719.9,51100.7,51107.2
2026-06-07 15:40:00,51300.2,58943.9,51322.5,51289.7
2026-06-07 15:45:00,51369.8,59023.9,51547.4,51286.5
2026-06-07 15:50:00,51487.6,59159.3,51529.0,51468.2
2026-06-07 15:55:00,51488.7,59160.5,51496.1,51485.3
2026-06-07 16:00:00,51529.7,59207.6,51510.9,51538.6
2026-06-07 16:05:00,51592.8,59280.1,51724.1,51531.3
2026-06-07 16:10:00,51751.2,59462.1,51739.5,51756.7
2026-06-07 16:15:00,51795.9,59513.5,51926.2,51734.9
2026-06-07 16:20:00,51956.3,59697.8,51950.1,51959.2
2026-06-07 16:25:00,51942.9,59682.4,51932.9,51947.5
2026-06-07 16:30:00,51946.7,59686.8,51945.3,51947.3
2026-06-07 16:35:00,51944.1,59683.8,51930.2,51950.7
2026-06-07 16:40:00,51914.0,59649.2,51885.1,51927.5
2026-06-07 16:45:00,51908.9,59643.3,51931.0,51898.5
2026-06-07 16:50:00,51910.6,59645.3,51940.6,51896.5
2026-06-07 16:55:00,51976.6,59721.1,51929.5,51998.7
2026-06-07 17:00:00,52053.5,59809.5,52147.0,52009.8
2026-06-07 17:05:00,52187.7,59963.7,52170.9,52195.6
2026-06-07 17:10:00,52243.9,60028.2,52336.6,52200.4
2026-06-07 17:15:00,52310.8,60105.1,52339.9,52297.1
2026-06-07 17:20:00,52345.1,60144.5,52362.8,52336.8
2026-06-07 17:25:00,52339.0,60137.5,52347.9,52334.8
2026-06-07 17:30:00,52333.1,60130.7,52341.4,52329.3
2026-06-07 17:35:00,52343.9,60143.1,52352.4,52339.9
2026-06-07 17:40:00,52342.4,60141.4,52340.7,52343.2
2026-06-07 17:45:00,52389.6,60195.7,52409.2,52380.4
2026-06-07 17:50:00,52483.5,60303.5,52510.7,52470.7
2026-06-07 17:55:00,52668.6,60516.2,52701.2,52653.4
2026-06-07 18:00:00,52868.1,60745.4,52890.5,52857.6
2026-06-07 18:05:00,52991.2,60886.9,53010.9,52982.0
2026-06-07 18:10:00,53137.6,61055.1,53226.6,53095.9
2026-06-07 18:15:00,53244.6,61178.0,53231.3,53250.8
2026-06-07 18:20:00,53407.5,61365.2,53422.3,53400.6
2026-06-07 18:25:00,53607.6,61595.1,53614.5,53604.4
2026-06-07 18:30:00,53768.7,61780.2,53769.1,53768.6
2026-06-07 18:35:00,53937.5,61974.2,53902.5,53953.9
2026-06-07 18:40:00,54056.3,62110.7,54057.7,54055.6
2026-06-07 18:45:00,54303.8,62395.1,54282.9,54313.6
2026-06-07 18:50:00,54437.5,62548.7,54433.9,54439.1
2026-06-07 18:55:00,54615.6,62753.3,54567.0,54638.3
2026-06-07 19:00:00,54829.1,62998.6,54837.4,54825.2
2026-06-07 19:05:00,54971.2,63161.9,54975.7,54969.0
2026-06-07 19:10:00,55106.2,63317.0,55117.9,55100.7
2026-06-07 19:15:00,55281.7,63518.7,55270.7,55286.8
2026-06-07 19:20:00,55495.2,63764.0,55490.2,55497.6
2026-06-07 19:25:00,55703.6,64003.4,55698.3,55706.0
2026-06-07 19:30:00,55838.3,64158.2,55893.5,55812.5
2026-06-07 19:35:00,56030.3,64378.8,55999.7,56044.7
2026-06-07 19:40:00,56122.0,64484.2,56105.8,56129.6
2026-06-07 19:45:00,56277.8,64663.2,56256.1,56288.0
2026-06-07 19:50:00,56487.2,64903.8,56451.9,56503.7
2026-06-07 19:55:00,56689.4,65136.1,56687.0,56690.6
2026-06-07 20:00:00,56843.4,65313.1,56850.4,56840.1
2026-06-07 20:05:00,57018.6,65514.4,57053.3,57002.3
2026-06-07 20:10:00,57159.8,65676.6,57229.7,57127.1
2026-06-07 20:15:00,57354.1,65899.9,57289.1,57384.5
2026-06-07 20:20:00,57574.4,66153.0,57519.4,57600.2
2026-06-07 20:25:00,57775.4,66383.9,57807.1,57760.5
2026-06-07 20:30:00,57934.8,66567.1,57962.8,57921.7
2026-06-07 20:35:00,58077.8,66731.4,58036.9,58097.0
2026-06-07 20:40:00,58143.7,66807.1,58150.0,58140.7
2026-06-07 20:45:00,58296.1,66982.2,58317.4,58286.1
2026-06-07 20:50:00,58407.9,67110.7,58404.2,58409.6
2026-06-07 20:55:00,58507.1,67224.7,58499.5,58510.7
2026-06-07 21:00:00,58696.7,67442.5,58711.5,58689.8
2026-06-07 21:05:00,58870.5,67642.2,58880.7,58865.8
2026-06-07 21:10:00,59052.5,67851.3,59063.2,59047.6
2026-06-07 21:15:00,59166.5,67982.3,59123.1,59186.9
2026-06-07 21:20:00,59248.3,68076.3,59298.9,59224.6
2026-06-07 21:25:00,59340.5,68182.2,59297.6,59360.6
2026-06-07 21:30:00,59413.6,68266.2,59401.4,59419.3
2026-06-07 21:35:00,59522.4,68391.2,59475.1,59544.6
2026-06-07 21:40:00,59587.8,68466.4,59547.1,59606.9
2026-06-07 21:45:00,59643.9,68530.8,59665.4,59633.8
2026-06-07 21:50:00,59717.7,68615.6,59729.3,59712.3
2026-06-07 21:55:00,59778.5,68685.5,59716.4,59807.7
2026-06-07 22:00:00,59848.3,68765.7,59812.7,59865.0
2026-06-07 22:05:00,59891.7,68815.6,59914.8,59880.9
2026-06-07 22:10:00,59924.4,68853.1,59896.1,59937.7
2026-06-07 22:15:00,59949.8,68882.3,59968.6,59941.0
2026-06-07 22:20:00,59967.9,68903.1,59997.3,59954.1
2026-06-07 22:25:00,60035.0,68980.2,59966.9,60066.9
2026-06-07 22:30:00,60072.5,69023.3,60060.0,60078.3
2026-06-07 22:35:00,60103.2,69058.6,60024.9,60139.8
2026-06-07 22:40:00,60119.0,69076.7,60137.2,60110.5
2026-06-07 22:45:00,60140.2,69101.1,60138.0,60141.3
2026-06-07 22:50:00,60080.0,69031.9,60110.9,60065.5
2026-06-07 22:55:00,60037.8,68983.4,60007.7,60051.9
2026-06-07 23:00:00,59935.1,68865.4,59974.5,59916.6
2026-06-07 23:05:00,59822.1,68735.6,59874.9,59797.3
2026-06-07 23:10:00,59762.4,68667.0,59803.3,59743.3
2026-06-07 23:15:00,59676.2,68568.0,59706.1,59662.1
2026-06-07 23:20:00,59610.3,68492.2,59633.1,59599.6
2026-06-07 23:25:00,59565.5,68440.8,59533.3,59580.5
2026-06-07 23:30:00,59529.4,68399.3,59534.5,59527.0
2026-06-07 23:35:00,59413.5,68266.1,59353.0,59441.8
2026-06-07 23:40:00,59363.5,68208.7,59278.9,59403.1
2026-06-07 23:45:00,59294.1,68128.9,59295.2,59293.6
2026-06-07 23:50:00,59145.7,67958.4,59176.9,59131.1
2026-06-07 23:55:00,58992.2,67782.0,58994.4,58991.1
2026-06-08 00:00:00,58858.4,67628.3,58912.9,58832.9
2026-06-08 00:05:00,58743.4,67496.2,58732.7,58748.4
2026-06-08 00:10:00,58621.3,67355.9,58619.5,58622.1
2026-06-08 00:15:00,58486.6,67201.1,58538.3,58462.4
2026-06-08 00:20:00,58373.1,67070.7,58351.1,58383.5
2026-06-08 00:25:00,58241.6,66919.6,58275.6,58225.6
2026-06-08 00:30:00,58108.1,66766.2,58179.2,58074.8
2026-06-08 00:35:00,58020.9,66666.0,57978.6,58040.7
2026-06-08 00:40:00,58045.6,66694.4,58024.2,58055.7
2026-06-08 00:45:00,57987.4,66627.5,58018.4,57972.9
2026-06-08 00:50:00,57867.4,66489.6,57882.4,57860.3
2026-06-08 00:55:00,57777.8,66386.7,57776.4,57778.5
2026-06-08 01:00:00,57641.6,66230.2,57664.2,57631.0
2026-06-08 01:05:00,57540.5,66114.0,57471.0,57573.1
2026-06-08 01:10:00,57434.8,65992.6,57395.2,57453.3
2026-06-08 01:15:00,57267.8,65800.7,57272.1,57265.9
2026-06-08 01:20:00,57162.1,65679.3,57113.8,57184.7
2026-06-08 01:25:00,57103.1,65611.5,57033.2,57135.9
2026-06-08 01:30:00,57045.9,65545.7,57022.1,57057.0
2026-06-08 01:35:00,57016.2,65511.6,57056.7,56997.2
2026-06-08 01:40:00,57190.4,65711.8,57251.8,57161.6
2026-06-08 01:45:00,57153.2,65669.0,57244.8,57110.3
2026-06-08 01:50:00,57020.3,65516.3,56958.0,57049.5
2026-06-08 01:55:00,56827.2,65294.5,56863.5,56810.3
2026-06-08 02:00:00,56629.0,65066.7,56665.6,56611.8
2026-06-08 02:05:00,56357.9,64755.2,56318.3,56376.5
2026-06-08 02:10:00,56145.0,64510.6,56174.8,56131.1
2026-06-08 02:15:00,55950.5,64287.1,55999.1,55927.8
2026-06-08 02:20:00,55783.2,64094.9,55765.0,55791.7
2026-06-08 02:25:00,55554.4,63832.0,55514.2,55573.3
2026-06-08 02:30:00,55329.7,63573.8,55248.6,55367.7
2026-06-08 02:35:00,54947.8,63135.0,54889.9,54974.9
2026-06-08 02:40:00,54820.2,62988.4,54757.6,54849.6
2026-06-08 02:45:00,54555.1,62683.8,54561.7,54552.0
2026-06-08 02:50:00,54318.5,62412.0,54315.4,54320.0
2026-06-08 02:55:00,54118.3,62181.9,54173.3,54092.6
2026-06-08 03:00:00,53911.6,61944.4,53898.5,53917.8
2026-06-08 03:05:00,53741.3,61748.8,53748.7,53737.8
2026-06-08 03:10:00,53592.9,61578.2,53554.1,53611.0
2026-06-08 03:15:00,53424.3,61384.5,53409.1,53431.5
2026-06-08 03:20:00,53237.7,61170.1,53248.1,53232.9
2026-06-08 03:25:00,53097.0,61008.5,53072.8,53108.3
2026-06-08 03:30:00,52904.7,60787.5,52922.7,52896.3
2026-06-08 03:35:00,52760.8,60622.2,52743.3,52769.1
2026-06-08 03:40:00,52624.0,60465.0,52581.4,52644.0
2026-06-08 03:45:00,52530.5,60357.5,52594.2,52500.6
2026-06-08 03:50:00,52462.1,60279.0,52417.7,52482.9
2026-06-08 03:55:00,52410.0,60219.1,52415.2,52407.5
2026-06-08 04:00:00,52283.4,60073.6,52415.0,52221.8
2026-06-08 04:05:00,52220.1,60000.9,52176.8,52240.4
2026-06-08 04:10:00,52209.7,59988.9,52188.5,52219.7
2026-06-08 04:15:00,52206.0,59984.7,52179.3,52218.5
2026-06-08 04:20:00,52211.1,59990.6,52175.5,52227.8
2026-06-08 04:25:00,52212.9,59992.6,52178.2,52229.1
2026-06-08 04:30:00,52192.9,59969.6,52192.5,52193.2
2026-06-08 04:35:00,52072.7,59831.5,52171.9,52026.2
2026-06-08 04:40:00,52044.8,59799.5,52010.5,52060.8
2026-06-08 04:45:00,52026.9,59778.9,51990.1,52044.1
2026-06-08 04:50:00,51968.1,59711.3,51989.4,51958.2
2026-06-08 04:55:00,51868.8,59597.3,51982.2,51815.7
2026-06-08 05:00:00,51797.9,59515.8,51758.8,51816.2
2026-06-08 05:05:00,51791.8,59508.8,51744.7,51813.8
2026-06-08 05:10:00,51805.0,59523.9,51767.7,51822.5
2026-06-08 05:15:00,51798.5,59516.5,51752.5,51820.1
2026-06-08 05:20:00,51770.4,59484.2,51750.5,51779.8
2026-06-08 05:25:00,51769.9,59483.6,51747.1,51780.6
2026-06-08 05:30:00,51810.5,59530.3,51745.4,51841.1
2026-06-08 05:35:00,51851.1,59576.9,51824.9,51863.3
2026-06-08 05:40:00,51896.2,59628.7,51860.7,51912.8
2026-06-08 05:45:00,51885.7,59616.7,51857.3,51898.9
2026-06-08 05:50:00,51888.5,59619.9,51856.3,51903.6
2026-06-08 05:55:00,51888.7,59620.1,51863.0,51900.8
2026-06-08 06:00:00,51893.1,59625.2,51865.7,51905.9
2026-06-08 06:05:00,51884.5,59615.3,51853.8,51899.0
2026-06-08 06:10:00,51908.8,59643.2,51879.7,51922.4
2026-06-08 06:15:00,51890.5,59622.2,51859.1,51905.2
2026-06-08 06:20:00,51891.8,59623.7,51862.9,51905.3
2026-06-08 06:25:00,51890.8,59622.5,51859.9,51905.3
2026-06-08 06:30:00,51889.6,59621.2,51862.1,51902.4
2026-06-08 06:35:00,51924.8,59661.6,51906.8,51933.3
2026-06-08 06:40:00,51973.7,59717.8,51962.0,51979.2
2026-06-08 06:45:00,52019.1,59769.9,52131.4,51966.5
2026-06-08 06:50:00,52144.8,59914.4,52125.6,52153.7
2026-06-08 06:55:00,52142.9,59912.2,52122.7,52152.3
2026-06-08 07:00:00,52147.5,59917.5,52129.9,52155.8
2026-06-08 07:05:00,52139.1,59907.8,52118.3,52148.9
2026-06-08 07:10:00,52172.0,59945.6,52165.0,52175.2
2026-06-08 07:15:00,52170.1,59943.4,52121.9,52192.7
2026-06-08 07:20:00,52169.7,59943.0,52120.6,52192.7
2026-06-08 07:25:00,52163.3,59935.6,52113.3,52186.8
2026-06-08 07:30:00,52162.9,59935.2,52117.4,52184.2
2026-06-08 07:35:00,52232.2,60014.8,52214.3,52240.6
2026-06-08 07:40:00,52483.4,60303.4,52496.9,52477.0
2026-06-08 07:45:00,52627.5,60469.0,52653.6,52615.2
2026-06-08 07:50:00,52736.0,60593.7,52844.1,52685.3
2026-06-08 07:55:00,52872.7,60750.7,52856.4,52880.4
2026-06-08 08:00:00,53042.0,60945.3,53065.8,53030.9
2026-06-08 08:05:00,53239.4,61172.1,53229.8,53243.9
2026-06-08 08:10:00,53514.7,61488.4,53495.8,53523.6
2026-06-08 08:15:00,53658.9,61654.1,53617.8,53678.1
2026-06-08 08:20:00,53825.6,61845.6,53789.7,53842.4
2026-06-08 08:25:00,54004.8,62051.5,53972.5,54019.9
2026-06-08 08:30:00,54189.8,62264.1,54179.9,54194.5
2026-06-08 08:35:00,54637.6,62778.6,54629.4,54641.4
2026-06-08 08:40:00,55176.2,63397.5,55151.9,55187.6
2026-06-08 08:45:00,55466.4,63730.9,55443.6,55477.1
2026-06-08 08:50:00,55741.5,64047.0,55789.2,55719.2
2026-06-08 08:55:00,56007.4,64352.5,55987.3,56016.8
2026-06-08 09:00:00,56275.0,64660.0,56234.1,56294.1
2026-06-08 09:05:00,56503.7,64922.8,56537.9,56487.7
2026-06-08 09:10:00,56843.8,65313.5,56808.4,56860.3
2026-06-08 09:15:00,57134.0,65647.0,57144.8,57129.0
2026-06-08 09:20:00,57421.2,65977.0,57432.7,57415.9
2026-06-08 09:25:00,57665.6,66257.8,57687.4,57655.4
2026-06-08 09:30:00,58002.8,66645.2,58025.9,57991.9
2026-06-08 09:35:00,58433.1,67139.6,58504.1,58399.8
2026-06-08 09:40:00,59002.9,67794.3,59057.8,58977.1
2026-06-08 09:45:00,59320.8,68159.6,59306.7,59327.4
2026-06-08 09:50:00,59642.6,68529.3,59633.6,59646.8
2026-06-08 09:55:00,59946.6,68878.6,59935.8,59951.6
2026-06-08 10:00:00,60222.4,69195.5,60251.6,60208.7
2026-06-08 10:05:00,60537.4,69557.5,60498.2,60555.7
2026-06-08 10:10:00,60900.2,69974.3,60853.5,60922.1
2026-06-08 10:15:00,61166.2,70280.0,61164.1,61167.2
2026-06-08 10:20:00,61385.0,70531.4,61419.0,61369.0
2026-06-08 10:25:00,61605.1,70784.3,61626.2,61595.2
2026-06-08 10:30:00,61837.8,71051.6,61836.7,61838.4
2026-06-08 10:35:00,62295.0,71577.0,62296.4,62294.4
2026-06-08 10:40:00,62969.1,72351.5,62976.4,62965.6
2026-06-08 10:45:00,63419.8,72869.4,63405.8,63426.4
2026-06-08 10:50:00,63827.8,73338.1,63876.5,63805.1
2026-06-08 10:55:00,64072.2,73619.0,64134.1,64043.2
2026-06-08 11:00:00,64458.2,74062.5,64479.3,64448.3
2026-06-08 11:05:00,64768.3,74418.8,64808.3,64749.5
2026-06-08 11:10:00,65072.4,74768.2,65114.2,65052.8
2026-06-08 11:15:00,65339.2,75074.7,65347.4,65335.3
2026-06-08 11:20:00,65561.4,75330.0,65581.1,65552.1
2026-06-08 11:25:00,65752.1,75549.2,65796.6,65731.2
2026-06-08 11:30:00,65923.3,75745.9,65967.0,65902.8
2026-06-08 11:35:00,65918.1,75739.9,66022.7,65869.1
2026-06-08 11:40:00,66007.3,75842.4,66080.1,65973.3
2026-06-08 11:45:00,66094.6,75942.7,66107.1,66088.7
2026-06-08 11:50:00,66254.0,76125.8,66246.0,66257.7
2026-06-08 11:55:00,66407.5,76302.2,66400.5,66410.8
2026-06-08 12:00:00,66496.7,76404.7,66496.4,66496.8
2026-06-08 12:05:00,66516.6,76427.6,66532.9,66509.0
2026-06-08 12:10:00,66530.8,76443.9,66553.5,66520.1
2026-06-08 12:15:00,66525.8,76438.1,66499.4,66538.1
2026-06-08 12:20:00,66513.8,76424.4,66502.3,66519.1
2026-06-08 12:25:00,66450.0,76351.0,66464.9,66443.1
2026-06-08 12:30:00,66372.6,76262.1,66426.2,66347.5
2026-06-08 12:35:00,66265.2,76138.7,66315.1,66241.8
2026-06-08 12:40:00,66370.2,76259.4,66340.6,66384.1
2026-06-08 12:45:00,66518.6,76429.9,66478.0,66537.7
2026-06-08 12:50:00,66721.6,76663.1,66651.2,66754.5
2026-06-08 12:55:00,66803.0,76756.6,66752.4,66826.7
2026-06-08 13:00:00,66858.5,76820.4,66849.5,66862.7
2026-06-08 13:05:00,66811.3,76766.2,66856.1,66790.2
2026-06-08 13:10:00,66827.3,76784.6,66804.0,66838.2
2026-06-08 13:15:00,66820.0,76776.2,66786.9,66835.4
2026-06-08 13:20:00,66823.4,76780.1,66797.4,66835.5
2026-06-08 13:25:00,66794.8,76747.2,66777.6,66802.8
2026-06-08 13:30:00,66784.6,76735.5,66749.5,66801.0
2026-06-08 13:35:00,66664.8,76597.9,66644.6,66674.3
2026-06-08 13:40:00,66576.9,76496.9,66608.5,66562.0
2026-06-08 13:45:00,66571.5,76490.7,66510.7,66600.1
2026-06-08 13:50:00,66580.2,76500.6,66533.1,66602.3
2026-06-08 13:55:00,66560.8,76478.4,66511.4,66584.0
2026-06-08 14:00:00,66501.4,76410.1,66526.3,66489.7
2026-06-08 14:05:00,66425.2,76322.6,66364.0,66453.9
2026-06-08 14:10:00,66356.9,76244.1,66297.4,66384.8
2026-06-08 14:15:00,66331.0,76214.3,66265.6,66361.7
2026-06-08 14:20:00,66267.2,76141.0,66267.5,66267.1
2026-06-08 14:25:00,66085.6,75932.4,66047.0,66103.7
2026-06-08 14:30:00,65788.5,75591.0,65760.0,65801.8
2026-06-08 14:35:00,65430.9,75180.1,65371.7,65458.7
2026-06-08 14:40:00,65382.4,75124.4,65419.8,65364.9
2026-06-08 14:45:00,65387.2,75129.9,65367.1,65396.6
2026-06-08 14:50:00,65297.7,75027.1,65353.0,65271.8
2026-06-08 14:55:00,65232.0,74951.6,65279.7,65209.7
2026-06-08 15:00:00,65134.0,74839.0,65239.8,65084.4
2026-06-08 15:05:00,64962.4,74641.8,65009.2,64940.5
2026-06-08 15:10:00,64855.8,74519.3,64932.4,64819.9
2026-06-08 15:15:00,64826.1,74485.2,64914.8,64784.6
2026-06-08 15:20:00,64832.3,74492.3,64865.2,64816.9
2026-06-08 15:25:00,64932.6,74607.6,64924.9,64936.2
2026-06-08 15:30:00,65109.6,74810.9,65113.4,65107.9
2026-06-08 15:35:00,65477.8,75234.0,65390.6,65518.7
2026-06-08 15:40:00,65819.9,75627.1,65717.4,65867.9
2026-06-08 15:45:00,66081.7,75927.9,66102.0,66072.1
2026-06-08 15:50:00,66244.5,76114.9,66256.2,66239.0
2026-06-08 15:55:00,66421.8,76318.6,66455.2,66406.1
2026-06-08 16:00:00,66599.2,76522.5,66579.2,66608.6
2026-06-08 16:05:00,66824.9,76781.8,66789.0,66841.7
2026-06-08 16:10:00,67048.6,77038.8,66996.4,67073.0
2026-06-08 16:15:00,67190.3,77201.7,67156.5,67206.2
2026-06-08 16:20:00,67299.2,77326.8,67361.8,67269.9
2026-06-08 16:25:00,67356.1,77392.2,67460.2,67307.3
2026-06-08 16:30:00,67483.3,77538.3,67473.6,67487.8
2026-06-08 16:35:00,67545.4,77609.7,67638.1,67502.0
2026-06-08 16:40:00,67617.4,77692.4,67612.7,67619.6
2026-06-08 16:45:00,67717.8,77807.8,67770.3,67693.2
2026-06-08 16:50:00,67805.9,77909.0,67873.1,67774.4
2026-06-08 16:55:00,67888.8,78004.2,67956.7,67857.0
2026-06-08 17:00:00,67955.7,78081.1,67963.1,67952.3
2026-06-08 17:05:00,67971.3,78099.0,68035.7,67941.2
2026-06-08 17:10:00,68063.8,78205.3,68048.9,68070.8
2026-06-08 17:15:00,68078.2,78221.9,68128.2,68054.8
2026-06-08 17:20:00,68151.2,78305.7,68164.4,68144.9
2026-06-08 17:25:00,68172.0,78329.6,68247.8,68136.4
2026-06-08 17:30:00,68151.4,78306.0,68218.3,68120.1
2026-06-08 17:35:00,68076.3,78219.7,68189.6,68023.2
2026-06-08 17:40:00,68036.1,78173.5,68057.6,68026.0
2026-06-08 17:45:00,68128.6,78279.8,68154.6,68116.4
2026-06-08 17:50:00,68272.2,78444.8,68219.2,68297.0
2026-06-08 17:55:00,68445.4,78643.8,68411.0,68461.5
2026-06-08 18:00:00,68652.9,78882.2,68564.3,68694.4
2026-06-08 18:05:00,68821.2,79075.6,68760.7,68849.5
2026-06-08 18:10:00,68996.9,79277.4,69026.3,68983.1
2026-06-08 18:15:00,69166.7,79472.5,69145.8,69176.6
2026-06-08 18:20:00,69354.8,79688.7,69365.1,69350.0
2026-06-08 18:25:00,69467.3,79817.9,69459.1,69471.2
2026-06-08 18:30:00,69549.6,79912.5,69517.1,69564.9
2026-06-08 18:35:00,69590.5,79959.5,69612.3,69580.3
2026-06-08 18:40:00,69566.9,79932.4,69561.5,69569.5
2026-06-08 18:45:00,69719.3,80107.5,69702.4,69727.2
2026-06-08 18:50:00,69852.4,80260.4,69838.3,69859.0
2026-06-08 18:55:00,69976.7,80403.2,69947.0,69990.7
2026-06-08 19:00:00,70070.3,80510.8,70052.6,70078.6
2026-06-08 19:05:00,70197.3,80656.7,70157.2,70216.1
2026-06-08 19:10:00,70335.2,80815.1,70314.6,70344.8
2026-06-08 19:15:00,70451.9,80949.2,70400.5,70476.0
2026-06-08 19:20:00,70490.1,80993.1,70534.8,70469.2
2026-06-08 19:25:00,70547.9,81059.5,70518.4,70561.7
2026-06-08 19:30:00,70594.2,81112.7,70619.9,70582.1
2026-06-08 19:35:00,70475.0,80975.8,70560.2,70435.0
2026-06-08 19:40:00,70312.3,80788.8,70278.6,70328.0
2026-06-08 19:45:00,70300.9,80775.7,70374.8,70266.3
2026-06-08 19:50:00,70324.7,80803.1,70398.8,70289.9
2026-06-08 19:55:00,70318.2,80795.6,70376.9,70290.8
2026-06-08 20:00:00,70322.1,80800.1,70379.4,70295.2
2026-06-08 20:05:00,70302.2,80777.2,70368.1,70271.3
2026-06-08 20:10:00,70319.3,80796.9,70385.6,70288.2
2026-06-08 20:15:00,70315.1,80792.0,70369.8,70289.4
2026-06-08 20:20:00,70287.1,80759.9,70374.9,70245.9
2026-06-08 20:25:00,70251.4,80718.9,70338.1,70210.9
2026-06-08 20:30:00,70189.8,80648.1,70182.3,70193.3
2026-06-08 20:35:00,70104.4,80550.0,70130.4,70092.3
2026-06-08 20:40:00,69983.7,80411.3,69913.2,70016.7
2026-06-08 20:45:00,69991.9,80420.7,69946.0,70013.4
2026-06-08 20:50:00,70011.2,80442.9,69975.4,70028.0
2026-06-08 20:55:00,70048.7,80486.0,70088.3,70030.1
2026-06-08 21:00:00,70062.1,80501.4,70100.8,70044.0
2026-06-08 21:05:00,70165.2,80619.8,70119.7,70186.5
2026-06-08 21:10:00,70194.5,80653.5,70243.9,70171.4
2026-06-08 21:15:00,70261.4,80730.3,70226.6,70277.6
2026-06-08 21:20:00,70263.8,80733.1,70231.8,70278.8
2026-06-08 21:25:00,70261.0,80729.9,70319.6,70233.5
2026-06-08 21:30:00,70195.2,80654.3,70158.8,70212.3
2026-06-08 21:35:00,70165.6,80620.3,70100.5,70196.1
2026-06-08 21:40:00,70056.0,80494.3,70057.3,70055.4
2026-06-08 21:45:00,69973.7,80399.8,70003.8,69959.7
2026-06-08 21:50:00,69932.4,80352.3,69863.9,69964.4
2026-06-08 21:55:00,69931.8,80351.6,69863.8,69963.6
2026-06-08 22:00:00,69925.2,80344.1,69856.6,69957.3
2026-06-08 22:05:00,69827.9,80232.3,69849.6,69817.7
2026-06-08 22:10:00,69801.1,80201.5,69756.2,69822.2
2026-06-08 22:15:00,69722.3,80110.9,69749.3,69709.7
2026-06-08 22:20:00,69678.5,80060.6,69609.5,69710.9
2026-06-08 22:25:00,69572.0,79938.2,69582.0,69567.3
2026-06-08 22:30:00,69524.0,79883.1,69470.7,69548.9
2026-06-08 22:35:00,69371.5,79707.9,69414.0,69351.6
2026-06-08 22:40:00,69219.1,79532.7,69148.4,69252.2
2026-06-08 22:45:00,69146.4,79449.2,69096.6,69169.7
2026-06-08 22:50:00,69017.2,79300.8,68963.9,69042.2
2026-06-08 22:55:00,68897.9,79163.7,68851.6,68919.5
2026-06-08 23:00:00,68783.7,79032.5,68717.8,68814.5
2026-06-08 23:05:00,68628.8,78854.5,68581.8,68650.8
2026-06-08 23:10:00,68455.7,78655.6,68476.2,68446.1
2026-06-08 23:15:00,68282.6,78456.7,68273.5,68286.9
2026-06-08 23:20:00,68076.4,78219.8,68110.1,68060.6
2026-06-08 23:25:00,67926.5,78047.5,67876.4,67950.0
2026-06-08 23:30:00,67686.6,77771.9,67759.7,67652.4
2026-06-08 23:35:00,67395.7,77437.7,67387.2,67399.6
2026-06-08 23:40:00,67125.8,77127.5,67218.4,67082.4
2026-06-08 23:45:00,66970.2,76948.8,66955.2,66977.2
2026-06-08 23:50:00,66798.9,76751.9,66826.6,66785.8
2026-06-08 23:55:00,66647.3,76577.7,66627.1,66656.7
2026-06-09 00:00:00,66467.6,76371.3,66509.0,66448.2
2026-06-09 00:05:00,66340.4,76225.1,66302.1,66358.4
2026-06-09 00:10:00,66167.2,76026.1,66217.2,66143.8
2026-06-09 00:15:00,65953.4,75780.5,65951.4,65954.3
2026-06-09 00:20:00,65777.7,75578.6,65797.0,65768.6
2026-06-09 00:25:00,65537.2,75302.2,65601.8,65506.9
2026-06-09 00:30:00,65302.1,75032.1,65392.8,65259.6
2026-06-09 00:35:00,65074.7,74770.8,65056.4,65083.2
2026-06-09 00:40:00,65048.0,74740.2,65050.5,65046.8
2026-06-09 00:45:00,64913.1,74585.2,64957.8,64892.2
2026-06-09 00:50:00,64739.6,74385.8,64707.9,64754.5
2026-06-09 00:55:00,64569.8,74190.7,64539.3,64584.0
2026-06-09 01:00:00,64388.1,73981.9,64407.5,64379.0
2026-06-09 01:05:00,64172.4,73734.1,64197.1,64160.8
2026-06-09 01:10:00,64001.8,73538.1,64049.1,63979.6
2026-06-09 01:15:00,63823.4,73333.1,63861.8,63805.4
2026-06-09 01:20:00,63694.9,73185.4,63718.8,63683.7
2026-06-09 01:25:00,63507.3,72969.9,63546.9,63488.8
2026-06-09 01:30:00,63298.7,72730.2,63295.5,63300.2
2026-06-09 01:35:00,63293.4,72724.1,63253.5,63312.1
2026-06-09 01:40:00,63624.2,73104.2,63638.2,63617.6
2026-06-09 01:45:00,63582.9,73056.8,63666.6,63543.7
2026-06-09 01:50:00,63417.1,72866.2,63387.6,63431.0
2026-06-09 01:55:00,63216.5,72635.8,63192.6,63227.6
2026-06-09 02:00:00,62971.6,72354.4,62927.8,62992.1
2026-06-09 02:05:00,62669.5,72007.3,62626.0,62689.9
2026-06-09 02:10:00,62318.5,71604.0,62372.0,62293.5
2026-06-09 02:15:00,61994.4,71231.6,61990.2,61996.4
2026-06-09 02:20:00,61591.2,70768.3,61589.1,61592.1
2026-06-09 02:25:00,61167.1,70281.0,61213.6,61145.3
2026-06-09 02:30:00,60690.7,69733.6,60749.1,60663.3
2026-06-09 02:35:00,60132.6,69092.4,60128.7,60134.5
2026-06-09 02:40:00,60063.6,69013.1,59992.7,60096.8
2026-06-09 02:45:00,59765.0,68670.0,59754.7,59769.8
2026-06-09 02:50:00,59413.3,68265.9,59443.7,59399.0
2026-06-09 02:55:00,59108.1,67915.2,59067.8,59126.9
2026-06-09 03:00:00,58761.5,67517.0,58842.7,58723.5
2026-06-09 03:05:00,58501.0,67217.6,58487.8,58507.1
2026-06-09 03:10:00,58289.6,66974.8,58238.7,58313.4
2026-06-09 03:15:00,58135.5,66797.7,58064.3,58168.8
2026-06-09 03:20:00,57946.2,66580.2,57954.4,57942.3
2026-06-09 03:25:00,57732.5,66334.6,57689.4,57752.8
2026-06-09 03:30:00,57534.0,66106.6,57465.1,57566.3
2026-06-09 03:35:00,57395.4,65947.3,57330.3,57425.8
2026-06-09 03:40:00,57284.1,65819.4,57310.7,57271.7
2026-06-09 03:45:00,57180.5,65700.4,57205.5,57168.8
2026-06-09 03:50:00,57082.7,65588.0,57040.6,57102.4
2026-06-09 03:55:00,56998.0,65490.7,56968.0,57012.0
2026-06-09 04:00:00,56944.6,65429.3,56956.4,56939.1
2026-06-09 04:05:00,56831.5,65299.4,56831.6,56831.5
2026-06-09 04:10:00,56760.6,65217.9,56798.8,56742.7
2026-06-09 04:15:00,56681.1,65126.6,56705.6,56669.7
2026-06-09 04:20:00,56597.4,65030.4,56594.6,56598.8
2026-06-09 04:25:00,56525.9,64948.3,56515.0,56531.1
2026-06-09 04:30:00,56443.4,64853.5,56441.8,56444.1
2026-06-09 04:35:00,56360.3,64758.0,56314.8,56381.7
2026-06-09 04:40:00,56339.2,64733.7,56389.8,56315.5
2026-06-09 04:45:00,56267.4,64651.2,56256.4,56272.6
2026-06-09 04:50:00,56221.9,64599.0,56242.9,56212.0
2026-06-09 04:55:00,56186.4,64558.2,56143.4,56206.6
2026-06-09 05:00:00,56185.7,64557.4,56144.0,56205.2
2026-06-09 05:05:00,56186.1,64557.8,56131.9,56211.5
2026-06-09 05:10:00,56163.4,64531.7,56155.7,56167.0
2026-06-09 05:15:00,56082.2,64438.4,56122.3,56063.5
2026-06-09 05:20:00,56060.0,64412.9,56029.6,56074.2
2026-06-09 05:25:00,56082.8,64439.1,56039.2,56103.3
2026-06-09 05:30:00,56081.4,64437.5,56038.1,56101.6
2026-06-09 05:35:00,56020.6,64367.7,56011.1,56025.1
2026-06-09 05:40:00,56017.6,64364.2,56066.2,55994.9
2026-06-09 05:45:00,56003.5,64348.0,56046.3,55983.5
2026-06-09 05:50:00,55929.0,64262.4,55941.0,55923.4
2026-06-09 05:55:00,55879.5,64205.5,55939.8,55851.2
2026-06-09 06:00:00,55821.6,64139.0,55837.6,55814.1
2026-06-09 06:05:00,55739.5,64044.7,55812.6,55705.3
2026-06-09 06:10:00,55725.1,64028.1,55717.4,55728.7
2026-06-09 06:15:00,55709.6,64010.3,55700.3,55714.0
2026-06-09 06:20:00,55646.0,63937.3,55701.2,55620.1
2026-06-09 06:25:00,55609.7,63895.5,55587.5,55620.1
2026-06-09 06:30:00,55596.4,63880.3,55588.0,55600.3
2026-06-09 06:35:00,55631.7,63920.8,55633.0,55631.0
2026-06-09 06:40:00,55747.6,64054.0,55711.6,55764.4
2026-06-09 06:45:00,55824.0,64141.8,55785.1,55842.3
2026-06-09 06:50:00,55825.7,64143.7,55893.2,55794.1
2026-06-09 06:55:00,55821.8,64139.2,55888.5,55790.5
2026-06-09 07:00:00,55817.9,64134.8,55895.9,55781.4
2026-06-09 07:05:00,55810.7,64126.5,55890.0,55773.5
2026-06-09 07:10:00,55841.0,64161.3,55928.7,55799.9
2026-06-09 07:15:00,55909.6,64240.1,55888.5,55919.4
2026-06-09 07:20:00,55941.9,64277.2,55993.1,55917.9
2026-06-09 07:25:00,55989.4,64331.8,55986.4,55990.8
2026-06-09 07:30:00,56041.1,64391.2,55986.7,56066.6
2026-06-09 07:35:00,56116.4,64477.7,56192.4,56080.8
2026-06-09 07:40:00,56273.5,64658.3,56272.5,56273.9
2026-06-09 07:45:00,56400.1,64803.7,56424.4,56388.7
2026-06-09 07:50:00,56500.4,64919.0,56494.1,56503.4
2026-06-09 07:55:00,56607.1,65041.6,56611.7,56604.9
2026-06-09 08:00:00,56736.9,65190.7,56728.3,56741.0
2026-06-09 08:05:00,56829.6,65297.2,56882.6,56804.8
2026-06-09 08:10:00,57014.3,65509.4,57036.9,57003.7
2026-06-09 08:15:00,57138.6,65652.3,57153.1,57131.8
2026-06-09 08:20:00,57226.8,65753.6,57266.9,57208.0
2026-06-09 08:25:00,57326.6,65868.3,57366.1,57308.1
2026-06-09 08:30:00,57451.2,66011.4,57459.6,57447.2
2026-06-09 08:35:00,57742.7,66346.4,57687.5,57768.6
2026-06-09 08:40:00,58178.6,66847.2,58113.1,58209.3
2026-06-09 08:45:00,58370.7,67067.9,58381.3,58365.7
2026-06-09 08:50:00,58522.0,67241.8,58556.3,58506.0
2026-06-09 08:55:00,58714.3,67462.7,58720.2,58711.5
2026-06-09 09:00:00,58885.9,67659.9,58933.8,58863.4
2026-06-09 09:05:00,59074.4,67876.5,59075.7,59073.8
2026-06-09 09:10:00,59308.8,68145.8,59333.1,59297.5
2026-06-09 09:15:00,59509.9,68376.9,59519.2,59505.6
2026-06-09 09:20:00,59739.4,68640.6,59699.6,59758.0
2026-06-09 09:25:00,59938.9,68869.8,59957.3,59930.3
2026-06-09 09:30:00,60144.3,69105.8,60145.9,60143.6
2026-06-09 09:35:00,60461.1,69469.8,60484.2,60450.3
2026-06-09 09:40:00,61023.4,70115.9,60938.4,61063.2
2026-06-09 09:45:00,61361.6,70504.5,61276.4,61401.6
2026-06-09 09:50:00,61692.6,70884.8,61682.7,61697.3
2026-06-09 09:55:00,61870.7,71089.4,61878.8,61866.9
2026-06-09 10:00:00,62066.0,71313.8,62067.4,62065.4
2026-06-09 10:05:00,62191.8,71458.4,62212.9,62182.0
2026-06-09 10:10:00,62428.9,71730.8,62428.8,62428.9
2026-06-09 10:15:00,62615.6,71945.3,62610.0,62618.2
2026-06-09 10:20:00,62790.5,72146.3,62791.3,62790.1
2026-06-09 10:25:00,62976.8,72360.3,62998.9,62966.4
2026-06-09 10:30:00,63151.6,72561.2,63171.3,63142.4
2026-06-09 10:35:00,63592.6,73067.9,63553.9,63610.7
2026-06-09 10:40:00,64177.9,73740.4,64121.5,64204.3
2026-06-09 10:45:00,64592.3,74216.6,64582.0,64597.1
2026-06-09 10:50:00,64972.1,74652.9,64942.8,64985.8
2026-06-09 10:55:00,65261.2,74985.1,65256.1,65263.6
2026-06-09 11:00:00,65621.2,75398.8,65609.2,65626.8
2026-06-09 11:05:00,65841.2,75651.5,65854.4,65835.0
2026-06-09 11:10:00,66081.9,75928.1,66155.2,66047.6
2026-06-09 11:15:00,66309.0,76189.0,66276.9,66324.0
2026-06-09 11:20:00,66493.6,76401.1,66467.5,66505.8
2026-06-09 11:25:00,66612.4,76537.6,66655.6,66592.2
2026-06-09 11:30:00,66753.7,76700.0,66757.4,66751.9
2026-06-09 11:35:00,66694.6,76632.1,66786.2,66651.7
2026-06-09 11:40:00,66774.2,76723.6,66752.2,66784.5
2026-06-09 11:45:00,66938.8,76912.7,66912.3,66951.2
2026-06-09 11:50:00,67032.9,77020.8,67048.8,67025.5
2026-06-09 11:55:00,67123.1,77124.4,67069.2,67148.4
2026-06-09 12:00:00,67196.8,77209.1,67175.7,67206.7
2026-06-09 12:05:00,67137.7,77141.2,67203.4,67107.0
2026-06-09 12:10:00,67133.4,77136.3,67146.5,67127.2
2026-06-09 12:15:00,67079.4,77074.2,67095.5,67071.9
2026-06-09 12:20:00,67028.7,77016.0,67108.4,66991.3
2026-06-09 12:25:00,66955.9,76932.3,66976.9,66946.0
2026-06-09 12:30:00,66870.6,76834.3,66930.1,66842.7
2026-06-09 12:35:00,66697.6,76635.5,66789.5,66654.6
2026-06-09 12:40:00,66733.9,76677.3,66750.0,66726.3
2026-06-09 12:45:00,66795.1,76747.6,66785.6,66799.5
2026-06-09 12:50:00,66988.1,76969.3,66984.1,66990.1
2026-06-09 12:55:00,67027.5,77014.6,67082.3,67001.8
2026-06-09 13:00:00,67047.0,77037.0,67057.7,67042.0
2026-06-09 13:05:00,66970.0,76948.5,66971.6,66969.3
2026-06-09 13:10:00,66942.7,76917.2,67005.0,66913.6
2026-06-09 13:15:00,66895.0,76862.4,66878.0,66903.0
2026-06-09 13:20:00,66898.4,76866.3,66888.5,66903.1
2026-06-09 13:25:00,66868.7,76832.1,66866.1,66869.9
2026-06-09 13:30:00,66787.4,76738.7,66842.4,66761.6
2026-06-09 13:35:00,66638.5,76567.6,66632.4,66641.3
2026-06-09 13:40:00,66555.0,76471.7,66591.3,66537.9
2026-06-09 13:45:00,66479.2,76384.6,66512.0,66463.8
2026-06-09 13:50:00,66449.9,76350.9,66412.7,66467.4
2026-06-09 13:55:00,66368.7,76257.6,66391.9,66357.8
2026-06-09 14:00:00,66354.5,76241.3,66290.8,66384.3
2026-06-09 14:05:00,66326.4,76209.0,66258.1,66358.4
2026-06-09 14:10:00,66297.2,76175.5,66292.8,66299.2
2026-06-09 14:15:00,66236.1,76105.3,66145.9,66278.4
2026-06-09 14:20:00,66164.4,76022.9,66136.7,66177.3
2026-06-09 14:25:00,65983.1,75814.6,65893.2,66025.2
2026-06-09 14:30:00,65684.5,75471.5,65612.9,65718.0
2026-06-09 14:35:00,65264.0,74988.3,65210.9,65288.8
2026-06-09 14:40:00,65252.3,74974.9,65270.9,65243.6
2026-06-09 14:45:00,65162.6,74871.8,65282.2,65106.6
2026-06-09 14:50:00,65103.1,74803.5,65128.2,65091.3
2026-06-09 14:55:00,65038.6,74729.4,65073.5,65022.3
2026-06-09 15:00:00,64930.8,74605.5,64954.3,64919.8
2026-06-09 15:05:00,64736.3,74382.0,64740.2,64734.4
2026-06-09 15:10:00,64677.0,74313.9,64695.6,64668.3
2026-06-09 15:15:00,64673.7,74310.1,64764.5,64631.2
2026-06-09 15:20:00,64656.3,74290.1,64766.7,64604.6
2026-06-09 15:25:00,64797.0,74451.8,64851.1,64771.7
2026-06-09 15:30:00,65018.3,74706.0,65033.8,65011.0
2026-06-09 15:35:00,65415.6,75162.5,65367.9,65437.9
2026-06-09 15:40:00,65787.1,75589.4,65710.2,65823.1
2026-06-09 15:45:00,66126.1,75978.9,66067.9,66153.4
2026-06-09 15:50:00,66343.5,76228.7,66373.2,66329.6
2026-06-09 15:55:00,66539.2,76453.5,66571.7,66523.9
2026-06-09 16:00:00,66813.5,76768.7,66822.6,66809.2
2026-06-09 16:05:00,67056.4,77047.8,66994.4,67085.4
2026-06-09 16:10:00,67294.6,77321.5,67244.0,67318.4
2026-06-09 16:15:00,67477.9,77532.1,67531.0,67453.1
2026-06-09 16:20:00,67657.3,77738.2,67621.1,67674.2
2026-06-09 16:25:00,67786.6,77886.8,67769.5,67794.6
2026-06-09 16:30:00,67925.1,78045.9,67937.0,67919.5
2026-06-09 16:35:00,68009.2,78142.6,68102.1,67965.7
2026-06-09 16:40:00,68049.4,78188.8,68053.4,68047.6
2026-06-09 16:45:00,68134.3,78286.3,68200.0,68103.5
2026-06-09 16:50:00,68261.1,78432.0,68301.2,68242.4
2026-06-09 16:55:00,68354.1,78538.9,68405.9,68329.9
2026-06-09 17:00:00,68401.9,78593.8,68405.0,68400.5
2026-06-09 17:05:00,68470.6,78672.7,68494.6,68459.4
2026-06-09 17:10:00,68547.4,78761.0,68597.4,68523.9
2026-06-09 17:15:00,68628.8,78854.5,68602.4,68641.1
2026-06-09 17:20:00,68676.3,78909.1,68696.8,68666.7
2026-06-09 17:25:00,68735.4,78977.0,68694.8,68754.5
2026-06-09 17:30:00,68754.6,78999.0,68789.6,68738.1
2026-06-09 17:35:00,68769.8,79016.5,68787.7,68761.4
2026-06-09 17:40:00,68782.6,79031.2,68788.2,68780.0
2026-06-09 17:45:00,68959.7,79234.7,68916.4,68980.0
2026-06-09 17:50:00,69145.6,79448.3,69169.5,69134.4
2026-06-09 17:55:00,69325.5,79655.0,69256.9,69357.6
2026-06-09 18:00:00,69449.3,79797.2,69488.2,69431.1
2026-06-09 18:05:00,69557.7,79921.8,69541.2,69565.4
2026-06-09 18:10:00,69671.3,80052.3,69719.9,69648.5
2026-06-09 18:15:00,69793.2,80192.4,69828.7,69776.5
2026-06-09 18:20:00,69945.1,80366.9,69974.0,69931.5
2026-06-09 18:25:00,70095.6,80539.8,70070.8,70107.3
2026-06-09 18:30:00,70217.7,80680.1,70156.0,70246.6
2026-06-09 18:35:00,70294.4,80768.3,70229.0,70325.0
2026-06-09 18:40:00,70230.4,80694.7,70303.4,70196.2
2026-06-09 18:45:00,70346.9,80828.6,70300.6,70368.6
2026-06-09 18:50:00,70475.8,80976.7,70447.3,70489.1
2026-06-09 18:55:00,70593.6,81112.0,70542.9,70617.3
2026-06-09 19:00:00,70692.2,81225.3,70755.8,70662.5
2026-06-09 19:05:00,70827.3,81380.6,70855.4,70814.1
2026-06-09 19:10:00,70931.9,81500.8,70837.2,70976.2
2026-06-09 19:15:00,71069.2,81658.5,70996.0,71103.5
2026-06-09 19:20:00,71118.3,81714.9,71147.3,71104.7
2026-06-09 19:25:00,71154.3,81756.3,71103.6,71178.0
2026-06-09 19:30:00,71170.2,81774.6,71202.7,71155.0
2026-06-09 19:35:00,71045.4,81631.2,71117.2,71011.7
2026-06-09 19:40:00,70824.7,81377.6,70830.2,70822.1
2026-06-09 19:45:00,70869.3,81428.8,70803.5,70900.1
2026-06-09 19:50:00,70928.5,81496.8,70973.3,70907.4
2026-06-09 19:55:00,71011.1,81591.8,70961.2,71034.4
2026-06-09 20:00:00,71060.5,81648.5,71108.4,71038.0
2026-06-09 20:05:00,71035.8,81620.1,71084.4,71013.0
2026-06-09 20:10:00,71053.7,81640.7,71106.4,71029.0
2026-06-09 20:15:00,71049.7,81636.1,71091.4,71030.1
2026-06-09 20:20:00,71052.1,81638.9,71096.5,71031.4
2026-06-09 20:25:00,71014.9,81596.1,71059.9,70993.8
2026-06-09 20:30:00,70988.1,81565.3,71014.8,70975.6
2026-06-09 20:35:00,70975.5,81550.8,71003.3,70962.4
2026-06-09 20:40:00,70834.5,81388.8,70767.4,70866.0
2026-06-09 20:45:00,70914.1,81480.3,70955.9,70894.5
2026-06-09 20:50:00,70932.4,81501.3,70984.0,70908.2
2026-06-09 20:55:00,71014.9,81596.1,70963.0,71039.2
2026-06-09 21:00:00,71073.9,81663.9,71120.1,71052.3
2026-06-09 21:05:00,71140.3,81740.2,71132.1,71144.1
2026-06-09 21:10:00,71165.7,81769.4,71246.3,71127.9
2026-06-09 21:15:00,71153.1,81754.9,71229.1,71117.5
2026-06-09 21:20:00,71155.6,81757.8,71234.2,71118.8
2026-06-09 21:25:00,71116.1,81712.4,71200.4,71076.6
2026-06-09 21:30:00,71038.7,81623.5,71012.3,71051.1
2026-06-09 21:35:00,70940.5,81510.6,70968.0,70927.5
2026-06-09 21:40:00,70854.2,81411.5,70763.0,70896.9
2026-06-09 21:45:00,70834.0,81388.3,70885.1,70810.0
2026-06-09 21:50:00,70836.5,81391.1,70879.5,70816.3
2026-06-09 21:55:00,70834.7,81389.1,70875.4,70815.6
2026-06-09 22:00:00,70827.7,81381.0,70867.1,70809.3
2026-06-09 22:05:00,70757.5,81300.4,70702.2,70783.4
2026-06-09 22:10:00,70648.1,81174.7,70717.1,70615.8
2026-06-09 22:15:00,70598.9,81118.1,70558.6,70617.8
2026-06-09 22:20:00,70520.2,81027.7,70564.3,70499.5
2026-06-09 22:25:00,70432.0,80926.4,70384.0,70454.4
2026-06-09 22:30:00,70324.0,80802.3,70351.6,70311.1
2026-06-09 22:35:00,70022.5,80455.9,70142.2,69966.4
2026-06-09 22:40:00,69769.9,80165.6,69864.2,69725.8
2026-06-09 22:45:00,69569.8,79935.7,69681.0,69517.7
2026-06-09 22:50:00,69413.1,79755.7,69417.7,69410.9
2026-06-09 22:55:00,69248.6,79566.6,69310.1,69219.8
2026-06-09 23:00:00,69073.3,79365.2,69030.5,69093.3
2026-06-09 23:05:00,68842.9,79100.5,68868.9,68830.7
2026-06-09 23:10:00,68667.3,78898.7,68696.2,68653.8
2026-06-09 23:15:00,68474.4,78677.1,68446.7,68487.4
2026-06-09 23:20:00,68300.2,78476.9,68362.5,68271.0
2026-06-09 23:25:00,68064.1,78205.7,68057.1,68067.3
2026-06-09 23:30:00,67841.0,77949.3,67851.8,67836.0
2026-06-09 23:35:00,67525.1,77586.3,67568.8,67504.7
2026-06-09 23:40:00,67310.7,77340.0,67309.4,67311.3
2026-06-09 23:45:00,67155.5,77161.7,67148.5,67158.7
2026-06-09 23:50:00,66959.9,76936.9,66940.4,66969.1
2026-06-09 23:55:00,66777.9,76727.8,66812.4,66761.8
2026-06-10 00:00:00,66644.6,76574.6,66625.9,66653.3
2026-06-10 00:05:00,66462.0,76364.8,66511.6,66438.8
2026-06-10 00:10:00,66341.0,76225.8,66305.7,66357.6
2026-06-10 00:15:00,66164.0,76022.4,66216.7,66139.3
2026-06-10 00:20:00,65968.2,75797.5,65982.3,65961.6
2026-06-10 00:25:00,65785.4,75587.4,65798.7,65779.1
2026-06-10 00:30:00,65537.0,75302.0,65609.9,65502.9
2026-06-10 00:35:00,65293.5,75022.2,65376.5,65254.6
2026-06-10 00:40:00,65288.1,75016.0,65268.6,65297.2
2026-06-10 00:45:00,65190.4,74903.8,65176.8,65196.8
2026-06-10 00:50:00,65032.6,74722.5,64999.0,65048.4
2026-06-10 00:55:00,64847.0,74509.2,64810.9,64864.0
2026-06-10 01:00:00,64665.9,74301.1,64687.9,64655.6
2026-06-10 01:05:00,64463.8,74068.9,64485.2,64453.8
2026-06-10 01:10:00,64331.6,73917.0,64354.7,64320.7
2026-06-10 01:15:00,64180.9,73743.9,64160.3,64190.6
2026-06-10 01:20:00,64014.9,73553.1,64065.9,63991.0
2026-06-10 01:25:00,63866.5,73382.6,63875.4,63862.3
2026-06-10 01:30:00,63699.5,73190.7,63726.6,63686.8
2026-06-10 01:35:00,63682.2,73170.8,63752.0,63649.4
2026-06-10 01:40:00,63997.3,73532.9,64004.4,63994.0
2026-06-10 01:45:00,63910.8,73433.5,63956.2,63889.6
2026-06-10 01:50:00,63802.1,73308.6,63747.0,63827.8
2026-06-10 01:55:00,63591.9,73067.1,63551.2,63611.0
2026-06-10 02:00:00,63337.3,72774.6,63325.0,63343.1
2026-06-10 02:05:00,62982.3,72366.7,63037.7,62956.4
2026-06-10 02:10:00,62674.7,72013.2,62646.6,62687.8
2026-06-10 02:15:00,62377.5,71671.7,62388.7,62372.3
2026-06-10 02:20:00,62061.3,71308.4,62022.8,62079.3
2026-06-10 02:25:00,61692.6,70884.8,61687.6,61694.9
2026-06-10 02:30:00,61208.5,70328.6,61250.8,61188.6
2026-06-10 02:35:00,60528.2,69546.9,60555.4,60515.4
2026-06-10 02:40:00,60360.3,69354.0,60367.5,60356.9
2026-06-10 02:45:00,60110.3,69066.7,60027.0,60149.3
2026-06-10 02:50:00,59882.8,68805.3,59839.8,59902.9
2026-06-10 02:55:00,59560.8,68435.4,59521.7,59579.1
2026-06-10 03:00:00,59222.0,68046.1,59291.7,59189.3
2026-06-10 03:05:00,58895.5,67670.9,58965.6,58862.7
2026-06-10 03:10:00,58680.0,67423.3,58727.0,58658.0
2026-06-10 03:15:00,58482.2,67196.0,58459.7,58492.7
2026-06-10 03:20:00,58290.1,66975.3,58252.9,58307.6
2026-06-10 03:25:00,58154.5,66819.5,58082.2,58188.4
2026-06-10 03:30:00,57958.4,66594.2,57965.7,57955.0
2026-06-10 03:35:00,57817.6,66432.4,57804.5,57823.7
2026-06-10 03:40:00,57756.8,66362.6,57678.9,57793.3
2026-06-10 03:45:00,57662.4,66254.1,57653.5,57666.6
2026-06-10 03:50:00,57613.5,66197.9,57563.8,57636.8
2026-06-10 03:55:00,57564.9,66142.1,57523.5,57584.3
2026-06-10 04:00:00,57528.3,66100.0,57537.0,57524.2
2026-06-10 04:05:00,57449.0,66008.9,57454.1,57446.6
2026-06-10 04:10:00,57379.4,65928.9,57362.3,57387.4
2026-06-10 04:15:00,57339.7,65883.3,57324.9,57346.6
2026-06-10 04:20:00,57274.6,65808.5,57271.7,57276.0
2026-06-10 04:25:00,57202.8,65726.0,57203.5,57202.4
2026-06-10 04:30:00,57132.4,65645.1,57176.2,57111.9
2026-06-10 04:35:00,57060.0,65561.9,57054.1,57062.7
2026-06-10 04:40:00,57071.4,65575.0,57037.4,57087.3
2026-06-10 04:45:00,57043.1,65542.5,56992.8,57066.7
2026-06-10 04:50:00,56982.0,65472.3,56986.6,56979.9
2026-06-10 04:55:00,56929.6,65412.1,56892.0,56947.3
2026-06-10 05:00:00,56882.6,65358.1,56898.7,56875.1
2026-06-10 05:05:00,56847.6,65317.9,56820.1,56860.5
2026-06-10 05:10:00,56790.7,65252.5,56822.4,56775.9
2026-06-10 05:15:00,56756.6,65213.3,56715.2,56776.0
2026-06-10 05:20:00,56696.7,65144.5,56720.0,56685.8
2026-06-10 05:25:00,56634.1,65072.6,56617.7,56641.7
2026-06-10 05:30:00,56603.0,65036.8,56539.4,56632.8
2026-06-10 05:35:00,56586.0,65017.3,56545.0,56605.3
2026-06-10 05:40:00,56642.7,65082.5,56608.7,56658.6
2026-06-10 05:45:00,56584.1,65015.1,56649.4,56553.5
2026-06-10 05:50:00,56561.3,64988.9,56576.2,56554.4
2026-06-10 05:55:00,56500.3,64918.8,56574.1,56465.7
2026-06-10 06:00:00,56470.7,64884.8,56477.5,56467.5
2026-06-10 06:05:00,56408.1,64812.9,56459.0,56384.2
2026-06-10 06:10:00,56400.5,64804.2,56388.7,56406.0
2026-06-10 06:15:00,56389.4,64791.4,56368.8,56399.0
2026-06-10 06:20:00,56392.8,64795.3,56379.2,56399.1
2026-06-10 06:25:00,56403.3,64807.4,56387.9,56410.4
2026-06-10 06:30:00,56400.8,64804.5,56387.6,56407.0
2026-06-10 06:35:00,56499.0,64917.4,56416.0,56537.9
2026-06-10 06:40:00,56631.9,65070.1,56579.4,56656.5
2026-06-10 06:45:00,56707.3,65156.7,56655.4,56731.6
2026-06-10 06:50:00,56777.8,65237.7,56711.9,56808.6
2026-06-10 06:55:00,56855.0,65326.4,56831.6,56865.9
2026-06-10 07:00:00,56885.9,65361.9,56917.2,56871.2
2026-06-10 07:05:00,56933.2,65416.2,56907.8,56945.1
2026-06-10 07:10:00,56997.4,65490.0,57029.4,56982.5
2026-06-10 07:15:00,57009.0,65503.3,56984.7,57020.4
2026-06-10 07:20:00,57039.5,65538.4,57083.6,57018.9
2026-06-10 07:25:00,57033.3,65531.3,57075.4,57013.6
2026-06-10 07:30:00,57065.9,65568.7,57074.9,57061.7
2026-06-10 07:35:00,57175.9,65695.1,57155.7,57185.4
2026-06-10 07:40:00,57348.8,65893.8,57310.7,57366.7
2026-06-10 07:45:00,57487.5,66053.1,57446.5,57506.7
2026-06-10 07:50:00,57601.1,66183.7,57638.5,57583.5
2026-06-10 07:55:00,57691.7,66287.8,57729.4,57674.1
2026-06-10 08:00:00,57773.3,66381.5,57826.1,57748.6
2026-06-10 08:05:00,57847.4,66466.7,57903.8,57821.0
2026-06-10 08:10:00,58022.9,66668.3,58073.0,57999.4
2026-06-10 08:15:00,58133.5,66795.4,58116.1,58141.7
2026-06-10 08:20:00,58236.4,66913.6,58191.8,58257.3
2026-06-10 08:25:00,58371.8,67069.2,58396.3,58360.3
2026-06-10 08:30:00,58496.8,67212.8,58487.2,58501.2
2026-06-10 08:35:00,58734.9,67486.4,58737.6,58733.6
2026-06-10 08:40:00,59158.9,67973.6,59151.2,59162.5
2026-06-10 08:45:00,59399.0,68249.5,59432.0,59383.6
2026-06-10 08:50:00,59577.0,68454.0,59618.2,59557.6
2026-06-10 08:55:00,59723.5,68622.3,59740.5,59715.6
2026-06-10 09:00:00,59914.3,68841.5,59911.7,59915.4
2026-06-10 09:05:00,60116.2,69073.5,60120.0,60114.4
2026-06-10 09:10:00,60334.9,69324.8,60358.6,60323.7
2026-06-10 09:15:00,60479.0,69490.4,60493.3,60472.3
2026-06-10 09:20:00,60667.4,69706.8,60708.1,60648.4
2026-06-10 09:25:00,60851.6,69918.5,60887.0,60835.0
2026-06-10 09:30:00,61062.1,70160.4,60983.9,61098.7
2026-06-10 09:35:00,61429.1,70582.0,61396.4,61444.5
2026-06-10 09:40:00,62002.9,71241.3,61873.7,62063.4
2026-06-10 09:45:00,62355.3,71646.2,62284.6,62388.4
2026-06-10 09:50:00,62662.7,71999.4,62676.9,62656.0
2026-06-10 09:55:00,62888.4,72258.8,62955.1,62857.2
2026-06-10 10:00:00,63127.5,72533.5,63148.6,63117.7
2026-06-10 10:05:00,63239.0,72661.6,63264.8,63227.0
2026-06-10 10:10:00,63491.2,72951.4,63506.9,63483.8
2026-06-10 10:15:00,63672.5,73159.7,63660.0,63678.4
2026-06-10 10:20:00,63853.8,73368.0,63851.5,63854.9
2026-06-10 10:25:00,64075.3,73622.5,64060.8,64082.1
2026-06-10 10:30:00,64246.1,73818.8,64292.0,64224.6
2026-06-10 10:35:00,64618.3,74246.4,64580.8,64635.8
2026-06-10 10:40:00,65202.1,74917.2,65107.1,65246.6
2026-06-10 10:45:00,65571.1,75341.2,65506.0,65601.6
2026-06-10 10:50:00,65941.8,75767.1,65909.0,65957.2
2026-06-10 10:55:00,66251.2,76122.6,66255.0,66249.4
2026-06-10 11:00:00,66654.2,76585.7,66615.5,66672.4
2026-06-10 11:05:00,66923.9,76895.6,66961.0,66906.6
2026-06-10 11:10:00,67245.3,77264.8,67227.1,67253.9
2026-06-10 11:15:00,67449.3,77499.2,67437.4,67454.9
2026-06-10 11:20:00,67665.1,77747.2,67630.7,67681.3
2026-06-10 11:25:00,67832.0,77939.0,67829.3,67833.3
2026-06-10 11:30:00,67976.1,78104.5,68040.8,67945.8
2026-06-10 11:35:00,68016.4,78150.8,68020.5,68014.4
2026-06-10 11:40:00,68082.7,78227.0,68105.0,68072.2
2026-06-10 11:45:00,68232.3,78398.9,68244.2,68226.8
2026-06-10 11:50:00,68346.7,78530.4,68367.7,68336.9
2026-06-10 11:55:00,68426.8,78622.4,68427.9,68426.2
2026-06-10 12:00:00,68521.4,78731.1,68480.7,68540.5
2026-06-10 12:05:00,68565.5,78781.8,68537.3,68578.6
2026-06-10 12:10:00,68561.5,78777.2,68543.0,68570.2
2026-06-10 12:15:00,68568.8,78785.6,68526.8,68588.5
2026-06-10 12:20:00,68560.0,78775.4,68513.0,68582.0
2026-06-10 12:25:00,68524.0,78734.1,68484.1,68542.7
2026-06-10 12:30:00,68499.5,78705.9,68452.8,68521.4
2026-06-10 12:35:00,68384.0,78573.2,68412.4,68370.7
2026-06-10 12:40:00,68446.8,78645.4,68488.0,68427.5
2026-06-10 12:45:00,68535.2,78746.9,68503.8,68549.8
2026-06-10 12:50:00,68750.2,78994.0,68703.4,68772.1
2026-06-10 12:55:00,68931.4,79202.2,68867.4,68961.4
2026-06-10 13:00:00,69012.6,79295.5,69051.8,68994.3
2026-06-10 13:05:00,69008.6,79290.9,68998.0,69013.5
2026-06-10 13:10:00,69041.9,79329.1,69035.6,69044.8
2026-06-10 13:15:00,69059.1,79348.9,69107.9,69036.2
2026-06-10 13:20:00,69062.5,79352.8,69118.4,69036.2
2026-06-10 13:25:00,69028.8,79314.1,69092.2,68999.1
2026-06-10 13:30:00,68975.3,79252.6,68971.6,68977.1
2026-06-10 13:35:00,68816.0,79069.6,68860.5,68795.1
2026-06-10 13:40:00,68772.1,79019.1,68871.1,68725.8
2026-06-10 13:45:00,68767.1,79013.4,68769.3,68766.1
2026-06-10 13:50:00,68762.2,79007.8,68772.8,68757.2
2026-06-10 13:55:00,68733.8,78975.1,68718.7,68740.9
2026-06-10 14:00:00,68667.4,78898.8,68720.8,68642.4
2026-06-10 14:05:00,68572.8,78790.1,68511.8,68601.3
2026-06-10 14:10:00,68483.8,78687.9,68438.6,68504.9
2026-06-10 14:15:00,68389.9,78580.0,68401.3,68384.5
2026-06-10 14:20:00,68291.7,78467.2,68294.2,68290.5
2026-06-10 14:25:00,68049.8,78189.2,68042.5,68053.3
2026-06-10 14:30:00,67698.7,77785.8,67716.6,67690.3
2026-06-10 14:35:00,67272.4,77296.0,67297.6,67260.6
2026-06-10 14:40:00,67286.9,77312.6,67342.5,67260.8
2026-06-10 14:45:00,67305.0,77333.4,67362.2,67278.1
2026-06-10 14:50:00,67342.7,77376.8,67345.7,67341.3
2026-06-10 14:55:00,67310.8,77340.1,67342.6,67296.0
2026-06-10 15:00:00,67311.2,77340.6,67337.0,67299.2
2026-06-10 15:05:00,67208.9,77223.0,67224.6,67201.5
2026-06-10 15:10:00,67213.5,77228.3,67218.3,67211.2
2026-06-10 15:15:00,67282.5,77307.6,67271.0,67287.9
2026-06-10 15:20:00,67306.3,77334.9,67370.2,67276.4
2026-06-10 15:25:00,67492.0,77548.3,67476.5,67499.3
2026-06-10 15:30:00,67695.6,77782.2,67717.8,67685.2
2026-06-10 15:35:00,68136.4,78288.7,68155.7,68127.4
2026-06-10 15:40:00,68559.1,78774.4,68543.0,68566.6
2026-06-10 15:45:00,68874.5,79136.8,68839.1,68891.1
2026-06-10 15:50:00,69113.4,79411.3,69091.1,69123.8
2026-06-10 15:55:00,69299.9,79625.6,69287.8,69305.6
2026-06-10 16:00:00,69478.2,79830.5,69534.2,69451.9
2026-06-10 16:05:00,69703.9,80089.8,69634.2,69736.5
2026-06-10 16:10:00,69956.2,80379.7,69938.3,69964.5
2026-06-10 16:15:00,70148.3,80600.4,70084.1,70178.4
2026-06-10 16:20:00,70297.8,80772.2,70349.2,70273.8
2026-06-10 16:25:00,70350.5,80832.7,70378.9,70337.2
2026-06-10 16:30:00,70409.9,80901.0,70382.5,70422.7
2026-06-10 16:35:00,70421.0,80913.7,70500.3,70383.9
2026-06-10 16:40:00,70432.2,80926.6,70490.0,70405.2
2026-06-10 16:45:00,70495.5,80999.3,70540.9,70474.2
2026-06-10 16:50:00,70569.5,81084.4,70541.7,70582.5
2026-06-10 16:55:00,70617.2,81139.2,70646.9,70603.3
2026-06-10 17:00:00,70705.1,81240.2,70695.4,70709.7
2026-06-10 17:05:00,70758.4,81301.4,70766.7,70754.6
2026-06-10 17:10:00,70770.0,81314.7,70781.6,70764.5
2026-06-10 17:15:00,70868.8,81428.3,70778.7,70911.0
2026-06-10 17:20:00,70920.0,81487.1,70951.1,70905.5
2026-06-10 17:25:00,70981.2,81557.4,70927.7,71006.3
2026-06-10 17:30:00,70958.4,81531.2,70894.0,70988.6
2026-06-10 17:35:00,70907.0,81472.1,70889.4,70915.2
2026-06-10 17:40:00,70844.3,81400.1,70897.2,70819.6
2026-06-10 17:45:00,71017.8,81599.5,71032.1,71011.1
2026-06-10 17:50:00,71246.8,81862.6,71244.5,71247.8
2026-06-10 17:55:00,71426.5,82069.0,71344.0,71465.2
2026-06-10 18:00:00,71568.8,82232.6,71532.4,71585.9
2026-06-10 18:05:00,71664.1,82342.1,71620.2,71684.7
2026-06-10 18:10:00,71717.8,82403.8,71768.5,71694.1
2026-06-10 18:15:00,71807.8,82507.2,71766.1,71827.4
2026-06-10 18:20:00,71894.0,82606.2,71956.6,71864.7
2026-06-10 18:25:00,71989.0,82715.4,71961.4,72001.9
2026-06-10 18:30:00,72015.8,82746.2,72077.7,71986.9
2026-06-10 18:35:00,72090.8,82832.3,72006.6,72130.2
2026-06-10 18:40:00,72026.9,82758.9,72119.2,71983.6
2026-06-10 18:45:00,72138.2,82886.8,72098.2,72157.0
2026-06-10 18:50:00,72218.3,82978.8,72294.0,72182.9
2026-06-10 18:55:00,72328.5,83105.4,72262.6,72359.4
2026-06-10 19:00:00,72415.0,83204.8,72446.2,72400.4
2026-06-10 19:05:00,72478.1,83277.3,72393.0,72518.0
2026-06-10 19:10:00,72548.6,83358.3,72586.1,72531.1
2026-06-10 19:15:00,72659.7,83486.0,72562.6,72705.2
2026-06-10 19:20:00,72744.7,83583.7,72758.8,72738.1
2026-06-10 19:25:00,72835.7,83688.2,72751.0,72875.4
2026-06-10 19:30:00,72889.2,83749.7,72891.0,72888.3
2026-06-10 19:35:00,72760.8,83602.2,72812.4,72736.6
2026-06-10 19:40:00,72571.5,83384.7,72488.8,72610.2
2026-06-10 19:45:00,72629.4,83451.2,72563.0,72660.5
2026-06-10 19:50:00,72711.7,83545.7,72781.2,72679.1
2026-06-10 19:55:00,72709.2,83542.9,72771.2,72680.1
2026-06-10 20:00:00,72712.7,83546.9,72779.4,72681.4
2026-06-10 20:05:00,72686.1,83516.3,72744.9,72658.5
2026-06-10 20:10:00,72697.8,83529.8,72769.1,72664.3
2026-06-10 20:15:00,72689.9,83520.7,72742.0,72665.5
2026-06-10 20:20:00,72679.9,83509.2,72747.1,72648.4
2026-06-10 20:25:00,72644.5,83468.5,72710.5,72613.5
2026-06-10 20:30:00,72605.3,83423.5,72658.5,72580.4
2026-06-10 20:35:00,72504.5,83307.7,72421.6,72543.4
2026-06-10 20:40:00,72311.9,83086.4,72344.2,72296.8
2026-06-10 20:45:00,72293.7,83065.5,72319.6,72281.6
2026-06-10 20:50:00,72312.4,83086.9,72343.9,72297.6
2026-06-10 20:55:00,72306.3,83079.9,72331.2,72294.6
2026-06-10 21:00:00,72318.1,83093.5,72345.2,72305.4
2026-06-10 21:05:00,72321.5,83097.4,72348.1,72309.0
2026-06-10 21:10:00,72302.8,83075.9,72324.1,72292.8
2026-06-10 21:15:00,72290.6,83061.9,72308.0,72282.5
2026-06-10 21:20:00,72293.1,83064.8,72313.1,72283.7
2026-06-10 21:25:00,72251.4,83016.9,72266.7,72244.2
2026-06-10 21:30:00,72189.1,82945.3,72241.7,72164.5
2026-06-10 21:35:00,72077.1,82816.6,72044.1,72092.6
2026-06-10 21:40:00,71890.0,82601.6,71797.0,71933.5
2026-06-10 21:45:00,71810.9,82510.7,71768.1,71830.9
2026-06-10 21:50:00,71708.3,82392.8,71760.5,71683.8
2026-06-10 21:55:00,71657.4,82334.4,71612.1,71678.6
2026-06-10 22:00:00,71565.8,82229.1,71605.9,71547.0
2026-06-10 22:05:00,71489.6,82141.6,71418.1,71523.2
2026-06-10 22:10:00,71403.8,82043.0,71434.0,71389.6
2026-06-10 22:15:00,71338.0,81967.4,71266.5,71371.5
2026-06-10 22:20:00,71241.0,81855.9,71272.2,71226.4
2026-06-10 22:25:00,71144.8,81745.4,71071.3,71179.3
2026-06-10 22:30:00,71020.2,81602.2,71062.7,71000.3
2026-06-10 22:35:00,70845.8,81401.8,70850.7,70843.5
2026-06-10 22:40:00,70706.0,81241.2,70713.6,70702.4
2026-06-10 22:45:00,70571.2,81086.3,70628.5,70544.3
2026-06-10 22:50:00,70395.3,80884.2,70468.6,70360.9
2026-06-10 22:55:00,70200.5,80660.4,70150.5,70223.9
2026-06-10 23:00:00,70077.3,80518.8,70039.6,70095.0
2026-06-10 23:05:00,69920.3,80338.4,69848.5,69953.9
2026-06-10 23:10:00,69661.7,80041.3,69733.9,69627.9
2026-06-10 23:15:00,69417.3,79760.5,69471.4,69392.0
2026-06-10 23:20:00,69222.4,79536.5,69266.2,69201.9
2026-06-10 23:25:00,69019.2,79303.1,68981.1,69037.1
2026-06-10 23:30:00,68781.9,79030.4,68752.7,68795.6
2026-06-10 23:35:00,68506.8,78714.3,68480.2,68519.3
2026-06-10 23:40:00,68302.3,78479.3,68318.5,68294.6
2026-06-10 23:45:00,68086.1,78230.9,68088.4,68085.1
2026-06-10 23:50:00,67925.0,78045.8,67879.1,67946.5
2026-06-10 23:55:00,67697.3,77784.2,67757.5,67669.2
2026-06-11 00:00:00,67482.7,77537.6,67556.9,67448.0
2026-06-11 00:05:00,67265.6,77288.2,67329.5,67235.6
2026-06-11 00:10:00,67011.4,76996.1,67029.3,67003.0
2026-06-11 00:15:00,66834.6,76793.0,66779.7,66860.3
2026-06-11 00:20:00,66616.8,76542.7,66601.6,66623.9
2026-06-11 00:25:00,66426.3,76323.8,66402.5,66437.5
2026-06-11 00:30:00,66255.2,76127.2,66201.7,66280.3
2026-06-11 00:35:00,66042.6,75882.9,66057.2,66035.8
2026-06-11 00:40:00,66058.0,75900.6,66015.9,66077.7
2026-06-11 00:45:00,65993.0,75826.0,65964.2,66006.5
2026-06-11 00:50:00,65822.9,75630.5,65820.6,65824.0
2026-06-11 00:55:00,65681.8,75468.4,65715.5,65666.0
2026-06-11 01:00:00,65469.4,75224.3,65470.9,65468.8
2026-06-11 01:05:00,65223.7,74942.0,65223.5,65223.8
2026-06-11 01:10:00,64995.4,74679.7,64978.0,65003.5
2026-06-11 01:15:00,64817.9,74475.8,64793.6,64829.3
2026-06-11 01:20:00,64647.7,74280.2,64625.3,64658.2
2026-06-11 01:25:00,64472.3,74078.7,64442.6,64486.2
2026-06-11 01:30:00,64333.3,73919.0,64354.4,64323.4
2026-06-11 01:35:00,64297.6,73877.9,64274.4,64308.5
2026-06-11 01:40:00,64583.4,74206.3,64659.8,64547.5
2026-06-11 01:45:00,64514.5,74127.2,64604.4,64472.4
2026-06-11 01:50:00,64370.0,73961.1,64376.8,64366.8
2026-06-11 01:55:00,64209.1,73776.3,64250.4,64189.7
2026-06-11 02:00:00,64030.9,73571.5,63996.2,64047.1
2026-06-11 02:05:00,63715.9,73209.6,63688.2,63728.8
2026-06-11 02:10:00,63414.8,72863.6,63471.9,63388.0
2026-06-11 02:15:00,63097.2,72498.7,63088.6,63101.3
2026-06-11 02:20:00,62777.6,72131.5,62748.5,62791.2
2026-06-11 02:25:00,62479.5,71788.9,62478.5,62479.9
2026-06-11 02:30:00,62100.0,71352.9,62133.7,62084.3
2026-06-11 02:35:00,61504.3,70668.4,61448.5,61530.4
2026-06-11 02:40:00,61284.1,70415.4,61329.1,61263.0
2026-06-11 02:45:00,60910.1,69985.7,60949.2,60891.8
2026-06-11 02:50:00,60542.7,69563.6,60557.7,60535.6
2026-06-11 02:55:00,60279.6,69261.3,60229.6,60303.1
2026-06-11 03:00:00,60051.8,68999.5,60045.6,60054.7
2026-06-11 03:05:00,59752.5,68655.6,59781.8,59738.8
2026-06-11 03:10:00,59437.5,68293.7,59534.0,59392.2
2026-06-11 03:15:00,59173.4,67990.2,59169.4,59175.2
2026-06-11 03:20:00,58915.0,67693.3,59003.1,58873.8
2026-06-11 03:25:00,58696.0,67441.7,58735.2,58677.6
2026-06-11 03:30:00,58506.2,67223.6,58531.5,58494.3
2026-06-11 03:35:00,58402.1,67104.0,58387.3,58409.1
2026-06-11 03:40:00,58281.9,66965.9,58288.4,58278.8
2026-06-11 03:45:00,58160.4,66826.3,58135.8,58171.9
2026-06-11 03:50:00,58013.2,66657.2,58016.0,58011.9
2026-06-11 03:55:00,57927.4,66558.6,57860.4,57958.9
2026-06-11 04:00:00,57869.5,66492.1,57809.7,57897.6
2026-06-11 04:05:00,57801.7,66414.2,57775.1,57814.1
2026-06-11 04:10:00,57744.5,66348.4,57718.1,57756.8
2026-06-11 04:15:00,57685.3,66280.4,57630.3,57711.0
2026-06-11 04:20:00,57661.7,66253.3,57650.5,57667.0
2026-06-11 04:25:00,57661.6,66253.2,57647.6,57668.2
2026-06-11 04:30:00,57661.8,66253.4,57646.2,57669.0
2026-06-11 04:35:00,57594.6,66176.2,57597.3,57593.4
2026-06-11 04:40:00,57596.5,66178.4,57592.2,57598.5
2026-06-11 04:45:00,57573.1,66151.5,57550.7,57583.6
2026-06-11 04:50:00,57571.7,66149.9,57545.8,57583.9
2026-06-11 04:55:00,57574.5,66153.1,57548.7,57586.6
2026-06-11 05:00:00,57590.1,66171.0,57550.1,57608.8
2026-06-11 05:05:00,57532.5,66104.8,57535.3,57531.2
2026-06-11 05:10:00,57519.6,66090.0,57476.4,57539.8
2026-06-11 05:15:00,57438.0,65996.3,57461.0,57427.2
2026-06-11 05:20:00,57402.5,65955.5,57349.5,57427.3
2026-06-11 05:25:00,57358.1,65904.5,57344.9,57364.2
2026-06-11 05:30:00,57311.6,65851.0,57266.4,57332.7
2026-06-11 05:35:00,57229.9,65757.2,57246.7,57222.0
2026-06-11 05:40:00,57206.1,65729.8,57231.8,57194.1
2026-06-11 05:45:00,57171.1,65689.6,57206.6,57154.5
2026-06-11 05:50:00,57136.8,65650.2,57097.1,57155.4
2026-06-11 05:55:00,57077.9,65582.5,57102.1,57066.6
2026-06-11 06:00:00,57047.8,65547.9,57001.1,57069.7
2026-06-11 06:05:00,56981.1,65471.3,57001.0,56971.8
2026-06-11 06:10:00,56958.1,65444.9,56934.5,56969.1
2026-06-11 06:15:00,56943.3,65427.9,56924.6,56952.0
2026-06-11 06:20:00,56892.4,65369.4,56928.5,56875.5
2026-06-11 06:25:00,56865.8,65338.8,56843.6,56876.2
2026-06-11 06:30:00,56863.3,65335.9,56843.3,56872.7
2026-06-11 06:35:00,56918.5,65399.4,56859.4,56946.3
2026-06-11 06:40:00,57007.6,65501.7,57018.9,57002.4
2026-06-11 06:45:00,57057.8,65559.4,57083.5,57045.8
2026-06-11 06:50:00,57115.8,65626.1,57072.3,57136.2
2026-06-11 06:55:00,57156.8,65673.2,57159.4,57155.6
2026-06-11 07:00:00,57223.1,65749.3,57165.5,57250.0
2026-06-11 07:05:00,57251.6,65782.1,57256.0,57249.6
2026-06-11 07:10:00,57353.5,65899.2,57312.6,57372.7
2026-06-11 07:15:00,57405.3,65958.7,57353.8,57429.4
2026-06-11 07:20:00,57431.7,65989.0,57437.4,57429.1
2026-06-11 07:25:00,57429.1,65986.0,57439.2,57424.3
2026-06-11 07:30:00,57429.3,65986.3,57438.7,57424.9
2026-06-11 07:35:00,57490.5,66056.6,57509.5,57481.5
2026-06-11 07:40:00,57704.4,66302.4,57728.7,57693.0
2026-06-11 07:45:00,57807.6,66420.9,57853.0,57786.3
2026-06-11 07:50:00,57880.5,66504.7,57937.0,57854.1
2026-06-11 07:55:00,57970.7,66608.3,58043.0,57936.9
2026-06-11 08:00:00,58049.1,66698.4,58086.6,58031.6
2026-06-11 08:05:00,58167.5,66834.5,58194.5,58154.8
2026-06-11 08:10:00,58337.3,67029.6,58359.0,58327.1
2026-06-11 08:15:00,58434.8,67141.6,58480.4,58413.4
2026-06-11 08:20:00,58544.6,67267.7,58558.4,58538.1
2026-06-11 08:25:00,58681.9,67425.5,58680.7,58682.5
2026-06-11 08:30:00,58835.7,67602.2,58785.3,58859.3
2026-06-11 08:35:00,59064.4,67865.0,59096.4,59049.5
2026-06-11 08:40:00,59504.4,68370.6,59496.9,59507.8
2026-06-11 08:45:00,59785.3,68693.3,59757.7,59798.2
2026-06-11 08:50:00,60022.8,68966.2,59997.7,60034.6
2026-06-11 08:55:00,60211.6,69183.1,60234.9,60200.7
2026-06-11 09:00:00,60437.8,69443.0,60441.3,60436.2
2026-06-11 09:05:00,60633.4,69667.8,60594.1,60651.8
2026-06-11 09:10:00,60835.2,69899.6,60847.2,60829.6
2026-06-11 09:15:00,61001.0,70090.1,60970.7,61015.2
2026-06-11 09:20:00,61190.9,70308.3,61182.5,61194.9
2026-06-11 09:25:00,61346.2,70486.8,61356.5,61341.3
2026-06-11 09:30:00,61545.6,70715.9,61552.8,61542.2
2026-06-11 09:35:00,61936.5,71165.0,61903.8,61951.8
2026-06-11 09:40:00,62528.5,71845.2,62488.9,62547.1
2026-06-11 09:45:00,62893.1,72264.2,62835.7,62919.9
2026-06-11 09:50:00,63247.8,72671.7,63250.0,63246.8
2026-06-11 09:55:00,63514.9,72978.6,63523.0,63511.1
2026-06-11 10:00:00,63720.0,73214.3,63699.8,63729.5
2026-06-11 10:05:00,63895.3,73415.7,63914.5,63886.2
2026-06-11 10:10:00,64182.9,73746.2,64203.8,64173.1
2026-06-11 10:15:00,64410.3,74007.4,64465.4,64384.5
2026-06-11 10:20:00,64618.1,74246.2,64634.2,64610.6
2026-06-11 10:25:00,64823.6,74482.3,64840.2,64815.7
2026-06-11 10:30:00,65035.6,74725.9,65021.7,65042.1
2026-06-11 10:35:00,65423.4,75171.5,65347.7,65458.8
2026-06-11 10:40:00,65990.8,75823.4,65984.7,65993.6
2026-06-11 10:45:00,66400.0,76293.6,66338.3,66428.9
2026-06-11 10:50:00,66796.0,76748.6,66760.1,66812.8
2026-06-11 10:55:00,67150.2,77155.6,67119.0,67164.8
2026-06-11 11:00:00,67492.3,77548.7,67477.9,67499.0
2026-06-11 11:05:00,67792.5,77893.6,67826.6,67776.6
2026-06-11 11:10:00,68128.1,78279.2,68111.2,68136.0
2026-06-11 11:15:00,68329.1,78510.1,68340.6,68323.7
2026-06-11 11:20:00,68566.2,78782.6,68527.6,68584.2
2026-06-11 11:25:00,68740.2,78982.5,68702.4,68757.9
2026-06-11 11:30:00,68884.7,79148.5,68912.6,68871.7
2026-06-11 11:35:00,68906.8,79173.9,68894.8,68912.4
2026-06-11 11:40:00,68975.1,79252.4,68968.4,68978.2
2026-06-11 11:45:00,69067.4,79358.4,69119.6,69043.0
2026-06-11 11:50:00,69189.1,79498.3,69257.7,69157.0
2026-06-11 11:55:00,69275.9,79598.0,69293.7,69267.5
2026-06-11 12:00:00,69361.8,79696.7,69363.2,69361.2
2026-06-11 12:05:00,69319.9,79648.6,69313.0,69323.1
2026-06-11 12:10:00,69305.2,79631.7,69352.9,69282.8
2026-06-11 12:15:00,69261.2,79581.1,69320.4,69233.4
2026-06-11 12:20:00,69221.5,79535.5,69214.4,69224.9
2026-06-11 12:25:00,69178.3,79485.9,69186.6,69174.5
2026-06-11 12:30:00,69082.6,79375.9,69150.8,69050.7
2026-06-11 12:35:00,68908.6,79176.0,68978.0,68876.0
2026-06-11 12:40:00,68923.0,79192.5,68889.8,68938.5
2026-06-11 12:45:00,69034.2,79320.3,69064.6,69019.9
2026-06-11 12:50:00,69249.7,79567.9,69248.2,69250.4
2026-06-11 12:55:00,69290.7,79615.0,69250.2,69309.6
2026-06-11 13:00:00,69268.0,79588.9,69351.7,69228.8
2026-06-11 13:05:00,69178.0,79485.5,69161.7,69185.7
2026-06-11 13:10:00,69150.0,79453.4,69198.9,69127.1
2026-06-11 13:15:00,69136.7,79438.1,69175.9,69118.3
2026-06-11 13:20:00,69100.8,79396.8,69063.5,69118.3
2026-06-11 13:25:00,69090.7,79385.2,69033.4,69117.6
2026-06-11 13:30:00,69003.1,79284.6,69027.9,68991.5
2026-06-11 13:35:00,68864.0,79124.7,68799.6,68894.2
2026-06-11 13:40:00,68817.9,79071.8,68781.7,68834.9
2026-06-11 13:45:00,68774.2,79021.6,68822.0,68751.7
2026-06-11 13:50:00,68686.1,78920.3,68686.5,68685.9
2026-06-11 13:55:00,68536.5,78748.4,68519.8,68544.3
2026-06-11 14:00:00,68430.9,78627.1,68425.1,68433.6
2026-06-11 14:05:00,68327.2,78508.0,68255.8,68360.7
2026-06-11 14:10:00,68265.6,78437.2,68201.3,68295.7
2026-06-11 14:15:00,68155.4,78310.6,68167.3,68149.8
2026-06-11 14:20:00,68027.0,78163.0,68041.1,68020.4
2026-06-11 14:25:00,67781.1,77880.5,67782.6,67780.3
2026-06-11 14:30:00,67430.6,77477.8,67372.0,67458.0
2026-06-11 14:35:00,66973.4,76952.4,66952.6,66983.2
2026-06-11 14:40:00,66971.6,76950.4,67042.3,66938.5
2026-06-11 14:45:00,66964.0,76941.6,67062.1,66918.1
2026-06-11 14:50:00,66947.3,76922.4,67033.4,66907.0
2026-06-11 14:55:00,66892.2,76859.1,66919.0,66879.7
2026-06-11 15:00:00,66884.4,76850.2,66887.7,66882.9
2026-06-11 15:05:00,66777.0,76726.8,66777.2,66776.9
2026-06-11 15:10:00,66735.9,76679.5,66757.9,66725.6
2026-06-11 15:15:00,66693.5,76630.8,66724.7,66678.8
2026-06-11 15:20:00,66718.0,76659.0,66761.6,66697.6
2026-06-11 15:25:00,66826.9,76784.1,66837.4,66822.0
2026-06-11 15:30:00,67045.0,77034.7,67014.2,67059.5
2026-06-11 15:35:00,67395.4,77437.3,67386.2,67399.8
2026-06-11 15:40:00,67800.6,77902.9,67807.8,67797.2
2026-06-11 15:45:00,68088.3,78233.5,68065.2,68099.2
2026-06-11 15:50:00,68261.7,78432.7,68249.7,68267.3
2026-06-11 15:55:00,68372.2,78559.7,68434.0,68343.2
2026-06-11 16:00:00,68504.8,78712.0,68599.7,68460.3
2026-06-11 16:05:00,68663.8,78894.7,68691.6,68650.8
2026-06-11 16:10:00,68883.0,79146.6,68838.8,68903.7
2026-06-11 16:15:00,69044.6,79332.2,69015.2,69058.3
2026-06-11 16:20:00,69159.8,79464.6,69239.0,69122.7
2026-06-11 16:25:00,69261.6,79581.6,69286.6,69249.9
2026-06-11 16:30:00,69340.6,79672.3,69291.3,69363.7
2026-06-11 16:35:00,69373.7,79710.4,69373.4,69373.8
2026-06-11 16:40:00,69324.9,79654.3,69309.8,69332.0
2026-06-11 16:45:00,69352.9,79686.5,69383.1,69338.8
2026-06-11 16:50:00,69387.2,79725.9,69395.1,69383.5
2026-06-11 16:55:00,69409.0,79750.9,69470.6,69380.1
2026-06-11 17:00:00,69412.2,79754.6,69462.7,69388.6
2026-06-11 17:05:00,69389.4,79728.4,69450.7,69360.7
2026-06-11 17:10:00,69399.7,79740.3,69464.1,69369.5
2026-06-11 17:15:00,69393.3,79732.9,69456.0,69363.9
2026-06-11 17:20:00,69391.5,79730.8,69452.0,69363.2
2026-06-11 17:25:00,69352.2,79685.7,69425.0,69318.1
2026-06-11 17:30:00,69271.4,79592.8,69278.4,69268.1
2026-06-11 17:35:00,69162.6,79467.8,69259.0,69117.4
2026-06-11 17:40:00,69068.8,79360.1,69141.6,69034.7
2026-06-11 17:45:00,69105.2,79401.9,69139.6,69089.1
2026-06-11 17:50:00,69268.5,79589.5,69205.0,69298.2
2026-06-11 17:55:00,69361.8,79696.7,69287.0,69396.9
2026-06-11 18:00:00,69439.1,79785.5,69430.0,69443.3
2026-06-11 18:05:00,69432.7,79778.2,69507.2,69397.7
2026-06-11 18:10:00,69442.5,79789.4,69515.8,69408.1
2026-06-11 18:15:00,69448.8,79796.7,69516.5,69417.1
2026-06-11 18:20:00,69546.8,79909.3,69528.5,69555.3
2026-06-11 18:25:00,69619.9,79993.3,69694.8,69584.8
2026-06-11 18:30:00,69679.6,80061.9,69643.4,69696.5
2026-06-11 18:35:00,69663.6,80043.5,69691.4,69650.5
2026-06-11 18:40:00,69568.2,79933.9,69654.2,69527.9
2026-06-11 18:45:00,69672.5,80053.7,69668.4,69674.5
2026-06-11 18:50:00,69713.6,80100.9,69783.8,69680.8
2026-06-11 18:55:00,69772.5,80168.6,69763.8,69776.6
2026-06-11 19:00:00,69832.1,80237.1,69943.2,69780.0
2026-06-11 19:05:00,69900.3,80315.4,69918.3,69891.9
2026-06-11 19:10:00,69946.2,80368.2,70032.1,69906.0
2026-06-11 19:15:00,70042.3,80478.6,70020.7,70052.5
2026-06-11 19:20:00,70109.8,80556.2,70150.9,70090.6
2026-06-11 19:25:00,70158.2,80611.8,70109.5,70181.0
2026-06-11 19:30:00,70179.0,80635.7,70219.8,70159.9
2026-06-11 19:35:00,70085.3,80528.0,70135.8,70061.6
2026-06-11 19:40:00,69922.0,80340.4,69862.7,69949.8
2026-06-11 19:45:00,69913.9,80331.1,69959.7,69892.5
2026-06-11 19:50:00,69935.9,80356.3,69980.9,69914.9
2026-06-11 19:55:00,70014.5,80446.7,69970.2,70035.3
2026-06-11 20:00:00,70060.5,80499.5,70105.1,70039.7
2026-06-11 20:05:00,70040.0,80476.0,70081.5,70020.6
2026-06-11 20:10:00,70050.6,80488.1,70105.6,70024.8
2026-06-11 20:15:00,70045.1,80481.8,70086.0,70026.0
2026-06-11 20:20:00,70047.6,80484.7,70091.1,70027.2
2026-06-11 20:25:00,70014.5,80446.7,70056.9,69994.7
2026-06-11 20:30:00,69984.9,80412.7,70009.0,69973.6
2026-06-11 20:35:00,69915.8,80333.3,69876.0,69934.4
2026-06-11 20:40:00,69775.2,80171.7,69798.0,69764.5
2026-06-11 20:45:00,69801.7,80202.2,69863.6,69772.7
2026-06-11 20:50:00,69819.3,80222.4,69889.1,69786.5
2026-06-11 20:55:00,69876.4,80288.0,69868.0,69880.4
2026-06-11 21:00:00,69921.5,80339.8,69978.2,69895.0
2026-06-11 21:05:00,69931.9,80351.8,69994.2,69902.7
2026-06-11 21:10:00,69991.6,80420.3,69970.2,70001.6
2026-06-11 21:15:00,69978.4,80405.2,69951.1,69991.3
2026-06-11 21:20:00,69980.9,80408.1,69956.2,69992.5
2026-06-11 21:25:00,69918.2,80336.0,69926.7,69914.2
2026-06-11 21:30:00,69812.5,80214.6,69885.6,69778.2
2026-06-11 21:35:00,69767.7,80163.1,69741.0,69780.2
2026-06-11 21:40:00,69665.7,80045.9,69702.1,69648.7
2026-06-11 21:45:00,69617.3,79990.3,69652.3,69600.9
2026-06-11 21:50:00,69583.1,79951.0,69537.6,69604.4
2026-06-11 21:55:00,69580.6,79948.1,69531.6,69603.5
2026-06-11 22:00:00,69573.4,79939.8,69524.5,69596.4
2026-06-11 22:05:00,69557.4,79921.5,69516.2,69576.7
2026-06-11 22:10:00,69494.9,79849.6,69533.3,69476.9
2026-06-11 22:15:00,69459.5,79809.0,69414.0,69480.8
2026-06-11 22:20:00,69430.4,79775.5,69419.7,69435.5
2026-06-11 22:25:00,69329.3,79659.4,69393.6,69299.2
2026-06-11 22:30:00,69159.1,79463.8,69230.0,69125.9
2026-06-11 22:35:00,69034.3,79320.4,69057.4,69023.4
2026-06-11 22:40:00,68922.3,79191.7,68927.7,68919.8
2026-06-11 22:45:00,68872.6,79134.6,68896.5,68861.5
2026-06-11 22:50:00,68819.2,79073.3,68762.9,68845.5
2026-06-11 22:55:00,68741.0,78983.4,68760.9,68731.7
2026-06-11 23:00:00,68606.6,78829.0,68638.8,68591.5
2026-06-11 23:05:00,68463.8,78664.9,68472.4,68459.9
2026-06-11 23:10:00,68291.8,78467.3,68244.7,68313.8
2026-06-11 23:15:00,68133.2,78285.0,68139.3,68130.4
2026-06-11 23:20:00,67997.7,78129.4,67934.9,68027.1
2026-06-11 23:25:00,67784.3,77884.2,67780.3,67786.1
2026-06-11 23:30:00,67601.4,77674.0,67569.9,67616.1
2026-06-11 23:35:00,67292.3,77318.9,67381.5,67250.4
2026-06-11 23:40:00,67073.2,77067.1,67117.7,67052.4
2026-06-11 23:45:00,66935.4,76908.8,66963.4,66922.3
2026-06-11 23:50:00,66761.7,76709.2,66734.6,66774.4
2026-06-11 23:55:00,66576.5,76496.4,66639.4,66547.1
2026-06-12 00:00:00,66452.8,76354.3,66436.9,66460.3
2026-06-12 00:05:00,66307.1,76186.9,66325.2,66298.6
2026-06-12 00:10:00,66120.2,75972.1,66144.6,66108.7
2026-06-12 00:15:00,65935.7,75760.1,65962.3,65923.2
2026-06-12 00:20:00,65749.8,75546.5,65803.2,65724.8
2026-06-12 00:25:00,65547.7,75314.3,65605.1,65520.9
2026-06-12 00:30:00,65311.8,75043.3,65407.2,65267.0
2026-06-12 00:35:00,65087.3,74785.3,65072.2,65094.3
2026-06-12 00:40:00,65075.8,74772.1,65044.7,65090.3
2026-06-12 00:45:00,64996.7,74681.2,64961.6,65013.1
2026-06-12 00:50:00,64856.8,74520.5,64811.6,64878.0
2026-06-12 00:55:00,64703.0,74343.7,64722.1,64694.0
2026-06-12 01:00:00,64552.4,74170.7,64514.4,64570.2
2026-06-12 01:05:00,64349.7,73937.8,64305.4,64370.4
2026-06-12 01:10:00,64188.7,73752.8,64164.0,64200.3
2026-06-12 01:15:00,64011.1,73548.8,64050.9,63992.5
2026-06-12 01:20:00,63844.3,73357.1,63884.2,63825.5
2026-06-12 01:25:00,63703.6,73195.4,63720.8,63695.6
2026-06-12 01:30:00,63549.7,73018.6,63615.0,63519.1
2026-06-12 01:35:00,63535.7,73002.5,63517.7,63544.1
2026-06-12 01:40:00,63911.1,73433.9,63896.1,63918.2
2026-06-12 01:45:00,63871.7,73388.6,63912.0,63852.9
2026-06-12 01:50:00,63689.0,73178.7,63697.0,63685.2
2026-06-12 01:55:00,63491.2,72951.4,63479.6,63496.7
2026-06-12 02:00:00,63255.9,72681.0,63231.5,63267.3
2026-06-12 02:05:00,62927.5,72303.7,62919.2,62931.4
2026-06-12 02:10:00,62603.2,71931.1,62570.2,62618.6
2026-06-12 02:15:00,62284.0,71564.3,62291.8,62280.4
2026-06-12 02:20:00,61942.4,71171.8,61939.8,61943.6
2026-06-12 02:25:00,61613.2,70793.6,61590.8,61623.7
2026-06-12 02:30:00,61152.2,70263.9,61153.2,61151.7
2026-06-12 02:35:00,60538.3,69558.5,60568.7,60524.0
2026-06-12 02:40:00,60404.5,69404.8,60363.6,60423.6
2026-06-12 02:45:00,60150.5,69112.9,60122.4,60163.7
2026-06-12 02:50:00,59795.5,68705.0,59833.1,59777.8
2026-06-12 02:55:00,59473.7,68335.3,59450.2,59484.8
2026-06-12 03:00:00,59154.1,67968.1,59193.4,59135.7
2026-06-12 03:05:00,58850.6,67619.3,58876.3,58838.6
2026-06-12 03:10:00,58632.8,67369.1,58604.2,58646.1
2026-06-12 03:15:00,58428.7,67134.6,58452.4,58417.6
2026-06-12 03:20:00,58244.6,66923.0,58242.5,58245.5
2026-06-12 03:25:00,58022.5,66667.9,58053.5,58008.0
2026-06-12 03:30:00,57826.4,66442.5,57785.2,57845.6
2026-06-12 03:35:00,57703.1,66300.9,57593.2,57754.6
2026-06-12 03:40:00,57602.1,66184.8,57588.6,57608.4
2026-06-12 03:45:00,57473.3,66036.8,57469.7,57475.0
2026-06-12 03:50:00,57370.8,65919.0,57379.5,57366.6
2026-06-12 03:55:00,57281.6,65816.6,57241.9,57300.2
2026-06-12 04:00:00,57215.3,65740.4,57259.0,57194.7
2026-06-12 04:05:00,57142.9,65657.2,57182.5,57124.3
2026-06-12 04:10:00,57069.0,65572.3,57086.9,57060.6
2026-06-12 04:15:00,56993.1,65485.1,56968.0,57004.9
2026-06-12 04:20:00,56917.7,65398.4,56880.2,56935.3
2026-06-12 04:25:00,56849.4,65320.0,56874.0,56837.9
2026-06-12 04:30:00,56769.6,65228.3,56793.4,56758.5
2026-06-12 04:35:00,56738.1,65192.1,56706.5,56752.9
2026-06-12 04:40:00,56733.5,65186.8,56754.9,56723.6
2026-06-12 04:45:00,56708.2,65157.7,56722.5,56701.5
2026-06-12 04:50:00,56646.9,65087.3,56618.2,56660.3
2026-06-12 04:55:00,56581.8,65012.5,56605.3,56570.7
2026-06-12 05:00:00,56561.2,64988.8,56540.5,56570.9
2026-06-12 05:05:00,56489.7,64906.7,56530.9,56470.4
2026-06-12 05:10:00,56460.7,64873.3,56457.0,56462.4
2026-06-12 05:15:00,56404.3,64808.5,56441.0,56387.1
2026-06-12 05:20:00,56371.1,64770.4,56336.7,56387.1
2026-06-12 05:25:00,56314.5,64705.4,56331.8,56306.4
2026-06-12 05:30:00,56289.6,64676.8,56240.6,56312.6
2026-06-12 05:35:00,56268.1,64652.0,56245.8,56278.6
2026-06-12 05:40:00,56273.7,64658.5,56297.8,56262.5
2026-06-12 05:45:00,56306.5,64696.2,56288.7,56314.9
2026-06-12 05:50:00,56269.3,64653.4,56281.8,56263.4
2026-06-12 05:55:00,56229.0,64607.1,56293.6,56198.8
2026-06-12 06:00:00,56200.5,64574.4,56160.9,56219.1
2026-06-12 06:05:00,56199.4,64573.1,56170.9,56212.8
2026-06-12 06:10:00,56221.8,64598.8,56194.3,56234.6
2026-06-12 06:15:00,56199.5,64573.2,56155.9,56219.9
2026-06-12 06:20:00,56201.6,64575.6,56162.4,56219.9
2026-06-12 06:25:00,56199.8,64573.6,56155.9,56220.4
2026-06-12 06:30:00,56186.3,64558.1,56156.4,56200.4
2026-06-12 06:35:00,56295.0,64683.0,56193.6,56342.5
2026-06-12 06:40:00,56416.1,64822.1,56369.8,56437.9
2026-06-12 06:45:00,56496.8,64914.8,56442.3,56522.4
2026-06-12 06:50:00,56586.1,65017.4,56526.1,56614.3
2026-06-12 06:55:00,56681.2,65126.7,56639.3,56700.9
2026-06-12 07:00:00,56752.1,65208.2,56706.0,56773.7
2026-06-12 07:05:00,56779.6,65239.8,56806.9,56766.8
2026-06-12 07:10:00,56914.7,65395.0,56888.3,56927.0
2026-06-12 07:15:00,56986.0,65476.9,57003.0,56978.1
2026-06-12 07:20:00,57034.8,65533.0,57001.2,57050.5
2026-06-12 07:25:00,57058.8,65560.6,57093.8,57042.4
2026-06-12 07:30:00,57117.1,65627.5,57093.5,57128.2
2026-06-12 07:35:00,57178.6,65698.2,57245.7,57147.2
2026-06-12 07:40:00,57347.5,65892.3,57317.8,57361.4
2026-06-12 07:45:00,57501.4,66069.1,57469.2,57516.5
2026-06-12 07:50:00,57614.2,66198.7,57645.1,57599.7
2026-06-12 07:55:00,57691.2,66287.2,57729.4,57673.3
2026-06-12 08:00:00,57767.9,66375.3,57826.2,57740.5
2026-06-12 08:05:00,57864.0,66485.7,57906.7,57844.0
2026-06-12 08:10:00,58023.0,66668.4,58073.9,57999.2
2026-06-12 08:15:00,58128.8,66790.0,58115.0,58135.2
2026-06-12 08:20:00,58231.7,66908.2,58190.7,58250.9
2026-06-12 08:25:00,58366.1,67062.6,58395.2,58352.5
2026-06-12 08:30:00,58485.8,67200.2,58510.4,58474.3
2026-06-12 08:35:00,58722.3,67471.9,58726.6,58720.3
2026-06-12 08:40:00,59142.1,67954.3,59127.9,59148.8
2026-06-12 08:45:00,59352.5,68196.0,59319.6,59368.0
2026-06-12 08:50:00,59563.0,68437.9,59605.1,59543.2
2026-06-12 08:55:00,59705.7,68601.8,59729.7,59694.5
2026-06-12 09:00:00,59840.3,68756.5,59817.9,59850.8
2026-06-12 09:05:00,60016.4,68958.8,60004.0,60022.2
2026-06-12 09:10:00,60233.4,69208.2,60255.0,60223.3
2026-06-12 09:15:00,60401.8,69401.7,60395.4,60404.9
2026-06-12 09:20:00,60556.0,69578.8,60580.1,60544.7
2026-06-12 09:25:00,60692.7,69735.9,60693.2,60692.4
2026-06-12 09:30:00,60881.2,69952.5,60865.8,60888.5
2026-06-12 09:35:00,61238.0,70362.5,61205.3,61253.3
2026-06-12 09:40:00,61834.5,71047.8,61737.2,61880.0
2026-06-12 09:45:00,62179.8,71444.6,62141.9,62197.5
2026-06-12 09:50:00,62448.7,71753.6,62472.5,62437.5
2026-06-12 09:55:00,62670.9,72008.9,62655.6,62678.1
2026-06-12 10:00:00,62930.3,72306.9,62923.3,62933.5
2026-06-12 10:05:00,63065.1,72461.8,63071.8,63061.9
2026-06-12 10:10:00,63309.5,72742.6,63321.6,63303.9
2026-06-12 10:15:00,63433.0,72884.5,63423.2,63437.6
2026-06-12 10:20:00,63597.6,73073.6,63636.6,63579.3
2026-06-12 10:25:00,63741.0,73238.4,63736.1,63743.3
2026-06-12 10:30:00,63927.0,73452.1,63936.3,63922.7
2026-06-12 10:35:00,64299.5,73880.1,64272.1,64312.3
2026-06-12 10:40:00,64860.6,74524.8,64784.6,64896.2
2026-06-12 10:45:00,65215.4,74932.5,65176.2,65233.7
2026-06-12 10:50:00,65509.4,75270.3,65493.7,65516.7
2026-06-12 10:55:00,65776.6,75577.3,65709.2,65808.2
2026-06-12 11:00:00,66083.3,75929.7,66064.1,66092.2
2026-06-12 11:05:00,66360.8,76248.6,66320.7,66379.6
2026-06-12 11:10:00,66696.3,76634.0,66681.4,66703.2
2026-06-12 11:15:00,66898.4,76866.3,66880.9,66906.5
2026-06-12 11:20:00,67097.8,77095.4,67079.0,67106.6
2026-06-12 11:25:00,67169.4,77177.6,67286.7,67114.5
2026-06-12 11:30:00,67243.7,77263.0,67342.4,67197.4
2026-06-12 11:35:00,67202.4,77215.6,67200.6,67203.3
2026-06-12 11:40:00,67214.3,77229.2,67261.9,67192.0
2026-06-12 11:45:00,67347.5,77382.3,67317.4,67361.6
2026-06-12 11:50:00,67507.5,77566.1,67481.6,67519.6
2026-06-12 11:55:00,67570.6,77638.6,67634.7,67540.6
2026-06-12 12:00:00,67675.6,77759.3,67619.3,67702.0
2026-06-12 12:05:00,67706.8,77795.1,67648.3,67734.1
2026-06-12 12:10:00,67734.9,77827.4,67769.2,67718.8
2026-06-12 12:15:00,67706.0,77794.2,67735.4,67692.2
2026-06-12 12:20:00,67735.7,77828.3,67740.9,67733.3
2026-06-12 12:25:00,67683.8,77768.7,67696.8,67677.8
2026-06-12 12:30:00,67619.3,77694.6,67548.0,67652.7
2026-06-12 12:35:00,67496.2,77553.1,67530.4,67480.1
2026-06-12 12:40:00,67566.9,77634.4,67581.9,67559.9
2026-06-12 12:45:00,67660.3,77741.7,67612.7,67682.5
2026-06-12 12:50:00,67856.5,77967.1,67812.3,67877.3
2026-06-12 12:55:00,67976.1,78104.5,67929.2,67998.1
2026-06-12 13:00:00,68033.1,78170.0,68015.2,68041.6
2026-06-12 13:05:00,68008.4,78141.7,68045.4,67991.0
2026-06-12 13:10:00,68001.7,78134.0,67977.1,68013.3
2026-06-12 13:15:00,67988.1,78118.3,67955.4,68003.4
2026-06-12 13:20:00,67991.5,78122.2,67965.9,68003.4
2026-06-12 13:25:00,67962.5,78088.9,67942.7,67971.8
2026-06-12 13:30:00,67962.0,78088.3,67917.2,67983.0
2026-06-12 13:35:00,67864.1,77975.9,67840.9,67875.0
2026-06-12 13:40:00,67810.2,77913.9,67802.9,67813.7
2026-06-12 13:45:00,67757.6,77853.5,67770.2,67751.7
2026-06-12 13:50:00,67737.8,77830.7,67706.5,67752.4
2026-06-12 13:55:00,67642.6,77721.3,67687.0,67621.8
2026-06-12 14:00:00,67610.8,77684.8,67566.2,67631.8
2026-06-12 14:05:00,67488.0,77543.7,67520.0,67473.0
2026-06-12 14:10:00,67393.3,77434.9,67425.1,67378.4
2026-06-12 14:15:00,67246.7,77266.5,67285.2,67228.7
2026-06-12 14:20:00,67102.1,77100.3,67049.7,67126.6
2026-06-12 14:25:00,66889.4,76855.9,66834.6,66915.0
2026-06-12 14:30:00,66530.8,76443.9,66499.5,66545.4
2026-06-12 14:35:00,66029.3,75867.7,65949.7,66066.6
2026-06-12 14:40:00,66071.7,75916.4,66047.7,66082.9
2026-06-12 14:45:00,66136.8,75991.2,66067.4,66169.3
2026-06-12 14:50:00,66150.4,76006.8,66133.6,66158.2
2026-06-12 14:55:00,66201.9,76066.0,66145.2,66228.4
2026-06-12 15:00:00,66226.0,76093.7,66136.3,66268.0
2026-06-12 15:05:00,66198.5,76062.1,66148.5,66221.9
2026-06-12 15:10:00,66223.8,76091.1,66136.4,66264.8
2026-06-12 15:15:00,66246.6,76117.3,66333.6,66205.8
2026-06-12 15:20:00,66242.8,76113.0,66380.6,66178.3
2026-06-12 15:25:00,66374.0,76263.7,66470.8,66328.6
2026-06-12 15:30:00,66582.1,76502.8,66606.7,66570.5
2026-06-12 15:35:00,66944.0,76918.7,66935.8,66947.8
2026-06-12 15:40:00,67254.2,77275.1,67225.8,67267.4
2026-06-12 15:45:00,67495.2,77552.0,67468.3,67507.8
2026-06-12 15:50:00,67639.9,77718.2,67732.6,67596.5
2026-06-12 15:55:00,67824.5,77930.4,67802.5,67834.8
2026-06-12 16:00:00,67979.3,78108.2,68032.0,67954.6
2026-06-12 16:05:00,68166.4,78323.2,68157.5,68170.6
2026-06-12 16:10:00,68326.6,78507.3,68389.4,68297.1
2026-06-12 16:15:00,68446.7,78645.3,68468.8,68436.3
2026-06-12 16:20:00,68609.6,78832.4,68555.4,68635.0
2026-06-12 16:25:00,68674.9,78907.5,68692.3,68666.8
2026-06-12 16:30:00,68707.6,78945.0,68702.6,68709.9
2026-06-12 16:35:00,68748.1,78991.6,68802.6,68722.6
2026-06-12 16:40:00,68827.1,79082.3,68797.4,68841.0
2026-06-12 16:45:00,68925.7,79195.6,68958.2,68910.5
2026-06-12 16:50:00,69023.9,79308.5,69058.1,69007.9
2026-06-12 16:55:00,69067.1,79358.1,69057.3,69071.6
2026-06-12 17:00:00,69104.2,79400.7,69152.3,69081.7
2026-06-12 17:05:00,69158.5,79463.1,69147.9,69163.4
2026-06-12 17:10:00,69219.2,79532.9,69274.9,69193.1
2026-06-12 17:15:00,69277.0,79599.3,69266.4,69282.0
2026-06-12 17:20:00,69296.0,79621.1,69358.0,69266.9
2026-06-12 17:25:00,69283.9,79607.2,69335.9,69259.5
2026-06-12 17:30:00,69258.1,79577.6,69302.3,69237.4
2026-06-12 17:35:00,69169.1,79475.3,69188.4,69160.1
2026-06-12 17:40:00,69122.0,79421.2,69187.0,69091.6
2026-06-12 17:45:00,69211.6,79524.1,69159.7,69235.9
2026-06-12 17:50:00,69325.1,79654.5,69351.7,69312.6
2026-06-12 17:55:00,69410.3,79752.4,69433.3,69399.6
2026-06-12 18:00:00,69508.8,79865.6,69551.3,69488.8
2026-06-12 18:05:00,69607.6,79979.1,69620.6,69601.5
2026-06-12 18:10:00,69711.5,80098.5,69682.1,69725.3
2026-06-12 18:15:00,69827.4,80231.7,69793.0,69843.6
2026-06-12 18:20:00,69979.2,80406.1,69953.1,69991.5
2026-06-12 18:25:00,70048.1,80485.3,70046.9,70048.7
2026-06-12 18:30:00,70084.9,80527.6,70131.8,70062.9
2026-06-12 18:35:00,70119.9,80567.8,70071.6,70142.5
2026-06-12 18:40:00,70027.7,80461.8,70015.1,70033.6
2026-06-12 18:45:00,70091.1,80534.7,70127.9,70073.8
2026-06-12 18:50:00,70200.5,80660.4,70160.9,70219.1
2026-06-12 18:55:00,70341.5,80822.4,70303.8,70359.1
2026-06-12 19:00:00,70461.3,80960.0,70436.3,70473.0
2026-06-12 19:05:00,70477.0,80978.1,70529.7,70452.3
2026-06-12 19:10:00,70572.9,81088.3,70538.5,70589.0
2026-06-12 19:15:00,70632.1,81156.3,70643.5,70626.8
2026-06-12 19:20:00,70721.0,81258.4,70681.6,70739.5
2026-06-12 19:25:00,70786.8,81334.0,70779.7,70790.2
2026-06-12 19:30:00,70865.0,81423.9,70747.5,70920.1
2026-06-12 19:35:00,70807.1,81357.4,70844.4,70789.6
2026-06-12 19:40:00,70638.9,81164.1,70550.9,70680.2
2026-06-12 19:45:00,70705.9,81241.1,70652.9,70730.8
2026-06-12 19:50:00,70762.3,81305.9,70802.2,70743.5
2026-06-12 19:55:00,70748.6,81290.1,70794.0,70727.3
2026-06-12 20:00:00,70752.6,81294.7,70797.4,70731.6
2026-06-12 20:05:00,70722.0,81259.6,70774.9,70697.1
2026-06-12 20:10:00,70726.8,81265.1,70798.3,70693.3
2026-06-12 20:15:00,70723.9,81261.8,70786.7,70694.4
2026-06-12 20:20:00,70726.3,81264.5,70791.8,70695.7
2026-06-12 20:25:00,70694.0,81227.4,70759.2,70663.4
2026-06-12 20:30:00,70667.3,81196.7,70714.3,70645.2
2026-06-12 20:35:00,70613.3,81134.7,70552.6,70641.6
2026-06-12 20:40:00,70532.9,81042.3,70456.6,70568.7
2026-06-12 20:45:00,70543.0,81053.9,70480.3,70572.3
2026-06-12 20:50:00,70603.2,81123.1,70642.5,70584.7
2026-06-12 20:55:00,70603.7,81123.7,70638.8,70587.2
2026-06-12 21:00:00,70619.3,81141.6,70658.2,70601.1
2026-06-12 21:05:00,70698.1,81232.1,70663.9,70714.1
2026-06-12 21:10:00,70729.1,81267.7,70781.3,70704.7
2026-06-12 21:15:00,70714.6,81251.1,70757.9,70694.3
2026-06-12 21:20:00,70717.6,81254.5,70764.6,70695.6
2026-06-12 21:25:00,70678.7,81209.8,70734.9,70652.3
2026-06-12 21:30:00,70606.2,81126.5,70551.9,70631.6
2026-06-12 21:35:00,70513.4,81019.9,70521.6,70509.5
2026-06-12 21:40:00,70435.7,80930.6,70335.0,70482.8
2026-06-12 21:45:00,70407.5,80898.2,70443.8,70390.6
2026-06-12 21:50:00,70408.6,80899.5,70435.7,70396.0
2026-06-12 21:55:00,70408.9,80899.8,70437.6,70395.5
2026-06-12 22:00:00,70401.5,80891.3,70431.2,70387.6
2026-06-12 22:05:00,70328.1,80807.0,70251.3,70364.1
2026-06-12 22:10:00,70244.7,80711.2,70267.8,70234.0
2026-06-12 22:15:00,70210.5,80671.9,70152.0,70237.9
2026-06-12 22:20:00,70213.1,80674.9,70157.7,70239.1
2026-06-12 22:25:00,70176.4,80632.7,70142.2,70192.5
2026-06-12 22:30:00,70030.3,80464.8,70121.1,69987.8
2026-06-12 22:35:00,69810.0,80211.7,69901.8,69767.0
2026-06-12 22:40:00,69666.8,80047.2,69645.6,69676.7
2026-06-12 22:45:00,69514.7,79872.4,69564.4,69491.5
2026-06-12 22:50:00,69408.4,79750.3,69444.8,69391.3
2026-06-12 22:55:00,69292.6,79617.2,69325.9,69277.0
2026-06-12 23:00:00,69145.3,79447.9,69172.4,69132.5
2026-06-12 23:05:00,68947.1,79220.2,68910.2,68964.5
2026-06-12 23:10:00,68795.7,79046.3,68826.3,68781.3
2026-06-12 23:15:00,68630.5,78856.4,68602.4,68643.7
2026-06-12 23:20:00,68434.0,78630.7,68463.9,68419.9
2026-06-12 23:25:00,68249.5,78418.7,68243.8,68252.1
2026-06-12 23:30:00,68019.7,78154.6,68063.8,67999.0
2026-06-12 23:35:00,67713.0,77802.2,67787.3,67678.2
2026-06-12 23:40:00,67473.7,77527.3,67535.8,67444.7
2026-06-12 23:45:00,67266.9,77289.7,67266.6,67267.1
2026-06-12 23:50:00,67074.8,77068.9,67139.9,67044.4
2026-06-12 23:55:00,66911.9,76881.8,66938.0,66899.6
2026-06-13 00:00:00,66747.3,76692.6,66707.6,66765.9
2026-06-13 00:05:00,66562.0,76479.7,66622.6,66533.7
2026-06-13 00:10:00,66380.7,76271.4,66415.1,66364.7
2026-06-13 00:15:00,66255.6,76127.7,66195.8,66283.6
2026-06-13 00:20:00,66089.3,75936.6,66124.0,66073.1
2026-06-13 00:25:00,65906.1,75726.1,65888.0,65914.5
2026-06-13 00:30:00,65705.6,75495.7,65682.2,65716.5
2026-06-13 00:35:00,65440.8,75191.5,65475.5,65424.5
2026-06-13 00:40:00,65361.0,75099.8,65411.3,65337.4
2026-06-13 00:45:00,65256.7,74979.9,65254.1,65257.9
2026-06-13 00:50:00,65076.7,74773.1,65117.1,65057.8
2026-06-13 00:55:00,64952.7,74630.7,64908.8,64973.2
2026-06-13 01:00:00,64743.1,74389.8,64768.5,64731.2
2026-06-13 01:05:00,64526.8,74141.3,64491.2,64543.5
2026-06-13 01:10:00,64378.8,73971.2,64353.8,64390.6
2026-06-13 01:15:00,64213.0,73780.7,64255.4,64193.2
2026-06-13 01:20:00,64066.6,73612.5,64068.1,64065.9
2026-06-13 01:25:00,63893.4,73413.5,63953.6,63865.2
2026-06-13 01:30:00,63719.2,73213.4,63780.6,63690.4
2026-06-13 01:35:00,63672.1,73159.2,63740.9,63639.8
2026-06-13 01:40:00,64000.6,73536.7,63976.4,64012.0
2026-06-13 01:45:00,63974.2,73506.4,63965.2,63978.4
2026-06-13 01:50:00,63808.7,73316.2,63719.1,63850.6
2026-06-13 01:55:00,63617.1,73096.0,63629.8,63611.1
2026-06-13 02:00:00,63381.3,72825.1,63438.6,63354.4
2026-06-13 02:05:00,63063.1,72459.5,63051.2,63068.7
2026-06-13 02:10:00,62765.9,72118.0,62740.7,62777.8
2026-06-13 02:15:00,62495.9,71807.8,62488.7,62499.2
2026-06-13 02:20:00,62204.0,71472.4,62194.0,62208.7
2026-06-13 02:25:00,61889.3,71110.8,61876.2,61895.5
2026-06-13 02:30:00,61442.2,70597.1,61410.9,61456.8
2026-06-13 02:35:00,60845.4,69911.4,60915.1,60812.8
2026-06-13 02:40:00,60609.9,69640.8,60583.6,60622.3
2026-06-13 02:45:00,60290.5,69273.8,60285.0,60293.0
2026-06-13 02:50:00,60041.3,68987.5,59996.8,60062.1
2026-06-13 02:55:00,59690.8,68584.7,59705.8,59683.8
2026-06-13 03:00:00,59341.0,68182.8,59362.1,59331.2
2026-06-13 03:05:00,59028.3,67823.5,59030.0,59027.5
2026-06-13 03:10:00,58780.4,67538.7,58794.4,58773.8
2026-06-13 03:15:00,58524.7,67244.9,58524.1,58525.0
2026-06-13 03:20:00,58315.5,67004.5,58342.3,58302.9
2026-06-13 03:25:00,58127.6,66788.6,58048.8,58164.4
2026-06-13 03:30:00,57895.1,66521.5,57843.5,57919.2
2026-06-13 03:35:00,57676.9,66270.8,57673.2,57678.6
2026-06-13 03:40:00,57561.8,66138.5,57549.3,57567.7
2026-06-13 03:45:00,57401.3,65954.1,57352.2,57424.3
2026-06-13 03:50:00,57229.0,65756.1,57234.9,57226.2
2026-06-13 03:55:00,57065.9,65568.7,57085.2,57056.8
2026-06-13 04:00:00,56945.3,65430.1,56923.5,56955.4
2026-06-13 04:05:00,56800.9,65264.2,56834.0,56785.4
2026-06-13 04:10:00,56712.6,65162.8,56672.2,56731.5
2026-06-13 04:15:00,56531.1,64954.2,56520.9,56535.8
2026-06-13 04:20:00,56379.0,64779.5,56382.6,56377.3
2026-06-13 04:25:00,56295.5,64683.5,56282.8,56301.4
2026-06-13 04:30:00,56203.3,64577.6,56175.8,56216.2
2026-06-13 04:35:00,56144.5,64510.0,56079.4,56175.0
2026-06-13 04:40:00,56097.4,64455.9,56129.0,56082.6
2026-06-13 04:45:00,56046.0,64396.9,56000.8,56067.2
2026-06-13 04:50:00,55974.2,64314.4,55994.9,55964.6
2026-06-13 04:55:00,55905.8,64235.8,55893.2,55911.7
2026-06-13 05:00:00,55802.1,64116.6,55851.2,55779.0
2026-06-13 05:05:00,55701.6,64001.1,55736.0,55685.5
2026-06-13 05:10:00,55591.3,63874.4,55641.6,55567.8
2026-06-13 05:15:00,55506.4,63776.9,55550.3,55485.9
2026-06-13 05:20:00,55469.2,63734.1,55444.1,55481.0
2026-06-13 05:25:00,55374.1,63624.8,55432.1,55346.9
2026-06-13 05:30:00,55320.0,63562.7,55295.3,55331.6
2026-06-13 05:35:00,55215.6,63442.7,55207.7,55219.2
2026-06-13 05:40:00,55140.1,63356.0,55125.2,55147.1
2026-06-13 05:45:00,55123.3,63336.7,55109.3,55129.9
2026-06-13 05:50:00,55068.4,63273.6,55110.6,55048.6
2026-06-13 05:55:00,55007.9,63204.1,54985.1,55018.6
2026-06-13 06:00:00,54977.0,63168.6,54992.1,54969.9
2026-06-13 06:05:00,54872.1,63048.0,54860.5,54877.6
2026-06-13 06:10:00,54812.9,62980.0,54886.3,54778.5
2026-06-13 06:15:00,54707.1,62858.5,54743.8,54689.9
2026-06-13 06:20:00,54616.4,62754.2,54595.0,54626.4
2026-06-13 06:25:00,54625.6,62764.8,54608.2,54633.7
2026-06-13 06:30:00,54623.6,62762.5,54608.0,54631.0
2026-06-13 06:35:00,54726.1,62880.3,54663.7,54755.3
2026-06-13 06:40:00,54774.5,62935.9,54818.7,54753.7
2026-06-13 06:45:00,54821.7,62990.1,54800.2,54831.8
2026-06-13 06:50:00,54823.8,62992.5,54796.6,54836.5
2026-06-13 06:55:00,54819.0,62987.0,54787.3,54833.9
2026-06-13 07:00:00,54825.4,62994.4,54795.9,54839.2
2026-06-13 07:05:00,54782.8,62945.4,54794.5,54777.4
2026-06-13 07:10:00,54808.4,62974.9,54815.2,54805.2
2026-06-13 07:15:00,54786.0,62949.1,54789.8,54784.3
2026-06-13 07:20:00,54784.7,62947.6,54789.0,54782.7
2026-06-13 07:25:00,54815.3,62982.8,54782.6,54830.6
2026-06-13 07:30:00,54811.5,62978.4,54782.4,54825.1
2026-06-13 07:35:00,54823.0,62991.6,54836.4,54816.7
2026-06-13 07:40:00,54871.5,63047.4,54868.2,54873.1
2026-06-13 07:45:00,54880.3,63057.5,54973.2,54836.8
2026-06-13 07:50:00,54961.8,63151.1,54956.1,54964.4
2026-06-13 07:55:00,54959.3,63148.2,54946.6,54965.2
2026-06-13 08:00:00,54959.1,63148.0,54946.9,54964.8
2026-06-13 08:05:00,54957.4,63146.1,54948.9,54961.3
2026-06-13 08:10:00,54997.3,63191.9,54980.6,55005.1
2026-06-13 08:15:00,55004.2,63199.8,55081.8,54967.9
2026-06-13 08:20:00,55103.0,63313.3,55079.6,55113.9
2026-06-13 08:25:00,55097.5,63307.0,55077.8,55106.8
2026-06-13 08:30:00,55092.1,63300.8,55075.1,55100.1
2026-06-13 08:35:00,55135.4,63350.6,55126.6,55139.5
2026-06-13 08:40:00,55317.5,63559.8,55279.1,55335.5
2026-06-13 08:45:00,55323.8,63567.0,55327.3,55322.1
2026-06-13 08:50:00,55312.4,63553.9,55311.5,55312.8
2026-06-13 08:55:00,55288.1,63526.0,55291.9,55286.3
2026-06-13 09:00:00,55288.3,63526.3,55293.7,55285.8
2026-06-13 09:05:00,55290.5,63528.8,55333.2,55270.5
2026-06-13 09:10:00,55356.9,63605.1,55347.3,55361.4
2026-06-13 09:15:00,55343.9,63590.1,55409.6,55313.1
2026-06-13 09:20:00,55337.4,63582.7,55413.7,55301.7
2026-06-13 09:25:00,55298.3,63537.7,55313.7,55291.1
2026-06-13 09:30:00,55292.1,63530.6,55309.9,55283.8
2026-06-13 09:35:00,55368.7,63618.6,55358.9,55373.3
2026-06-13 09:40:00,55535.1,63809.8,55511.8,55545.9
2026-06-13 09:45:00,55551.9,63829.1,55552.3,55551.7
2026-06-13 09:50:00,55546.5,63822.9,55556.1,55542.0
2026-06-13 09:55:00,55492.6,63761.0,55501.0,55488.7
2026-06-13 10:00:00,55515.2,63787.0,55487.0,55528.4
2026-06-13 10:05:00,55480.5,63747.1,55450.3,55494.6
2026-06-13 10:10:00,55456.4,63719.4,55503.1,55434.5
2026-06-13 10:15:00,55367.5,63617.3,55353.0,55374.3
2026-06-13 10:20:00,55307.8,63548.7,55348.3,55288.7
2026-06-13 10:25:00,55279.5,63516.1,55262.7,55287.3
2026-06-13 10:30:00,55263.9,63498.2,55253.8,55268.6
2026-06-13 10:35:00,55388.5,63641.4,55378.8,55393.1
2026-06-13 10:40:00,55543.1,63819.0,55527.4,55550.5
2026-06-13 10:45:00,55592.7,63876.0,55569.5,55603.6
2026-06-13 10:50:00,55636.2,63926.0,55690.1,55610.9
2026-06-13 10:55:00,55669.7,63964.5,55631.0,55687.8
2026-06-13 11:00:00,55677.8,63973.8,55640.8,55695.2
2026-06-13 11:05:00,55647.2,63938.6,55602.7,55668.1
2026-06-13 11:10:00,55682.1,63978.7,55664.8,55690.3
2026-06-13 11:15:00,55610.1,63896.0,55617.2,55606.8
2026-06-13 11:20:00,55613.1,63899.5,55626.5,55606.9
2026-06-13 11:25:00,55584.9,63867.1,55595.2,55580.1
2026-06-13 11:30:00,55499.3,63768.7,55586.2,55458.5
2026-06-13 11:35:00,55509.5,63780.4,55512.7,55508.1
2026-06-13 11:40:00,55558.7,63836.9,55573.2,55552.0
2026-06-13 11:45:00,55580.6,63862.1,55587.9,55577.1
2026-06-13 11:50:00,55619.7,63907.0,55711.6,55576.7
2026-06-13 11:55:00,55658.4,63951.5,55658.5,55658.4
2026-06-13 12:00:00,55660.9,63954.4,55663.1,55659.9
2026-06-13 12:05:00,55627.2,63915.7,55628.5,55626.7
2026-06-13 12:10:00,55647.2,63938.6,55647.6,55647.0
2026-06-13 12:15:00,55615.4,63902.1,55622.7,55612.0
2026-06-13 12:20:00,55618.7,63905.9,55632.7,55612.1
2026-06-13 12:25:00,55616.9,63903.8,55627.1,55612.1
2026-06-13 12:30:00,55605.2,63890.4,55619.3,55598.7
2026-06-13 12:35:00,55612.9,63899.2,55623.7,55607.8
2026-06-13 12:40:00,55712.2,64013.3,55741.4,55698.5
2026-06-13 12:45:00,55774.0,64084.3,55852.2,55737.3
2026-06-13 12:50:00,55886.2,64213.2,55923.3,55868.8
2026-06-13 12:55:00,55936.9,64271.5,55942.5,55934.3
2026-06-13 13:00:00,55947.2,64283.3,56046.3,55900.7
2026-06-13 13:05:00,56000.1,64344.1,55965.4,56016.3
2026-06-13 13:10:00,56018.6,64365.4,55992.0,56031.0
2026-06-13 13:15:00,56034.4,64383.5,56090.4,56008.2
2026-06-13 13:20:00,56037.1,64386.6,56098.6,56008.3
2026-06-13 13:25:00,56027.9,64376.1,56085.0,56001.2
2026-06-13 13:30:00,56051.7,64403.4,56076.4,56040.1
2026-06-13 13:35:00,56030.9,64379.5,56056.5,56019.0
2026-06-13 13:40:00,56051.2,64402.8,56089.7,56033.1
2026-06-13 13:45:00,56025.1,64372.8,56081.3,55998.8
2026-06-13 13:50:00,56017.4,64364.0,56078.5,55988.8
2026-06-13 13:55:00,55992.2,64335.0,56049.6,55965.4
2026-06-13 14:00:00,55951.4,64288.2,55940.9,55956.3
2026-06-13 14:05:00,55931.1,64264.8,55907.9,55941.9
2026-06-13 14:10:00,55893.0,64221.1,55930.5,55875.4
2026-06-13 14:15:00,55833.0,64152.1,55797.6,55849.5
2026-06-13 14:20:00,55831.4,64150.3,55797.2,55847.4
2026-06-13 14:25:00,55787.0,64099.3,55746.1,55806.1
2026-06-13 14:30:00,55600.0,63884.4,55578.5,55610.0
2026-06-13 14:35:00,55499.5,63768.9,55496.4,55501.0
2026-06-13 14:40:00,55610.0,63895.9,55551.9,55637.2
2026-06-13 14:45:00,55668.1,63962.6,55666.7,55668.8
2026-06-13 14:50:00,55666.2,63960.5,55652.7,55672.6
2026-06-13 14:55:00,55670.9,63965.9,55656.8,55677.6
2026-06-13 15:00:00,55671.2,63966.2,55654.7,55679.0
2026-06-13 15:05:00,55613.2,63899.6,55619.0,55610.5
2026-06-13 15:10:00,55646.1,63937.4,55664.1,55637.7
2026-06-13 15:15:00,55671.8,63966.9,55691.0,55662.9
2026-06-13 15:20:00,55683.0,63979.8,55696.3,55676.8
2026-06-13 15:25:00,55684.7,63981.7,55692.0,55681.2
2026-06-13 15:30:00,55731.2,64035.1,55700.1,55745.7
2026-06-13 15:35:00,55899.8,64228.9,55916.8,55891.8
2026-06-13 15:40:00,56012.3,64358.1,56050.6,55994.4
2026-06-13 15:45:00,56101.4,64460.5,56096.7,56103.6
2026-06-13 15:50:00,56166.7,64535.5,56178.8,56161.1
2026-06-13 15:55:00,56234.9,64613.9,56256.0,56225.1
2026-06-13 16:00:00,56250.5,64631.8,56269.2,56241.8
2026-06-13 16:05:00,56306.0,64695.6,56359.2,56281.1
2026-06-13 16:10:00,56369.5,64768.6,56391.7,56359.1
2026-06-13 16:15:00,56387.0,64788.7,56445.8,56359.5
2026-06-13 16:20:00,56439.9,64849.4,56437.6,56441.0
2026-06-13 16:25:00,56446.0,64856.5,56427.2,56454.7
2026-06-13 16:30:00,56455.5,64867.4,56530.9,56420.1
2026-06-13 16:35:00,56526.5,64948.9,56529.8,56524.9
2026-06-13 16:40:00,56553.5,64980.0,56517.0,56570.6
2026-06-13 16:45:00,56644.8,65084.9,56674.4,56630.9
2026-06-13 16:50:00,56729.7,65182.4,56767.4,56712.0
2026-06-13 16:55:00,56842.9,65312.5,56856.4,56836.6
2026-06-13 17:00:00,56923.1,65404.6,56943.6,56913.6
2026-06-13 17:05:00,56969.1,65457.5,57010.2,56949.9
2026-06-13 17:10:00,57022.5,65518.9,57009.2,57028.7
2026-06-13 17:15:00,57050.8,65551.4,57110.3,57023.0
2026-06-13 17:20:00,57114.5,65624.6,57120.8,57111.5
2026-06-13 17:25:00,57129.8,65642.1,57177.3,57107.5
2026-06-13 17:30:00,57155.0,65671.1,57169.1,57148.4
2026-06-13 17:35:00,57203.5,65726.8,57183.6,57212.8
2026-06-13 17:40:00,57246.8,65776.6,57252.1,57244.3
2026-06-13 17:45:00,57367.5,65915.3,57345.7,57377.7
2026-06-13 17:50:00,57483.4,66048.4,57468.3,57490.5
2026-06-13 17:55:00,57609.0,66192.7,57661.2,57584.5
2026-06-13 18:00:00,57717.3,66317.2,57784.0,57686.1
2026-06-13 18:05:00,57759.4,66365.6,57849.6,57717.1
2026-06-13 18:10:00,57869.5,66492.1,57934.8,57839.0
2026-06-13 18:15:00,57966.4,66603.4,58044.7,57929.7
2026-06-13 18:20:00,58082.6,66736.9,58169.8,58041.8
2026-06-13 18:25:00,58198.2,66869.7,58240.0,58178.6
2026-06-13 18:30:00,58309.9,66998.1,58360.6,58286.2
2026-06-13 18:35:00,58409.1,67112.1,58352.6,58435.5
2026-06-13 18:40:00,58441.0,67148.7,58399.0,58460.6
2026-06-13 18:45:00,58519.0,67238.3,58584.8,58488.1
2026-06-13 18:50:00,58666.7,67408.0,58708.1,58647.3
2026-06-13 18:55:00,58801.8,67563.3,58767.4,58817.9
2026-06-13 19:00:00,58914.9,67693.2,58946.3,58900.2
2026-06-13 19:05:00,59039.2,67836.0,59063.8,59027.6
2026-06-13 19:10:00,59182.9,68001.2,59162.4,59192.5
2026-06-13 19:15:00,59278.0,68110.4,59333.7,59252.0
2026-06-13 19:20:00,59418.0,68271.3,59461.3,59397.8
2026-06-13 19:25:00,59566.4,68441.8,59525.4,59585.6
2026-06-13 19:30:00,59694.9,68589.4,59695.9,59694.5
2026-06-13 19:35:00,59787.5,68695.8,59740.5,59809.5
2026-06-13 19:40:00,59851.5,68769.4,59791.3,59879.8
2026-06-13 19:45:00,59969.7,68905.2,60005.1,59953.1
2026-06-13 19:50:00,60116.1,69073.4,60097.0,60125.0
2026-06-13 19:55:00,60244.5,69220.9,60274.0,60230.7
2026-06-13 20:00:00,60391.8,69390.2,60385.1,60395.0
2026-06-13 20:05:00,60539.6,69560.0,60567.2,60526.7
2026-06-13 20:10:00,60736.4,69786.1,60664.5,60770.1
2026-06-13 20:15:00,60912.0,69987.9,60868.1,60932.6
2026-06-13 20:20:00,61039.4,70134.3,61050.8,61034.1
2026-06-13 20:25:00,61181.3,70297.3,61118.9,61210.5
2026-06-13 20:30:00,61289.8,70422.0,61305.0,61282.7
2026-06-13 20:35:00,61379.2,70524.7,61399.3,61369.8
2026-06-13 20:40:00,61392.5,70540.0,61433.3,61373.3
2026-06-13 20:45:00,61512.9,70678.3,61516.0,61511.4
2026-06-13 20:50:00,61652.4,70838.6,61616.1,61669.5
2026-06-13 20:55:00,61739.5,70938.7,61766.0,61727.2
2026-06-13 21:00:00,61858.3,71075.2,61888.2,61844.3
2026-06-13 21:05:00,61996.3,71233.7,62003.4,61992.9
2026-06-13 21:10:00,62071.6,71320.3,62059.3,62077.4
2026-06-13 21:15:00,62150.5,71410.9,62116.4,62166.4
2026-06-13 21:20:00,62221.7,71492.7,62250.8,62208.0
2026-06-13 21:25:00,62285.4,71565.9,62325.8,62266.5
2026-06-13 21:30:00,62314.1,71598.9,62316.5,62312.9
2026-06-13 21:35:00,62402.7,71700.7,62397.2,62405.2
2026-06-13 21:40:00,62453.1,71758.6,62501.7,62430.3
2026-06-13 21:45:00,62559.0,71880.3,62536.5,62569.5
2026-06-13 21:50:00,62609.5,71938.3,62592.6,62617.4
2026-06-13 21:55:00,62673.2,72011.5,62646.3,62685.8
2026-06-13 22:00:00,62755.3,72105.8,62765.5,62750.5
2026-06-13 22:05:00,62779.9,72134.1,62850.2,62747.0
2026-06-13 22:10:00,62842.1,72205.6,62849.8,62838.5
2026-06-13 22:15:00,62841.8,72205.2,62841.9,62841.8
2026-06-13 22:20:00,62844.4,72208.2,62847.6,62843.0
2026-06-13 22:25:00,62816.3,72175.9,62821.3,62813.9
2026-06-13 22:30:00,62757.6,72108.5,62786.6,62744.1
2026-06-13 22:35:00,62722.1,72067.7,62765.5,62701.7
2026-06-13 22:40:00,62673.7,72012.1,62680.7,62670.4
2026-06-13 22:45:00,62704.3,72047.2,62699.4,62706.6
2026-06-13 22:50:00,62671.5,72009.6,62665.6,62674.3
2026-06-13 22:55:00,62654.7,71990.3,62649.9,62657.0
2026-06-13 23:00:00,62524.3,71840.4,62498.1,62536.6
2026-06-13 23:05:00,62393.1,71689.7,62380.1,62399.1
2026-06-13 23:10:00,62319.1,71604.6,62313.5,62321.7
2026-06-13 23:15:00,62209.6,71478.8,62213.2,62207.9
2026-06-13 23:20:00,62159.0,71420.7,62148.3,62164.0
2026-06-13 23:25:00,62049.6,71295.0,62039.3,62054.4
2026-06-13 23:30:00,61947.6,71177.8,61933.4,61954.2
2026-06-13 23:35:00,61827.3,71039.6,61813.8,61833.7
2026-06-13 23:40:00,61698.6,70891.7,61739.2,61679.6
2026-06-13 23:45:00,61568.4,70742.1,61571.8,61566.8
2026-06-13 23:50:00,61414.4,70565.1,61449.1,61398.1
2026-06-13 23:55:00,61265.7,70394.3,61225.6,61284.4
2026-06-14 00:00:00,61121.5,70228.6,61146.0,61110.0
2026-06-14 00:05:00,61042.5,70137.8,60964.8,61078.9
2026-06-14 00:10:00,60945.6,70026.5,60962.7,60937.7
2026-06-14 00:15:00,60832.9,69897.0,60841.2,60828.9
2026-06-14 00:20:00,60721.0,69768.4,60678.5,60741.0
2026-06-14 00:25:00,60560.8,69584.4,60571.4,60555.9
2026-06-14 00:30:00,60430.9,69435.1,60383.3,60453.2
2026-06-14 00:35:00,60273.7,69254.5,60294.7,60263.8
2026-06-14 00:40:00,60300.5,69285.3,60268.7,60315.4
2026-06-14 00:45:00,60238.9,69214.5,60247.2,60235.0
2026-06-14 00:50:00,60106.2,69062.0,60113.3,60102.8
2026-06-14 00:55:00,60019.2,68962.1,60016.2,60020.6
2026-06-14 01:00:00,59888.1,68811.4,59890.8,59886.8
2026-06-14 01:05:00,59749.1,68651.7,59672.6,59784.9
2026-06-14 01:10:00,59587.8,68466.4,59612.7,59576.2
2026-06-14 01:15:00,59394.4,68244.2,59415.0,59384.8
2026-06-14 01:20:00,59215.7,68038.8,59233.0,59207.6
2026-06-14 01:25:00,59070.8,67872.3,59073.5,59069.6
2026-06-14 01:30:00,58976.5,67764.0,58978.3,58975.7
2026-06-14 01:35:00,59091.7,67896.4,59010.7,59129.6
2026-06-14 01:40:00,59346.5,68189.1,59329.2,59354.6
2026-06-14 01:45:00,59340.6,68182.3,59397.6,59313.9
2026-06-14 01:50:00,59158.4,67973.0,59152.7,59161.0
2026-06-14 01:55:00,58992.0,67781.8,59030.0,58974.3
2026-06-14 02:00:00,58793.2,67553.4,58816.9,58782.2
2026-06-14 02:05:00,58540.6,67263.1,58575.8,58524.1
2026-06-14 02:10:00,58318.8,67008.3,58336.4,58310.6
2026-06-14 02:15:00,58146.0,66809.8,58172.8,58133.5
2026-06-14 02:20:00,57947.8,66582.0,57952.6,57945.6
2026-06-14 02:25:00,57748.3,66352.8,57766.4,57739.8
2026-06-14 02:30:00,57464.2,66026.4,57427.0,57481.6
2026-06-14 02:35:00,57094.2,65601.2,57082.4,57099.7
2026-06-14 02:40:00,56933.7,65416.8,56941.8,56930.0
2026-06-14 02:45:00,56668.9,65112.6,56696.5,56656.0
2026-06-14 02:50:00,56425.2,64832.6,56404.0,56435.2
2026-06-14 02:55:00,56193.5,64566.3,56135.5,56220.6
2026-06-14 03:00:00,55933.9,64268.1,55917.4,55941.7
2026-06-14 03:05:00,55680.6,63977.0,55728.1,55658.3
2026-06-14 03:10:00,55417.3,63674.5,55407.4,55421.9
2026-06-14 03:15:00,55237.7,63468.1,55181.9,55263.9
2026-06-14 03:20:00,55064.9,63269.6,55070.3,55062.4
2026-06-14 03:25:00,54834.5,63004.8,54820.3,54841.1
2026-06-14 03:30:00,54571.6,62702.8,54549.8,54581.8
2026-06-14 03:35:00,54376.6,62478.7,54388.2,54371.2
2026-06-14 03:40:00,54271.3,62357.7,54269.0,54272.3
2026-06-14 03:45:00,54109.0,62171.2,54098.5,54113.9
2026-06-14 03:50:00,53981.7,62025.0,53960.1,53991.9
2026-06-14 03:55:00,53781.4,61794.8,53750.7,53795.8
2026-06-14 04:00:00,53612.3,61600.5,53595.3,53620.3
2026-06-14 04:05:00,53440.1,61402.7,53422.2,53448.5
2026-06-14 04:10:00,53314.2,61258.0,53299.6,53321.1
2026-06-14 04:15:00,53166.3,61088.1,53114.2,53190.7
2026-06-14 04:20:00,52963.8,60855.4,52965.9,52962.8
2026-06-14 04:25:00,52818.9,60688.9,52799.4,52828.0
2026-06-14 04:30:00,52686.5,60536.8,52755.2,52654.3
2026-06-14 04:35:00,52678.4,60527.5,52625.7,52703.1
2026-06-14 04:40:00,52705.0,60558.0,52650.3,52730.7
2026-06-14 04:45:00,52686.4,60536.7,52639.5,52708.4
2026-06-14 04:50:00,52630.4,60472.3,52639.3,52626.3
2026-06-14 04:55:00,52529.8,60356.7,52639.6,52478.4
2026-06-14 05:00:00,52455.8,60271.7,52427.7,52468.9
2026-06-14 05:05:00,52433.5,60246.1,52434.2,52433.2
2026-06-14 05:10:00,52443.4,60257.5,52442.0,52444.1
2026-06-14 05:15:00,52447.9,60262.6,52427.3,52457.5
2026-06-14 05:20:00,52463.7,60280.8,52442.6,52473.6
2026-06-14 05:25:00,52457.4,60273.6,52405.5,52481.7
2026-06-14 05:30:00,52460.2,60276.8,52414.2,52481.7
2026-06-14 05:35:00,52491.3,60312.5,52492.0,52490.9
2026-06-14 05:40:00,52518.9,60344.2,52511.4,52522.4
2026-06-14 05:45:00,52511.9,60336.2,52504.5,52515.4
2026-06-14 05:50:00,52491.4,60312.6,52502.3,52486.2
2026-06-14 05:55:00,52484.6,60304.8,52484.7,52484.5
2026-06-14 06:00:00,52490.3,60311.4,52487.9,52491.4
2026-06-14 06:05:00,52485.9,60306.3,52486.8,52485.5
2026-06-14 06:10:00,52502.9,60325.8,52499.7,52504.4
2026-06-14 06:15:00,52487.0,60307.6,52484.3,52488.3
2026-06-14 06:20:00,52488.5,60309.3,52488.7,52488.4
2026-06-14 06:25:00,52487.7,60308.4,52486.7,52488.2
2026-06-14 06:30:00,52486.8,60307.3,52486.3,52487.0
2026-06-14 06:35:00,52490.9,60312.0,52505.5,52484.1
2026-06-14 06:40:00,52519.1,60344.4,52534.1,52512.0
2026-06-14 06:45:00,52508.8,60332.6,52514.7,52506.0
2026-06-14 06:50:00,52508.7,60332.5,52508.0,52509.1
2026-06-14 06:55:00,52507.1,60330.7,52503.7,52508.8
2026-06-14 07:00:00,52512.8,60337.2,52509.8,52514.2
2026-06-14 07:05:00,52508.4,60332.2,52508.7,52508.3
2026-06-14 07:10:00,52529.8,60356.7,52525.0,52532.0
2026-06-14 07:15:00,52509.0,60332.8,52502.8,52511.8
2026-06-14 07:20:00,52507.7,60331.3,52502.1,52510.3
2026-06-14 07:25:00,52500.8,60323.4,52496.1,52503.1
2026-06-14 07:30:00,52500.2,60322.7,52496.4,52502.0
2026-06-14 07:35:00,52500.2,60322.7,52520.7,52490.7
2026-06-14 07:40:00,52547.3,60376.8,52547.5,52547.2
2026-06-14 07:45:00,52516.6,60341.6,52529.3,52510.6
2026-06-14 07:50:00,52515.4,60340.2,52522.7,52512.0
2026-06-14 07:55:00,52514.4,60339.0,52516.2,52513.6
2026-06-14 08:00:00,52512.4,60336.7,52517.7,52509.9
2026-06-14 08:05:00,52508.1,60331.8,52520.0,52502.5
2026-06-14 08:10:00,52543.6,60372.6,52547.1,52542.0
2026-06-14 08:15:00,52511.3,60335.5,52516.4,52508.9
2026-06-14 08:20:00,52510.4,60334.4,52513.1,52509.2
2026-06-14 08:25:00,52505.6,60328.9,52512.4,52502.4
2026-06-14 08:30:00,52504.4,60327.6,52511.0,52501.3
2026-06-14 08:35:00,52526.7,60353.2,52547.2,52517.1
2026-06-14 08:40:00,52602.2,60439.9,52592.3,52606.9
2026-06-14 08:45:00,52535.2,60362.9,52527.2,52539.0
2026-06-14 08:50:00,52528.6,60355.4,52520.6,52532.4
2026-06-14 08:55:00,52514.2,60338.8,52508.5,52516.8
2026-06-14 09:00:00,52514.8,60339.5,52511.1,52516.5
2026-06-14 09:05:00,52501.4,60324.1,52507.4,52498.6
2026-06-14 09:10:00,52520.2,60345.7,52529.2,52515.9
2026-06-14 09:15:00,52481.0,60300.7,52500.8,52471.7
2026-06-14 09:20:00,52482.5,60302.4,52505.0,52472.0
2026-06-14 09:25:00,52473.4,60291.9,52499.8,52461.1
2026-06-14 09:30:00,52472.0,60290.3,52497.4,52460.1
2026-06-14 09:35:00,52512.4,60336.7,52515.0,52511.2
2026-06-14 09:40:00,52583.4,60418.3,52576.0,52586.8
2026-06-14 09:45:00,52531.1,60358.2,52519.3,52536.6
2026-06-14 09:50:00,52531.3,60358.5,52534.0,52530.0
2026-06-14 09:55:00,52488.5,60309.3,52480.9,52492.0
2026-06-14 10:00:00,52479.6,60299.1,52467.8,52485.1
2026-06-14 10:05:00,52441.1,60254.8,52425.0,52448.7
2026-06-14 10:10:00,52476.1,60295.0,52471.2,52478.5
2026-06-14 10:15:00,52427.4,60239.1,52438.0,52422.4
2026-06-14 10:20:00,52430.9,60243.1,52436.9,52428.1
2026-06-14 10:25:00,52431.6,60243.9,52443.1,52426.3
2026-06-14 10:30:00,52427.0,60238.6,52435.9,52422.9
2026-06-14 10:35:00,52515.7,60340.5,52544.4,52502.2
2026-06-14 10:40:00,52583.1,60418.0,52609.9,52570.5
2026-06-14 10:45:00,52552.7,60383.1,52558.2,52550.1
2026-06-14 10:50:00,52558.1,60389.3,52580.9,52547.4
2026-06-14 10:55:00,52535.2,60362.9,52525.7,52539.6
2026-06-14 11:00:00,52541.4,60370.1,52536.4,52543.7
2026-06-14 11:05:00,52494.0,60315.6,52487.2,52497.2
2026-06-14 11:10:00,52509.5,60333.4,52503.6,52512.3
2026-06-14 11:15:00,52441.4,60255.2,52459.5,52432.9
2026-06-14 11:20:00,52444.4,60258.6,52468.8,52432.9
2026-06-14 11:25:00,52417.2,60227.4,52437.9,52407.4
2026-06-14 11:30:00,52287.2,60078.0,52430.7,52219.9
2026-06-14 11:35:00,52258.0,60044.4,52236.4,52268.1
2026-06-14 11:40:00,52316.5,60111.7,52296.5,52325.9
2026-06-14 11:45:00,52332.7,60130.3,52317.0,52340.0
2026-06-14 11:50:00,52298.2,60090.6,52331.3,52282.7
2026-06-14 11:55:00,52282.6,60072.7,52286.1,52281.0
2026-06-14 12:00:00,52283.6,60073.9,52291.5,52279.9
2026-06-14 12:05:00,52250.5,60035.8,52248.8,52251.2
2026-06-14 12:10:00,52269.9,60058.1,52266.1,52271.6
2026-06-14 12:15:00,52238.6,60022.2,52242.3,52236.8
2026-06-14 12:20:00,52241.8,60025.8,52252.3,52236.9
2026-06-14 12:25:00,52262.3,60049.4,52241.5,52272.0
2026-06-14 12:30:00,52258.9,60045.5,52231.4,52271.8
2026-06-14 12:35:00,52263.1,60050.3,52252.0,52268.3
2026-06-14 12:40:00,52367.7,60170.5,52352.6,52374.8
2026-06-14 12:45:00,52376.6,60180.7,52362.3,52383.3
2026-06-14 12:50:00,52394.5,60201.3,52412.8,52385.9
2026-06-14 12:55:00,52359.3,60160.8,52352.2,52362.7
2026-06-14 13:00:00,52338.8,60137.3,52348.3,52334.3
2026-06-14 13:05:00,52288.2,60079.1,52265.9,52298.6
2026-06-14 13:10:00,52304.9,60098.3,52286.9,52313.3
2026-06-14 13:15:00,52284.5,60074.9,52271.2,52290.7
2026-06-14 13:20:00,52287.1,60077.9,52279.4,52290.8
2026-06-14 13:25:00,52280.5,60070.3,52266.2,52287.2
2026-06-14 13:30:00,52278.8,60068.3,52259.4,52287.9
2026-06-14 13:35:00,52265.5,60053.1,52247.8,52273.7
2026-06-14 13:40:00,52286.8,60077.5,52268.4,52295.4
2026-06-14 13:45:00,52285.4,60075.9,52263.7,52295.6
2026-06-14 13:50:00,52287.0,60077.8,52269.8,52295.1
2026-06-14 13:55:00,52269.9,60058.1,52228.9,52289.1
2026-06-14 14:00:00,52280.2,60069.9,52234.5,52301.6
2026-06-14 14:05:00,52263.9,60051.2,52211.4,52288.4
2026-06-14 14:10:00,52279.8,60069.5,52232.3,52302.0
2026-06-14 14:15:00,52254.8,60040.8,52208.8,52276.3
2026-06-14 14:20:00,52253.2,60038.9,52208.4,52274.1
2026-06-14 14:25:00,52240.9,60024.8,52201.5,52259.3
2026-06-14 14:30:00,52240.8,60024.7,52189.1,52265.0
2026-06-14 14:35:00,52215.9,59996.1,52190.7,52227.8
2026-06-14 14:40:00,52305.6,60099.1,52279.9,52317.6
2026-06-14 14:45:00,52307.2,60101.0,52289.7,52315.5
2026-06-14 14:50:00,52303.6,60096.8,52279.3,52315.0
2026-06-14 14:55:00,52307.3,60101.1,52282.4,52318.9
2026-06-14 15:00:00,52309.5,60103.6,52282.0,52322.5
2026-06-14 15:05:00,52299.1,60091.7,52271.3,52312.2
2026-06-14 15:10:00,52311.1,60105.5,52285.9,52322.9
2026-06-14 15:15:00,52338.5,60136.9,52317.9,52348.2
2026-06-14 15:20:00,52347.1,60146.8,52325.8,52357.1
2026-06-14 15:25:00,52356.1,60157.2,52327.7,52369.5
2026-06-14 15:30:00,52365.8,60168.3,52331.0,52382.2
2026-06-14 15:35:00,52439.6,60253.1,52466.2,52427.1
2026-06-14 15:40:00,52624.7,60465.8,52713.1,52583.3
2026-06-14 15:45:00,52663.6,60510.5,52842.3,52579.9
2026-06-14 15:50:00,52782.8,60647.4,52823.8,52763.6
2026-06-14 15:55:00,52771.2,60634.1,52798.0,52758.6
2026-06-14 16:00:00,52825.0,60695.9,52815.8,52829.3
2026-06-14 16:05:00,52868.1,60745.4,52969.3,52820.7
2026-06-14 16:10:00,52974.2,60867.4,52984.6,52969.2
2026-06-14 16:15:00,53022.6,60923.0,52981.7,53041.8
2026-06-14 16:20:00,53166.8,61088.7,53160.8,53169.6
2026-06-14 16:25:00,53162.9,61084.2,53146.1,53170.8
2026-06-14 16:30:00,53166.7,61088.5,53158.4,53170.6
2026-06-14 16:35:00,53161.2,61082.2,53141.7,53170.4
2026-06-14 16:40:00,53138.0,61055.6,53118.4,53147.2
2026-06-14 16:45:00,53160.3,61081.2,53161.2,53159.9
2026-06-14 16:50:00,53162.0,61083.1,53170.7,53157.9
2026-06-14 16:55:00,53156.0,61076.2,53160.3,53154.0
2026-06-14 17:00:00,53162.5,61083.7,53157.0,53165.0
2026-06-14 17:05:00,53148.2,61067.3,53148.1,53148.3
2026-06-14 17:10:00,53152.1,61071.8,53149.9,53153.1
2026-06-14 17:15:00,53137.2,61054.6,53135.6,53137.9
2026-06-14 17:20:00,53143.2,61061.5,53156.0,53137.2
2026-06-14 17:25:00,53137.3,61054.8,53141.8,53135.2
2026-06-14 17:30:00,53131.5,61048.1,53135.4,53129.7
2026-06-14 17:35:00,53143.8,61062.2,53146.2,53142.7
2026-06-14 17:40:00,53142.1,61060.3,53133.7,53146.0
2026-06-14 17:45:00,53190.1,61115.4,53204.9,53183.2
2026-06-14 17:50:00,53361.8,61312.7,53399.9,53344.0
2026-06-14 17:55:00,53420.6,61380.3,53585.3,53343.4
2026-06-14 18:00:00,53543.7,61521.7,53612.6,53511.5
2026-06-14 18:05:00,53640.0,61632.4,53763.8,53582.1
2026-06-14 18:10:00,53746.0,61754.2,53761.4,53738.8
2026-06-14 18:15:00,53888.7,61918.1,53929.5,53869.6
2026-06-14 18:20:00,54054.7,62108.9,54112.4,54027.7
2026-06-14 18:25:00,54239.5,62321.2,54257.5,54231.1
2026-06-14 18:30:00,54386.6,62490.2,54400.2,54380.1
2026-06-14 18:35:00,54531.7,62656.9,54495.2,54548.7
2026-06-14 18:40:00,54655.4,62799.1,54629.1,54667.7
2026-06-14 18:45:00,54825.9,62995.0,54845.2,54816.8
2026-06-14 18:50:00,54951.5,63139.3,54948.8,54952.7
2026-06-14 18:55:00,55112.2,63323.9,55092.5,55121.5
2026-06-14 19:00:00,55292.5,63531.1,55357.5,55262.0
2026-06-14 19:05:00,55495.6,63764.4,55491.6,55497.5
2026-06-14 19:10:00,55686.3,63983.6,55722.0,55669.6
2026-06-14 19:15:00,55839.1,64159.1,55914.6,55803.8
2026-06-14 19:20:00,56063.9,64417.4,56032.8,56078.5
2026-06-14 19:25:00,56233.6,64612.4,56195.6,56251.4
2026-06-14 19:30:00,56367.1,64765.8,56324.8,56387.0
2026-06-14 19:35:00,56531.7,64954.9,56538.9,56528.4
2026-06-14 19:40:00,56624.3,65061.3,56587.4,56641.6
2026-06-14 19:45:00,56771.0,65229.9,56779.8,56766.8
2026-06-14 19:50:00,56945.8,65430.7,56956.3,56940.9
2026-06-14 19:55:00,57104.4,65613.0,57113.7,57100.1
2026-06-14 20:00:00,57294.5,65831.4,57292.2,57295.6
2026-06-14 20:05:00,57470.2,66033.3,57536.2,57439.3
2026-06-14 20:10:00,57685.8,66281.0,57727.1,57666.4
2026-06-14 20:15:00,57853.3,66473.4,57889.8,57836.2
2026-06-14 20:20:00,58040.7,66688.8,58071.1,58026.5
2026-06-14 20:25:00,58188.5,66858.6,58152.1,58205.5
2026-06-14 20:30:00,58304.5,66991.9,58332.3,58291.5
2026-06-14 20:35:00,58423.8,67128.9,58404.2,58433.0
2026-06-14 20:40:00,58525.3,67245.6,58501.7,58536.4
2026-06-14 20:45:00,58699.9,67446.2,58715.5,58692.6
2026-06-14 20:50:00,58858.1,67628.0,58882.7,58846.5
2026-06-14 20:55:00,59013.4,67806.4,58947.2,59044.5
2026-06-14 21:00:00,59136.4,67947.7,59160.8,59124.9
2026-06-14 21:05:00,59265.1,68095.6,59251.9,59271.2
2026-06-14 21:10:00,59408.0,68259.8,59442.4,59391.8
2026-06-14 21:15:00,59528.6,68398.4,59513.2,59535.8
2026-06-14 21:20:00,59665.2,68555.3,59613.5,59689.4
2026-06-14 21:25:00,59742.3,68643.9,59738.2,59744.2
2026-06-14 21:30:00,59863.9,68783.6,59864.4,59863.6
2026-06-14 21:35:00,59943.6,68875.2,59947.4,59941.8
2026-06-14 21:40:00,59975.9,68912.3,60031.9,59949.7
2026-06-14 21:45:00,60055.3,69003.5,60049.0,60058.3
2026-06-14 21:50:00,60076.2,69027.6,60112.3,60059.4
2026-06-14 21:55:00,60112.1,69068.8,60089.5,60122.7
2026-06-14 22:00:00,60195.3,69164.4,60197.6,60194.2
2026-06-14 22:05:00,60297.5,69281.8,60343.9,60275.7
2026-06-14 22:10:00,60341.1,69331.9,60379.2,60323.2
2026-06-14 22:15:00,60342.8,69333.9,60372.4,60328.9
2026-06-14 22:20:00,60341.3,69332.2,60360.4,60332.4
2026-06-14 22:25:00,60332.7,69322.3,60339.6,60329.5
2026-06-14 22:30:00,60284.0,69266.3,60318.4,60267.9
2026-06-14 22:35:00,60267.9,69247.8,60285.6,60259.6
2026-06-14 22:40:00,60225.8,69199.4,60214.0,60231.3
2026-06-14 22:45:00,60204.1,69174.5,60232.6,60190.8
2026-06-14 22:50:00,60189.3,69157.5,60215.9,60176.8
2026-06-14 22:55:00,60175.2,69141.3,60200.9,60163.2
2026-06-14 23:00:00,60130.3,69089.7,60060.7,60163.0
2026-06-14 23:05:00,60038.6,68984.4,60043.4,60036.3
2026-06-14 23:10:00,59962.9,68897.4,59966.2,59961.4
2026-06-14 23:15:00,59882.3,68804.8,59888.7,59879.3
2026-06-14 23:20:00,59852.6,68770.6,59811.1,59872.0
2026-06-14 23:25:00,59785.2,68693.2,59785.4,59785.0
2026-06-14 23:30:00,59753.6,68656.9,59693.8,59781.6
2026-06-14 23:35:00,59591.6,68470.7,59595.4,59589.8
2026-06-14 23:40:00,59501.4,68367.1,59456.7,59522.3
2026-06-14 23:45:00,59446.6,68304.1,59388.7,59473.8
2026-06-14 23:50:00,59397.8,68248.1,59377.0,59407.5
2026-06-14 23:55:00,59285.6,68119.2,59271.5,59292.2
2026-06-15 00:00:00,59220.2,68044.0,59182.3,59237.9
2026-06-15 00:05:00,59076.1,67878.4,59113.6,59058.6
2026-06-15 00:10:00,58939.5,67721.5,59011.4,58905.8
2026-06-15 00:15:00,58832.1,67598.1,58827.2,58834.4
2026-06-15 00:20:00,58668.6,67410.2,58729.7,58640.0
2026-06-15 00:25:00,58558.0,67283.1,58533.6,58569.4
2026-06-15 00:30:00,58465.9,67177.3,58457.2,58469.9
2026-06-15 00:35:00,58326.8,67017.5,58335.9,58322.5
2026-06-15 00:40:00,58369.8,67066.9,58403.0,58354.2
2026-06-15 00:45:00,58294.3,66980.2,58306.6,58288.6
2026-06-15 00:50:00,58218.1,66892.6,58170.2,58240.5
2026-06-15 00:55:00,58089.5,66744.8,58085.8,58091.2
2026-06-15 01:00:00,57926.5,66557.5,57944.4,57918.1
2026-06-15 01:05:00,57810.5,66424.3,57769.9,57829.5
2026-06-15 01:10:00,57682.5,66277.2,57675.5,57685.7
2026-06-15 01:15:00,57579.0,66158.3,57589.8,57574.0
2026-06-15 01:20:00,57478.6,66042.9,57510.7,57463.5
2026-06-15 01:25:00,57343.2,65887.3,57398.9,57317.1
2026-06-15 01:30:00,57185.1,65705.7,57223.4,57167.2
2026-06-15 01:35:00,57227.6,65754.5,57243.6,57220.2
2026-06-15 01:40:00,57431.9,65989.3,57434.9,57430.5
2026-06-15 01:45:00,57407.6,65961.3,57422.6,57400.6
2026-06-15 01:50:00,57231.3,65758.8,57255.9,57219.8
2026-06-15 01:55:00,57006.0,65499.9,57065.1,56978.3
2026-06-15 02:00:00,56810.4,65275.1,56850.8,56791.5
2026-06-15 02:05:00,56561.9,64989.6,56509.2,56586.6
2026-06-15 02:10:00,56322.4,64714.4,56365.3,56302.3
2026-06-15 02:15:00,56107.0,64466.9,56099.9,56110.4
2026-06-15 02:20:00,55907.3,64237.5,55869.6,55924.9
2026-06-15 02:25:00,55705.9,64006.1,55747.1,55686.6
2026-06-15 02:30:00,55450.8,63713.0,55463.6,55444.8
2026-06-15 02:35:00,55091.3,63299.9,55005.7,55131.4
2026-06-15 02:40:00,55027.3,63226.4,54950.4,55063.3
2026-06-15 02:45:00,54844.3,63016.1,54825.8,54853.0
2026-06-15 02:50:00,54551.4,62679.6,54554.9,54549.8
2026-06-15 02:55:00,54323.6,62417.8,54325.1,54322.9
2026-06-15 03:00:00,54128.7,62193.9,54190.1,54100.0
2026-06-15 03:05:00,53930.0,61965.6,53911.3,53938.8
2026-06-15 03:10:00,53750.3,61759.1,53734.5,53757.8
2026-06-15 03:15:00,53598.7,61584.9,53557.9,53617.8
2026-06-15 03:20:00,53442.0,61404.9,53420.0,53452.3
2026-06-15 03:25:00,53246.3,61180.0,53254.5,53242.4
2026-06-15 03:30:00,53098.5,61010.2,53068.6,53112.6
2026-06-15 03:35:00,52956.6,60847.1,52951.0,52959.2
2026-06-15 03:40:00,52797.2,60664.0,52784.1,52803.3
2026-06-15 03:45:00,52618.5,60458.7,52610.3,52622.3
2026-06-15 03:50:00,52531.8,60359.0,52599.7,52500.0
2026-06-15 03:55:00,52460.6,60277.2,52419.2,52479.9
2026-06-15 04:00:00,52469.1,60287.0,52420.1,52492.1
2026-06-15 04:05:00,52415.8,60225.8,52411.5,52417.8
2026-06-15 04:10:00,52305.5,60099.0,52424.0,52249.9
2026-06-15 04:15:00,52204.6,59983.1,52177.0,52217.5
2026-06-15 04:20:00,52207.2,59986.1,52182.4,52218.8
2026-06-15 04:25:00,52216.5,59996.8,52181.3,52232.9
2026-06-15 04:30:00,52214.8,59994.8,52181.3,52230.5
2026-06-15 04:35:00,52247.5,60032.4,52206.9,52266.5
2026-06-15 04:40:00,52259.3,60045.9,52226.6,52274.6
2026-06-15 04:45:00,52221.1,60002.0,52206.1,52228.1
2026-06-15 04:50:00,52220.5,60001.4,52205.4,52227.6
2026-06-15 04:55:00,52219.0,59999.6,52206.6,52224.8
2026-06-15 05:00:00,52220.6,60001.5,52210.3,52225.4
2026-06-15 05:05:00,52242.5,60026.6,52199.0,52262.9
2026-06-15 05:10:00,52250.4,60035.7,52205.1,52271.6
2026-06-15 05:15:00,52243.9,60028.2,52190.0,52269.2
2026-06-15 05:20:00,52245.2,60029.7,52194.0,52269.2
2026-06-15 05:25:00,52244.7,60029.2,52190.6,52270.0
2026-06-15 05:30:00,52243.0,60027.2,52188.9,52268.4
2026-06-15 05:35:00,52275.1,60064.1,52252.6,52285.6
2026-06-15 05:40:00,52320.9,60116.7,52290.4,52335.1
2026-06-15 05:45:00,52309.7,60103.8,52285.0,52321.2
2026-06-15 05:50:00,52310.5,60104.8,52284.1,52322.9
2026-06-15 05:55:00,52309.2,60103.3,52285.8,52320.1
2026-06-15 06:00:00,52313.5,60108.2,52288.6,52325.2
2026-06-15 06:05:00,52305.9,60099.5,52279.4,52318.3
2026-06-15 06:10:00,52329.2,60126.3,52302.5,52341.7
2026-06-15 06:15:00,52310.8,60105.1,52281.7,52324.5
2026-06-15 06:20:00,52312.1,60106.6,52285.5,52324.6
2026-06-15 06:25:00,52311.1,60105.5,52282.5,52324.6
2026-06-15 06:30:00,52309.9,60104.1,52284.7,52321.7
2026-06-15 06:35:00,52338.9,60137.4,52328.3,52343.9
2026-06-15 06:40:00,52388.5,60194.4,52385.6,52389.8
2026-06-15 06:45:00,52373.5,60177.2,52365.8,52377.1
2026-06-15 06:50:00,52373.6,60177.3,52360.1,52379.9
2026-06-15 06:55:00,52371.7,60175.1,52357.0,52378.5
2026-06-15 07:00:00,52376.3,60180.4,52364.2,52382.0
2026-06-15 07:05:00,52368.8,60171.8,52355.5,52375.1
2026-06-15 07:10:00,52398.8,60206.2,52393.3,52401.4
2026-06-15 07:15:00,52369.5,60172.6,52350.2,52378.6
2026-06-15 07:20:00,52369.1,60172.1,52348.9,52378.6
2026-06-15 07:25:00,52362.7,60164.7,52341.6,52372.6
2026-06-15 07:30:00,52362.3,60164.3,52345.7,52370.1
2026-06-15 07:35:00,52432.6,60245.1,52439.2,52429.5
2026-06-15 07:40:00,52702.0,60554.6,52744.5,52682.2
2026-06-15 07:45:00,52850.4,60725.1,52865.1,52843.4
2026-06-15 07:50:00,52991.0,60886.7,53016.3,52979.2
2026-06-15 07:55:00,53166.1,61087.8,53236.3,53133.3
2026-06-15 08:00:00,53275.5,61213.5,53239.8,53292.2
2026-06-15 08:05:00,53425.1,61385.4,53412.9,53430.9
2026-06-15 08:10:00,53673.9,61671.3,53674.3,53673.7
2026-06-15 08:15:00,53789.3,61803.9,53772.5,53797.2
2026-06-15 08:20:00,53972.8,62014.7,53964.2,53976.8
2026-06-15 08:25:00,54154.2,62223.2,54150.9,54155.8
2026-06-15 08:30:00,54354.8,62453.7,54326.1,54368.2
2026-06-15 08:35:00,54800.8,62966.1,54743.6,54827.5
2026-06-15 08:40:00,55275.8,63511.9,55270.5,55278.3
2026-06-15 08:45:00,55607.1,63892.6,55580.5,55619.5
2026-06-15 08:50:00,55880.3,64206.5,55898.3,55871.8
2026-06-15 08:55:00,56106.1,64465.9,56134.3,56092.9
2026-06-15 09:00:00,56347.5,64743.3,56345.5,56348.4
2026-06-15 09:05:00,56596.0,65028.8,56633.3,56578.5
2026-06-15 09:10:00,56926.8,65408.9,56900.9,56939.0
2026-06-15 09:15:00,57210.2,65734.5,57231.6,57200.2
2026-06-15 09:20:00,57513.0,66082.4,57535.4,57502.5
2026-06-15 09:25:00,57790.3,66401.1,57814.1,57779.1
2026-06-15 09:30:00,58118.1,66777.7,58126.7,58114.1
2026-06-15 09:35:00,58613.5,67346.9,58555.8,58640.5
2026-06-15 09:40:00,59219.6,68043.3,59240.4,59209.8
2026-06-15 09:45:00,59509.4,68376.3,59506.0,59511.0
2026-06-15 09:50:00,59848.8,68766.3,59828.6,59858.3
2026-06-15 09:55:00,60100.6,69055.6,60163.4,60071.3
2026-06-15 10:00:00,60448.2,69455.0,60452.6,60446.1
2026-06-15 10:05:00,60762.6,69816.2,60691.6,60795.9
2026-06-15 10:10:00,61153.7,70265.6,61126.4,61166.5
2026-06-15 10:15:00,61414.6,70565.4,61458.5,61394.0
2026-06-15 10:20:00,61676.9,70866.8,61656.9,61686.2
2026-06-15 10:25:00,61947.3,71177.4,61930.3,61955.2
2026-06-15 10:30:00,62193.1,71459.9,62218.5,62181.3
2026-06-15 10:35:00,62580.1,71904.5,62616.0,62563.2
2026-06-15 10:40:00,63275.9,72704.0,63246.6,63289.6
2026-06-15 10:45:00,63722.4,73217.0,63668.0,63747.9
2026-06-15 10:50:00,64063.5,73609.0,64131.3,64031.8
2026-06-15 10:55:00,64376.5,73968.6,64378.9,64375.3
2026-06-15 11:00:00,64754.1,74402.5,64776.8,64743.4
2026-06-15 11:05:00,65012.7,74699.6,65029.4,65004.9
2026-06-15 11:10:00,65360.2,75098.9,65347.2,65366.3
2026-06-15 11:15:00,65602.8,75377.6,65617.6,65595.9
2026-06-15 11:20:00,65819.5,75626.6,65808.2,65824.8
2026-06-15 11:25:00,65952.8,75779.8,66059.8,65902.7
2026-06-15 11:30:00,66140.0,75994.9,66154.7,66133.2
2026-06-15 11:35:00,66127.9,75981.0,66209.6,66089.7
2026-06-15 11:40:00,66215.5,76081.6,66260.0,66194.6
2026-06-15 11:45:00,66319.1,76200.6,66342.4,66308.3
2026-06-15 11:50:00,66443.7,76343.8,66456.4,66437.8
2026-06-15 11:55:00,66535.5,76449.3,66594.7,66507.7
2026-06-15 12:00:00,66655.5,76587.2,66695.0,66637.0
2026-06-15 12:05:00,66666.2,76599.5,66710.3,66645.5
2026-06-15 12:10:00,66654.9,76586.5,66724.2,66622.4
2026-06-15 12:15:00,66623.5,76550.4,66687.3,66593.6
2026-06-15 12:20:00,66568.8,76487.6,66570.5,66568.0
2026-06-15 12:25:00,66599.2,76522.5,66553.8,66620.4
2026-06-15 12:30:00,66573.3,76492.7,66522.6,66597.0
2026-06-15 12:35:00,66501.1,76409.8,66506.8,66498.5
2026-06-15 12:40:00,66546.4,76461.8,66537.2,66550.8
2026-06-15 12:45:00,66648.1,76578.7,66665.7,66639.8
2026-06-15 12:50:00,66858.3,76820.2,66858.5,66858.2
2026-06-15 12:55:00,66936.0,76909.5,66951.3,66928.7
2026-06-15 13:00:00,66965.1,76942.9,66963.5,66965.9
2026-06-15 13:05:00,66921.3,76892.6,66971.3,66897.9
2026-06-15 13:10:00,66923.6,76895.2,66909.9,66930.1
2026-06-15 13:15:00,66922.6,76894.1,66912.6,66927.3
2026-06-15 13:20:00,66925.3,76897.2,66920.8,66927.3
2026-06-15 13:25:00,66886.6,76852.7,66901.0,66879.9
2026-06-15 13:30:00,66872.1,76836.0,66872.9,66871.7
2026-06-15 13:35:00,66691.7,76628.8,66769.3,66655.4
2026-06-15 13:40:00,66615.6,76541.3,66625.1,66611.2
2026-06-15 13:45:00,66569.8,76488.7,66536.4,66585.4
2026-06-15 13:50:00,66578.4,76498.6,66558.6,66587.7
2026-06-15 13:55:00,66560.9,76478.5,66542.9,66569.3
2026-06-15 14:00:00,66497.7,76405.9,66546.2,66475.0
2026-06-15 14:05:00,66427.8,76325.5,66371.9,66454.0
2026-06-15 14:10:00,66395.0,76287.9,66416.6,66384.9
2026-06-15 14:15:00,66333.7,76217.4,66280.0,66358.9
2026-06-15 14:20:00,66271.9,76146.4,66281.9,66267.2
2026-06-15 14:25:00,66098.3,75946.9,66061.4,66115.6
2026-06-15 14:30:00,65777.0,75577.8,65761.9,65784.1
2026-06-15 14:35:00,65429.5,75178.5,65366.9,65458.8
2026-06-15 14:40:00,65383.2,75125.3,65422.0,65365.1
2026-06-15 14:45:00,65388.0,75130.8,65369.4,65396.7
2026-06-15 14:50:00,65298.5,75028.0,65355.2,65272.0
2026-06-15 14:55:00,65232.8,74952.5,65281.9,65209.9
2026-06-15 15:00:00,65134.8,74839.9,65242.0,65084.6
2026-06-15 15:05:00,64963.2,74642.7,65011.4,64940.7
2026-06-15 15:10:00,64855.5,74519.0,64931.1,64820.0
2026-06-15 15:15:00,64825.8,74484.8,64913.4,64784.7
2026-06-15 15:20:00,64832.0,74492.0,64863.9,64817.0
2026-06-15 15:25:00,64932.3,74607.2,64923.6,64936.4
2026-06-15 15:30:00,65109.7,74811.0,65112.1,65108.6
2026-06-15 15:35:00,65476.3,75232.3,65385.5,65518.9
2026-06-15 15:40:00,65818.5,75625.5,65712.7,65868.0
2026-06-15 15:45:00,66081.5,75927.6,66101.2,66072.3
2026-06-15 15:50:00,66244.4,76114.8,66255.4,66239.2
2026-06-15 15:55:00,66421.6,76318.4,66454.2,66406.3
2026-06-15 16:00:00,66598.9,76522.1,66577.8,66608.8
2026-06-15 16:05:00,66824.5,76781.4,66787.5,66841.9
2026-06-15 16:10:00,67048.3,77038.5,66995.0,67073.2
2026-06-15 16:15:00,67190.9,77202.3,67158.1,67206.3
2026-06-15 16:20:00,67300.8,77328.6,67363.4,67271.5
2026-06-15 16:25:00,67357.9,77394.2,67461.7,67309.2
2026-06-15 16:30:00,67482.5,77537.4,67467.1,67489.7
2026-06-15 16:35:00,67538.0,77601.2,67615.2,67501.8
2026-06-15 16:40:00,67617.2,77692.2,67612.7,67619.4
2026-06-15 16:45:00,67717.7,77807.6,67770.3,67693.0
2026-06-15 16:50:00,67805.0,77907.9,67873.1,67773.2
2026-06-15 16:55:00,67888.0,78003.3,67956.7,67855.7
2026-06-15 17:00:00,67955.8,78081.2,67963.1,67952.4
2026-06-15 17:05:00,67971.4,78099.1,68035.7,67941.3
2026-06-15 17:10:00,68063.9,78205.4,68048.9,68070.9
2026-06-15 17:15:00,68078.3,78222.0,68128.2,68055.0
2026-06-15 17:20:00,68151.3,78305.8,68164.4,68145.1
2026-06-15 17:25:00,68172.1,78329.7,68247.8,68136.6
2026-06-15 17:30:00,68151.5,78306.1,68218.3,68120.3
2026-06-15 17:35:00,68076.4,78219.8,68189.6,68023.3
2026-06-15 17:40:00,68036.2,78173.6,68057.6,68026.2
2026-06-15 17:45:00,68133.0,78284.8,68168.2,68116.6
2026-06-15 17:50:00,68272.3,78444.9,68219.2,68297.2
2026-06-15 17:55:00,68445.5,78643.9,68411.0,68461.7
2026-06-15 18:00:00,68653.0,78882.3,68564.3,68694.5
2026-06-15 18:05:00,68821.5,79075.9,68761.2,68849.7
2026-06-15 18:10:00,68997.1,79277.7,69026.8,68983.2
2026-06-15 18:15:00,69167.0,79472.9,69146.3,69176.7
2026-06-15 18:20:00,69355.1,79689.0,69365.6,69350.2
2026-06-15 18:25:00,69467.6,79818.3,69459.6,69471.3
2026-06-15 18:30:00,69549.9,79912.8,69517.6,69565.0
2026-06-15 18:35:00,69590.9,79959.9,69613.1,69580.5
2026-06-15 18:40:00,69567.3,79932.8,69562.2,69569.7
2026-06-15 18:45:00,69719.4,80107.6,69702.4,69727.4
2026-06-15 18:50:00,69852.5,80260.5,69838.3,69859.2
2026-06-15 18:55:00,69976.8,80403.3,69947.0,69990.8
2026-06-15 19:00:00,70070.4,80510.9,70052.6,70078.7
2026-06-15 19:05:00,70197.4,80656.8,70157.2,70216.3
2026-06-15 19:10:00,70335.3,80815.3,70314.6,70345.0
2026-06-15 19:15:00,70452.0,80949.3,70400.5,70476.1
2026-06-15 19:20:00,70490.2,80993.2,70534.8,70469.3
2026-06-15 19:25:00,70548.0,81059.7,70518.4,70561.8
2026-06-15 19:30:00,70594.3,81112.9,70619.9,70582.3
2026-06-15 19:35:00,70475.1,80975.9,70560.2,70435.2
2026-06-15 19:40:00,70312.4,80788.9,70278.6,70328.2
2026-06-15 19:45:00,70301.0,80775.8,70374.8,70266.5
2026-06-15 19:50:00,70324.8,80803.2,70398.8,70290.1
2026-06-15 19:55:00,70318.4,80795.8,70376.9,70290.9
2026-06-15 20:00:00,70322.2,80800.2,70379.4,70295.3
2026-06-15 20:05:00,70302.3,80777.3,70368.1,70271.5
2026-06-15 20:10:00,70319.4,80797.0,70385.6,70288.4
2026-06-15 20:15:00,70315.2,80792.2,70369.8,70289.6
2026-06-15 20:20:00,70287.2,80760.0,70374.9,70246.1
2026-06-15 20:25:00,70251.6,80719.1,70338.1,70211.0
2026-06-15 20:30:00,70189.9,80648.2,70182.3,70193.4
2026-06-15 20:35:00,70105.3,80551.0,70130.8,70093.3
2026-06-15 20:40:00,69984.6,80412.3,69913.7,70017.8
2026-06-15 20:45:00,69992.0,80420.8,69946.0,70013.5
2026-06-15 20:50:00,70011.3,80443.0,69975.4,70028.2
2026-06-15 20:55:00,70048.8,80486.1,70088.3,70030.3
2026-06-15 21:00:00,70062.2,80501.5,70100.8,70044.2
2026-06-15 21:05:00,70166.2,80621.0,70122.5,70186.7
2026-06-15 21:10:00,70194.6,80653.6,70243.9,70171.6
2026-06-15 21:15:00,70261.5,80730.5,70226.6,70277.8
2026-06-15 21:20:00,70263.9,80733.2,70231.8,70279.0
2026-06-15 21:25:00,70261.1,80730.0,70319.6,70233.7
2026-06-15 21:30:00,70195.3,80654.4,70158.8,70212.4
2026-06-15 21:35:00,70165.7,80620.4,70100.5,70196.3
2026-06-15 21:40:00,70056.1,80494.5,70057.3,70055.6
2026-06-15 21:45:00,69973.8,80399.9,70003.8,69959.8
2026-06-15 21:50:00,69932.5,80352.4,69863.9,69964.6
2026-06-15 21:55:00,69931.9,80351.8,69863.8,69963.8
2026-06-15 22:00:00,69925.3,80344.2,69856.6,69957.5
2026-06-15 22:05:00,69828.0,80232.4,69849.6,69817.9
2026-06-15 22:10:00,69801.5,80201.9,69757.0,69822.3
2026-06-15 22:15:00,69722.7,80111.4,69750.1,69709.9
2026-06-15 22:20:00,69678.9,80061.1,69610.3,69711.1
2026-06-15 22:25:00,69572.4,79938.7,69582.8,69567.5
2026-06-15 22:30:00,69524.3,79883.4,69471.5,69549.1
2026-06-15 22:35:00,69371.9,79708.3,69414.8,69351.8
2026-06-15 22:40:00,69219.5,79533.2,69149.2,69252.4
2026-06-15 22:45:00,69146.7,79449.6,69097.4,69169.8
2026-06-15 22:50:00,69017.6,79301.2,68964.7,69042.4
2026-06-15 22:55:00,68898.2,79164.0,68852.4,68919.7
2026-06-15 23:00:00,68784.6,79033.5,68718.6,68815.5
2026-06-15 23:05:00,68629.4,78855.2,68581.8,68651.7
2026-06-15 23:10:00,68456.3,78656.3,68476.2,68447.0
2026-06-15 23:15:00,68283.3,78457.5,68273.5,68287.8
2026-06-15 23:20:00,68077.0,78220.5,68110.1,68061.5
2026-06-15 23:25:00,67926.4,78047.4,67876.4,67949.8
2026-06-15 23:30:00,67686.5,77771.8,67759.7,67652.2
2026-06-15 23:35:00,67395.5,77437.4,67387.2,67399.4
2026-06-15 23:40:00,67126.0,77127.8,67218.9,67082.5
2026-06-15 23:45:00,66970.4,76949.0,66955.7,66977.3
2026-06-15 23:50:00,66799.5,76752.6,66828.3,66786.0
2026-06-15 23:55:00,66647.6,76578.1,66627.9,66656.9
2026-06-16 00:00:00,66468.0,76371.7,66509.8,66448.4
2026-06-16 00:05:00,66340.6,76225.3,66302.4,66358.5
2026-06-16 00:10:00,66167.4,76026.3,66217.4,66144.0
2026-06-16 00:15:00,65953.6,75780.7,65951.7,65954.5
2026-06-16 00:20:00,65777.7,75578.6,65796.7,65768.8
2026-06-16 00:25:00,65537.1,75302.1,65601.2,65507.1
2026-06-16 00:30:00,65302.2,75032.2,65392.8,65259.8
2026-06-16 00:35:00,65075.9,74772.2,65056.4,65085.0
2026-06-16 00:40:00,65048.1,74740.3,65050.5,65046.9
2026-06-16 00:45:00,64913.2,74585.3,64957.8,64892.3
2026-06-16 00:50:00,64739.7,74385.9,64707.9,64754.6
2026-06-16 00:55:00,64569.9,74190.8,64539.3,64584.2
2026-06-16 01:00:00,64388.2,73982.0,64407.5,64379.1
2026-06-16 01:05:00,64172.5,73734.2,64197.1,64160.9
2026-06-16 01:10:00,64001.9,73538.2,64049.1,63979.8
2026-06-16 01:15:00,63823.5,73333.2,63861.8,63805.6
2026-06-16 01:20:00,63695.0,73185.6,63718.8,63683.9
2026-06-16 01:25:00,63507.4,72970.0,63546.9,63488.9
2026-06-16 01:30:00,63299.3,72730.9,63295.5,63301.1
2026-06-16 01:35:00,63294.0,72724.8,63253.5,63313.0
2026-06-16 01:40:00,63624.8,73104.9,63638.2,63618.5
2026-06-16 01:45:00,63583.5,73057.4,63666.6,63544.6
2026-06-16 01:50:00,63417.7,72866.9,63387.6,63431.9
2026-06-16 01:55:00,63216.6,72635.9,63192.6,63227.8
2026-06-16 02:00:00,62971.7,72354.5,62927.8,62992.2
2026-06-16 02:05:00,62668.0,72005.5,62621.0,62690.1
2026-06-16 02:10:00,62317.2,71602.5,62367.6,62293.7
2026-06-16 02:15:00,61992.9,71229.8,61985.1,61996.6
2026-06-16 02:20:00,61591.3,70768.4,61589.1,61592.3
2026-06-16 02:25:00,61167.2,70281.1,61213.6,61145.5
2026-06-16 02:30:00,60690.8,69733.7,60749.1,60663.4
2026-06-16 02:35:00,60132.7,69092.5,60128.7,60134.6
2026-06-16 02:40:00,60063.7,69013.2,59992.7,60096.9
2026-06-16 02:45:00,59765.1,68670.1,59754.7,59769.9
2026-06-16 02:50:00,59413.4,68266.0,59443.7,59399.2
2026-06-16 02:55:00,59108.5,67915.7,59068.8,59127.1
2026-06-16 03:00:00,58761.9,67517.4,58843.6,58723.6
2026-06-16 03:05:00,58501.4,67218.1,58488.8,58507.3
2026-06-16 03:10:00,58289.7,66974.9,58238.8,58313.6
2026-06-16 03:15:00,58136.0,66798.3,58064.9,58169.3
2026-06-16 03:20:00,57946.7,66580.8,57955.0,57942.8
2026-06-16 03:25:00,57758.4,66364.4,57769.4,57753.2
2026-06-16 03:30:00,57562.6,66139.4,57550.2,57568.4
2026-06-16 03:35:00,57405.4,65958.8,57344.3,57434.1
2026-06-16 03:40:00,57286.2,65821.8,57312.7,57273.7
2026-06-16 03:45:00,57182.7,65702.9,57207.8,57170.9
2026-06-16 03:50:00,57084.8,65590.4,57042.9,57104.5
2026-06-16 03:55:00,57000.2,65493.2,56970.4,57014.1
2026-06-16 04:00:00,56946.9,65432.0,56959.2,56941.1
2026-06-16 04:05:00,56826.2,65293.3,56862.5,56809.1
2026-06-16 04:10:00,56762.8,65220.5,56801.3,56744.7
2026-06-16 04:15:00,56683.1,65128.9,56707.4,56671.7
2026-06-16 04:20:00,56598.9,65032.1,56594.6,56600.8
2026-06-16 04:25:00,56523.8,64945.8,56507.3,56531.5
2026-06-16 04:30:00,56438.2,64847.5,56424.4,56444.6
2026-06-16 04:35:00,56360.7,64758.4,56314.8,56382.1
2026-06-16 04:40:00,56339.5,64734.1,56389.9,56316.0
2026-06-16 04:45:00,56267.7,64651.6,56256.4,56273.0
2026-06-16 04:50:00,56222.1,64599.2,56242.8,56212.5
2026-06-16 04:55:00,56186.8,64558.6,56143.4,56207.1
2026-06-16 05:00:00,56186.1,64557.8,56144.5,56205.6
2026-06-16 05:05:00,56186.2,64557.9,56132.0,56211.6
2026-06-16 05:10:00,56163.7,64532.1,56156.4,56167.1
2026-06-16 05:15:00,56082.3,64438.6,56122.3,56063.6
2026-06-16 05:20:00,56060.1,64413.1,56029.6,56074.3
2026-06-16 05:25:00,56083.0,64439.4,56039.3,56103.4
2026-06-16 05:30:00,56081.5,64437.6,56038.1,56101.8
2026-06-16 05:35:00,56021.1,64368.2,56012.3,56025.2
2026-06-16 05:40:00,56018.2,64364.9,56067.8,55995.0
2026-06-16 05:45:00,56003.9,64348.5,56047.2,55983.6
2026-06-16 05:50:00,55929.4,64262.9,55941.9,55923.5
2026-06-16 05:55:00,55879.9,64206.0,55940.7,55851.4
2026-06-16 06:00:00,55821.8,64139.2,55838.0,55814.2
2026-06-16 06:05:00,55739.7,64044.9,55813.0,55705.4
2026-06-16 06:10:00,55725.3,64028.4,55717.7,55728.9
2026-06-16 06:15:00,55709.8,64010.6,55700.6,55714.2
2026-06-16 06:20:00,55646.2,63937.5,55701.6,55620.2
2026-06-16 06:25:00,55609.9,63895.8,55587.8,55620.2
2026-06-16 06:30:00,55596.6,63880.5,55588.3,55600.5
2026-06-16 06:35:00,55631.8,63920.9,55633.0,55631.2
2026-06-16 06:40:00,55747.7,64054.1,55711.6,55764.6
2026-06-16 06:45:00,55824.2,64142.0,55785.1,55842.5
2026-06-16 06:50:00,55825.8,64143.8,55893.2,55794.3
2026-06-16 06:55:00,55821.9,64139.4,55888.5,55790.6
2026-06-16 07:00:00,55818.0,64134.9,55895.9,55781.6
2026-06-16 07:05:00,55810.8,64126.6,55890.0,55773.6
2026-06-16 07:10:00,55841.1,64161.4,55928.7,55800.0
2026-06-16 07:15:00,55909.7,64240.2,55888.5,55919.6
2026-06-16 07:20:00,55942.2,64277.6,55993.8,55918.1
2026-06-16 07:25:00,55989.5,64331.9,55986.4,55991.0
2026-06-16 07:30:00,56041.5,64391.7,55987.6,56066.7
2026-06-16 07:35:00,56116.9,64478.3,56193.6,56080.9
2026-06-16 07:40:00,56274.0,64658.8,56273.7,56274.1
2026-06-16 07:45:00,56400.6,64804.3,56425.6,56388.9
2026-06-16 07:50:00,56500.5,64919.1,56494.1,56503.5
2026-06-16 07:55:00,56607.3,65041.8,56612.4,56605.0
2026-06-16 08:00:00,56737.8,65191.7,56730.9,56741.1
2026-06-16 08:05:00,56829.9,65297.6,56885.5,56803.8
2026-06-16 08:10:00,57016.1,65511.5,57038.9,57005.5
2026-06-16 08:15:00,57138.7,65652.4,57153.1,57131.9
2026-06-16 08:20:00,57227.2,65754.1,57266.9,57208.6
2026-06-16 08:25:00,57327.0,65868.7,57366.1,57308.6
2026-06-16 08:30:00,57451.6,66011.9,57459.6,57447.8
2026-06-16 08:35:00,57742.8,66346.5,57687.5,57768.8
2026-06-16 08:40:00,58178.7,66847.3,58113.1,58209.4
2026-06-16 08:45:00,58369.6,67066.7,58381.3,58364.2
2026-06-16 08:50:00,58522.2,67242.0,58556.3,58506.2
2026-06-16 08:55:00,58714.4,67462.8,58720.2,58711.7
2026-06-16 09:00:00,58886.0,67660.0,58933.8,58863.6
2026-06-16 09:05:00,59074.5,67876.6,59075.7,59074.0
2026-06-16 09:10:00,59308.9,68145.9,59333.1,59297.6
2026-06-16 09:15:00,59510.0,68377.0,59519.2,59505.7
2026-06-16 09:20:00,59739.5,68640.7,59699.6,59758.1
2026-06-16 09:25:00,59939.0,68869.9,59957.3,59930.5
2026-06-16 09:30:00,60144.4,69105.9,60145.9,60143.7
2026-06-16 09:35:00,60461.2,69469.9,60484.2,60450.4
2026-06-16 09:40:00,61023.5,70116.0,60938.4,61063.4
2026-06-16 09:45:00,61361.7,70504.6,61276.4,61401.7
2026-06-16 09:50:00,61692.7,70884.9,61682.7,61697.4
2026-06-16 09:55:00,61870.8,71089.5,61878.8,61867.1
2026-06-16 10:00:00,62066.3,71314.2,62067.9,62065.5
2026-06-16 10:05:00,62192.1,71458.7,62213.4,62182.1
2026-06-16 10:10:00,62429.0,71730.9,62428.8,62429.0
2026-06-16 10:15:00,62615.7,71945.4,62610.0,62618.3
2026-06-16 10:20:00,62790.6,72146.4,62791.3,62790.3
2026-06-16 10:25:00,62976.9,72360.5,62998.9,62966.6
2026-06-16 10:30:00,63151.8,72561.4,63171.3,63142.6
2026-06-16 10:35:00,63592.7,73068.0,63553.9,63610.9
2026-06-16 10:40:00,64178.0,73740.5,64121.5,64204.5
2026-06-16 10:45:00,64592.4,74216.7,64582.0,64597.2
2026-06-16 10:50:00,64972.2,74653.1,64942.8,64985.9
2026-06-16 10:55:00,65261.3,74985.2,65256.1,65263.8
2026-06-16 11:00:00,65621.3,75398.9,65609.2,65626.9
2026-06-16 11:05:00,65841.6,75652.0,65855.2,65835.2
2026-06-16 11:10:00,66082.3,75928.6,66156.0,66047.8
2026-06-16 11:15:00,66309.3,76189.4,66277.5,66324.2
2026-06-16 11:20:00,66493.7,76401.3,66467.5,66505.9
2026-06-16 11:25:00,66612.5,76537.8,66655.6,66592.3
2026-06-16 11:30:00,66753.8,76700.1,66757.4,66752.0
2026-06-16 11:35:00,66694.7,76632.2,66786.2,66651.9
2026-06-16 11:40:00,66774.3,76723.7,66752.2,66784.6
2026-06-16 11:45:00,66938.9,76912.8,66912.3,66951.4
2026-06-16 11:50:00,67033.0,77020.9,67048.8,67025.6
2026-06-16 11:55:00,67123.2,77124.6,67069.2,67148.6
2026-06-16 12:00:00,67196.9,77209.2,67175.7,67206.9
2026-06-16 12:05:00,67137.8,77141.3,67203.4,67107.1
2026-06-16 12:10:00,67133.5,77136.4,67146.5,67127.4
2026-06-16 12:15:00,67079.6,77074.5,67095.5,67072.1
2026-06-16 12:20:00,67028.8,77016.1,67108.4,66991.5
2026-06-16 12:25:00,66956.0,76932.4,66976.9,66946.2
2026-06-16 12:30:00,66870.7,76834.4,66930.1,66842.9
2026-06-16 12:35:00,66697.7,76635.7,66789.5,66654.7
2026-06-16 12:40:00,66734.0,76677.4,66750.0,66726.5
2026-06-16 12:45:00,66795.2,76747.7,66785.6,66799.7
2026-06-16 12:50:00,66988.3,76969.6,66984.1,66990.2
2026-06-16 12:55:00,67027.6,77014.7,67082.3,67001.9
2026-06-16 13:00:00,67047.2,77037.2,67057.7,67042.2
2026-06-16 13:05:00,66970.1,76948.6,66971.6,66969.4
2026-06-16 13:10:00,66942.8,76917.3,67005.0,66913.7
2026-06-16 13:15:00,66895.1,76862.5,66878.0,66903.2
2026-06-16 13:20:00,66898.5,76866.4,66888.5,66903.2
2026-06-16 13:25:00,66868.8,76832.3,66866.1,66870.1
2026-06-16 13:30:00,66787.5,76738.8,66842.4,66761.8
2026-06-16 13:35:00,66638.6,76567.8,66632.4,66641.5
2026-06-16 13:40:00,66555.1,76471.8,66591.3,66538.1
2026-06-16 13:45:00,66479.3,76384.7,66512.0,66464.0
2026-06-16 13:50:00,66450.0,76351.0,66412.7,66467.5
2026-06-16 13:55:00,66368.8,76257.8,66391.9,66358.0
2026-06-16 14:00:00,66354.6,76241.4,66290.8,66384.5
2026-06-16 14:05:00,66326.5,76209.1,66258.1,66358.6
2026-06-16 14:10:00,66297.3,76175.6,66292.8,66299.4
2026-06-16 14:15:00,66236.2,76105.4,66145.9,66278.5
2026-06-16 14:20:00,66164.5,76023.0,66136.7,66177.5
2026-06-16 14:25:00,65983.2,75814.7,65893.2,66025.4
2026-06-16 14:30:00,65684.5,75471.5,65612.7,65718.1
2026-06-16 14:35:00,65264.1,74988.5,65210.9,65289.0
2026-06-16 14:40:00,65252.4,74975.0,65270.9,65243.8
2026-06-16 14:45:00,65162.7,74871.9,65282.2,65106.8
2026-06-16 14:50:00,65103.2,74803.6,65128.2,65091.5
2026-06-16 14:55:00,65038.7,74729.5,65073.5,65022.4
2026-06-16 15:00:00,64930.9,74605.6,64954.3,64919.9
2026-06-16 15:05:00,64736.4,74382.1,64740.2,64734.6
2026-06-16 15:10:00,64677.1,74314.0,64695.6,64668.4
2026-06-16 15:15:00,64673.8,74310.2,64764.5,64631.3
2026-06-16 15:20:00,64656.4,74290.2,64766.7,64604.8
2026-06-16 15:25:00,64797.1,74451.9,64851.1,64771.8
2026-06-16 15:30:00,65018.4,74706.1,65033.8,65011.2
2026-06-16 15:35:00,65415.7,75162.6,65367.9,65438.1
2026-06-16 15:40:00,65787.3,75589.6,65710.6,65823.3
2026-06-16 15:45:00,66126.2,75979.0,66067.9,66153.5
2026-06-16 15:50:00,66343.6,76228.8,66373.2,66329.8
2026-06-16 15:55:00,66539.3,76453.7,66571.7,66524.1
2026-06-16 16:00:00,66813.6,76768.8,66822.6,66809.4
2026-06-16 16:05:00,67056.5,77047.9,66994.4,67085.6
2026-06-16 16:10:00,67295.7,77322.8,67244.0,67319.9
2026-06-16 16:15:00,67479.0,77533.4,67531.0,67454.6
2026-06-16 16:20:00,67679.9,77764.2,67691.8,67674.3
2026-06-16 16:25:00,67786.7,77886.9,67769.5,67794.8
2026-06-16 16:30:00,67925.2,78046.1,67937.0,67919.6
2026-06-16 16:35:00,68009.3,78142.7,68102.1,67965.9
2026-06-16 16:40:00,68049.5,78188.9,68053.4,68047.7
2026-06-16 16:45:00,68134.4,78286.4,68200.0,68103.7
2026-06-16 16:50:00,68261.2,78432.1,68301.2,68242.5
2026-06-16 16:55:00,68354.2,78539.0,68405.9,68330.0
2026-06-16 17:00:00,68402.0,78593.9,68405.0,68400.6
2026-06-16 17:05:00,68470.7,78672.8,68494.6,68459.5
2026-06-16 17:10:00,68547.5,78761.1,68597.4,68524.1
2026-06-16 17:15:00,68628.9,78854.6,68602.4,68641.3
2026-06-16 17:20:00,68677.0,78909.9,68696.8,68667.8
2026-06-16 17:25:00,68735.5,78977.1,68694.8,68754.6
2026-06-16 17:30:00,68754.7,78999.2,68789.6,68738.3
2026-06-16 17:35:00,68769.9,79016.6,68787.7,68761.6
2026-06-16 17:40:00,68782.9,79031.6,68788.7,68780.2
2026-06-16 17:45:00,68960.0,79235.0,68916.9,68980.2
2026-06-16 17:50:00,69145.7,79448.4,69169.5,69134.6
2026-06-16 17:55:00,69325.6,79655.1,69256.9,69357.7
2026-06-16 18:00:00,69449.4,79797.4,69488.2,69431.2
2026-06-16 18:05:00,69557.8,79921.9,69541.2,69565.6
2026-06-16 18:10:00,69671.4,80052.4,69719.9,69648.6
2026-06-16 18:15:00,69793.3,80192.5,69828.7,69776.7
2026-06-16 18:20:00,69945.2,80367.0,69974.0,69931.7
2026-06-16 18:25:00,70095.7,80540.0,70070.8,70107.4
2026-06-16 18:30:00,70217.8,80680.3,70156.0,70246.8
2026-06-16 18:35:00,70294.5,80768.4,70229.0,70325.1
2026-06-16 18:40:00,70230.5,80694.8,70303.4,70196.4
2026-06-16 18:45:00,70347.0,80828.7,70300.7,70368.8
2026-06-16 18:50:00,70475.9,80976.8,70447.4,70489.2
2026-06-16 18:55:00,70593.7,81112.2,70543.0,70617.4
2026-06-16 19:00:00,70692.3,81225.5,70755.8,70662.6
2026-06-16 19:05:00,70827.4,81380.7,70855.4,70814.3
2026-06-16 19:10:00,70932.0,81500.9,70837.2,70976.4
2026-06-16 19:15:00,71069.3,81658.6,70996.0,71103.7
2026-06-16 19:20:00,71118.4,81715.0,71147.3,71104.9
2026-06-16 19:25:00,71154.4,81756.4,71103.6,71178.2
2026-06-16 19:30:00,71170.3,81774.7,71202.7,71155.2
2026-06-16 19:35:00,71045.5,81631.3,71117.2,71011.9
2026-06-16 19:40:00,70824.8,81377.7,70830.2,70822.2
2026-06-16 19:45:00,70869.4,81428.9,70803.5,70900.3
2026-06-16 19:50:00,70928.6,81497.0,70973.3,70907.6
2026-06-16 19:55:00,71011.2,81591.9,70961.2,71034.6
2026-06-16 20:00:00,71060.6,81648.6,71108.4,71038.2
2026-06-16 20:05:00,71035.9,81620.2,71084.4,71013.2
2026-06-16 20:10:00,71053.8,81640.8,71106.4,71029.1
2026-06-16 20:15:00,71049.8,81636.2,71091.4,71030.3
2026-06-16 20:20:00,71052.2,81639.0,71096.5,71031.5
2026-06-16 20:25:00,71015.0,81596.2,71059.9,70993.9
2026-06-16 20:30:00,70988.2,81565.4,71014.8,70975.8
2026-06-16 20:35:00,70975.6,81551.0,71003.3,70962.6
2026-06-16 20:40:00,70834.6,81389.0,70767.4,70866.1
2026-06-16 20:45:00,70914.2,81480.4,70955.9,70894.7
2026-06-16 20:50:00,70932.5,81501.4,70984.0,70908.4
2026-06-16 20:55:00,71015.0,81596.2,70963.0,71039.4
2026-06-16 21:00:00,71074.0,81664.0,71120.1,71052.4
2026-06-16 21:05:00,71140.4,81740.3,71132.1,71144.2
2026-06-16 21:10:00,71165.8,81769.5,71246.3,71128.1
2026-06-16 21:15:00,71153.2,81755.0,71229.1,71117.7
2026-06-16 21:20:00,71155.7,81757.9,71234.2,71118.9
2026-06-16 21:25:00,71116.2,81712.5,71200.4,71076.8
2026-06-16 21:30:00,71038.8,81623.6,71012.3,71051.2
2026-06-16 21:35:00,70940.6,81510.7,70968.0,70927.7
2026-06-16 21:40:00,70854.3,81411.6,70763.0,70897.0
2026-06-16 21:45:00,70834.1,81388.4,70885.1,70810.2
2026-06-16 21:50:00,70836.6,81391.3,70879.5,70816.5
2026-06-16 21:55:00,70834.8,81389.2,70875.4,70815.8
2026-06-16 22:00:00,70827.8,81381.1,70867.1,70809.5
2026-06-16 22:05:00,70757.6,81300.5,70702.2,70783.5
2026-06-16 22:10:00,70648.2,81174.8,70717.1,70615.9
2026-06-16 22:15:00,70599.0,81118.3,70558.6,70617.9
2026-06-16 22:20:00,70520.3,81027.8,70564.3,70499.7
2026-06-16 22:25:00,70432.1,80926.5,70384.0,70454.6
2026-06-16 22:30:00,70324.1,80802.4,70351.6,70311.2
2026-06-16 22:35:00,70022.6,80456.0,70142.2,69966.5
2026-06-16 22:40:00,69770.0,80165.7,69864.2,69725.9
2026-06-16 22:45:00,69569.9,79935.8,69681.0,69517.9
2026-06-16 22:50:00,69413.2,79755.8,69417.7,69411.1
2026-06-16 22:55:00,69248.7,79566.8,69310.1,69220.0
2026-06-16 23:00:00,69073.4,79365.3,69030.5,69093.5
2026-06-16 23:05:00,68843.0,79100.6,68868.9,68830.8
2026-06-16 23:10:00,68667.4,78898.8,68696.2,68654.0
2026-06-16 23:15:00,68474.5,78677.2,68446.7,68487.6
2026-06-16 23:20:00,68300.3,78477.0,68362.5,68271.2
2026-06-16 23:25:00,68064.2,78205.8,68057.1,68067.5
2026-06-16 23:30:00,67841.1,77949.4,67851.8,67836.1
2026-06-16 23:35:00,67525.2,77586.5,67568.8,67504.8
2026-06-16 23:40:00,67310.8,77340.1,67309.4,67311.5
2026-06-16 23:45:00,67155.6,77161.8,67148.5,67158.9
2026-06-16 23:50:00,66960.0,76937.0,66940.4,66969.2
2026-06-16 23:55:00,66778.0,76727.9,66812.4,66761.9
2026-06-17 00:00:00,66644.7,76574.8,66625.9,66653.5
2026-06-17 00:05:00,66462.1,76365.0,66511.6,66438.9
2026-06-17 00:10:00,66341.1,76225.9,66305.7,66357.8
2026-06-17 00:15:00,66164.1,76022.6,66216.7,66139.5
2026-06-17 00:20:00,65968.4,75797.7,65982.3,65961.8
2026-06-17 00:25:00,65785.7,75587.8,65799.3,65779.3
2026-06-17 00:30:00,65537.1,75302.1,65609.9,65503.0
2026-06-17 00:35:00,65293.6,75022.3,65376.5,65254.7
2026-06-17 00:40:00,65288.2,75016.1,65268.6,65297.4
2026-06-17 00:45:00,65190.5,74903.9,65176.8,65196.9
2026-06-17 00:50:00,65032.7,74722.6,64999.0,65048.5
2026-06-17 00:55:00,64847.1,74509.3,64810.9,64864.1
2026-06-17 01:00:00,64666.0,74301.2,64687.9,64655.7
2026-06-17 01:05:00,64463.9,74069.0,64485.2,64453.9
2026-06-17 01:10:00,64331.7,73917.1,64354.7,64320.9
2026-06-17 01:15:00,64181.0,73744.0,64160.3,64190.8
2026-06-17 01:20:00,64015.0,73553.2,64065.9,63991.1
2026-06-17 01:25:00,63866.6,73382.7,63875.4,63862.4
2026-06-17 01:30:00,63699.6,73190.8,63726.6,63687.0
2026-06-17 01:35:00,63682.3,73171.0,63752.0,63649.6
2026-06-17 01:40:00,63997.4,73533.0,64004.4,63994.2
2026-06-17 01:45:00,63911.0,73433.7,63956.2,63889.7
2026-06-17 01:50:00,63802.2,73308.7,63747.0,63828.0
2026-06-17 01:55:00,63592.0,73067.2,63551.2,63611.1
2026-06-17 02:00:00,63337.5,72774.8,63325.0,63343.3
2026-06-17 02:05:00,63053.7,72448.7,63037.7,63061.2
2026-06-17 02:10:00,62759.1,72110.2,62737.2,62769.4
2026-06-17 02:15:00,62447.6,71752.3,62483.0,62431.1
2026-06-17 02:20:00,62123.7,71380.1,62101.7,62134.1
2026-06-17 02:25:00,61792.5,70999.6,61801.4,61788.3
2026-06-17 02:30:00,61325.5,70463.0,61335.5,61320.8
2026-06-17 02:35:00,60660.5,69698.9,60675.5,60653.5
2026-06-17 02:40:00,60524.1,69542.2,60537.5,60517.8
2026-06-17 02:45:00,60228.9,69203.0,60222.0,60232.1
2026-06-17 02:50:00,59984.5,68922.2,59957.9,59996.9
2026-06-17 02:55:00,59685.7,68578.9,59654.1,59700.5
2026-06-17 03:00:00,59359.0,68203.5,59382.4,59348.1
2026-06-17 03:05:00,59066.6,67867.5,59127.3,59038.1
2026-06-17 03:10:00,58826.4,67591.5,58906.0,58789.2
2026-06-17 03:15:00,58566.5,67292.9,58623.9,58539.6
2026-06-17 03:20:00,58383.8,67083.0,58368.8,58390.9
2026-06-17 03:25:00,58226.6,66902.4,58169.9,58253.2
2026-06-17 03:30:00,58022.5,66667.9,58069.9,58000.3
2026-06-17 03:35:00,57862.9,66484.5,57819.8,57883.0
2026-06-17 03:40:00,57783.0,66392.7,57767.2,57790.4
2026-06-17 03:45:00,57653.9,66244.3,57645.5,57657.8
2026-06-17 03:50:00,57572.1,66150.3,57474.9,57617.7
2026-06-17 03:55:00,57507.4,66076.0,57516.8,57503.0
2026-06-17 04:00:00,57402.3,65955.2,57442.6,57383.5
2026-06-17 04:05:00,57307.1,65845.9,57344.0,57289.8
2026-06-17 04:10:00,57229.9,65757.2,57279.9,57206.4
2026-06-17 04:15:00,57152.9,65668.7,57172.9,57143.6
2026-06-17 04:20:00,57143.6,65658.0,57076.0,57175.3
2026-06-17 04:25:00,57068.4,65571.6,57078.7,57063.6
2026-06-17 04:30:00,57008.4,65502.7,56982.6,57020.5
2026-06-17 04:35:00,56954.0,65440.1,56957.8,56952.3
2026-06-17 04:40:00,56978.7,65468.5,56935.1,56999.1
2026-06-17 04:45:00,56936.6,65420.2,56903.4,56952.2
2026-06-17 04:50:00,56886.6,65362.7,56897.0,56881.8
2026-06-17 04:55:00,56856.1,65327.7,56824.3,56871.0
2026-06-17 05:00:00,56785.9,65247.0,56811.0,56774.2
2026-06-17 05:05:00,56748.9,65204.5,56708.8,56767.7
2026-06-17 05:10:00,56701.1,65149.6,56733.4,56686.1
2026-06-17 05:15:00,56628.3,65065.9,56619.3,56632.4
2026-06-17 05:20:00,56560.4,64987.9,56547.3,56566.5
2026-06-17 05:25:00,56548.7,64974.5,56541.0,56552.3
2026-06-17 05:30:00,56546.8,64972.3,56539.8,56550.0
2026-06-17 05:35:00,56465.6,64879.0,56546.6,56427.6
2026-06-17 05:40:00,56440.6,64850.2,56514.7,56405.9
2026-06-17 05:45:00,56389.2,64791.2,56390.9,56388.4
2026-06-17 05:50:00,56383.5,64784.6,56371.0,56389.3
2026-06-17 05:55:00,56383.7,64784.9,56369.1,56390.5
2026-06-17 06:00:00,56386.5,64788.1,56371.2,56393.6
2026-06-17 06:05:00,56384.5,64785.8,56365.5,56393.5
2026-06-17 06:10:00,56409.2,64814.2,56396.4,56415.2
2026-06-17 06:15:00,56404.3,64808.5,56389.7,56411.1
2026-06-17 06:20:00,56418.1,64824.4,56396.2,56428.3
2026-06-17 06:25:00,56416.6,64822.7,56390.1,56429.0
2026-06-17 06:30:00,56414.4,64820.1,56390.6,56425.6
2026-06-17 06:35:00,56472.0,64886.3,56432.9,56490.3
2026-06-17 06:40:00,56565.0,64993.2,56612.2,56542.9
2026-06-17 06:45:00,56666.0,65109.2,56681.7,56658.6
2026-06-17 06:50:00,56745.6,65200.7,56732.0,56752.0
2026-06-17 06:55:00,56810.7,65275.5,56824.1,56804.4
2026-06-17 07:00:00,56860.9,65333.2,56841.7,56870.0
2026-06-17 07:05:00,56933.3,65416.4,56911.0,56943.8
2026-06-17 07:10:00,56999.0,65491.9,57037.0,56981.2
2026-06-17 07:15:00,57041.4,65540.6,57089.0,57019.2
2026-06-17 07:20:00,57039.8,65538.7,57087.2,57017.6
2026-06-17 07:25:00,57033.6,65531.6,57079.1,57012.3
2026-06-17 07:30:00,57066.0,65568.8,57077.7,57060.5
2026-06-17 07:35:00,57180.2,65700.0,57162.7,57188.3
2026-06-17 07:40:00,57352.6,65898.1,57316.1,57369.6
2026-06-17 07:45:00,57490.6,66056.7,57449.9,57509.7
2026-06-17 07:50:00,57604.2,66187.2,57642.0,57586.5
2026-06-17 07:55:00,57695.7,66292.4,57737.1,57676.3
2026-06-17 08:00:00,57775.4,66383.9,57828.3,57750.6
2026-06-17 08:05:00,57872.3,66495.3,57906.8,57856.1
2026-06-17 08:10:00,58029.5,66675.9,58080.6,58005.6
2026-06-17 08:15:00,58134.4,66796.4,58116.1,58143.0
2026-06-17 08:20:00,58268.7,66950.7,58290.5,58258.6
2026-06-17 08:25:00,58373.7,67071.4,58400.0,58361.3
2026-06-17 08:30:00,58498.5,67214.8,58490.1,58502.5
2026-06-17 08:35:00,58737.7,67489.6,58741.8,58735.7
2026-06-17 08:40:00,59160.5,67975.4,59153.5,59163.8
2026-06-17 08:45:00,59401.3,68252.1,59436.3,59384.9
2026-06-17 08:50:00,59638.6,68524.8,59622.4,59646.3
2026-06-17 08:55:00,59807.2,68718.5,59834.8,59794.3
2026-06-17 09:00:00,59978.9,68915.8,59957.0,59989.1
2026-06-17 09:05:00,60180.2,69147.0,60134.2,60201.7
2026-06-17 09:10:00,60382.7,69379.7,60370.1,60388.5
2026-06-17 09:15:00,60574.1,69599.6,60599.3,60562.2
2026-06-17 09:20:00,60742.8,69793.5,60790.8,60720.3
2026-06-17 09:25:00,60912.1,69988.0,60891.2,60921.9
2026-06-17 09:30:00,61098.2,70201.8,61094.4,61100.0
2026-06-17 09:35:00,61437.6,70591.8,61420.1,61445.8
2026-06-17 09:40:00,62031.5,71274.2,61953.3,62068.1
2026-06-17 09:45:00,62385.0,71680.4,62375.1,62389.7
2026-06-17 09:50:00,62780.4,72134.7,62741.5,62798.6
2026-06-17 09:55:00,63037.2,72429.7,63066.9,63023.3
2026-06-17 10:00:00,63202.3,72619.4,63230.3,63189.3
2026-06-17 10:05:00,63359.4,72800.0,63359.5,63359.3
2026-06-17 10:10:00,63666.8,73153.2,63652.3,63673.7
2026-06-17 10:15:00,63862.5,73378.0,63858.6,63864.4
2026-06-17 10:20:00,64057.5,73602.1,64049.8,64061.1
2026-06-17 10:25:00,64240.7,73812.6,64244.2,64239.0
2026-06-17 10:30:00,64421.0,74019.7,64393.8,64433.8
2026-06-17 10:35:00,64829.9,74489.6,64762.8,64861.3
2026-06-17 10:40:00,65394.0,75137.7,65309.3,65433.7
2026-06-17 10:45:00,65764.3,75563.2,65691.8,65798.3
2026-06-17 10:50:00,66131.5,75985.1,66109.8,66141.7
2026-06-17 10:55:00,66462.5,76365.4,66450.5,66468.2
2026-06-17 11:00:00,66835.0,76793.4,66824.7,66839.8
2026-06-17 11:05:00,67093.8,77090.8,67071.7,67104.2
2026-06-17 11:10:00,67377.5,77416.7,67447.9,67344.5
2026-06-17 11:15:00,67630.3,77707.2,67663.5,67614.7
2026-06-17 11:20:00,67823.5,77929.2,67841.3,67815.2
2026-06-17 11:25:00,67987.2,78117.3,68059.6,67953.3
2026-06-17 11:30:00,68198.9,78360.5,68163.7,68215.3
2026-06-17 11:35:00,68186.8,78346.6,68216.6,68172.9
2026-06-17 11:40:00,68258.4,78428.9,68307.4,68235.4
2026-06-17 11:45:00,68354.9,78539.8,68426.8,68321.3
2026-06-17 11:50:00,68463.7,78664.8,68484.8,68453.8
2026-06-17 11:55:00,68564.2,78780.3,68516.9,68586.3
2026-06-17 12:00:00,68607.7,78830.2,68578.1,68621.5
2026-06-17 12:05:00,68616.6,78840.5,68621.8,68614.2
2026-06-17 12:10:00,68652.9,78882.2,68653.3,68652.8
2026-06-17 12:15:00,68685.6,78919.8,68624.0,68714.5
2026-06-17 12:20:00,68684.9,78919.0,68627.8,68711.6
2026-06-17 12:25:00,68652.2,78881.4,68607.2,68673.3
2026-06-17 12:30:00,68602.1,78823.8,68583.9,68610.7
2026-06-17 12:35:00,68529.5,78740.4,68545.3,68522.0
2026-06-17 12:40:00,68630.4,78856.3,68576.3,68655.7
2026-06-17 12:45:00,68717.8,78956.8,68719.6,68717.0
2026-06-17 12:50:00,68966.4,79242.4,68955.3,68971.7
2026-06-17 12:55:00,69056.3,79345.7,69061.7,69053.7
2026-06-17 13:00:00,69106.5,79403.4,69157.8,69082.5
2026-06-17 13:05:00,69101.3,79397.4,69082.3,69110.2
2026-06-17 13:10:00,69135.5,79436.7,69120.5,69142.5
2026-06-17 13:15:00,69122.7,79422.0,69099.2,69133.7
2026-06-17 13:20:00,69126.4,79426.2,69109.7,69134.3
2026-06-17 13:25:00,69090.6,79385.1,69084.1,69093.6
2026-06-17 13:30:00,68994.5,79274.7,69052.0,68967.6
2026-06-17 13:35:00,68861.7,79122.1,68842.8,68870.5
2026-06-17 13:40:00,68752.2,78996.3,68839.0,68711.5
2026-06-17 13:45:00,68755.9,79000.5,68745.2,68760.8
2026-06-17 13:50:00,68747.7,78991.1,68728.0,68756.9
2026-06-17 13:55:00,68710.9,78948.8,68705.8,68713.3
2026-06-17 14:00:00,68651.3,78880.3,68707.9,68624.8
2026-06-17 14:05:00,68554.1,78768.7,68493.3,68582.6
2026-06-17 14:10:00,68466.3,78667.8,68421.6,68487.3
2026-06-17 14:15:00,68371.9,78559.3,68382.6,68366.9
2026-06-17 14:20:00,68273.7,78446.5,68275.5,68272.9
2026-06-17 14:25:00,67996.8,78128.3,68023.8,67984.1
2026-06-17 14:30:00,67660.9,77742.4,67588.7,67694.7
2026-06-17 14:35:00,67234.0,77251.9,67174.6,67261.8
2026-06-17 14:40:00,67255.3,77276.3,67237.2,67263.9
2026-06-17 14:45:00,67273.4,77297.1,67256.9,67281.2
2026-06-17 14:50:00,67285.6,77311.2,67319.5,67269.7
2026-06-17 14:55:00,67254.0,77274.8,67317.2,67224.4
2026-06-17 15:00:00,67229.5,77246.7,67233.5,67227.6
2026-06-17 15:05:00,67122.1,77123.3,67110.8,67127.4
2026-06-17 15:10:00,67147.5,77152.5,67126.8,67157.2
2026-06-17 15:15:00,67173.2,77182.0,67183.6,67168.3
2026-06-17 15:20:00,67234.8,77252.8,67296.6,67205.8
2026-06-17 15:25:00,67418.0,77463.3,67401.4,67425.7
2026-06-17 15:30:00,67676.1,77759.8,67650.7,67687.9
2026-06-17 15:35:00,68094.6,78240.7,68064.8,68108.6
2026-06-17 15:40:00,68500.6,78707.2,68455.9,68521.6
2026-06-17 15:45:00,68826.6,79081.8,68848.8,68816.2
2026-06-17 15:50:00,69035.8,79322.1,69094.6,69008.2
2026-06-17 15:55:00,69219.8,79533.6,69291.3,69186.3
2026-06-17 16:00:00,69443.3,79790.4,69421.6,69453.5
2026-06-17 16:05:00,69602.6,79973.4,69641.8,69584.2
2026-06-17 16:10:00,69867.8,80278.1,69835.6,69882.8
2026-06-17 16:15:00,70007.6,80438.7,69972.5,70024.0
2026-06-17 16:20:00,70153.2,80606.0,70181.0,70140.1
2026-06-17 16:25:00,70215.4,80677.5,70272.3,70188.7
2026-06-17 16:30:00,70315.6,80792.6,70265.7,70338.9
2026-06-17 16:35:00,70312.8,80789.4,70369.7,70286.2
2026-06-17 16:40:00,70284.4,80756.8,70346.0,70255.6
2026-06-17 16:45:00,70385.8,80873.3,70404.7,70376.9
2026-06-17 16:50:00,70437.4,80932.6,70403.9,70453.1
2026-06-17 16:55:00,70441.2,80936.9,70483.9,70421.2
2026-06-17 17:00:00,70463.9,80963.0,70518.9,70438.1
2026-06-17 17:05:00,70425.0,80918.3,70484.7,70397.0
2026-06-17 17:10:00,70433.9,80928.6,70491.5,70406.9
2026-06-17 17:15:00,70431.1,80925.3,70486.0,70405.4
2026-06-17 17:20:00,70434.2,80928.9,70497.3,70404.7
2026-06-17 17:25:00,70417.6,80909.8,70469.4,70393.4
2026-06-17 17:30:00,70392.3,80880.8,70431.6,70373.8
2026-06-17 17:35:00,70287.6,80760.5,70282.6,70290.0
2026-06-17 17:40:00,70240.6,80706.4,70290.0,70217.5
2026-06-17 17:45:00,70362.0,80845.9,70296.9,70392.6
2026-06-17 17:50:00,70567.8,81082.4,70490.5,70603.9
2026-06-17 17:55:00,70746.9,81288.2,70709.7,70764.3
2026-06-17 18:00:00,70924.5,81492.3,70899.8,70936.1
2026-06-17 18:05:00,71098.2,81691.8,71017.1,71136.2
2026-06-17 18:10:00,71227.3,81840.2,71171.8,71253.2
2026-06-17 18:15:00,71350.6,81981.8,71312.6,71368.4
2026-06-17 18:20:00,71429.8,82072.8,71494.6,71399.4
2026-06-17 18:25:00,71500.1,82153.6,71481.9,71508.6
2026-06-17 18:30:00,71544.1,82204.2,71582.0,71526.3
2026-06-17 18:35:00,71622.5,82294.3,71516.4,71672.1
2026-06-17 18:40:00,71571.0,82235.1,71641.2,71538.1
2026-06-17 18:45:00,71666.0,82344.2,71641.9,71677.3
2026-06-17 18:50:00,71737.9,82426.8,71809.9,71704.1
2026-06-17 18:55:00,71814.9,82515.3,71776.1,71833.0
2026-06-17 19:00:00,71875.0,82584.4,71927.0,71850.6
2026-06-17 19:05:00,71933.0,82651.0,71896.3,71950.2
2026-06-17 19:10:00,72004.3,82732.9,72092.0,71963.2
2026-06-17 19:15:00,72016.3,82746.7,72072.9,71989.7
2026-06-17 19:20:00,72123.6,82870.0,72078.0,72144.9
2026-06-17 19:25:00,72136.8,82885.2,72198.6,72107.9
2026-06-17 19:30:00,72104.8,82848.4,72161.2,72078.3
2026-06-17 19:35:00,72013.7,82743.7,72065.8,71989.3
2026-06-17 19:40:00,71835.6,82539.1,71772.3,71865.2
2026-06-17 19:45:00,71810.3,82510.0,71872.3,71781.3
2026-06-17 19:50:00,71830.2,82532.9,71892.5,71801.1
2026-06-17 19:55:00,71823.5,82525.2,71882.6,71795.8
2026-06-17 20:00:00,71821.1,82522.4,71887.5,71790.1
2026-06-17 20:05:00,71793.5,82490.7,71849.8,71767.2
2026-06-17 20:10:00,71812.1,82512.1,71874.0,71783.0
2026-06-17 20:15:00,71808.0,82507.4,71862.3,71782.5
2026-06-17 20:20:00,71810.4,82510.1,71867.4,71783.8
2026-06-17 20:25:00,71773.0,82467.2,71830.8,71745.9
2026-06-17 20:30:00,71745.3,82435.3,71778.8,71729.6
2026-06-17 20:35:00,71655.5,82332.2,71629.8,71667.6
2026-06-17 20:40:00,71465.2,82113.5,71511.4,71443.6
2026-06-17 20:45:00,71483.2,82134.2,71540.6,71456.3
2026-06-17 20:50:00,71503.5,82157.5,71566.1,71474.2
2026-06-17 20:55:00,71497.3,82150.4,71552.9,71471.2
2026-06-17 21:00:00,71511.5,82166.7,71569.7,71484.3
2026-06-17 21:05:00,71504.1,82158.2,71575.4,71470.7
2026-06-17 21:10:00,71484.5,82135.7,71548.6,71454.6
2026-06-17 21:15:00,71470.5,82119.6,71526.7,71444.2
2026-06-17 21:20:00,71473.0,82122.5,71531.8,71445.4
2026-06-17 21:25:00,71433.3,82076.9,71498.0,71403.0
2026-06-17 21:30:00,71352.9,81984.5,71312.1,71372.0
2026-06-17 21:35:00,71236.7,81851.0,71264.2,71223.8
2026-06-17 21:40:00,71103.8,81698.3,71029.0,71138.8
2026-06-17 21:45:00,71041.1,81626.2,71004.3,71058.3
2026-06-17 21:50:00,70953.3,81525.3,70998.0,70932.3
2026-06-17 21:55:00,70907.5,81472.7,70852.9,70933.0
2026-06-17 22:00:00,70810.8,81361.6,70846.7,70794.0
2026-06-17 22:05:00,70737.7,81277.6,70675.8,70766.8
2026-06-17 22:10:00,70621.2,81143.8,70691.7,70588.2
2026-06-17 22:15:00,70569.5,81084.4,70521.2,70592.1
2026-06-17 22:20:00,70500.6,81005.2,70526.9,70488.3
2026-06-17 22:25:00,70416.9,80909.0,70361.4,70442.9
2026-06-17 22:30:00,70295.4,80769.4,70338.0,70275.4
2026-06-17 22:35:00,70079.4,80521.2,70139.6,70051.3
2026-06-17 22:40:00,69864.3,80274.1,69869.8,69861.7
2026-06-17 22:45:00,69650.1,80028.0,69676.4,69637.8
2026-06-17 22:50:00,69454.1,79802.8,69527.6,69419.7
2026-06-17 22:55:00,69320.6,79649.4,69310.8,69325.1
2026-06-17 23:00:00,69118.6,79417.3,69160.8,69098.8
2026-06-17 23:05:00,68922.4,79191.8,68886.0,68939.5
2026-06-17 23:10:00,68779.5,79027.6,68799.5,68770.1
2026-06-17 23:15:00,68609.9,78832.8,68571.9,68627.8
2026-06-17 23:20:00,68426.5,78622.0,68453.7,68413.7
2026-06-17 23:25:00,68234.8,78401.8,68227.1,68238.4
2026-06-17 23:30:00,67970.5,78098.1,67943.3,67983.2
2026-06-17 23:35:00,67671.9,77755.0,67677.7,67669.1
2026-06-17 23:40:00,67434.3,77482.0,67438.2,67432.5
2026-06-17 23:45:00,67264.1,77286.5,67272.1,67260.4
2026-06-17 23:50:00,67048.6,77038.8,67061.1,67042.8
2026-06-17 23:55:00,66876.3,76840.9,66825.8,66899.9
2026-06-18 00:00:00,66677.2,76612.1,66715.6,66659.2
2026-06-18 00:05:00,66528.0,76440.7,66520.5,66531.5
2026-06-18 00:10:00,66346.9,76232.6,66310.3,66364.1
2026-06-18 00:15:00,66194.9,76057.9,66205.3,66190.0
2026-06-18 00:20:00,65975.2,75805.5,66043.8,65943.0
2026-06-18 00:25:00,65786.6,75588.8,65803.2,65778.9
2026-06-18 00:30:00,65549.8,75316.7,65615.3,65519.1
2026-06-18 00:35:00,65348.1,75085.0,65370.7,65337.5
2026-06-18 00:40:00,65291.9,75020.4,65332.5,65272.9
2026-06-18 00:45:00,65191.7,74905.3,65171.9,65201.0
2026-06-18 00:50:00,65033.3,74723.3,64998.4,65049.7
2026-06-18 00:55:00,64850.3,74513.0,64813.6,64867.5
2026-06-18 01:00:00,64669.8,74305.6,64691.8,64659.5
2026-06-18 01:05:00,64469.3,74075.2,64494.2,64457.7
2026-06-18 01:10:00,64336.5,73922.6,64361.7,64324.7
2026-06-18 01:15:00,64185.8,73749.5,64167.3,64194.5
2026-06-18 01:20:00,64019.8,73558.8,64072.9,63994.9
2026-06-18 01:25:00,63871.0,73387.8,63881.6,63866.0
2026-06-18 01:30:00,63703.1,73194.9,63731.5,63689.9
2026-06-18 01:35:00,63678.6,73166.7,63751.8,63644.3
2026-06-18 01:40:00,64012.0,73549.8,64020.6,64008.0
2026-06-18 01:45:00,63975.0,73507.3,63980.7,63972.4
2026-06-18 01:50:00,63815.1,73323.5,63748.7,63846.3
2026-06-18 01:55:00,63685.5,73174.6,63647.6,63703.3
2026-06-18 02:00:00,63441.8,72894.6,63438.8,63443.2
2026-06-18 02:05:00,63124.9,72530.5,63113.9,63130.0
2026-06-18 02:10:00,62762.2,72113.8,62738.3,62773.4
2026-06-18 02:15:00,62492.0,71803.3,62485.9,62494.8
2026-06-18 02:20:00,62201.2,71469.2,62193.3,62204.9
2026-06-18 02:25:00,61891.2,71113.0,61875.6,61898.6
2026-06-18 02:30:00,61435.5,70589.4,61410.3,61447.3
2026-06-18 02:35:00,60788.5,69846.0,60871.2,60749.7
2026-06-18 02:40:00,60595.4,69624.1,60613.9,60586.7
2026-06-18 02:45:00,60303.3,69288.5,60299.0,60305.3
2026-06-18 02:50:00,60055.0,69003.2,60020.7,60071.1
2026-06-18 02:55:00,59710.9,68607.8,59728.8,59702.6
2026-06-18 03:00:00,59365.8,68211.3,59384.6,59357.0
2026-06-18 03:05:00,59068.4,67869.6,59132.3,59038.5
2026-06-18 03:10:00,58829.3,67594.9,58914.0,58789.6
2026-06-18 03:15:00,58565.7,67292.0,58624.9,58538.0
2026-06-18 03:20:00,58385.1,67084.5,58372.1,58391.3
2026-06-18 03:25:00,58224.8,66900.3,58173.8,58248.8
2026-06-18 03:30:00,58015.1,66659.3,58066.4,57991.1
2026-06-18 03:35:00,57855.4,66475.9,57832.6,57866.1
2026-06-18 03:40:00,57780.6,66389.9,57773.0,57784.2
2026-06-18 03:45:00,57653.7,66244.1,57643.6,57658.5
2026-06-18 03:50:00,57568.2,66145.9,57462.4,57617.7
2026-06-18 03:55:00,57505.9,66074.3,57512.0,57503.0
2026-06-18 04:00:00,57402.7,65955.7,57443.9,57383.5
2026-06-18 04:05:00,57307.5,65846.3,57345.4,57289.8
2026-06-18 04:10:00,57230.3,65757.6,57281.3,57206.4
2026-06-18 04:15:00,57153.4,65669.3,57174.3,57143.6
2026-06-18 04:20:00,57144.1,65658.6,57077.5,57175.3
2026-06-18 04:25:00,57068.7,65571.9,57079.7,57063.6
2026-06-18 04:30:00,57008.9,65503.2,56983.2,57020.9
2026-06-18 04:35:00,56954.7,65441.0,56959.2,56952.6
2026-06-18 04:40:00,56979.3,65469.2,56936.4,56999.4
2026-06-18 04:45:00,56936.9,65420.5,56904.7,56952.0
2026-06-18 04:50:00,56887.3,65363.5,56898.3,56882.1
2026-06-18 04:55:00,56856.8,65328.5,56825.6,56871.4
2026-06-18 05:00:00,56786.6,65247.8,56812.3,56774.5
2026-06-18 05:05:00,56749.6,65205.3,56710.2,56768.0
2026-06-18 05:10:00,56701.8,65150.4,56734.8,56686.4
2026-06-18 05:15:00,56628.9,65066.6,56620.7,56632.8
2026-06-18 05:20:00,56561.0,64988.6,56548.7,56566.8
2026-06-18 05:25:00,56549.6,64975.5,56543.4,56552.6
2026-06-18 05:30:00,56547.5,64973.1,56541.3,56550.4
2026-06-18 05:35:00,56469.4,64883.3,56551.3,56431.1
2026-06-18 05:40:00,56441.9,64851.7,56515.8,56407.3
2026-06-18 05:45:00,56392.7,64795.2,56394.3,56391.9
2026-06-18 05:50:00,56386.0,64787.5,56374.4,56391.5
2026-06-18 05:55:00,56386.2,64787.7,56372.5,56392.6
2026-06-18 06:00:00,56389.0,64791.0,56374.6,56395.7
2026-06-18 06:05:00,56387.0,64788.7,56368.6,56395.6
2026-06-18 06:10:00,56413.0,64818.5,56400.0,56419.1
2026-06-18 06:15:00,56408.1,64812.9,56393.4,56415.0
2026-06-18 06:20:00,56421.8,64828.6,56399.8,56432.2
2026-06-18 06:25:00,56420.1,64826.7,56393.0,56432.8
2026-06-18 06:30:00,56417.7,64823.9,56392.6,56429.4
2026-06-18 06:35:00,56474.6,64889.3,56437.7,56491.9
2026-06-18 06:40:00,56566.0,64994.3,56615.3,56542.9
2026-06-18 06:45:00,56666.1,65109.3,56682.2,56658.6
2026-06-18 06:50:00,56745.8,65200.9,56732.4,56752.0
2026-06-18 06:55:00,56811.1,65276.0,56824.6,56804.8
2026-06-18 07:00:00,56861.4,65333.7,56842.2,56870.3
2026-06-18 07:05:00,56933.8,65416.9,56911.4,56944.2
2026-06-18 07:10:00,56999.4,65492.3,57037.5,56981.6
2026-06-18 07:15:00,57041.9,65541.1,57089.5,57019.5
2026-06-18 07:20:00,57040.3,65539.3,57087.7,57018.0
2026-06-18 07:25:00,57034.1,65532.2,57079.6,57012.7
2026-06-18 07:30:00,57065.2,65567.9,57078.2,57059.1
2026-06-18 07:35:00,57180.6,65700.5,57164.2,57188.3
2026-06-18 07:40:00,57352.6,65898.1,57316.4,57369.6
2026-06-18 07:45:00,57490.7,66056.8,57450.2,57509.7
2026-06-18 07:50:00,57604.3,66187.3,57642.3,57586.5
2026-06-18 07:55:00,57695.8,66292.5,57737.3,57676.3
2026-06-18 08:00:00,57775.5,66384.0,57828.6,57750.6
2026-06-18 08:05:00,57872.4,66495.4,57907.1,57856.1
2026-06-18 08:10:00,58029.6,66676.0,58080.9,58005.6
2026-06-18 08:15:00,58134.5,66796.5,58116.3,58143.0
2026-06-18 08:20:00,58268.8,66950.9,58290.7,58258.6
2026-06-18 08:25:00,58373.7,67071.4,58400.3,58361.3
2026-06-18 08:30:00,58497.4,67213.5,58490.4,58500.7
2026-06-18 08:35:00,58737.7,67489.6,58741.8,58735.7
2026-06-18 08:40:00,59160.5,67975.4,59153.5,59163.8
2026-06-18 08:45:00,59401.3,68252.1,59436.3,59384.9
2026-06-18 08:50:00,59638.6,68524.8,59622.4,59646.3
2026-06-18 08:55:00,59808.3,68719.7,59834.8,59795.9
2026-06-18 09:00:00,59980.0,68917.0,59957.0,59990.7
2026-06-18 09:05:00,60181.3,69148.3,60134.2,60203.4
2026-06-18 09:10:00,60383.8,69381.0,60370.1,60390.2
2026-06-18 09:15:00,60576.2,69602.1,60602.9,60563.7
2026-06-18 09:20:00,60745.0,69796.0,60794.4,60721.8
2026-06-18 09:25:00,60914.3,69990.5,60894.8,60923.5
2026-06-18 09:30:00,61100.0,70203.9,61098.0,61101.0
2026-06-18 09:35:00,61442.3,70597.2,61431.4,61447.4
2026-06-18 09:40:00,62036.4,71279.8,61957.8,62073.1
2026-06-18 09:45:00,62387.6,71683.4,62379.6,62391.4
2026-06-18 09:50:00,62781.4,72135.8,62745.1,62798.4
2026-06-18 09:55:00,63038.2,72430.9,63070.5,63023.0
2026-06-18 10:00:00,63203.3,72620.6,63233.8,63189.0
2026-06-18 10:05:00,63360.4,72801.1,63363.0,63359.1
2026-06-18 10:10:00,63667.8,73154.3,63655.8,63673.5
2026-06-18 10:15:00,63869.5,73386.1,63863.7,63872.3
2026-06-18 10:20:00,64064.5,73610.1,64054.9,64069.0
2026-06-18 10:25:00,64247.7,73820.6,64249.3,64246.9
2026-06-18 10:30:00,64427.7,74027.4,64398.9,64441.2
2026-06-18 10:35:00,64833.8,74494.0,64775.7,64861.1
2026-06-18 10:40:00,65397.7,75142.0,65316.2,65435.9
2026-06-18 10:45:00,65765.8,75564.9,65698.6,65797.2
2026-06-18 10:50:00,66135.9,75990.1,66114.9,66145.8
2026-06-18 10:55:00,66463.3,76366.3,66455.6,66466.9
2026-06-18 11:00:00,66835.9,76794.4,66829.8,66838.8
2026-06-18 11:05:00,67094.8,77091.9,67076.8,67103.2
2026-06-18 11:10:00,67378.5,77417.9,67453.0,67343.6
2026-06-18 11:15:00,67640.5,77718.9,67667.1,67628.0
2026-06-18 11:20:00,67902.5,78020.0,67844.9,67929.5
2026-06-18 11:25:00,68053.4,78193.4,68067.7,68046.7
2026-06-18 11:30:00,68244.2,78412.6,68278.5,68228.2
2026-06-18 11:35:00,68257.2,78427.5,68341.4,68217.7
2026-06-18 11:40:00,68297.1,78473.4,68408.1,68245.2
2026-06-18 11:45:00,68414.0,78607.7,68435.8,68403.7
2026-06-18 11:50:00,68625.4,78850.6,68597.7,68638.4
2026-06-18 11:55:00,68715.1,78953.6,68719.5,68713.0
2026-06-18 12:00:00,68778.7,79026.7,68818.1,68760.2
2026-06-18 12:05:00,68856.5,79116.1,68780.9,68891.9
2026-06-18 12:10:00,68903.1,79169.7,68941.9,68884.9
2026-06-18 12:15:00,68930.9,79201.6,68885.0,68952.5
2026-06-18 12:20:00,68941.1,79213.3,68984.4,68920.9
2026-06-18 12:25:00,68930.4,79201.0,68963.2,68915.0
2026-06-18 12:30:00,68874.8,79137.1,68939.2,68844.5
2026-06-18 12:35:00,68791.4,79041.3,68810.0,68782.7
2026-06-18 12:40:00,68843.4,79101.1,68850.9,68839.9
2026-06-18 12:45:00,68943.9,79216.5,68992.2,68921.3
2026-06-18 12:50:00,69151.4,79455.0,69164.7,69145.2
2026-06-18 12:55:00,69279.1,79601.7,69282.7,69277.5
2026-06-18 13:00:00,69325.6,79655.1,69374.6,69302.6
2026-06-18 13:05:00,69255.9,79575.0,69312.0,69229.6
2026-06-18 13:10:00,69257.7,79577.1,69248.6,69261.9
2026-06-18 13:15:00,69241.7,79558.7,69217.5,69253.1
2026-06-18 13:20:00,69245.1,79562.6,69228.0,69253.2
2026-06-18 13:25:00,69209.3,79521.5,69202.3,69212.5
2026-06-18 13:30:00,69121.0,79420.0,69180.1,69093.4
2026-06-18 13:35:00,68971.9,79248.7,68941.9,68985.9
2026-06-18 13:40:00,68862.8,79123.4,68931.8,68830.5
2026-06-18 13:45:00,68861.7,79122.1,68823.1,68879.8
2026-06-18 13:50:00,68756.2,79000.9,68804.5,68733.6
2026-06-18 13:55:00,68660.5,78890.9,68650.6,68665.1
2026-06-18 14:00:00,68526.5,78736.9,68523.3,68527.9
2026-06-18 14:05:00,68376.8,78564.9,68352.2,68388.3
2026-06-18 14:10:00,68238.1,78405.6,68277.0,68219.9
2026-06-18 14:15:00,68078.6,78222.3,68017.8,68107.1
2026-06-18 14:20:00,67970.4,78098.0,67919.3,67994.4
2026-06-18 14:25:00,67713.4,77802.7,67636.9,67749.3
2026-06-18 14:30:00,67342.1,77376.1,67355.5,67335.9
2026-06-18 14:35:00,66886.7,76852.8,66858.4,66900.0
2026-06-18 14:40:00,66935.9,76909.3,66916.5,66945.1
2026-06-18 14:45:00,66928.2,76900.5,66934.8,66925.1
2026-06-18 14:50:00,66916.1,76886.6,66920.5,66914.0
2026-06-18 14:55:00,66916.3,76886.8,66921.8,66913.8
2026-06-18 15:00:00,66885.5,76851.4,66878.8,66888.7
2026-06-18 15:05:00,66780.5,76730.8,66775.9,66782.7
2026-06-18 15:10:00,66741.8,76686.3,66763.9,66731.4
2026-06-18 15:15:00,66697.8,76635.8,66725.1,66684.9
2026-06-18 15:20:00,66718.5,76659.6,66748.7,66704.3
2026-06-18 15:25:00,66852.0,76812.9,66841.6,66857.0
2026-06-18 15:30:00,67120.7,77121.7,67155.9,67104.2
2026-06-18 15:35:00,67504.5,77562.7,67518.9,67497.7
2026-06-18 15:40:00,67904.3,78022.0,67931.4,67891.6
2026-06-18 15:45:00,68199.2,78360.9,68177.8,68209.3
2026-06-18 15:50:00,68377.6,78565.9,68357.8,68386.9
2026-06-18 15:55:00,68486.7,78691.2,68567.3,68448.9
2026-06-18 16:00:00,68662.5,78893.2,68701.9,68644.0
2026-06-18 16:05:00,68861.7,79122.1,68814.8,68883.7
2026-06-18 16:10:00,69052.7,79341.6,69100.5,69030.4
2026-06-18 16:15:00,69193.3,79503.1,69255.8,69164.1
2026-06-18 16:20:00,69336.7,79667.9,69337.7,69336.2
2026-06-18 16:25:00,69413.4,79756.0,69397.4,69421.0
2026-06-18 16:30:00,69474.9,79826.7,69505.3,69460.7
2026-06-18 16:35:00,69477.5,79829.6,69456.4,69487.3
2026-06-18 16:40:00,69473.0,79824.5,69410.6,69502.2
2026-06-18 16:45:00,69541.6,79903.3,69484.3,69568.5
2026-06-18 16:50:00,69587.4,79955.9,69660.9,69553.0
2026-06-18 16:55:00,69654.1,80032.6,69626.6,69667.1
2026-06-18 17:00:00,69696.6,80081.4,69745.2,69673.9
2026-06-18 17:05:00,69737.9,80128.8,69730.2,69741.6
2026-06-18 17:10:00,69756.6,80150.3,69742.6,69763.2
2026-06-18 17:15:00,69780.6,80177.9,69859.5,69743.7
2026-06-18 17:20:00,69764.8,80159.8,69871.6,69714.8
2026-06-18 17:25:00,69757.0,80150.8,69862.5,69707.6
2026-06-18 17:30:00,69732.9,80123.1,69828.8,69688.0
2026-06-18 17:35:00,69625.6,79999.8,69665.0,69607.1
2026-06-18 17:40:00,69557.7,79921.8,69568.8,69552.6
2026-06-18 17:45:00,69672.5,80053.7,69688.1,69665.2
2026-06-18 17:50:00,69854.3,80262.6,69864.9,69849.4
2026-06-18 17:55:00,70021.3,80454.5,69969.4,70045.7
2026-06-18 18:00:00,70172.5,80628.2,70219.9,70150.2
2026-06-18 18:05:00,70304.3,80779.6,70323.7,70295.2
2026-06-18 18:10:00,70425.4,80918.8,70459.3,70409.5
2026-06-18 18:15:00,70548.9,81060.7,70582.8,70533.0
2026-06-18 18:20:00,70732.8,81272.0,70739.4,70729.7
2026-06-18 18:25:00,70878.2,81439.1,70899.7,70868.2
2026-06-18 18:30:00,70997.2,81575.8,71019.4,70986.9
2026-06-18 18:35:00,71078.8,81669.5,71092.5,71072.4
2026-06-18 18:40:00,71048.9,81635.2,71040.7,71052.7
2026-06-18 18:45:00,71127.4,81725.4,71156.0,71114.0
2026-06-18 18:50:00,71221.1,81833.0,71182.2,71239.2
2026-06-18 18:55:00,71340.2,81969.9,71305.9,71356.3
2026-06-18 19:00:00,71416.5,82057.6,71479.2,71387.2
2026-06-18 19:05:00,71493.6,82146.1,71443.4,71517.1
2026-06-18 19:10:00,71545.4,82205.7,71613.1,71513.6
2026-06-18 19:15:00,71645.9,82321.1,71587.7,71673.2
2026-06-18 19:20:00,71688.2,82369.7,71734.4,71666.6
2026-06-18 19:25:00,71729.6,82417.3,71681.4,71752.1
2026-06-18 19:30:00,71702.1,82385.7,71660.7,71721.4
2026-06-18 19:35:00,71586.6,82253.0,71584.3,71587.6
2026-06-18 19:40:00,71343.6,81973.8,71297.0,71365.5
2026-06-18 19:45:00,71363.4,81996.5,71409.4,71341.9
2026-06-18 19:50:00,71388.0,82024.8,71430.0,71368.4
2026-06-18 19:55:00,71452.5,82098.9,71421.2,71467.1
2026-06-18 20:00:00,71491.8,82144.1,71571.4,71454.6
2026-06-18 20:05:00,71466.4,82114.9,71543.1,71430.5
2026-06-18 20:10:00,71484.9,82136.2,71567.2,71446.3
2026-06-18 20:15:00,71474.4,82124.1,71531.6,71447.5
2026-06-18 20:20:00,71472.3,82121.7,71536.7,71442.1
2026-06-18 20:25:00,71434.8,82078.6,71500.1,71404.2
2026-06-18 20:30:00,71356.5,81988.6,71308.8,71378.8
2026-06-18 20:35:00,71271.0,81890.4,71319.5,71248.2
2026-06-18 20:40:00,71111.6,81707.2,71054.0,71138.6
2026-06-18 20:45:00,71144.3,81744.8,71087.1,71171.0
2026-06-18 20:50:00,71193.9,81801.8,71272.9,71156.9
2026-06-18 20:55:00,71184.3,81790.8,71249.2,71153.9
2026-06-18 21:00:00,71200.7,81809.6,71263.3,71171.4
2026-06-18 21:05:00,71204.7,81814.2,71270.5,71173.8
2026-06-18 21:10:00,71184.9,81791.5,71243.1,71157.7
2026-06-18 21:15:00,71177.9,81783.4,71243.3,71147.3
2026-06-18 21:20:00,71180.4,81786.3,71248.4,71148.5
2026-06-18 21:25:00,71139.3,81739.1,71210.2,71106.1
2026-06-18 21:30:00,71082.3,81673.6,71157.0,71047.4
2026-06-18 21:35:00,70998.3,81577.0,70964.8,71013.9
2026-06-18 21:40:00,70900.6,81464.8,70898.2,70901.7
2026-06-18 21:45:00,70833.0,81387.1,70877.1,70812.3
2026-06-18 21:50:00,70787.9,81335.3,70724.8,70817.4
2026-06-18 21:55:00,70788.4,81335.9,70727.3,70817.0
2026-06-18 22:00:00,70781.0,81327.4,70721.1,70809.1
2026-06-18 22:05:00,70756.6,81299.3,70699.9,70783.2
2026-06-18 22:10:00,70647.6,81174.1,70715.9,70615.6
2026-06-18 22:15:00,70599.4,81118.7,70556.7,70619.5
2026-06-18 22:20:00,70520.7,81028.3,70562.4,70501.2
2026-06-18 22:25:00,70435.4,80930.3,70391.7,70455.8
2026-06-18 22:30:00,70322.9,80801.0,70346.7,70311.7
2026-06-18 22:35:00,70034.5,80469.6,70139.6,69985.3
2026-06-18 22:40:00,69777.2,80174.0,69875.0,69731.3
2026-06-18 22:45:00,69573.4,79939.8,69680.3,69523.3
2026-06-18 22:50:00,69419.1,79762.5,69417.8,69419.7
2026-06-18 22:55:00,69253.8,79572.6,69308.6,69228.2
2026-06-18 23:00:00,69076.6,79369.0,69029.2,69098.8
2026-06-18 23:05:00,68846.2,79104.3,68867.7,68836.2
2026-06-18 23:10:00,68671.6,78903.7,68697.9,68659.4
2026-06-18 23:15:00,68478.0,78681.2,68447.1,68492.5
2026-06-18 23:20:00,68303.8,78481.1,68363.0,68276.1
2026-06-18 23:25:00,68067.5,78209.6,68057.6,68072.1
2026-06-18 23:30:00,67842.4,77950.9,67848.4,67839.6
2026-06-18 23:35:00,67527.4,77589.0,67569.2,67507.8
2026-06-18 23:40:00,67314.7,77344.6,67314.6,67314.8
2026-06-18 23:45:00,67158.7,77165.3,67150.0,67162.7
2026-06-18 23:50:00,66965.1,76942.9,66945.5,66974.3
2026-06-18 23:55:00,66781.5,76731.9,66814.0,66766.3
2026-06-19 00:00:00,66648.8,76579.5,66628.4,66658.4
2026-06-19 00:05:00,66468.3,76372.1,66520.5,66443.8
2026-06-19 00:10:00,66344.7,76230.1,66306.3,66362.7
