날짜시간,앙상블예측(MW),발전량기준(MW),XGB예측(MW),LGB예측(MW)
2026-05-19 21:40:00,66219.4,76086.1,66152.9,66250.5
2026-05-19 21:45:00,65941.3,75766.5,65973.6,65926.1
2026-05-19 21:50:00,65746.2,75542.4,65721.2,65758.0
2026-05-19 21:55:00,65463.2,75217.2,65541.4,65426.5
2026-05-19 22:00:00,65216.1,74933.3,65198.2,65224.5
2026-05-19 22:05:00,65158.8,74867.5,65113.6,65180.0
2026-05-19 22:10:00,64997.2,74681.7,65016.6,64988.0
2026-05-19 22:15:00,64784.2,74437.1,64782.5,64785.0
2026-05-19 22:20:00,64607.1,74233.6,64595.7,64612.5
2026-05-19 22:25:00,64390.1,73984.2,64339.3,64413.9
2026-05-19 22:30:00,64239.3,73811.0,64171.6,64271.0
2026-05-19 22:35:00,64051.5,73595.2,64049.8,64052.3
2026-05-19 22:40:00,63851.8,73365.7,63866.3,63845.0
2026-05-19 22:45:00,63693.8,73184.1,63719.8,63681.6
2026-05-19 22:50:00,63511.7,72974.9,63552.7,63492.4
2026-05-19 22:55:00,63292.2,72722.8,63308.8,63284.5
2026-05-19 23:00:00,63268.6,72695.7,63285.6,63260.7
2026-05-19 23:05:00,63626.7,73107.1,63686.8,63598.5
2026-05-19 23:10:00,63580.1,73053.6,63659.4,63543.0
2026-05-19 23:15:00,63431.0,72882.3,63401.2,63445.0
2026-05-19 23:20:00,63242.5,72665.6,63265.2,63231.9
2026-05-19 23:25:00,63036.3,72428.7,63007.7,63049.7
2026-05-19 23:30:00,62668.4,72006.0,62606.2,62697.5
2026-05-19 23:35:00,62315.0,71600.0,62370.3,62289.1
2026-05-19 23:40:00,61977.1,71211.7,61978.8,61976.3
2026-05-19 23:45:00,61577.0,70752.0,61584.2,61573.7
2026-05-19 23:50:00,61149.9,70261.2,61198.3,61127.2
2026-05-19 23:55:00,60679.6,69720.9,60742.9,60650.0
2026-05-20 00:00:00,60095.4,69049.6,60114.7,60086.4
2026-05-20 00:05:00,60059.8,69008.7,59988.6,60093.1
2026-05-20 00:10:00,59745.7,68647.8,59733.2,59751.6
2026-05-20 00:15:00,59362.4,68207.4,59436.2,59327.8
2026-05-20 00:20:00,59032.7,67828.6,59061.1,59019.4
2026-05-20 00:25:00,58721.4,67470.8,58744.6,58710.5
2026-05-20 00:30:00,58454.3,67164.0,58484.1,58440.3
2026-05-20 00:35:00,58236.2,66913.4,58243.0,58233.0
2026-05-20 00:40:00,58042.5,66690.8,58066.7,58031.1
2026-05-20 00:45:00,57845.7,66464.7,57870.8,57834.0
2026-05-20 00:50:00,57636.8,66224.7,57561.7,57672.0
2026-05-20 00:55:00,57468.4,66031.2,57391.9,57504.2
2026-05-20 01:00:00,57299.8,65837.4,57346.4,57277.9
2026-05-20 01:05:00,57184.5,65705.0,57238.8,57159.0
2026-05-20 01:10:00,57102.8,65611.1,57127.8,57091.1
2026-05-20 01:15:00,57013.5,65508.5,57021.7,57009.7
2026-05-20 01:20:00,56910.0,65389.6,56926.4,56902.3
2026-05-20 01:25:00,56862.4,65334.9,56851.7,56867.4
2026-05-20 01:30:00,56780.0,65240.3,56739.0,56799.3
2026-05-20 01:35:00,56740.6,65195.0,56723.9,56748.5
2026-05-20 01:40:00,56661.9,65104.5,56700.1,56644.0
2026-05-20 01:45:00,56547.7,64973.3,56591.6,56527.1
2026-05-20 01:50:00,56462.3,64875.2,56517.2,56436.6
2026-05-20 01:55:00,56386.3,64787.8,56431.1,56365.3
2026-05-20 02:00:00,56356.7,64753.8,56312.7,56377.3
2026-05-20 02:05:00,56321.7,64713.7,56387.1,56291.1
2026-05-20 02:10:00,56268.3,64652.3,56258.4,56273.0
2026-05-20 02:15:00,56217.4,64593.8,56236.8,56208.3
2026-05-20 02:20:00,56182.4,64553.5,56135.2,56204.5
2026-05-20 02:25:00,56187.4,64559.3,56136.9,56211.0
2026-05-20 02:30:00,56188.4,64560.4,56124.3,56218.4
2026-05-20 02:35:00,56156.6,64523.9,56123.0,56172.3
2026-05-20 02:40:00,56088.2,64445.4,56117.1,56074.7
2026-05-20 02:45:00,56077.5,64433.1,56023.0,56103.1
2026-05-20 02:50:00,56080.5,64436.5,56032.7,56103.0
2026-05-20 02:55:00,56079.3,64435.1,56032.2,56101.3
2026-05-20 03:00:00,56011.1,64356.8,55995.9,56018.3
2026-05-20 03:05:00,55938.9,64273.8,55957.3,55930.3
2026-05-20 03:10:00,55873.6,64198.8,55935.8,55844.5
2026-05-20 03:15:00,55838.9,64158.9,55829.1,55843.5
2026-05-20 03:20:00,55807.0,64122.3,55809.0,55806.1
2026-05-20 03:25:00,55740.1,64045.4,55810.9,55707.0
2026-05-20 03:30:00,55696.6,63995.4,55685.4,55701.8
2026-05-20 03:35:00,55664.7,63958.8,55722.3,55637.7
2026-05-20 03:40:00,55607.8,63893.4,55582.8,55619.6
2026-05-20 03:45:00,55608.7,63894.4,55585.2,55619.6
2026-05-20 03:50:00,55596.1,63879.9,55582.4,55602.5
2026-05-20 03:55:00,55540.4,63816.0,55582.0,55521.0
2026-05-20 04:00:00,55579.7,63861.0,55512.1,55611.3
2026-05-20 04:05:00,55647.3,63938.7,55699.4,55622.9
2026-05-20 04:10:00,55684.4,63981.3,55669.7,55691.3
2026-05-20 04:15:00,55684.8,63981.8,55665.2,55694.0
2026-05-20 04:20:00,55673.5,63968.9,55659.2,55680.2
2026-05-20 04:25:00,55677.6,63973.6,55662.6,55684.6
2026-05-20 04:30:00,55686.0,63983.2,55656.8,55699.6
2026-05-20 04:35:00,55768.7,64078.2,55822.5,55743.4
2026-05-20 04:40:00,55787.5,64099.8,55772.4,55794.5
2026-05-20 04:45:00,55785.4,64097.5,55769.3,55793.0
2026-05-20 04:50:00,55787.0,64099.2,55765.7,55796.9
2026-05-20 04:55:00,55785.8,64097.9,55764.6,55795.7
2026-05-20 05:00:00,55813.6,64129.8,55824.8,55808.3
2026-05-20 05:05:00,55930.4,64264.0,56040.2,55878.9
2026-05-20 05:10:00,55993.2,64336.1,56073.5,55955.5
2026-05-20 05:15:00,56081.9,64438.1,56063.6,56090.4
2026-05-20 05:20:00,56176.4,64546.6,56170.7,56179.0
2026-05-20 05:25:00,56309.6,64699.7,56284.0,56321.5
2026-05-20 05:30:00,56403.9,64808.0,56375.8,56417.0
2026-05-20 05:35:00,56553.9,64980.4,56541.2,56559.8
2026-05-20 05:40:00,56637.1,65076.0,56720.5,56598.0
2026-05-20 05:45:00,56724.7,65176.7,56713.7,56729.8
2026-05-20 05:50:00,56793.6,65255.8,56782.0,56798.9
2026-05-20 05:55:00,56938.8,65422.7,56894.3,56959.6
2026-05-20 06:00:00,57157.0,65673.4,57168.4,57151.7
2026-05-20 06:05:00,57606.8,66190.2,57538.6,57638.7
2026-05-20 06:10:00,57777.4,66386.2,57821.0,57757.0
2026-05-20 06:15:00,57943.5,66577.1,57957.2,57937.1
2026-05-20 06:20:00,58077.2,66730.7,58037.5,58095.8
2026-05-20 06:25:00,58201.4,66873.4,58214.8,58195.2
2026-05-20 06:30:00,58319.6,67009.2,58305.8,58326.0
2026-05-20 06:35:00,58519.7,67239.1,58536.8,58511.7
2026-05-20 06:40:00,58690.7,67435.6,58671.4,58699.7
2026-05-20 06:45:00,58857.7,67627.5,58880.2,58847.2
2026-05-20 06:50:00,58999.0,67789.8,58954.1,59020.0
2026-05-20 06:55:00,59107.0,67913.9,59129.5,59096.4
2026-05-20 07:00:00,59382.8,68230.9,59390.2,59379.4
2026-05-20 07:05:00,59839.6,68755.7,59872.4,59824.3
2026-05-20 07:10:00,60098.2,69052.8,60124.9,60085.6
2026-05-20 07:15:00,60350.8,69343.0,60352.5,60350.0
2026-05-20 07:20:00,60495.0,69508.7,60468.5,60507.4
2026-05-20 07:25:00,60614.5,69646.0,60661.9,60592.3
2026-05-20 07:30:00,60679.1,69720.3,60687.6,60675.1
2026-05-20 07:35:00,60853.7,69920.9,60884.0,60839.5
2026-05-20 07:40:00,60974.5,70059.7,60991.7,60966.4
2026-05-20 07:45:00,61063.6,70162.1,61070.0,61060.7
2026-05-20 07:50:00,61137.4,70246.8,61152.2,61130.4
2026-05-20 07:55:00,61180.3,70296.2,61142.8,61197.9
2026-05-20 08:00:00,61465.6,70624.0,61479.1,61459.2
2026-05-20 08:05:00,61932.0,71159.9,61979.3,61909.9
2026-05-20 08:10:00,62294.3,71576.1,62249.8,62315.1
2026-05-20 08:15:00,62660.4,71996.8,62620.2,62679.2
2026-05-20 08:20:00,62862.3,72228.8,62897.3,62845.9
2026-05-20 08:25:00,63142.5,72550.8,63121.1,63152.6
2026-05-20 08:30:00,63223.9,72644.3,63220.4,63225.6
2026-05-20 08:35:00,63372.1,72814.6,63368.2,63374.0
2026-05-20 08:40:00,63435.3,72887.1,63474.1,63417.1
2026-05-20 08:45:00,63439.2,72891.7,63509.9,63406.1
2026-05-20 08:50:00,63472.3,72929.7,63506.5,63456.3
2026-05-20 08:55:00,63450.2,72904.3,63493.2,63430.1
2026-05-20 09:00:00,63344.3,72782.6,63362.4,63335.9
2026-05-20 09:05:00,63386.6,72831.2,63447.4,63358.1
2026-05-20 09:10:00,63441.2,72894.0,63448.6,63437.8
2026-05-20 09:15:00,63543.0,73010.9,63557.3,63536.3
2026-05-20 09:20:00,63585.7,73060.0,63578.0,63589.3
2026-05-20 09:25:00,63530.9,72996.9,63545.3,63524.1
2026-05-20 09:30:00,63390.9,72836.2,63465.1,63356.2
2026-05-20 09:35:00,63292.0,72722.5,63314.8,63281.4
2026-05-20 09:40:00,63121.6,72526.7,63141.5,63112.3
2026-05-20 09:45:00,62934.6,72311.9,62946.6,62929.0
2026-05-20 09:50:00,62749.7,72099.4,62757.1,62746.2
2026-05-20 09:55:00,62540.8,71859.4,62532.0,62544.9
2026-05-20 10:00:00,62256.6,71532.8,62289.3,62241.2
2026-05-20 10:05:00,62183.0,71448.3,62254.7,62149.5
2026-05-20 10:10:00,62135.5,71393.7,62163.0,62122.6
2026-05-20 10:15:00,62262.9,71540.1,62250.7,62268.6
2026-05-20 10:20:00,62268.0,71546.0,62223.7,62288.8
2026-05-20 10:25:00,62252.7,71528.4,62215.1,62270.4
2026-05-20 10:30:00,62124.5,71381.1,62104.8,62133.8
2026-05-20 10:35:00,62056.3,71302.7,62062.6,62053.3
2026-05-20 10:40:00,61888.9,71110.3,61917.7,61875.4
2026-05-20 10:45:00,61751.8,70952.8,61755.2,61750.1
2026-05-20 10:50:00,61690.9,70882.9,61678.1,61696.9
2026-05-20 10:55:00,61574.4,70749.0,61594.5,61565.0
2026-05-20 11:00:00,61481.7,70642.5,61457.0,61493.3
2026-05-20 11:05:00,61378.8,70524.2,61435.9,61352.0
2026-05-20 11:10:00,61323.4,70460.5,61312.2,61328.6
2026-05-20 11:15:00,61305.3,70439.8,61234.6,61338.4
2026-05-20 11:20:00,61173.0,70287.8,61197.0,61161.8
2026-05-20 11:25:00,61041.8,70137.1,61090.0,61019.3
2026-05-20 11:30:00,60817.5,69879.3,60902.9,60777.5
2026-05-20 11:35:00,60552.0,69574.2,60623.5,60518.5
2026-05-20 11:40:00,60307.2,69292.9,60304.5,60308.4
2026-05-20 11:45:00,60072.1,69022.8,60085.0,60066.1
2026-05-20 11:50:00,59809.0,68720.6,59724.2,59848.7
2026-05-20 11:55:00,59394.9,68244.8,59480.5,59354.8
2026-05-20 12:00:00,58857.6,67627.4,58886.9,58843.9
2026-05-20 12:05:00,58870.0,67641.6,58802.5,58901.6
2026-05-20 12:10:00,58901.8,67678.1,58866.9,58918.1
2026-05-20 12:15:00,58873.0,67645.1,58854.0,58882.0
2026-05-20 12:20:00,58840.1,67607.3,58878.0,58822.4
2026-05-20 12:25:00,58826.8,67592.0,58770.7,58853.1
2026-05-20 12:30:00,58658.5,67398.7,58712.1,58633.5
2026-05-20 12:35:00,58573.1,67300.5,58627.5,58547.6
2026-05-20 12:40:00,58594.8,67325.4,58620.2,58582.9
2026-05-20 12:45:00,58669.4,67411.2,58763.1,58625.6
2026-05-20 12:50:00,58822.3,67586.9,58839.9,58814.1
2026-05-20 12:55:00,58988.6,67778.0,59044.1,58962.7
2026-05-20 13:00:00,59460.4,68320.0,59458.8,59461.2
2026-05-20 13:05:00,59968.4,68903.7,59950.1,59977.0
2026-05-20 13:10:00,60375.6,69371.5,60328.2,60397.7
2026-05-20 13:15:00,60652.9,69690.1,60647.6,60655.3
2026-05-20 13:20:00,60863.2,69931.9,60787.1,60898.9
2026-05-20 13:25:00,61101.4,70205.5,61122.0,61091.7
2026-05-20 13:30:00,61284.1,70415.5,61327.3,61263.9
2026-05-20 13:35:00,61570.6,70744.6,61553.9,61578.4
2026-05-20 13:40:00,61766.6,70969.8,61734.9,61781.4
2026-05-20 13:45:00,61933.3,71161.4,61900.7,61948.6
2026-05-20 13:50:00,62040.3,71284.3,62082.0,62020.7
2026-05-20 13:55:00,62162.8,71425.1,62177.7,62155.8
2026-05-20 14:00:00,62288.0,71568.9,62288.4,62287.8
2026-05-20 14:05:00,62397.4,71694.7,62423.8,62385.1
2026-05-20 14:10:00,62581.6,71906.2,62581.2,62581.8
2026-05-20 14:15:00,62768.3,72120.8,62785.6,62760.2
2026-05-20 14:20:00,62935.9,72313.4,62942.1,62933.0
2026-05-20 14:25:00,63082.4,72481.7,63084.7,63081.4
2026-05-20 14:30:00,63166.1,72577.8,63176.3,63161.2
2026-05-20 14:35:00,63294.4,72725.3,63289.4,63296.8
2026-05-20 14:40:00,63377.2,72820.4,63363.1,63383.8
2026-05-20 14:45:00,63506.7,72969.2,63510.2,63505.0
2026-05-20 14:50:00,63580.9,73054.5,63563.1,63589.3
2026-05-20 14:55:00,63646.0,73129.3,63651.3,63643.6
2026-05-20 15:00:00,63712.0,73205.1,63735.6,63701.0
2026-05-20 15:05:00,63735.1,73231.6,63802.1,63703.7
2026-05-20 15:10:00,63942.3,73469.6,63948.5,63939.3
2026-05-20 15:15:00,64209.2,73776.4,64150.4,64236.7
2026-05-20 15:20:00,64501.6,74112.3,64442.8,64529.1
2026-05-20 15:25:00,64748.7,74396.3,64761.8,64742.6
2026-05-20 15:30:00,64890.0,74558.6,64919.0,64876.3
2026-05-20 15:35:00,65081.4,74778.6,65070.6,65086.5
2026-05-20 15:40:00,65291.0,75019.3,65291.7,65290.7
2026-05-20 15:45:00,65520.5,75283.1,65478.0,65540.4
2026-05-20 15:50:00,65741.9,75537.4,65775.2,65726.3
2026-05-20 15:55:00,65895.4,75713.8,65919.1,65884.3
2026-05-20 16:00:00,65986.9,75819.0,65958.1,66000.4
2026-05-20 16:05:00,65952.8,75779.8,66016.5,65923.0
2026-05-20 16:10:00,66095.3,75943.5,66136.7,66075.9
2026-05-20 16:15:00,66254.2,76126.1,66265.3,66249.0
2026-05-20 16:20:00,66450.5,76351.6,66451.0,66450.2
2026-05-20 16:25:00,66584.9,76506.0,66650.2,66554.3
2026-05-20 16:30:00,66766.4,76714.5,66746.1,66775.9
2026-05-20 16:35:00,66885.2,76851.1,66943.0,66858.1
2026-05-20 16:40:00,67060.8,77052.8,67052.3,67064.8
2026-05-20 16:45:00,67168.6,77176.7,67239.7,67135.2
2026-05-20 16:50:00,67192.5,77204.2,67291.9,67146.0
2026-05-20 16:55:00,67172.2,77180.8,67265.4,67128.5
2026-05-20 17:00:00,67077.3,77071.8,67188.3,67025.3
2026-05-20 17:05:00,66874.4,76838.7,67048.0,66793.1
2026-05-20 17:10:00,66877.0,76841.7,66973.1,66832.0
2026-05-20 17:15:00,66889.7,76856.2,66979.1,66847.8
2026-05-20 17:20:00,66953.5,76929.6,66973.2,66944.4
2026-05-20 17:25:00,66983.9,76964.6,67073.1,66942.2
2026-05-20 17:30:00,66969.0,76947.4,67042.0,66934.8
2026-05-20 17:35:00,66987.0,76968.0,67060.2,66952.6
2026-05-20 17:40:00,66983.4,76964.0,67052.0,66951.3
2026-05-20 17:45:00,66982.2,76962.6,67045.6,66952.5
2026-05-20 17:50:00,66950.6,76926.3,67014.3,66920.8
2026-05-20 17:55:00,66897.5,76865.2,66888.8,66901.5
2026-05-20 18:00:00,66869.3,76832.9,66873.6,66867.4
2026-05-20 18:05:00,66725.8,76667.9,66819.2,66682.1
2026-05-20 18:10:00,66728.4,76671.0,66733.1,66726.2
2026-05-20 18:15:00,66753.2,76699.5,66757.9,66751.1
2026-05-20 18:20:00,66782.3,76732.9,66854.2,66748.6
2026-05-20 18:25:00,66856.8,76818.4,66872.4,66849.5
2026-05-20 18:30:00,66894.6,76861.9,66971.5,66858.6
2026-05-20 18:35:00,66936.6,76910.2,66951.5,66929.6
2026-05-20 18:40:00,66921.3,76892.5,66929.7,66917.3
2026-05-20 18:45:00,66923.7,76895.4,66934.8,66918.5
2026-05-20 18:50:00,66885.9,76851.8,66906.3,66876.3
2026-05-20 18:55:00,66862.5,76825.0,66874.2,66857.0
2026-05-20 19:00:00,66788.3,76739.8,66816.5,66775.1
2026-05-20 19:05:00,66735.8,76679.5,66725.4,66740.7
2026-05-20 19:10:00,66686.4,76622.6,66673.2,66692.5
2026-05-20 19:15:00,66687.8,76624.3,66660.8,66700.4
2026-05-20 19:20:00,66684.9,76620.9,66659.3,66696.9
2026-05-20 19:25:00,66678.4,76613.4,66653.9,66689.8
2026-05-20 19:30:00,66664.9,76598.0,66641.1,66676.1
2026-05-20 19:35:00,66626.1,76553.4,66656.1,66612.1
2026-05-20 19:40:00,66604.2,76528.3,66550.9,66629.2
2026-05-20 19:45:00,66606.9,76531.3,66556.6,66630.4
2026-05-20 19:50:00,66575.0,76494.6,66540.8,66591.0
2026-05-20 19:55:00,66554.1,76470.6,66500.3,66579.3
2026-05-20 20:00:00,66446.6,76347.2,66473.0,66434.2
2026-05-20 20:05:00,66353.9,76240.6,66381.7,66340.9
2026-05-20 20:10:00,66367.1,76255.8,66333.1,66383.0
2026-05-20 20:15:00,66362.8,76250.9,66315.5,66385.0
2026-05-20 20:20:00,66348.7,76234.7,66310.0,66366.9
2026-05-20 20:25:00,66274.3,76149.2,66288.7,66267.6
2026-05-20 20:30:00,66208.0,76073.0,66145.1,66237.5
2026-05-20 20:35:00,66142.4,75997.6,66075.3,66173.9
2026-05-20 20:40:00,66066.6,75910.6,66067.3,66066.3
2026-05-20 20:45:00,66040.6,75880.7,65983.2,66067.6
2026-05-20 20:50:00,65914.3,75735.5,65958.6,65893.5
2026-05-20 20:55:00,65812.5,75618.6,65836.7,65801.2
2026-05-20 21:00:00,65521.0,75283.6,65521.7,65520.7
2026-05-20 21:05:00,65280.7,75007.5,65396.8,65226.3
2026-05-20 21:10:00,65121.9,74825.1,65125.7,65120.2
2026-05-20 21:15:00,64935.8,74611.3,64909.5,64948.2
2026-05-20 21:20:00,64726.6,74370.8,64712.5,64733.2
2026-05-20 21:25:00,64560.0,74179.5,64545.7,64566.8
2026-05-20 21:30:00,64408.7,74005.5,64443.3,64392.4
2026-05-20 21:35:00,64312.7,73895.3,64274.7,64330.6
2026-05-20 21:40:00,64184.7,73748.3,64157.2,64197.6
2026-05-20 21:45:00,64015.3,73553.6,64065.4,63991.9
2026-05-20 21:50:00,63869.8,73386.4,63879.0,63865.5
2026-05-20 21:55:00,63700.7,73192.2,63720.8,63691.3
2026-05-20 22:00:00,63503.1,72965.1,63583.7,63465.3
2026-05-20 22:05:00,63533.9,73000.4,63507.5,63546.2
2026-05-20 22:10:00,63434.0,72885.6,63455.2,63424.0
2026-05-20 22:15:00,63295.5,72726.5,63342.4,63273.5
2026-05-20 22:20:00,63163.4,72574.7,63132.9,63177.7
2026-05-20 22:25:00,63037.2,72429.8,63040.1,63035.9
2026-05-20 22:30:00,62830.3,72192.1,62795.9,62846.5
2026-05-20 22:35:00,62681.5,72021.1,62664.5,62689.5
2026-05-20 22:40:00,62568.1,71890.7,62562.1,62570.9
2026-05-20 22:45:00,62393.8,71690.4,62374.1,62403.0
2026-05-20 22:50:00,62243.2,71517.4,62275.1,62228.2
2026-05-20 22:55:00,62096.3,71348.7,62125.0,62082.9
2026-05-20 23:00:00,62102.7,71356.0,62089.2,62109.0
2026-05-20 23:05:00,62546.9,71866.4,62468.8,62583.5
2026-05-20 23:10:00,62536.5,71854.4,62522.0,62543.3
2026-05-20 23:15:00,62345.3,71634.8,62331.8,62351.7
2026-05-20 23:20:00,62104.7,71358.3,62037.4,62136.3
2026-05-20 23:25:00,61868.4,71086.8,61755.6,61921.3
2026-05-20 23:30:00,61485.9,70647.3,61450.3,61502.6
2026-05-20 23:35:00,61114.8,70220.9,61113.1,61115.7
2026-05-20 23:40:00,60689.4,69732.2,60697.8,60685.5
2026-05-20 23:45:00,60334.6,69324.5,60360.8,60322.4
2026-05-20 23:50:00,59954.8,68888.0,59948.9,59957.5
2026-05-20 23:55:00,59480.2,68342.8,59511.2,59465.7
2026-05-21 00:00:00,58853.3,67622.4,58910.0,58826.7
2026-05-21 00:05:00,58660.8,67401.2,58638.2,58671.3
2026-05-21 00:10:00,58382.7,67081.7,58346.8,58399.6
2026-05-21 00:15:00,58145.6,66809.3,58091.4,58171.0
2026-05-21 00:20:00,57950.0,66584.5,57876.8,57984.2
2026-05-21 00:25:00,57749.6,66354.3,57725.8,57760.8
2026-05-21 00:30:00,57515.3,66085.1,57518.0,57514.1
2026-05-21 00:35:00,57232.0,65759.6,57278.2,57210.4
2026-05-21 00:40:00,56995.2,65487.5,57037.3,56975.5
2026-05-21 00:45:00,56783.4,65244.1,56770.0,56789.7
2026-05-21 00:50:00,56638.9,65078.1,56595.9,56659.0
2026-05-21 00:55:00,56512.4,64932.8,56471.2,56531.7
2026-05-21 01:00:00,56386.2,64787.8,56379.9,56389.2
2026-05-21 01:05:00,56328.6,64721.5,56345.5,56320.6
2026-05-21 01:10:00,56205.7,64580.3,56202.6,56207.1
2026-05-21 01:15:00,56134.3,64498.4,56083.7,56158.1
2026-05-21 01:20:00,56076.2,64431.5,56086.8,56071.2
2026-05-21 01:25:00,56032.2,64381.0,55991.7,56051.1
2026-05-21 01:30:00,55988.7,64331.0,56007.1,55980.1
2026-05-21 01:35:00,55933.1,64267.2,55934.9,55932.3
2026-05-21 01:40:00,55847.0,64168.2,55885.4,55829.0
2026-05-21 01:45:00,55815.5,64132.0,55768.8,55837.4
2026-05-21 01:50:00,55733.8,64038.1,55788.5,55708.1
2026-05-21 01:55:00,55723.4,64026.2,55690.8,55738.8
2026-05-21 02:00:00,55679.5,63975.8,55664.2,55686.7
2026-05-21 02:05:00,55638.9,63929.1,55621.3,55647.1
2026-05-21 02:10:00,55601.7,63886.4,55579.7,55612.1
2026-05-21 02:15:00,55586.9,63869.4,55575.3,55592.4
2026-05-21 02:20:00,55525.0,63798.3,55571.3,55503.4
2026-05-21 02:25:00,55492.5,63760.9,55470.6,55502.7
2026-05-21 02:30:00,55479.5,63745.9,55459.8,55488.7
2026-05-21 02:35:00,55404.1,63659.3,55489.3,55364.2
2026-05-21 02:40:00,55350.0,63597.2,55346.8,55351.5
2026-05-21 02:45:00,55273.3,63509.0,55350.2,55237.2
2026-05-21 02:50:00,55241.4,63472.4,55249.2,55237.8
2026-05-21 02:55:00,55176.7,63398.0,55244.4,55145.0
2026-05-21 03:00:00,55109.2,63320.5,55099.5,55113.8
2026-05-21 03:05:00,55080.8,63287.9,55059.1,55091.0
2026-05-21 03:10:00,55033.5,63233.4,55038.5,55031.1
2026-05-21 03:15:00,55030.7,63230.3,55033.7,55029.3
2026-05-21 03:20:00,55021.4,63219.6,55030.4,55017.3
2026-05-21 03:25:00,55024.2,63222.8,55033.5,55019.8
2026-05-21 03:30:00,55038.7,63239.5,55026.8,55044.3
2026-05-21 03:35:00,55031.0,63230.7,55077.0,55009.5
2026-05-21 03:40:00,54998.3,63193.1,55014.9,54990.5
2026-05-21 03:45:00,54935.7,63121.2,55020.0,54896.3
2026-05-21 03:50:00,54895.7,63075.1,54878.7,54903.6
2026-05-21 03:55:00,54900.8,63081.0,54884.7,54908.4
2026-05-21 04:00:00,54986.7,63179.7,54925.4,55015.4
2026-05-21 04:05:00,55087.8,63295.8,55131.2,55067.4
2026-05-21 04:10:00,55129.4,63343.7,55097.6,55144.3
2026-05-21 04:15:00,55160.9,63379.9,55189.3,55147.7
2026-05-21 04:20:00,55212.3,63438.9,55182.9,55226.1
2026-05-21 04:25:00,55218.9,63446.5,55189.2,55232.8
2026-05-21 04:30:00,55213.6,63440.4,55181.0,55228.8
2026-05-21 04:35:00,55260.0,63493.7,55233.1,55272.6
2026-05-21 04:40:00,55329.3,63573.4,55303.7,55341.4
2026-05-21 04:45:00,55331.1,63575.4,55312.4,55339.8
2026-05-21 04:50:00,55340.0,63585.7,55352.9,55334.0
2026-05-21 04:55:00,55383.7,63635.9,55351.8,55398.7
2026-05-21 05:00:00,55503.8,63773.9,55510.6,55500.6
2026-05-21 05:05:00,55676.4,63972.2,55709.0,55661.2
2026-05-21 05:10:00,55732.4,64036.5,55734.6,55731.4
2026-05-21 05:15:00,55803.0,64117.7,55828.7,55791.0
2026-05-21 05:20:00,55872.2,64197.2,55933.4,55843.5
2026-05-21 05:25:00,55939.2,64274.1,55936.4,55940.5
2026-05-21 05:30:00,55974.5,64314.7,56050.3,55938.9
2026-05-21 05:35:00,56143.5,64508.9,56120.2,56154.5
2026-05-21 05:40:00,56235.9,64615.1,56285.4,56212.8
2026-05-21 05:45:00,56299.6,64688.2,56278.6,56309.4
2026-05-21 05:50:00,56389.2,64791.2,56375.0,56395.8
2026-05-21 05:55:00,56531.0,64954.1,56466.4,56561.3
2026-05-21 06:00:00,56721.4,65172.9,56721.5,56721.4
2026-05-21 06:05:00,57062.0,65564.3,57060.9,57062.5
2026-05-21 06:10:00,57273.2,65806.9,57221.6,57297.4
2026-05-21 06:15:00,57431.1,65988.3,57372.3,57458.7
2026-05-21 06:20:00,57544.6,66118.8,57526.4,57553.2
2026-05-21 06:25:00,57717.5,66317.4,57659.9,57744.4
2026-05-21 06:30:00,57765.4,66372.4,57831.1,57734.6
2026-05-21 06:35:00,57982.7,66622.1,57987.2,57980.6
2026-05-21 06:40:00,58076.0,66729.3,58107.9,58061.1
2026-05-21 06:45:00,58182.9,66852.1,58199.6,58175.1
2026-05-21 06:50:00,58272.3,66954.9,58289.2,58264.3
2026-05-21 06:55:00,58365.7,67062.2,58368.1,58364.5
2026-05-21 07:00:00,58647.3,67385.8,58621.0,58659.7
2026-05-21 07:05:00,59100.7,67906.7,59078.1,59111.2
2026-05-21 07:10:00,59333.6,68174.3,59340.8,59330.2
2026-05-21 07:15:00,59547.3,68419.9,59522.7,59558.9
2026-05-21 07:20:00,59653.5,68541.9,59683.3,59639.6
2026-05-21 07:25:00,59722.6,68621.3,59759.5,59705.3
2026-05-21 07:30:00,59830.0,68744.7,59780.5,59853.2
2026-05-21 07:35:00,59996.3,68935.8,59994.0,59997.4
2026-05-21 07:40:00,60055.2,69003.4,60071.4,60047.6
2026-05-21 07:45:00,60054.8,69002.9,60082.0,60042.1
2026-05-21 07:50:00,60064.9,69014.6,60090.3,60053.0
2026-05-21 07:55:00,60111.1,69067.6,60094.9,60118.6
2026-05-21 08:00:00,60387.8,69385.6,60428.7,60368.7
2026-05-21 08:05:00,60886.5,69958.6,60864.4,60896.8
2026-05-21 08:10:00,61180.2,70296.0,61179.0,61180.7
2026-05-21 08:15:00,61417.3,70568.5,61425.6,61413.4
2026-05-21 08:20:00,61585.1,70761.2,61505.9,61622.2
2026-05-21 08:25:00,61735.9,70934.5,61721.0,61742.8
2026-05-21 08:30:00,61815.9,71026.5,61840.4,61804.5
2026-05-21 08:35:00,62045.3,71290.1,62011.4,62061.3
2026-05-21 08:40:00,62082.6,71332.9,62095.2,62076.7
2026-05-21 08:45:00,62063.5,71310.9,62091.2,62050.5
2026-05-21 08:50:00,62044.8,71289.5,62094.6,62021.5
2026-05-21 08:55:00,62013.5,71253.5,62050.4,61996.1
2026-05-21 09:00:00,61933.3,71161.3,61970.6,61915.8
2026-05-21 09:05:00,61962.2,71194.5,62044.4,61923.6
2026-05-21 09:10:00,61992.5,71229.4,62053.7,61963.9
2026-05-21 09:15:00,62032.1,71274.9,62092.3,62003.9
2026-05-21 09:20:00,62063.3,71310.7,62068.2,62060.9
2026-05-21 09:25:00,62049.5,71294.8,62060.1,62044.5
2026-05-21 09:30:00,62025.9,71267.8,61984.6,62045.3
2026-05-21 09:35:00,62026.4,71268.3,61996.0,62040.6
2026-05-21 09:40:00,61973.1,71207.0,61950.1,61983.8
2026-05-21 09:45:00,61906.4,71130.5,61861.6,61927.4
2026-05-21 09:50:00,61803.3,71012.0,61738.4,61833.7
2026-05-21 09:55:00,61714.7,70910.2,61667.1,61737.0
2026-05-21 10:00:00,61544.7,70714.8,61537.2,61548.1
2026-05-21 10:05:00,61605.1,70784.3,61662.3,61578.3
2026-05-21 10:10:00,61643.8,70828.8,61629.9,61650.4
2026-05-21 10:15:00,61856.9,71073.6,61815.5,61876.3
2026-05-21 10:20:00,61913.5,71138.6,61859.9,61938.6
2026-05-21 10:25:00,61942.5,71171.9,61854.7,61983.6
2026-05-21 10:30:00,61858.0,71074.9,61843.3,61864.9
2026-05-21 10:35:00,61799.6,71007.8,61765.3,61815.7
2026-05-21 10:40:00,61688.9,70880.5,61684.2,61691.1
2026-05-21 10:45:00,61579.9,70755.3,61592.1,61574.2
2026-05-21 10:50:00,61484.6,70645.8,61482.0,61485.8
2026-05-21 10:55:00,61405.8,70555.3,61398.4,61409.3
2026-05-21 11:00:00,61246.2,70371.9,61272.0,61234.2
2026-05-21 11:05:00,61181.7,70297.8,61257.4,61146.3
2026-05-21 11:10:00,61117.9,70224.4,61119.0,61117.4
2026-05-21 11:15:00,60975.1,70060.4,61000.4,60963.2
2026-05-21 11:20:00,60773.7,69828.9,60845.7,60739.9
2026-05-21 11:25:00,60579.2,69605.5,60627.4,60556.6
2026-05-21 11:30:00,60348.1,69340.0,60394.2,60326.5
2026-05-21 11:35:00,60158.5,69122.1,60130.8,60171.5
2026-05-21 11:40:00,59961.9,68896.2,59897.1,59992.3
2026-05-21 11:45:00,59698.1,68593.2,59741.0,59678.1
2026-05-21 11:50:00,59413.4,68266.0,59382.3,59427.9
2026-05-21 11:55:00,59034.5,67830.7,59006.8,59047.5
2026-05-21 12:00:00,58583.0,67311.8,58576.1,58586.2
2026-05-21 12:05:00,58582.0,67310.7,58506.1,58617.5
2026-05-21 12:10:00,58521.1,67240.8,58481.1,58539.9
2026-05-21 12:15:00,58464.1,67175.3,58460.4,58465.9
2026-05-21 12:20:00,58344.0,67037.3,58377.9,58328.2
2026-05-21 12:25:00,58208.7,66881.8,58316.3,58158.3
2026-05-21 12:30:00,58058.2,66708.9,58078.1,58048.9
2026-05-21 12:35:00,57987.8,66628.0,58088.0,57940.8
2026-05-21 12:40:00,58028.1,66674.3,58055.0,58015.5
2026-05-21 12:45:00,58071.2,66723.8,58067.0,58073.2
2026-05-21 12:50:00,58202.8,66875.0,58251.9,58179.8
2026-05-21 12:55:00,58410.0,67113.0,58377.9,58425.0
2026-05-21 13:00:00,58826.0,67591.1,58706.7,58881.9
2026-05-21 13:05:00,59149.8,67963.1,59115.8,59165.7
2026-05-21 13:10:00,59405.5,68256.9,59344.0,59434.3
2026-05-21 13:15:00,59633.4,68518.8,59601.9,59648.2
2026-05-21 13:20:00,59818.1,68731.1,59835.2,59810.2
2026-05-21 13:25:00,60046.1,68992.9,60060.5,60039.3
2026-05-21 13:30:00,60245.3,69221.8,60263.8,60236.6
2026-05-21 13:35:00,60502.2,69517.1,60483.8,60510.9
2026-05-21 13:40:00,60696.4,69740.1,60748.2,60672.1
2026-05-21 13:45:00,60852.0,69919.0,60912.5,60823.7
2026-05-21 13:50:00,60992.4,70080.2,61059.0,60961.1
2026-05-21 13:55:00,61157.4,70269.9,61141.3,61165.0
2026-05-21 14:00:00,61300.9,70434.7,61295.7,61303.3
2026-05-21 14:05:00,61383.1,70529.2,61423.2,61364.3
2026-05-21 14:10:00,61516.4,70682.3,61536.3,61507.0
2026-05-21 14:15:00,61645.5,70830.7,61634.8,61650.5
2026-05-21 14:20:00,61761.2,70963.6,61772.6,61755.8
2026-05-21 14:25:00,61933.0,71161.1,61883.2,61956.4
2026-05-21 14:30:00,62048.2,71293.4,62068.3,62038.8
2026-05-21 14:35:00,62160.2,71422.1,62152.9,62163.7
2026-05-21 14:40:00,62257.6,71533.9,62267.1,62253.1
2026-05-21 14:45:00,62337.1,71625.4,62359.0,62326.9
2026-05-21 14:50:00,62412.0,71711.3,62430.8,62403.1
2026-05-21 14:55:00,62479.2,71788.6,62512.9,62463.4
2026-05-21 15:00:00,62489.6,71800.6,62570.8,62451.6
2026-05-21 15:05:00,62561.9,71883.6,62596.1,62545.8
2026-05-21 15:10:00,62700.4,72042.7,62708.8,62696.4
2026-05-21 15:15:00,62969.7,72352.2,62951.8,62978.1
2026-05-21 15:20:00,63217.2,72636.6,63201.0,63224.8
2026-05-21 15:25:00,63434.2,72885.9,63416.0,63442.8
2026-05-21 15:30:00,63629.7,73110.5,63656.0,63617.4
2026-05-21 15:35:00,63852.4,73366.4,63866.1,63846.0
2026-05-21 15:40:00,64092.7,73642.5,64049.6,64112.9
2026-05-21 15:45:00,64259.1,73833.7,64349.6,64216.7
2026-05-21 15:50:00,64492.6,74102.0,64513.5,64482.9
2026-05-21 15:55:00,64720.1,74363.4,64671.9,64742.7
2026-05-21 16:00:00,64857.8,74521.6,64799.1,64885.3
2026-05-21 16:05:00,64852.1,74515.0,64894.9,64832.0
2026-05-21 16:10:00,64990.6,74674.2,65017.2,64978.1
2026-05-21 16:15:00,65168.6,74878.7,65185.0,65160.9
2026-05-21 16:20:00,65337.6,75072.9,65361.6,65326.4
2026-05-21 16:25:00,65483.3,75240.3,65526.3,65463.2
2026-05-21 16:30:00,65648.0,75429.6,65615.3,65663.4
2026-05-21 16:35:00,65789.3,75591.9,65854.6,65758.7
2026-05-21 16:40:00,65927.9,75751.2,65919.7,65931.8
2026-05-21 16:45:00,66034.0,75873.1,66118.7,65994.4
2026-05-21 16:50:00,66145.7,76001.4,66188.8,66125.5
2026-05-21 16:55:00,66268.0,76142.0,66245.0,66278.8
2026-05-21 17:00:00,66301.0,76179.9,66296.6,66303.1
2026-05-21 17:05:00,66189.3,76051.5,66239.7,66165.7
2026-05-21 17:10:00,66286.2,76162.8,66291.3,66283.8
2026-05-21 17:15:00,66382.7,76273.8,66370.2,66388.6
2026-05-21 17:20:00,66470.5,76374.6,66471.2,66470.1
2026-05-21 17:25:00,66563.1,76481.0,66568.0,66560.8
2026-05-21 17:30:00,66612.5,76537.8,66660.2,66590.2
2026-05-21 17:35:00,66670.4,76604.3,66664.2,66673.4
2026-05-21 17:40:00,66750.1,76695.8,66744.4,66752.7
2026-05-21 17:45:00,66807.1,76761.4,66855.5,66784.4
2026-05-21 17:50:00,66829.6,76787.2,66828.7,66830.0
2026-05-21 17:55:00,66802.2,76755.7,66779.9,66812.6
2026-05-21 18:00:00,66794.9,76747.3,66758.1,66812.1
2026-05-21 18:05:00,66712.9,76653.1,66715.4,66711.7
2026-05-21 18:10:00,66724.1,76666.0,66718.7,66726.7
2026-05-21 18:15:00,66753.9,76700.2,66745.6,66757.8
2026-05-21 18:20:00,66781.9,76732.4,66835.4,66756.9
2026-05-21 18:25:00,66858.0,76819.8,66853.8,66859.9
2026-05-21 18:30:00,66891.2,76858.0,66938.6,66869.0
2026-05-21 18:35:00,66932.1,76905.0,66946.8,66925.3
2026-05-21 18:40:00,66917.1,76887.7,66925.8,66913.0
2026-05-21 18:45:00,66919.5,76890.5,66930.9,66914.2
2026-05-21 18:50:00,66879.7,76844.8,66897.7,66871.2
2026-05-21 18:55:00,66855.9,76817.4,66863.2,66852.5
2026-05-21 19:00:00,66779.8,76730.0,66802.5,66769.2
2026-05-21 19:05:00,66721.3,76662.8,66710.4,66726.4
2026-05-21 19:10:00,66677.0,76611.9,66660.4,66684.8
2026-05-21 19:15:00,66682.2,76617.9,66655.4,66694.8
2026-05-21 19:20:00,66678.9,76614.1,66654.0,66690.6
2026-05-21 19:25:00,66673.1,76607.4,66646.1,66685.7
2026-05-21 19:30:00,66660.8,76593.2,66636.8,66672.0
2026-05-21 19:35:00,66621.3,76547.9,66649.6,66608.0
2026-05-21 19:40:00,66599.7,76523.0,66545.2,66625.2
2026-05-21 19:45:00,66606.0,76530.3,66562.6,66626.4
2026-05-21 19:50:00,66568.9,76487.7,66531.9,66586.3
2026-05-21 19:55:00,66546.8,76462.2,66489.4,66573.6
2026-05-21 20:00:00,66439.9,76339.5,66460.8,66430.1
2026-05-21 20:05:00,66336.2,76220.2,66367.8,66321.3
2026-05-21 20:10:00,66288.1,76165.0,66323.9,66271.3
2026-05-21 20:15:00,66251.4,76122.9,66203.4,66273.9
2026-05-21 20:20:00,66232.9,76101.7,66184.2,66255.8
2026-05-21 20:25:00,66173.8,76033.7,66177.3,66172.2
2026-05-21 20:30:00,66110.0,75960.4,66041.2,66142.2
2026-05-21 20:35:00,66036.3,75875.7,65986.9,66059.4
2026-05-21 20:40:00,65966.5,75795.5,65979.6,65960.3
2026-05-21 20:45:00,65903.6,75723.2,65872.5,65918.2
2026-05-21 20:50:00,65779.3,75580.5,65732.3,65801.4
2026-05-21 20:55:00,65656.6,75439.4,65624.8,65671.4
2026-05-21 21:00:00,65401.4,75146.2,65425.7,65390.0
2026-05-21 21:05:00,65161.5,74870.6,65178.3,65153.6
2026-05-21 21:10:00,65021.7,74710.0,64994.0,65034.8
2026-05-21 21:15:00,64837.9,74498.8,64806.5,64852.6
2026-05-21 21:20:00,64644.6,74276.7,64619.3,64656.5
2026-05-21 21:25:00,64469.4,74075.3,64449.8,64478.6
2026-05-21 21:30:00,64342.1,73929.0,64357.5,64334.8
2026-05-21 21:35:00,64190.5,73754.9,64175.2,64197.6
2026-05-21 21:40:00,64005.5,73542.3,64052.6,63983.4
2026-05-21 21:45:00,63838.2,73350.1,63890.8,63813.5
2026-05-21 21:50:00,63697.0,73187.8,63720.3,63686.0
2026-05-21 21:55:00,63514.0,72977.5,63560.4,63492.2
2026-05-21 22:00:00,63266.5,72693.2,63273.0,63263.5
2026-05-21 22:05:00,63383.1,72827.1,63319.4,63412.9
2026-05-21 22:10:00,63307.4,72740.2,63302.3,63309.8
2026-05-21 22:15:00,63164.5,72576.0,63150.2,63171.2
2026-05-21 22:20:00,63072.0,72469.7,63072.0,63072.0
2026-05-21 22:25:00,62934.7,72312.0,62912.3,62945.2
2026-05-21 22:30:00,62748.5,72098.0,62722.0,62760.9
2026-05-21 22:35:00,62604.8,71933.0,62563.1,62624.4
2026-05-21 22:40:00,62462.5,71769.4,62448.6,62469.1
2026-05-21 22:45:00,62277.5,71556.9,62283.5,62274.7
2026-05-21 22:50:00,62094.5,71346.6,62124.0,62080.7
2026-05-21 22:55:00,61885.0,71105.8,61891.3,61882.0
2026-05-21 23:00:00,61910.3,71134.9,61892.4,61918.7
2026-05-21 23:05:00,62329.4,71616.5,62279.6,62352.7
2026-05-21 23:10:00,62345.9,71635.4,62328.8,62353.9
2026-05-21 23:15:00,62176.6,71440.9,62151.4,62188.4
2026-05-21 23:20:00,61925.8,71152.8,61881.2,61946.8
2026-05-21 23:25:00,61715.4,70911.0,61674.2,61734.7
2026-05-21 23:30:00,61364.9,70508.3,61285.1,61402.3
2026-05-21 23:35:00,60973.1,70058.1,60978.8,60970.4
2026-05-21 23:40:00,60597.0,69626.0,60636.5,60578.5
2026-05-21 23:45:00,60256.0,69234.1,60278.8,60245.3
2026-05-21 23:50:00,59930.0,68859.5,59910.3,59939.2
2026-05-21 23:55:00,59477.7,68339.9,59512.8,59461.3
2026-05-22 00:00:00,58859.2,67629.2,58922.1,58829.7
2026-05-22 00:05:00,58651.2,67390.3,58632.7,58659.9
2026-05-22 00:10:00,58377.3,67075.6,58337.6,58396.0
2026-05-22 00:15:00,58140.3,66803.2,58084.3,58166.6
2026-05-22 00:20:00,57904.3,66532.1,57874.0,57918.5
2026-05-22 00:25:00,57611.9,66196.0,57578.3,57627.6
2026-05-22 00:30:00,57331.6,65874.0,57340.3,57327.5
2026-05-22 00:35:00,57055.6,65556.9,57099.1,57035.2
2026-05-22 00:40:00,56861.5,65333.9,56856.3,56864.0
2026-05-22 00:45:00,56697.8,65145.7,56678.3,56706.9
2026-05-22 00:50:00,56535.3,64959.1,56488.0,56557.5
2026-05-22 00:55:00,56342.2,64737.2,56295.8,56364.0
2026-05-22 01:00:00,56183.6,64554.9,56180.7,56184.9
2026-05-22 01:05:00,56113.2,64474.1,56125.5,56107.5
2026-05-22 01:10:00,55996.5,64340.0,55962.1,56012.6
2026-05-22 01:15:00,55857.7,64180.5,55857.0,55858.1
2026-05-22 01:20:00,55792.9,64106.1,55756.4,55810.0
2026-05-22 01:25:00,55707.1,64007.4,55645.9,55735.7
2026-05-22 01:30:00,55605.5,63890.7,55627.5,55595.2
2026-05-22 01:35:00,55602.3,63887.0,55568.1,55618.3
2026-05-22 01:40:00,55565.6,63844.8,55548.4,55573.6
2026-05-22 01:45:00,55458.4,63721.7,55454.2,55460.3
2026-05-22 01:50:00,55398.8,63653.3,55444.1,55377.6
2026-05-22 01:55:00,55347.1,63593.8,55325.3,55357.3
2026-05-22 02:00:00,55267.6,63502.5,55306.3,55249.5
2026-05-22 02:05:00,55285.3,63522.8,55265.4,55294.6
2026-05-22 02:10:00,55261.0,63494.9,55239.8,55270.9
2026-05-22 02:15:00,55240.4,63471.2,55240.5,55240.3
2026-05-22 02:20:00,55156.3,63374.6,55213.5,55129.6
2026-05-22 02:25:00,55118.7,63331.3,55090.2,55132.0
2026-05-22 02:30:00,55033.5,63233.5,55090.2,55006.9
2026-05-22 02:35:00,55022.9,63221.4,55022.2,55023.3
2026-05-22 02:40:00,55006.8,63202.8,55005.3,55007.6
2026-05-22 02:45:00,55033.8,63233.8,55022.8,55039.0
2026-05-22 02:50:00,55032.9,63232.8,55018.8,55039.5
2026-05-22 02:55:00,54987.8,63181.0,55019.2,54973.1
2026-05-22 03:00:00,54888.1,63066.4,54979.6,54845.2
2026-05-22 03:05:00,54896.6,63076.2,54888.2,54900.5
2026-05-22 03:10:00,54882.3,63059.8,54874.7,54885.8
2026-05-22 03:15:00,54886.7,63064.9,54872.0,54893.6
2026-05-22 03:20:00,54885.0,63062.9,54877.1,54888.8
2026-05-22 03:25:00,54900.7,63081.0,54878.7,54911.1
2026-05-22 03:30:00,54897.6,63077.4,54879.8,54905.9
2026-05-22 03:35:00,54929.2,63113.6,54915.0,54935.8
2026-05-22 03:40:00,54910.2,63091.8,54890.0,54919.7
2026-05-22 03:45:00,54909.7,63091.2,54894.2,54916.9
2026-05-22 03:50:00,54907.6,63088.8,54889.4,54916.1
2026-05-22 03:55:00,54912.6,63094.6,54889.0,54923.7
2026-05-22 04:00:00,54990.2,63183.8,54930.8,55018.1
2026-05-22 04:05:00,55091.0,63299.6,55132.9,55071.4
2026-05-22 04:10:00,55131.9,63346.5,55098.9,55147.3
2026-05-22 04:15:00,55165.9,63385.6,55198.1,55150.7
2026-05-22 04:20:00,55219.0,63446.6,55192.2,55231.5
2026-05-22 04:25:00,55224.2,63452.6,55198.6,55236.2
2026-05-22 04:30:00,55218.4,63446.0,55191.6,55231.0
2026-05-22 04:35:00,55262.4,63496.5,55241.6,55272.1
2026-05-22 04:40:00,55330.7,63575.0,55312.7,55339.1
2026-05-22 04:45:00,55328.7,63572.7,55309.6,55337.6
2026-05-22 04:50:00,55336.7,63581.9,55350.1,55330.4
2026-05-22 04:55:00,55379.8,63631.4,55349.0,55394.2
2026-05-22 05:00:00,55505.2,63775.4,55511.3,55502.3
2026-05-22 05:05:00,55674.3,63969.8,55698.5,55662.9
2026-05-22 05:10:00,55731.7,64035.7,55730.6,55732.2
2026-05-22 05:15:00,55802.6,64117.2,55824.9,55792.1
2026-05-22 05:20:00,55871.8,64196.7,55929.7,55844.7
2026-05-22 05:25:00,55939.1,64274.0,55933.0,55941.9
2026-05-22 05:30:00,55974.2,64314.3,56048.7,55939.3
2026-05-22 05:35:00,56140.9,64505.9,56117.0,56152.0
2026-05-22 05:40:00,56233.8,64612.6,56281.6,56211.4
2026-05-22 05:45:00,56296.6,64684.8,56274.8,56306.8
2026-05-22 05:50:00,56385.3,64786.7,56371.2,56391.9
2026-05-22 05:55:00,56526.4,64948.9,56462.6,56556.3
2026-05-22 06:00:00,56702.9,65151.6,56714.0,56697.7
2026-05-22 06:05:00,57041.0,65540.2,57045.7,57038.9
2026-05-22 06:10:00,57196.1,65718.3,57213.0,57188.2
2026-05-22 06:15:00,57359.5,65906.1,57343.9,57366.8
2026-05-22 06:20:00,57517.2,66087.3,57442.6,57552.2
2026-05-22 06:25:00,57633.2,66220.6,57627.7,57635.8
2026-05-22 06:30:00,57733.5,66335.8,57733.3,57733.5
2026-05-22 06:35:00,57933.0,66565.0,57883.7,57956.0
2026-05-22 06:40:00,58043.2,66691.6,58008.8,58059.3
2026-05-22 06:45:00,58178.6,66847.2,58190.9,58172.9
2026-05-22 06:50:00,58268.4,66950.4,58280.5,58262.7
2026-05-22 06:55:00,58353.9,67048.7,58359.4,58351.4
2026-05-22 07:00:00,58623.9,67358.8,58612.6,58629.1
2026-05-22 07:05:00,59059.7,67859.6,59062.0,59058.6
2026-05-22 07:10:00,59313.9,68151.7,59335.6,59303.8
2026-05-22 07:15:00,59556.0,68429.9,59516.9,59574.4
2026-05-22 07:20:00,59658.2,68547.2,59673.9,59650.8
2026-05-22 07:25:00,59719.8,68618.0,59754.4,59703.5
2026-05-22 07:30:00,59826.6,68740.8,59774.2,59851.2
2026-05-22 07:35:00,59978.3,68915.0,59986.6,59974.4
2026-05-22 07:40:00,60019.1,68962.0,59984.6,60035.3
2026-05-22 07:45:00,60051.8,68999.5,60073.2,60041.8
2026-05-22 07:50:00,60061.5,69010.7,60081.6,60052.1
2026-05-22 07:55:00,60099.8,69054.7,60086.2,60106.2
2026-05-22 08:00:00,60367.7,69362.5,60432.0,60337.6
2026-05-22 08:05:00,60824.2,69886.9,60747.2,60860.2
2026-05-22 08:10:00,61119.9,70226.8,61065.8,61145.3
2026-05-22 08:15:00,61344.1,70484.4,61311.1,61359.6
2026-05-22 08:20:00,61469.7,70628.7,61498.2,61456.4
2026-05-22 08:25:00,61609.3,70789.1,61618.2,61605.2
2026-05-22 08:30:00,61648.6,70834.3,61637.4,61653.9
2026-05-22 08:35:00,61710.1,70905.0,61778.9,61678.0
2026-05-22 08:40:00,61725.8,70923.0,61660.4,61756.5
2026-05-22 08:45:00,61741.9,70941.4,61717.8,61753.2
2026-05-22 08:50:00,61721.1,70917.5,61715.7,61723.5
2026-05-22 08:55:00,61709.2,70903.9,61710.7,61708.6
2026-05-22 09:00:00,61583.1,70759.0,61568.0,61590.2
2026-05-22 09:05:00,61559.0,70731.3,61593.6,61542.8
2026-05-22 09:10:00,61557.0,70729.0,61561.8,61554.8
2026-05-22 09:15:00,61603.8,70782.8,61598.8,61606.1
2026-05-22 09:20:00,61520.6,70687.2,61522.9,61519.5
2026-05-22 09:25:00,61495.2,70658.0,61438.4,61521.8
2026-05-22 09:30:00,61403.3,70552.4,61376.3,61415.9
2026-05-22 09:35:00,61286.2,70417.9,61287.0,61285.9
2026-05-22 09:40:00,61145.1,70255.7,61148.1,61143.7
2026-05-22 09:45:00,61043.8,70139.3,61055.9,61038.1
2026-05-22 09:50:00,60947.3,70028.4,60944.5,60948.6
2026-05-22 09:55:00,60827.0,69890.2,60820.9,60829.8
2026-05-22 10:00:00,60590.4,69618.4,60586.1,60592.4
2026-05-22 10:05:00,60495.2,69509.0,60589.5,60451.0
2026-05-22 10:10:00,60441.5,69447.2,60500.3,60413.9
2026-05-22 10:15:00,60486.7,69499.2,60488.3,60486.0
2026-05-22 10:20:00,60460.4,69469.0,60480.6,60451.0
2026-05-22 10:25:00,60409.4,69410.4,60369.8,60428.0
2026-05-22 10:30:00,60267.9,69247.8,60270.0,60266.9
2026-05-22 10:35:00,60180.4,69147.3,60136.9,60200.7
2026-05-22 10:40:00,60062.4,69011.7,59998.7,60092.2
2026-05-22 10:45:00,60000.3,68940.3,59927.6,60034.3
2026-05-22 10:50:00,59923.1,68851.6,59911.6,59928.5
2026-05-22 10:55:00,59823.3,68737.0,59828.9,59820.7
2026-05-22 11:00:00,59681.8,68574.3,59735.0,59656.8
2026-05-22 11:05:00,59527.0,68396.6,59590.8,59497.2
2026-05-22 11:10:00,59466.0,68326.4,59406.1,59494.1
2026-05-22 11:15:00,59376.7,68223.8,59411.5,59360.4
2026-05-22 11:20:00,59270.7,68102.0,59279.9,59266.4
2026-05-22 11:25:00,59212.7,68035.4,59202.7,59217.4
2026-05-22 11:30:00,59085.6,67889.4,59063.0,59096.3
2026-05-22 11:35:00,59069.3,67870.6,58998.8,59102.3
2026-05-22 11:40:00,58961.5,67746.8,58946.7,58968.5
2026-05-22 11:45:00,58851.1,67619.9,58758.7,58894.4
2026-05-22 11:50:00,58648.6,67387.3,58587.6,58677.2
2026-05-22 11:55:00,58315.3,67004.3,58340.0,58303.7
2026-05-22 12:00:00,57788.9,66399.4,57878.5,57746.9
2026-05-22 12:05:00,57719.4,66319.5,57774.4,57693.5
2026-05-22 12:10:00,57723.1,66323.9,57698.4,57734.7
2026-05-22 12:15:00,57679.3,66273.5,57712.6,57663.7
2026-05-22 12:20:00,57645.0,66234.1,57724.7,57607.7
2026-05-22 12:25:00,57606.6,66190.0,57595.3,57611.8
2026-05-22 12:30:00,57532.4,66104.8,57522.8,57536.9
2026-05-22 12:35:00,57567.3,66144.9,57510.6,57593.9
2026-05-22 12:40:00,57703.0,66300.7,57687.4,57710.3
2026-05-22 12:45:00,57822.3,66437.8,57820.4,57823.2
2026-05-22 12:50:00,57986.1,66626.0,57943.9,58005.9
2026-05-22 12:55:00,58157.6,66823.1,58180.4,58146.9
2026-05-22 13:00:00,58491.7,67207.0,58506.0,58485.1
2026-05-22 13:05:00,58768.4,67524.9,58780.1,58762.9
2026-05-22 13:10:00,59052.0,67850.8,58996.7,59077.9
2026-05-22 13:15:00,59234.4,68060.3,59203.0,59249.0
2026-05-22 13:20:00,59433.7,68289.3,59377.8,59459.9
2026-05-22 13:25:00,59625.8,68510.0,59595.9,59639.8
2026-05-22 13:30:00,59840.4,68756.6,59871.9,59825.7
2026-05-22 13:35:00,60060.2,69009.2,60091.0,60045.8
2026-05-22 13:40:00,60260.8,69239.7,60220.9,60279.6
2026-05-22 13:45:00,60430.2,69434.4,60403.0,60443.0
2026-05-22 13:50:00,60507.0,69522.5,60545.8,60488.8
2026-05-22 13:55:00,60633.3,69667.7,60671.4,60615.5
2026-05-22 14:00:00,60709.1,69754.8,60725.9,60701.2
2026-05-22 14:05:00,60844.3,69910.1,60835.1,60848.6
2026-05-22 14:10:00,61012.6,70103.4,60947.2,61043.2
2026-05-22 14:15:00,61125.9,70233.7,61138.2,61120.2
2026-05-22 14:20:00,61233.8,70357.7,61195.2,61251.9
2026-05-22 14:25:00,61353.8,70495.5,61310.4,61374.2
2026-05-22 14:30:00,61395.7,70543.7,61473.6,61359.2
2026-05-22 14:35:00,61497.4,70660.5,61478.6,61506.1
2026-05-22 14:40:00,61595.6,70773.3,61577.3,61604.1
2026-05-22 14:45:00,61638.6,70822.8,61681.4,61618.5
2026-05-22 14:50:00,61701.2,70894.6,61748.6,61679.0
2026-05-22 14:55:00,61770.8,70974.7,61723.9,61792.8
2026-05-22 15:00:00,61825.7,71037.7,61851.0,61813.8
2026-05-22 15:05:00,61907.8,71132.0,61919.3,61902.4
2026-05-22 15:10:00,62032.6,71275.4,62035.8,62031.0
2026-05-22 15:15:00,62233.4,71506.2,62255.5,62223.1
2026-05-22 15:20:00,62417.1,71717.3,62440.4,62406.2
2026-05-22 15:25:00,62597.9,71924.9,62620.6,62587.2
2026-05-22 15:30:00,62719.7,72065.0,62751.3,62704.9
2026-05-22 15:35:00,62831.6,72193.5,62869.8,62813.7
2026-05-22 15:40:00,62980.9,72365.1,62978.3,62982.2
2026-05-22 15:45:00,63161.2,72572.3,63175.4,63154.6
2026-05-22 15:50:00,63368.3,72810.2,63361.4,63371.6
2026-05-22 15:55:00,63575.6,73048.3,63555.1,63585.1
2026-05-22 16:00:00,63707.2,73199.6,63659.9,63729.3
2026-05-22 16:05:00,63718.8,73213.0,63782.8,63688.9
2026-05-22 16:10:00,63828.0,73338.4,63887.4,63800.2
2026-05-22 16:15:00,63983.3,73516.8,64025.9,63963.3
2026-05-22 16:20:00,64131.9,73687.5,64179.6,64109.5
2026-05-22 16:25:00,64319.0,73902.6,64292.2,64331.6
2026-05-22 16:30:00,64483.2,74091.2,64440.3,64503.3
2026-05-22 16:35:00,64615.3,74242.9,64655.7,64596.3
2026-05-22 16:40:00,64756.1,74404.8,64775.3,64747.2
2026-05-22 16:45:00,64866.6,74531.7,64949.1,64827.9
2026-05-22 16:50:00,64928.7,74603.0,64982.7,64903.4
2026-05-22 16:55:00,64988.0,74671.2,64952.2,65004.8
2026-05-22 17:00:00,65018.5,74706.3,64996.9,65028.7
2026-05-22 17:05:00,64921.6,74594.9,64948.7,64908.9
2026-05-22 17:10:00,64990.0,74673.5,64987.9,64991.0
2026-05-22 17:15:00,65081.5,74778.7,65083.3,65080.7
2026-05-22 17:20:00,65151.1,74858.6,65169.2,65142.6
2026-05-22 17:25:00,65177.7,74889.2,65270.3,65134.4
2026-05-22 17:30:00,65240.6,74961.4,65251.0,65235.7
2026-05-22 17:35:00,65280.9,75007.7,65359.2,65244.2
2026-05-22 17:40:00,65339.7,75075.3,65344.4,65337.5
2026-05-22 17:45:00,65361.8,75100.7,65421.9,65333.7
2026-05-22 17:50:00,65374.2,75115.0,65395.4,65364.3
2026-05-22 17:55:00,65391.6,75134.9,65366.3,65403.5
2026-05-22 18:00:00,65394.3,75138.0,65364.4,65408.3
2026-05-22 18:05:00,65324.0,75057.3,65309.4,65330.8
2026-05-22 18:10:00,65337.8,75073.1,65317.1,65347.5
2026-05-22 18:15:00,65384.5,75126.7,65420.7,65367.5
2026-05-22 18:20:00,65418.2,75165.5,65395.9,65428.6
2026-05-22 18:25:00,65439.0,75189.4,65421.3,65447.3
2026-05-22 18:30:00,65488.0,75245.7,65559.2,65454.7
2026-05-22 18:35:00,65557.1,75325.1,65545.7,65562.4
2026-05-22 18:40:00,65634.8,75414.4,65623.7,65640.0
2026-05-22 18:45:00,65668.9,75453.6,65728.0,65641.2
2026-05-22 18:50:00,65698.0,75487.0,65695.1,65699.3
2026-05-22 18:55:00,65678.6,75464.7,65668.6,65683.3
2026-05-22 19:00:00,65670.6,75455.6,65625.2,65691.9
2026-05-22 19:05:00,65641.3,75421.8,65623.8,65649.5
2026-05-22 19:10:00,65616.5,75393.4,65673.3,65589.9
2026-05-22 19:15:00,65591.8,75365.0,65568.9,65602.5
2026-05-22 19:20:00,65583.8,75355.8,65552.8,65598.4
2026-05-22 19:25:00,65580.6,75352.2,65544.8,65597.5
2026-05-22 19:30:00,65573.4,75343.8,65538.3,65589.8
2026-05-22 19:35:00,65577.1,75348.0,65549.8,65589.8
2026-05-22 19:40:00,65562.7,75331.6,65531.6,65577.3
2026-05-22 19:45:00,65565.4,75334.6,65537.3,65578.5
2026-05-22 19:50:00,65527.2,75290.8,65506.9,65536.7
2026-05-22 19:55:00,65438.1,75188.4,65492.1,65412.8
2026-05-22 20:00:00,65307.0,75037.8,65360.1,65282.2
2026-05-22 20:05:00,65214.9,74932.0,65199.1,65222.4
2026-05-22 20:10:00,65144.9,74851.5,65124.1,65154.7
2026-05-22 20:15:00,65090.0,74788.4,65113.2,65079.2
2026-05-22 20:20:00,65062.8,74757.1,65034.4,65076.1
2026-05-22 20:25:00,65058.7,74752.5,65026.3,65074.0
2026-05-22 20:30:00,64916.2,74588.7,64996.9,64878.4
2026-05-22 20:35:00,64796.1,74450.8,64820.4,64784.8
2026-05-22 20:40:00,64706.8,74348.1,64717.1,64702.0
2026-05-22 20:45:00,64608.2,74234.8,64623.6,64601.0
2026-05-22 20:50:00,64484.9,74093.1,64490.2,64482.4
2026-05-22 20:55:00,64379.3,73971.9,64378.3,64379.8
2026-05-22 21:00:00,64133.1,73688.9,64196.0,64103.6
2026-05-22 21:05:00,63994.8,73530.0,63977.3,64003.0
2026-05-22 21:10:00,63846.8,73360.0,63899.5,63822.2
2026-05-22 21:15:00,63754.2,73253.5,63729.2,63765.9
2026-05-22 21:20:00,63671.8,73158.9,63621.5,63695.3
2026-05-22 21:25:00,63541.0,73008.6,63494.9,63562.6
2026-05-22 21:30:00,63409.3,72857.3,63393.3,63416.8
2026-05-22 21:35:00,63233.5,72655.3,63253.2,63224.3
2026-05-22 21:40:00,63070.0,72467.4,63112.8,63049.9
2026-05-22 21:45:00,62960.9,72342.1,62944.8,62968.4
2026-05-22 21:50:00,62855.6,72221.1,62837.1,62864.3
2026-05-22 21:55:00,62692.4,72033.6,62680.4,62698.1
2026-05-22 22:00:00,62581.6,71906.3,62583.3,62580.9
2026-05-22 22:05:00,62721.0,72066.5,62676.1,62742.1
2026-05-22 22:10:00,62687.4,72027.8,62643.6,62707.9
2026-05-22 22:15:00,62600.9,71928.4,62602.9,62599.9
2026-05-22 22:20:00,62499.1,71811.5,62500.2,62498.6
2026-05-22 22:25:00,62374.7,71668.5,62372.4,62375.8
2026-05-22 22:30:00,62136.7,71395.1,62172.1,62120.2
2026-05-22 22:35:00,61978.5,71213.3,61947.7,61992.9
2026-05-22 22:40:00,61753.1,70954.3,61756.4,61751.6
2026-05-22 22:45:00,61564.2,70737.3,61587.7,61553.2
2026-05-22 22:50:00,61359.0,70501.5,61388.7,61345.1
2026-05-22 22:55:00,61165.7,70279.4,61200.9,61149.2
2026-05-22 23:00:00,61213.2,70333.9,61198.7,61219.9
2026-05-22 23:05:00,61542.5,70712.4,61540.7,61543.4
2026-05-22 23:10:00,61536.5,70705.4,61563.2,61524.0
2026-05-22 23:15:00,61367.0,70510.7,61375.3,61363.2
2026-05-22 23:20:00,61114.8,70220.9,61114.8,61114.9
2026-05-22 23:25:00,60843.3,69909.0,60810.0,60859.0
2026-05-22 23:30:00,60508.8,69524.6,60468.3,60527.8
2026-05-22 23:35:00,60178.9,69145.6,60218.6,60160.3
2026-05-22 23:40:00,59860.7,68780.0,59842.8,59869.1
2026-05-22 23:45:00,59527.6,68397.2,59529.2,59526.9
2026-05-22 23:50:00,59186.7,68005.5,59177.6,59190.9
2026-05-22 23:55:00,58783.0,67541.7,58842.5,58755.2
2026-05-23 00:00:00,58278.8,66962.4,58344.7,58248.0
2026-05-23 00:05:00,58119.0,66778.7,58057.2,58147.9
2026-05-23 00:10:00,57842.8,66461.4,57762.8,57880.3
2026-05-23 00:15:00,57541.5,66115.2,57450.5,57584.2
2026-05-23 00:20:00,57233.3,65761.1,57178.2,57259.2
2026-05-23 00:25:00,56895.1,65372.5,56932.4,56877.6
2026-05-23 00:30:00,56630.4,65068.3,56615.3,56637.4
2026-05-23 00:35:00,56424.9,64832.2,56381.5,56445.2
2026-05-23 00:40:00,56248.9,64630.0,56208.2,56268.0
2026-05-23 00:45:00,56057.8,64410.4,56094.7,56040.5
2026-05-23 00:50:00,55846.2,64167.3,55855.7,55841.7
2026-05-23 00:55:00,55634.8,63924.4,55636.2,55634.1
2026-05-23 01:00:00,55484.0,63751.1,55465.5,55492.7
2026-05-23 01:05:00,55344.2,63590.5,55402.4,55316.9
2026-05-23 01:10:00,55242.3,63473.4,55259.3,55234.3
2026-05-23 01:15:00,55100.2,63310.1,55120.6,55090.6
2026-05-23 01:20:00,54928.4,63112.8,54889.2,54946.8
2026-05-23 01:25:00,54775.7,62937.2,54769.3,54778.6
2026-05-23 01:30:00,54655.6,62799.2,54654.7,54656.0
2026-05-23 01:35:00,54555.2,62683.9,54546.0,54559.5
2026-05-23 01:40:00,54389.2,62493.2,54404.5,54382.1
2026-05-23 01:45:00,54261.8,62346.8,54251.6,54266.5
2026-05-23 01:50:00,54113.3,62176.2,54086.9,54125.7
2026-05-23 01:55:00,53979.1,62022.0,53975.9,53980.6
2026-05-23 02:00:00,53868.1,61894.4,53829.0,53886.4
2026-05-23 02:05:00,53771.7,61783.7,53857.6,53731.4
2026-05-23 02:10:00,53718.5,61722.5,53674.2,53739.2
2026-05-23 02:15:00,53701.5,61703.0,53668.0,53717.2
2026-05-23 02:20:00,53619.2,61608.5,53672.9,53594.1
2026-05-23 02:25:00,53583.0,61566.9,53556.2,53595.6
2026-05-23 02:30:00,53554.0,61533.6,53545.2,53558.2
2026-05-23 02:35:00,53563.0,61543.9,53565.1,53562.0
2026-05-23 02:40:00,53566.8,61548.2,53552.5,53573.5
2026-05-23 02:45:00,53572.0,61554.3,53558.3,53578.5
2026-05-23 02:50:00,53525.7,61501.1,53501.1,53537.3
2026-05-23 02:55:00,53378.1,61331.4,53340.4,53395.7
2026-05-23 03:00:00,53393.8,61349.4,53376.0,53402.1
2026-05-23 03:05:00,53424.7,61385.0,53399.6,53436.5
2026-05-23 03:10:00,53431.7,61393.1,53392.3,53450.2
2026-05-23 03:15:00,53430.8,61392.0,53390.0,53449.9
2026-05-23 03:20:00,53428.0,61388.7,53389.2,53446.2
2026-05-23 03:25:00,53430.8,61392.0,53392.6,53448.7
2026-05-23 03:30:00,53427.8,61388.6,53393.3,53444.0
2026-05-23 03:35:00,53453.5,61418.0,53419.1,53469.6
2026-05-23 03:40:00,53436.2,61398.1,53400.1,53453.0
2026-05-23 03:45:00,53437.2,61399.3,53403.1,53453.1
2026-05-23 03:50:00,53467.0,61433.6,53407.4,53494.9
2026-05-23 03:55:00,53471.3,61438.5,53407.1,53501.4
2026-05-23 04:00:00,53487.7,61457.4,53423.4,53517.8
2026-05-23 04:05:00,53518.3,61492.5,53454.7,53548.1
2026-05-23 04:10:00,53507.6,61480.3,53436.2,53541.1
2026-05-23 04:15:00,53508.8,61481.6,53432.6,53544.5
2026-05-23 04:20:00,53506.9,61479.4,53425.2,53545.2
2026-05-23 04:25:00,53511.7,61484.9,53431.4,53549.3
2026-05-23 04:30:00,53508.7,61481.5,53432.1,53544.5
2026-05-23 04:35:00,53538.3,61515.5,53460.0,53575.0
2026-05-23 04:40:00,53565.7,61547.0,53599.5,53549.9
2026-05-23 04:45:00,53655.3,61649.9,53597.4,53682.4
2026-05-23 04:50:00,53649.7,61643.5,53595.2,53675.2
2026-05-23 04:55:00,53645.6,61638.8,53594.1,53669.7
2026-05-23 05:00:00,53645.7,61638.9,53622.3,53656.7
2026-05-23 05:05:00,53695.8,61696.5,53651.8,53716.4
2026-05-23 05:10:00,53669.6,61666.4,53644.6,53681.4
2026-05-23 05:15:00,53667.9,61664.4,53636.6,53682.5
2026-05-23 05:20:00,53666.0,61662.2,53625.4,53685.0
2026-05-23 05:25:00,53665.8,61662.1,53628.5,53683.3
2026-05-23 05:30:00,53665.6,61661.8,53633.3,53680.8
2026-05-23 05:35:00,53708.5,61711.1,53658.1,53732.1
2026-05-23 05:40:00,53684.3,61683.2,53764.3,53646.8
2026-05-23 05:45:00,53637.2,61629.1,53616.1,53647.1
2026-05-23 05:50:00,53632.9,61624.2,53615.7,53641.0
2026-05-23 05:55:00,53627.5,61618.0,53613.0,53634.3
2026-05-23 06:00:00,53652.7,61646.9,53654.2,53652.0
2026-05-23 06:05:00,53749.8,61758.5,53722.4,53762.5
2026-05-23 06:10:00,53774.1,61786.4,53778.9,53771.8
2026-05-23 06:15:00,53758.4,61768.5,53759.2,53758.1
2026-05-23 06:20:00,53734.8,61741.3,53732.4,53735.9
2026-05-23 06:25:00,53735.4,61741.9,53737.9,53734.2
2026-05-23 06:30:00,53723.1,61727.9,53732.4,53718.8
2026-05-23 06:35:00,53742.0,61749.5,53743.2,53741.4
2026-05-23 06:40:00,53700.8,61702.3,53723.2,53690.4
2026-05-23 06:45:00,53626.9,61617.3,53727.0,53580.0
2026-05-23 06:50:00,53573.2,61555.7,53579.2,53570.4
2026-05-23 06:55:00,53567.3,61548.9,53576.4,53563.1
2026-05-23 07:00:00,53618.5,61607.6,53615.5,53619.8
2026-05-23 07:05:00,53695.8,61696.4,53686.5,53700.1
2026-05-23 07:10:00,53616.1,61604.9,53615.6,53616.4
2026-05-23 07:15:00,53602.9,61589.8,53603.2,53602.9
2026-05-23 07:20:00,53538.3,61515.5,53528.1,53543.0
2026-05-23 07:25:00,53434.8,61396.6,53520.8,53394.6
2026-05-23 07:30:00,53342.4,61290.4,53317.3,53354.2
2026-05-23 07:35:00,53220.8,61150.7,53176.4,53241.6
2026-05-23 07:40:00,53142.4,61060.6,53114.9,53155.3
2026-05-23 07:45:00,53014.7,60913.9,52965.5,53037.8
2026-05-23 07:50:00,53007.5,60905.6,52943.8,53037.4
2026-05-23 07:55:00,52885.7,60765.7,52936.2,52862.0
2026-05-23 08:00:00,52925.7,60811.6,52906.6,52934.6
2026-05-23 08:05:00,53027.4,60928.5,52994.4,53042.9
2026-05-23 08:10:00,53130.5,61046.9,53095.4,53147.0
2026-05-23 08:15:00,53068.8,60976.0,53100.5,53053.9
2026-05-23 08:20:00,53044.5,60948.1,53020.6,53055.7
2026-05-23 08:25:00,53054.3,60959.4,53045.7,53058.3
2026-05-23 08:30:00,53011.5,60910.3,53000.7,53016.6
2026-05-23 08:35:00,53027.5,60928.6,53019.3,53031.3
2026-05-23 08:40:00,52948.0,60837.3,52935.4,52954.0
2026-05-23 08:45:00,52791.4,60657.3,52762.4,52804.9
2026-05-23 08:50:00,52622.8,60463.6,52561.6,52651.5
2026-05-23 08:55:00,52484.7,60304.9,52569.1,52445.1
2026-05-23 09:00:00,52457.5,60273.6,52414.1,52477.8
2026-05-23 09:05:00,52518.9,60344.2,52462.6,52545.2
2026-05-23 09:10:00,52529.4,60356.3,52496.1,52545.0
2026-05-23 09:15:00,52548.4,60378.2,52525.6,52559.1
2026-05-23 09:20:00,52528.7,60355.5,52475.2,52553.8
2026-05-23 09:25:00,52531.2,60358.3,52479.7,52555.3
2026-05-23 09:30:00,52489.5,60310.4,52442.8,52511.3
2026-05-23 09:35:00,52510.7,60334.8,52462.8,52533.1
2026-05-23 09:40:00,52482.9,60302.8,52439.7,52503.1
2026-05-23 09:45:00,52443.6,60257.7,52422.3,52453.5
2026-05-23 09:50:00,52409.0,60218.0,52393.8,52416.1
2026-05-23 09:55:00,52276.8,60066.0,52387.5,52224.9
2026-05-23 10:00:00,52195.8,59973.0,52171.1,52207.4
2026-05-23 10:05:00,52193.8,59970.7,52285.9,52150.7
2026-05-23 10:10:00,52160.4,59932.3,52287.6,52100.8
2026-05-23 10:15:00,52142.5,59911.7,52153.4,52137.3
2026-05-23 10:20:00,52090.0,59851.4,52063.8,52102.2
2026-05-23 10:25:00,52075.5,59834.8,52062.7,52081.5
2026-05-23 10:30:00,52017.6,59768.3,51979.5,52035.5
2026-05-23 10:35:00,52036.0,59789.4,52003.3,52051.3
2026-05-23 10:40:00,51937.4,59676.1,51974.5,51920.0
2026-05-23 10:45:00,51736.4,59445.1,51727.8,51740.4
2026-05-23 10:50:00,51584.0,59270.0,51531.0,51608.9
2026-05-23 10:55:00,51573.4,59257.8,51520.6,51598.1
2026-05-23 11:00:00,51542.4,59222.2,51510.3,51557.4
2026-05-23 11:05:00,51555.1,59236.8,51509.3,51576.5
2026-05-23 11:10:00,51622.1,59313.8,51570.4,51646.4
2026-05-23 11:15:00,51627.0,59319.4,51580.7,51648.7
2026-05-23 11:20:00,51543.7,59223.8,51552.4,51539.7
2026-05-23 11:25:00,51553.6,59235.1,51555.7,51552.6
2026-05-23 11:30:00,51533.1,59211.6,51535.8,51531.9
2026-05-23 11:35:00,51413.8,59074.5,51557.9,51346.3
2026-05-23 11:40:00,51316.4,58962.5,51329.0,51310.5
2026-05-23 11:45:00,51181.4,58807.4,51318.8,51117.1
2026-05-23 11:50:00,51065.7,58674.5,51039.8,51077.8
2026-05-23 11:55:00,50799.0,58368.1,50751.3,50821.4
2026-05-23 12:00:00,50629.5,58173.3,50545.2,50669.0
2026-05-23 12:05:00,50753.9,58316.2,50698.3,50780.0
2026-05-23 12:10:00,50751.9,58314.0,50687.6,50782.1
2026-05-23 12:15:00,50749.8,58311.5,50675.8,50784.4
2026-05-23 12:20:00,50727.7,58286.1,50684.2,50748.1
2026-05-23 12:25:00,50730.0,58288.7,50682.8,50752.0
2026-05-23 12:30:00,50699.7,58254.0,50652.3,50721.9
2026-05-23 12:35:00,50718.4,58275.5,50696.5,50728.7
2026-05-23 12:40:00,50745.5,58306.5,50724.8,50755.1
2026-05-23 12:45:00,50753.8,58316.2,50732.1,50764.1
2026-05-23 12:50:00,50764.1,58328.0,50717.4,50786.0
2026-05-23 12:55:00,50739.3,58299.4,50691.9,50761.4
2026-05-23 13:00:00,50878.3,58459.1,50829.3,50901.2
2026-05-23 13:05:00,51038.2,58642.9,51067.1,51024.7
2026-05-23 13:10:00,51080.3,58691.3,51040.1,51099.1
2026-05-23 13:15:00,51133.7,58752.6,51247.8,51080.2
2026-05-23 13:20:00,51266.3,58905.0,51226.8,51284.8
2026-05-23 13:25:00,51289.8,58932.0,51271.0,51298.6
2026-05-23 13:30:00,51280.2,58921.0,51268.0,51286.0
2026-05-23 13:35:00,51293.9,58936.6,51283.6,51298.6
2026-05-23 13:40:00,51262.5,58900.6,51246.4,51270.0
2026-05-23 13:45:00,51253.9,58890.7,51241.0,51259.9
2026-05-23 13:50:00,51226.8,58859.6,51211.2,51234.1
2026-05-23 13:55:00,51248.9,58885.0,51215.0,51264.7
2026-05-23 14:00:00,51274.6,58914.5,51240.1,51290.7
2026-05-23 14:05:00,51251.2,58887.6,51210.9,51270.1
2026-05-23 14:10:00,51267.8,58906.7,51248.4,51276.9
2026-05-23 14:15:00,51271.0,58910.4,51254.2,51278.9
2026-05-23 14:20:00,51266.9,58905.7,51246.5,51276.5
2026-05-23 14:25:00,51278.3,58918.8,51257.6,51288.0
2026-05-23 14:30:00,51271.1,58910.5,51250.5,51280.7
2026-05-23 14:35:00,51275.0,58915.0,51252.5,51285.5
2026-05-23 14:40:00,51273.1,58912.8,51257.1,51280.6
2026-05-23 14:45:00,51274.6,58914.5,51263.0,51280.0
2026-05-23 14:50:00,51267.1,58905.9,51249.0,51275.5
2026-05-23 14:55:00,51258.5,58896.0,51241.0,51266.8
2026-05-23 15:00:00,51308.3,58953.3,51298.3,51313.0
2026-05-23 15:05:00,51387.1,59043.7,51502.8,51332.8
2026-05-23 15:10:00,51568.9,59252.7,51572.7,51567.1
2026-05-23 15:15:00,51793.5,59510.7,51819.8,51781.1
2026-05-23 15:20:00,52006.6,59755.6,52049.7,51986.4
2026-05-23 15:25:00,52242.3,60026.4,52290.2,52219.9
2026-05-23 15:30:00,52416.9,60227.0,52471.6,52391.2
2026-05-23 15:35:00,52491.0,60312.2,52693.0,52396.4
2026-05-23 15:40:00,52640.8,60484.3,52704.8,52610.8
2026-05-23 15:45:00,52791.4,60657.3,52910.3,52735.7
2026-05-23 15:50:00,52906.9,60790.0,52899.4,52910.4
2026-05-23 15:55:00,53141.4,61059.5,53074.6,53172.8
2026-05-23 16:00:00,53356.9,61307.1,53250.2,53406.9
2026-05-23 16:05:00,53454.8,61419.6,53576.1,53398.0
2026-05-23 16:10:00,53673.3,61670.6,53649.0,53684.6
2026-05-23 16:15:00,53791.3,61806.2,53788.0,53792.8
2026-05-23 16:20:00,53950.3,61988.9,53951.7,53949.7
2026-05-23 16:25:00,54117.7,62181.2,54148.8,54103.1
2026-05-23 16:30:00,54291.6,62381.1,54280.0,54297.1
2026-05-23 16:35:00,54438.8,62550.1,54434.6,54440.7
2026-05-23 16:40:00,54615.1,62752.7,54571.2,54635.6
2026-05-23 16:45:00,54823.7,62992.4,54823.2,54823.9
2026-05-23 16:50:00,54985.6,63178.4,54946.7,55003.8
2026-05-23 16:55:00,55127.2,63341.2,55241.8,55073.6
2026-05-23 17:00:00,55240.1,63470.8,55274.8,55223.8
2026-05-23 17:05:00,55303.6,63543.9,55351.4,55281.3
2026-05-23 17:10:00,55461.3,63725.1,55457.4,55463.2
2026-05-23 17:15:00,55598.7,63882.9,55691.9,55555.0
2026-05-23 17:20:00,55741.4,64046.9,55778.2,55724.2
2026-05-23 17:25:00,55916.9,64248.5,55897.6,55925.9
2026-05-23 17:30:00,56045.9,64396.8,56115.5,56013.3
2026-05-23 17:35:00,56203.2,64577.5,56234.3,56188.6
2026-05-23 17:40:00,56370.1,64769.3,56333.8,56387.1
2026-05-23 17:45:00,56473.6,64888.2,56517.8,56452.9
2026-05-23 17:50:00,56559.2,64986.5,56607.5,56536.6
2026-05-23 17:55:00,56635.2,65073.8,56709.0,56600.6
2026-05-23 18:00:00,56744.1,65199.0,56732.2,56749.7
2026-05-23 18:05:00,56817.7,65283.6,56815.4,56818.8
2026-05-23 18:10:00,56973.5,65462.5,56962.6,56978.6
2026-05-23 18:15:00,57087.0,65592.9,57046.9,57105.7
2026-05-23 18:20:00,57215.8,65741.0,57171.7,57236.5
2026-05-23 18:25:00,57347.0,65891.7,57356.8,57342.5
2026-05-23 18:30:00,57489.1,66055.0,57460.9,57502.3
2026-05-23 18:35:00,57615.2,66199.9,57640.9,57603.2
2026-05-23 18:40:00,57687.9,66283.4,57710.0,57677.5
2026-05-23 18:45:00,57762.7,66369.4,57802.1,57744.3
2026-05-23 18:50:00,57831.0,66447.8,57867.7,57813.8
2026-05-23 18:55:00,57906.2,66534.3,57859.2,57928.3
2026-05-23 19:00:00,57917.6,66547.3,57951.3,57901.8
2026-05-23 19:05:00,57963.2,66599.7,57930.8,57978.3
2026-05-23 19:10:00,58032.0,66678.7,58058.2,58019.7
2026-05-23 19:15:00,58134.4,66796.4,58080.6,58159.5
2026-05-23 19:20:00,58218.8,66893.3,58228.0,58214.4
2026-05-23 19:25:00,58236.9,66914.2,58230.9,58239.7
2026-05-23 19:30:00,58292.2,66977.7,58307.3,58285.1
2026-05-23 19:35:00,58317.5,67006.8,58311.7,58320.2
2026-05-23 19:40:00,58349.1,67043.1,58407.8,58321.5
2026-05-23 19:45:00,58341.3,67034.2,58403.7,58312.1
2026-05-23 19:50:00,58321.2,67011.1,58381.2,58293.1
2026-05-23 19:55:00,58316.6,67005.7,58384.7,58284.6
2026-05-23 20:00:00,58299.7,66986.4,58349.1,58276.6
2026-05-23 20:05:00,58253.2,66932.9,58217.2,58270.0
2026-05-23 20:10:00,58195.0,66866.1,58243.3,58172.5
2026-05-23 20:15:00,58152.7,66817.5,58131.9,58162.5
2026-05-23 20:20:00,58093.5,66749.5,58128.2,58077.3
2026-05-23 20:25:00,57987.4,66627.6,58020.8,57971.8
2026-05-23 20:30:00,57900.6,66527.8,57922.9,57890.2
2026-05-23 20:35:00,57829.0,66445.5,57854.0,57817.3
2026-05-23 20:40:00,57792.0,66403.0,57760.2,57806.9
2026-05-23 20:45:00,57744.0,66347.8,57762.0,57735.6
2026-05-23 20:50:00,57697.6,66294.5,57667.0,57711.9
2026-05-23 20:55:00,57650.7,66240.7,57667.0,57643.1
2026-05-23 21:00:00,57522.9,66093.8,57514.2,57526.9
2026-05-23 21:05:00,57382.2,65932.2,57405.8,57371.1
2026-05-23 21:10:00,57321.2,65862.0,57328.8,57317.6
2026-05-23 21:15:00,57249.9,65780.1,57233.4,57257.6
2026-05-23 21:20:00,57219.9,65745.7,57153.5,57251.1
2026-05-23 21:25:00,57132.4,65645.2,57158.4,57120.2
2026-05-23 21:30:00,57034.3,65532.4,57038.3,57032.4
2026-05-23 21:35:00,56936.7,65420.3,56943.9,56933.3
2026-05-23 21:40:00,56835.9,65304.4,56841.2,56833.4
2026-05-23 21:45:00,56754.1,65210.5,56774.3,56744.7
2026-05-23 21:50:00,56659.8,65102.1,56693.2,56644.1
2026-05-23 21:55:00,56543.7,64968.7,56584.8,56524.4
2026-05-23 22:00:00,56441.5,64851.3,56499.2,56414.5
2026-05-23 22:05:00,56449.9,64860.9,56429.1,56459.6
2026-05-23 22:10:00,56396.0,64799.0,56436.2,56377.2
2026-05-23 22:15:00,56328.0,64720.9,56292.1,56344.9
2026-05-23 22:20:00,56209.6,64584.8,56193.6,56217.1
2026-05-23 22:25:00,56104.0,64463.5,56063.3,56123.0
2026-05-23 22:30:00,55986.8,64328.9,55931.4,56012.8
2026-05-23 22:35:00,55875.9,64201.4,55854.5,55885.9
2026-05-23 22:40:00,55762.1,64070.7,55761.7,55762.3
2026-05-23 22:45:00,55648.1,63939.7,55597.7,55671.7
2026-05-23 22:50:00,55566.8,63846.3,55501.9,55597.2
2026-05-23 22:55:00,55467.0,63731.6,55410.9,55493.2
2026-05-23 23:00:00,55462.1,63725.9,55544.5,55423.5
2026-05-23 23:05:00,55644.6,63935.7,55715.5,55611.4
2026-05-23 23:10:00,55644.9,63936.0,55629.7,55652.0
2026-05-23 23:15:00,55500.7,63770.3,55456.5,55521.5
2026-05-23 23:20:00,55345.4,63591.9,55320.4,55357.2
2026-05-23 23:25:00,55135.2,63350.4,55174.3,55116.9
2026-05-23 23:30:00,54919.8,63102.8,54888.2,54934.5
2026-05-23 23:35:00,54712.1,62864.2,54687.6,54723.6
2026-05-23 23:40:00,54429.9,62539.9,54402.4,54442.7
2026-05-23 23:45:00,54154.9,62224.0,54125.0,54168.9
2026-05-23 23:50:00,53896.7,61927.4,53848.1,53919.5
2026-05-23 23:55:00,53663.1,61658.8,53608.4,53688.7
2026-05-24 00:00:00,53270.0,61207.2,53217.3,53294.7
2026-05-24 00:05:00,53057.9,60963.5,52992.1,53088.7
2026-05-24 00:10:00,52776.1,60639.7,52809.7,52760.3
2026-05-24 00:15:00,52464.0,60281.2,52468.6,52461.9
2026-05-24 00:20:00,52266.6,60054.3,52248.1,52275.3
2026-05-24 00:25:00,52050.9,59806.4,52065.1,52044.2
2026-05-24 00:30:00,51870.7,59599.5,51833.3,51888.3
2026-05-24 00:35:00,51681.5,59382.0,51641.8,51700.0
2026-05-24 00:40:00,51457.6,59124.8,51449.1,51461.6
2026-05-24 00:45:00,51273.4,58913.1,51221.9,51297.5
2026-05-24 00:50:00,51104.3,58718.9,51024.1,51141.9
2026-05-24 00:55:00,51079.5,58690.4,51022.7,51106.1
2026-05-24 01:00:00,50942.5,58532.9,51041.4,50896.2
2026-05-24 01:05:00,50871.4,58451.2,50846.6,50883.0
2026-05-24 01:10:00,50794.9,58363.3,50832.3,50777.4
2026-05-24 01:15:00,50601.2,58140.8,50589.6,50606.7
2026-05-24 01:20:00,50603.6,58143.5,50594.8,50607.7
2026-05-24 01:25:00,50628.7,58172.4,50592.8,50645.6
2026-05-24 01:30:00,50618.3,58160.4,50598.8,50627.5
2026-05-24 01:35:00,50657.1,58205.0,50623.6,50672.8
2026-05-24 01:40:00,50648.6,58195.3,50608.6,50667.4
2026-05-24 01:45:00,50634.0,58178.5,50603.4,50648.3
2026-05-24 01:50:00,50631.2,58175.3,50585.9,50652.5
2026-05-24 01:55:00,50627.9,58171.5,50586.0,50647.5
2026-05-24 02:00:00,50631.6,58175.7,50598.6,50647.1
2026-05-24 02:05:00,50596.2,58135.0,50610.3,50589.6
2026-05-24 02:10:00,50619.1,58161.4,50601.3,50627.5
2026-05-24 02:15:00,50616.2,58158.0,50597.9,50624.7
2026-05-24 02:20:00,50614.7,58156.3,50596.8,50623.1
2026-05-24 02:25:00,50617.6,58159.7,50601.1,50625.4
2026-05-24 02:30:00,50618.4,58160.6,50602.9,50625.7
2026-05-24 02:35:00,50632.6,58176.9,50617.4,50639.8
2026-05-24 02:40:00,50622.4,58165.1,50602.1,50631.9
2026-05-24 02:45:00,50623.4,58166.3,50605.2,50631.9
2026-05-24 02:50:00,50623.2,58166.1,50603.5,50632.5
2026-05-24 02:55:00,50619.7,58162.0,50602.9,50627.5
2026-05-24 03:00:00,50622.7,58165.5,50604.2,50631.3
2026-05-24 03:05:00,50651.5,58198.6,50625.6,50663.7
2026-05-24 03:10:00,50645.8,58192.0,50622.1,50656.9
2026-05-24 03:15:00,50644.6,58190.7,50620.6,50655.8
2026-05-24 03:20:00,50643.3,58189.2,50620.1,50654.2
2026-05-24 03:25:00,50647.8,58194.4,50622.6,50659.7
2026-05-24 03:30:00,50647.9,58194.4,50628.8,50656.8
2026-05-24 03:35:00,50670.3,58220.2,50647.5,50681.0
2026-05-24 03:40:00,50650.8,58197.8,50627.9,50661.6
2026-05-24 03:45:00,50651.8,58198.9,50630.9,50661.6
2026-05-24 03:50:00,50651.1,58198.1,50629.1,50661.4
2026-05-24 03:55:00,50655.6,58203.3,50629.2,50667.9
2026-05-24 04:00:00,50667.9,58217.4,50650.1,50676.2
2026-05-24 04:05:00,50693.7,58247.1,50671.1,50704.3
2026-05-24 04:10:00,50685.0,58237.0,50658.2,50697.5
2026-05-24 04:15:00,50683.5,58235.4,50652.7,50698.0
2026-05-24 04:20:00,50684.5,58236.5,50649.8,50700.7
2026-05-24 04:25:00,50688.9,58241.5,50655.0,50704.8
2026-05-24 04:30:00,50689.3,58242.1,50662.4,50702.0
2026-05-24 04:35:00,50715.2,58271.7,50683.1,50730.2
2026-05-24 04:40:00,50691.2,58244.2,50657.0,50707.2
2026-05-24 04:45:00,50689.5,58242.2,50654.8,50705.7
2026-05-24 04:50:00,50684.5,58236.5,50652.7,50699.5
2026-05-24 04:55:00,50683.9,58235.8,50652.8,50698.4
2026-05-24 05:00:00,50676.0,58226.7,50660.2,50683.4
2026-05-24 05:05:00,50717.2,58274.0,50679.3,50734.9
2026-05-24 05:10:00,50693.7,58247.1,50667.5,50706.0
2026-05-24 05:15:00,50691.2,58244.2,50662.2,50704.9
2026-05-24 05:20:00,50689.6,58242.4,50655.4,50705.7
2026-05-24 05:25:00,50689.2,58241.9,50657.6,50704.0
2026-05-24 05:30:00,50692.3,58245.4,50668.3,50703.5
2026-05-24 05:35:00,50736.3,58296.0,50701.3,50752.6
2026-05-24 05:40:00,50697.6,58251.6,50666.7,50712.1
2026-05-24 05:45:00,50695.8,58249.5,50660.3,50712.4
2026-05-24 05:50:00,50691.7,58244.8,50659.9,50706.6
2026-05-24 05:55:00,50690.5,58243.4,50658.4,50705.5
2026-05-24 06:00:00,50703.8,58258.6,50684.0,50713.0
2026-05-24 06:05:00,50772.4,58337.5,50742.0,50786.7
2026-05-24 06:10:00,50702.3,58257.0,50668.9,50718.0
2026-05-24 06:15:00,50690.3,58243.2,50654.8,50707.0
2026-05-24 06:20:00,50669.5,58219.2,50632.5,50686.8
2026-05-24 06:25:00,50669.6,58219.4,50636.5,50685.1
2026-05-24 06:30:00,50659.7,58208.0,50635.3,50671.2
2026-05-24 06:35:00,50681.7,58233.2,50660.6,50691.5
2026-05-24 06:40:00,50637.1,58182.0,50621.2,50644.6
2026-05-24 06:45:00,50638.5,58183.7,50625.0,50644.9
2026-05-24 06:50:00,50629.9,58173.7,50619.0,50634.9
2026-05-24 06:55:00,50628.7,58172.4,50617.5,50633.9
2026-05-24 07:00:00,50656.5,58204.3,50628.7,50669.6
2026-05-24 07:05:00,50725.0,58283.0,50701.3,50736.1
2026-05-24 07:10:00,50671.5,58221.6,50642.7,50685.0
2026-05-24 07:15:00,50662.0,58210.6,50635.8,50674.2
2026-05-24 07:20:00,50600.1,58139.5,50565.3,50616.5
2026-05-24 07:25:00,50591.6,58129.8,50556.5,50608.1
2026-05-24 07:30:00,50559.0,58092.3,50522.8,50576.0
2026-05-24 07:35:00,50448.8,57965.7,50570.7,50391.7
2026-05-24 07:40:00,50306.5,57802.2,50247.6,50334.1
2026-05-24 07:45:00,50105.5,57571.3,50246.2,50039.6
2026-05-24 07:50:00,50024.8,57478.5,49994.8,50038.8
2026-05-24 07:55:00,49874.3,57305.5,49988.6,49820.7
2026-05-24 08:00:00,49913.1,57350.1,49855.7,49939.9
2026-05-24 08:05:00,49983.3,57430.8,49928.2,50009.1
2026-05-24 08:10:00,49878.3,57310.1,49872.9,49880.8
2026-05-24 08:15:00,49863.7,57293.3,49847.4,49871.3
2026-05-24 08:20:00,49822.0,57245.5,49784.5,49839.6
2026-05-24 08:25:00,49835.5,57261.0,49803.6,49850.5
2026-05-24 08:30:00,49799.2,57219.2,49762.2,49816.5
2026-05-24 08:35:00,49819.9,57243.1,49803.7,49827.5
2026-05-24 08:40:00,49730.5,57140.3,49722.5,49734.2
2026-05-24 08:45:00,49751.7,57164.7,49734.5,49759.8
2026-05-24 08:50:00,49725.3,57134.3,49703.9,49735.3
2026-05-24 08:55:00,49721.1,57129.5,49697.6,49732.1
2026-05-24 09:00:00,49774.0,57190.3,49735.1,49792.2
2026-05-24 09:05:00,49829.0,57253.5,49770.0,49856.6
2026-05-24 09:10:00,49857.8,57286.6,49812.3,49879.1
2026-05-24 09:15:00,49874.7,57306.0,49845.8,49888.2
2026-05-24 09:20:00,49860.6,57289.8,49807.4,49885.5
2026-05-24 09:25:00,49862.7,57292.2,49810.4,49887.2
2026-05-24 09:30:00,49830.5,57255.3,49785.6,49851.6
2026-05-24 09:35:00,49848.5,57275.9,49798.5,49871.9
2026-05-24 09:40:00,49799.1,57219.2,49761.7,49816.6
2026-05-24 09:45:00,49802.2,57222.8,49771.4,49816.7
2026-05-24 09:50:00,49795.2,57214.7,49761.0,49811.2
2026-05-24 09:55:00,49796.0,57215.6,49755.7,49814.8
2026-05-24 10:00:00,49803.0,57223.6,49772.0,49817.5
2026-05-24 10:05:00,49927.8,57367.0,49856.6,49961.1
2026-05-24 10:10:00,49928.9,57368.3,49872.4,49955.3
2026-05-24 10:15:00,49949.2,57391.6,49928.4,49959.0
2026-05-24 10:20:00,49912.7,57349.7,49869.1,49933.1
2026-05-24 10:25:00,49898.1,57332.9,49867.6,49912.4
2026-05-24 10:30:00,49836.9,57262.6,49799.2,49854.5
2026-05-24 10:35:00,49851.7,57279.6,49815.0,49868.9
2026-05-24 10:40:00,49813.0,57235.1,49786.6,49825.3
2026-05-24 10:45:00,49816.2,57238.8,49796.4,49825.4
2026-05-24 10:50:00,49807.9,57229.2,49782.0,49820.0
2026-05-24 10:55:00,49808.6,57230.1,49776.7,49823.6
2026-05-24 11:00:00,49811.6,57233.5,49783.4,49824.8
2026-05-24 11:05:00,49830.7,57255.4,49793.5,49848.1
2026-05-24 11:10:00,49833.4,57258.6,49802.2,49848.0
2026-05-24 11:15:00,49836.9,57262.6,49811.7,49848.7
2026-05-24 11:20:00,49826.4,57250.5,49789.9,49843.5
2026-05-24 11:25:00,49837.4,57263.2,49796.8,49856.4
2026-05-24 11:30:00,49820.3,57243.5,49784.7,49837.0
2026-05-24 11:35:00,49833.9,57259.2,49798.8,49850.4
2026-05-24 11:40:00,49801.1,57221.5,49774.0,49813.8
2026-05-24 11:45:00,49800.3,57220.6,49776.2,49811.7
2026-05-24 11:50:00,49790.4,57209.2,49774.5,49797.9
2026-05-24 11:55:00,49797.9,57217.8,49762.0,49814.7
2026-05-24 12:00:00,49793.0,57212.1,49752.6,49811.9
2026-05-24 12:05:00,49884.4,57317.2,49837.1,49906.6
2026-05-24 12:10:00,49890.3,57323.9,49858.3,49905.3
2026-05-24 12:15:00,49886.0,57319.0,49845.9,49904.8
2026-05-24 12:20:00,49892.4,57326.3,49859.2,49907.9
2026-05-24 12:25:00,49895.5,57329.9,49860.6,49911.9
2026-05-24 12:30:00,49884.6,57317.5,49852.0,49899.9
2026-05-24 12:35:00,49895.6,57330.1,49867.2,49908.9
2026-05-24 12:40:00,49922.6,57361.1,49899.1,49933.7
2026-05-24 12:45:00,49931.2,57371.0,49907.0,49942.6
2026-05-24 12:50:00,49949.3,57391.7,49930.9,49957.9
2026-05-24 12:55:00,49957.6,57401.3,49941.4,49965.2
2026-05-24 13:00:00,50064.4,57524.0,50021.5,50084.5
2026-05-24 13:05:00,50299.9,57794.6,50264.9,50316.3
2026-05-24 13:10:00,50365.0,57869.4,50475.6,50313.1
2026-05-24 13:15:00,50514.1,58040.8,50487.7,50526.5
2026-05-24 13:20:00,50505.5,58030.8,50466.7,50523.6
2026-05-24 13:25:00,50520.4,58048.0,50483.7,50537.6
2026-05-24 13:30:00,50516.2,58043.1,50492.1,50527.5
2026-05-24 13:35:00,50527.0,58055.5,50505.5,50537.0
2026-05-24 13:40:00,50497.7,58021.9,50470.1,50510.6
2026-05-24 13:45:00,50492.1,58015.5,50463.7,50505.5
2026-05-24 13:50:00,50561.3,58095.0,50486.6,50596.4
2026-05-24 13:55:00,50649.2,58195.9,50754.2,50600.0
2026-05-24 14:00:00,50809.8,58380.5,50754.6,50835.7
2026-05-24 14:05:00,50748.1,58309.6,50706.2,50767.7
2026-05-24 14:10:00,50771.5,58336.4,50751.8,50780.7
2026-05-24 14:15:00,50771.1,58336.0,50754.9,50778.6
2026-05-24 14:20:00,50809.5,58380.1,50746.7,50838.9
2026-05-24 14:25:00,50823.8,58396.6,50767.0,50850.5
2026-05-24 14:30:00,50892.8,58475.8,50993.3,50845.7
2026-05-24 14:35:00,51008.1,58608.3,51012.4,51006.1
2026-05-24 14:40:00,51064.8,58673.4,51016.7,51087.3
2026-05-24 14:45:00,51066.2,58675.0,51022.6,51086.6
2026-05-24 14:50:00,51062.3,58670.6,51010.0,51086.8
2026-05-24 14:55:00,51045.4,58651.2,51003.0,51065.3
2026-05-24 15:00:00,51107.6,58722.6,51058.8,51130.4
2026-05-24 15:05:00,51308.5,58953.5,51271.8,51325.7
2026-05-24 15:10:00,51434.1,59097.8,51584.7,51363.6
2026-05-24 15:15:00,51589.3,59276.1,51620.0,51574.9
2026-05-24 15:20:00,51796.6,59514.3,51820.2,51785.6
2026-05-24 15:25:00,52041.4,59795.5,52060.9,52032.3
2026-05-24 15:30:00,52236.8,60020.1,52255.5,52228.1
2026-05-24 15:35:00,52448.7,60263.6,52478.2,52434.9
2026-05-24 15:40:00,52673.0,60521.3,52730.2,52646.2
2026-05-24 15:45:00,52860.4,60736.6,52901.0,52841.3
2026-05-24 15:50:00,53089.7,61000.0,53084.1,53092.3
2026-05-24 15:55:00,53300.2,61241.9,53304.7,53298.1
2026-05-24 16:00:00,53446.6,61410.1,53398.8,53469.0
2026-05-24 16:05:00,53585.2,61569.5,53600.1,53578.3
2026-05-24 16:10:00,53827.7,61848.0,53817.0,53832.6
2026-05-24 16:15:00,53985.7,62029.6,53984.6,53986.2
2026-05-24 16:20:00,54143.4,62210.7,54152.1,54139.3
2026-05-24 16:25:00,54272.0,62358.5,54322.2,54248.5
2026-05-24 16:30:00,54462.6,62577.5,54458.7,54464.4
2026-05-24 16:35:00,54661.2,62805.7,54700.3,54642.8
2026-05-24 16:40:00,54837.9,63008.7,54818.9,54846.8
2026-05-24 16:45:00,55004.1,63199.7,54993.1,55009.3
2026-05-24 16:50:00,55212.7,63439.4,55240.8,55199.5
2026-05-24 16:55:00,55354.7,63602.6,55324.1,55369.1
2026-05-24 17:00:00,55502.9,63772.8,55535.0,55487.9
2026-05-24 17:05:00,55611.8,63898.0,55596.4,55619.1
2026-05-24 17:10:00,55772.2,64082.2,55765.0,55775.5
2026-05-24 17:15:00,55929.5,64263.0,55882.0,55951.8
2026-05-24 17:20:00,56037.3,64386.9,56086.5,56014.3
2026-05-24 17:25:00,56216.8,64593.1,56238.0,56206.9
2026-05-24 17:30:00,56348.2,64744.0,56327.5,56357.9
2026-05-24 17:35:00,56511.2,64931.4,56553.5,56491.4
2026-05-24 17:40:00,56647.7,65088.2,56621.9,56659.8
2026-05-24 17:45:00,56768.8,65227.4,56802.4,56753.1
2026-05-24 17:50:00,56840.2,65309.4,56888.3,56817.7
2026-05-24 17:55:00,56972.2,65461.1,56959.4,56978.2
2026-05-24 18:00:00,57093.9,65600.9,57050.1,57114.4
2026-05-24 18:05:00,57160.3,65677.2,57194.9,57144.1
2026-05-24 18:10:00,57303.3,65841.4,57253.4,57326.6
2026-05-24 18:15:00,57423.8,65980.0,57426.4,57422.6
2026-05-24 18:20:00,57474.9,66038.6,57490.0,57467.8
2026-05-24 18:25:00,57610.7,66194.7,57642.0,57596.1
2026-05-24 18:30:00,57721.0,66321.4,57757.6,57703.9
2026-05-24 18:35:00,57834.7,66452.0,57826.9,57838.3
2026-05-24 18:40:00,57867.4,66489.6,57876.9,57862.9
2026-05-24 18:45:00,57924.1,66554.8,57990.2,57893.1
2026-05-24 18:50:00,57968.0,66605.2,57968.7,57967.7
2026-05-24 18:55:00,58006.9,66649.9,58062.2,57981.0
2026-05-24 19:00:00,58036.8,66684.3,58064.7,58023.7
2026-05-24 19:05:00,58101.1,66758.2,58070.7,58115.4
2026-05-24 19:10:00,58119.4,66779.2,58136.5,58111.4
2026-05-24 19:15:00,58183.4,66852.7,58123.1,58211.6
2026-05-24 19:20:00,58208.4,66881.4,58216.9,58204.4
2026-05-24 19:25:00,58218.0,66892.5,58228.8,58213.0
2026-05-24 19:30:00,58220.6,66895.5,58243.6,58209.8
2026-05-24 19:35:00,58205.1,66877.7,58207.8,58203.8
2026-05-24 19:40:00,58202.1,66874.2,58199.1,58203.5
2026-05-24 19:45:00,58203.5,66875.8,58204.9,58202.8
2026-05-24 19:50:00,58181.4,66850.5,58160.6,58191.2
2026-05-24 19:55:00,58132.7,66794.5,58166.4,58116.9
2026-05-24 20:00:00,58077.5,66731.0,58015.7,58106.4
2026-05-24 20:05:00,57994.2,66635.3,58013.8,57985.0
2026-05-24 20:10:00,57937.6,66570.3,57956.0,57929.0
2026-05-24 20:15:00,57896.5,66523.0,57840.9,57922.5
2026-05-24 20:20:00,57824.9,66440.8,57838.1,57818.7
2026-05-24 20:25:00,57794.9,66406.4,57750.1,57816.0
2026-05-24 20:30:00,57725.0,66326.0,57732.4,57721.5
2026-05-24 20:35:00,57711.5,66310.5,57675.9,57728.1
2026-05-24 20:40:00,57664.0,66255.9,57668.7,57661.8
2026-05-24 20:45:00,57662.9,66254.6,57662.6,57663.0
2026-05-24 20:50:00,57650.4,66240.3,57641.4,57654.7
2026-05-24 20:55:00,57619.0,66204.2,57552.0,57650.3
2026-05-24 21:00:00,57471.5,66034.8,57461.3,57476.4
2026-05-24 21:05:00,57371.5,65919.8,57376.6,57369.1
2026-05-24 21:10:00,57297.0,65834.3,57253.5,57317.4
2026-05-24 21:15:00,57209.8,65734.0,57228.2,57201.2
2026-05-24 21:20:00,57119.5,65630.3,57117.5,57120.5
2026-05-24 21:25:00,57008.0,65502.2,57023.5,57000.7
2026-05-24 21:30:00,56924.4,65406.2,56931.1,56921.3
2026-05-24 21:35:00,56821.0,65287.4,56841.8,56811.3
2026-05-24 21:40:00,56726.0,65178.1,56742.9,56718.1
2026-05-24 21:45:00,56570.9,65000.0,56563.8,56574.2
2026-05-24 21:50:00,56435.3,64844.2,56493.9,56407.9
2026-05-24 21:55:00,56324.8,64717.2,56310.4,56331.6
2026-05-24 22:00:00,56217.5,64593.9,56199.9,56225.8
2026-05-24 22:05:00,56261.1,64644.0,56214.3,56283.0
2026-05-24 22:10:00,56191.4,64563.9,56233.8,56171.5
2026-05-24 22:15:00,56105.6,64465.3,56070.0,56122.2
2026-05-24 22:20:00,55988.6,64330.9,55962.2,56000.9
2026-05-24 22:25:00,55856.8,64179.5,55834.5,55867.3
2026-05-24 22:30:00,55695.7,63994.3,55650.9,55716.7
2026-05-24 22:35:00,55558.9,63837.2,55566.3,55555.4
2026-05-24 22:40:00,55413.1,63669.7,55375.4,55430.8
2026-05-24 22:45:00,55289.8,63527.9,55270.4,55298.8
2026-05-24 22:50:00,55197.8,63422.3,55161.4,55214.9
2026-05-24 22:55:00,55069.2,63274.6,55028.8,55088.2
2026-05-24 23:00:00,55001.3,63196.5,55029.0,54988.3
2026-05-24 23:05:00,55114.2,63326.2,55205.2,55071.5
2026-05-24 23:10:00,55036.2,63236.6,55136.2,54989.3
2026-05-24 23:15:00,54854.4,63027.8,54817.9,54871.6
2026-05-24 23:20:00,54590.7,62724.7,54681.1,54548.3
2026-05-24 23:25:00,54353.0,62451.6,54418.7,54322.2
2026-05-24 23:30:00,54099.2,62159.9,54059.8,54117.6
2026-05-24 23:35:00,53872.5,61899.5,53824.2,53895.1
2026-05-24 23:40:00,53570.6,61552.6,53675.9,53521.3
2026-05-24 23:45:00,53376.7,61329.8,53338.5,53394.6
2026-05-24 23:50:00,53140.0,61057.8,53125.9,53146.6
2026-05-24 23:55:00,52711.8,60565.8,52728.4,52704.0
2026-05-25 00:00:00,52404.3,60212.6,52326.2,52440.9
2026-05-25 00:05:00,52196.4,59973.6,52297.1,52149.2
2026-05-25 00:10:00,51917.1,59652.8,52003.5,51876.7
2026-05-25 00:15:00,51660.3,59357.6,51588.8,51693.8
2026-05-25 00:20:00,51426.0,59088.5,51405.5,51435.6
2026-05-25 00:25:00,51255.6,58892.7,51204.2,51279.7
2026-05-25 00:30:00,51073.7,58683.7,51005.0,51105.9
2026-05-25 00:35:00,50937.6,58527.3,51029.8,50894.4
2026-05-25 00:40:00,50812.7,58383.8,50792.7,50822.0
2026-05-25 00:45:00,50686.2,58238.4,50788.3,50638.4
2026-05-25 00:50:00,50549.4,58081.3,50563.1,50543.0
2026-05-25 00:55:00,50395.5,57904.4,50547.5,50324.3
2026-05-25 01:00:00,50318.0,57815.4,50289.9,50331.2
2026-05-25 01:05:00,50321.5,57819.4,50312.9,50325.6
2026-05-25 01:10:00,50354.8,57857.6,50335.9,50363.6
2026-05-25 01:15:00,50368.4,57873.3,50334.5,50384.3
2026-05-25 01:20:00,50368.2,57873.0,50341.4,50380.7
2026-05-25 01:25:00,50380.7,57887.5,50345.6,50397.2
2026-05-25 01:30:00,50334.5,57834.4,50325.8,50338.6
2026-05-25 01:35:00,50362.1,57866.0,50359.6,50363.2
2026-05-25 01:40:00,50347.6,57849.3,50328.1,50356.7
2026-05-25 01:45:00,50348.9,57850.9,50332.1,50356.7
2026-05-25 01:50:00,50367.1,57871.8,50335.2,50382.0
2026-05-25 01:55:00,50370.0,57875.1,50350.8,50379.0
2026-05-25 02:00:00,50354.9,57857.7,50344.2,50359.9
2026-05-25 02:05:00,50381.4,57888.3,50370.6,50386.5
2026-05-25 02:10:00,50370.2,57875.4,50355.9,50376.9
2026-05-25 02:15:00,50368.0,57872.8,50352.5,50375.2
2026-05-25 02:20:00,50366.8,57871.5,50351.4,50374.1
2026-05-25 02:25:00,50368.5,57873.4,50355.3,50374.6
2026-05-25 02:30:00,50369.0,57873.9,50356.2,50375.0
2026-05-25 02:35:00,50383.5,57890.7,50371.9,50389.0
2026-05-25 02:40:00,50374.3,57880.0,50357.0,50382.3
2026-05-25 02:45:00,50375.3,57881.2,50360.2,50382.4
2026-05-25 02:50:00,50375.0,57880.9,50358.4,50382.8
2026-05-25 02:55:00,50371.0,57876.2,50358.2,50376.9
2026-05-25 03:00:00,50381.7,57888.6,50365.6,50389.2
2026-05-25 03:05:00,50410.7,57921.9,50389.3,50420.7
2026-05-25 03:10:00,50405.1,57915.5,50386.4,50413.9
2026-05-25 03:15:00,50404.2,57914.4,50385.0,50413.2
2026-05-25 03:20:00,50403.3,57913.4,50384.4,50412.1
2026-05-25 03:25:00,50406.5,57917.0,50386.4,50415.9
2026-05-25 03:30:00,50405.8,57916.3,50390.4,50413.0
2026-05-25 03:35:00,50429.6,57943.6,50410.3,50438.6
2026-05-25 03:40:00,50410.8,57922.1,50390.5,50420.4
2026-05-25 03:45:00,50411.8,57923.2,50393.5,50420.5
2026-05-25 03:50:00,50411.1,57922.4,50391.7,50420.2
2026-05-25 03:55:00,50415.8,57927.7,50394.4,50425.8
2026-05-25 04:00:00,50457.1,57975.2,50433.8,50468.1
2026-05-25 04:05:00,50483.5,58005.6,50458.3,50495.3
2026-05-25 04:10:00,50474.2,57994.9,50444.2,50488.3
2026-05-25 04:15:00,50473.6,57994.2,50438.8,50489.9
2026-05-25 04:20:00,50474.9,57995.7,50435.8,50493.2
2026-05-25 04:25:00,50477.8,57999.0,50440.6,50495.3
2026-05-25 04:30:00,50477.6,57998.7,50445.8,50492.5
2026-05-25 04:35:00,50503.1,58028.1,50469.2,50519.0
2026-05-25 04:40:00,50477.6,57998.7,50440.3,50495.0
2026-05-25 04:45:00,50476.9,57998.0,50438.1,50495.1
2026-05-25 04:50:00,50472.7,57993.1,50436.0,50489.9
2026-05-25 04:55:00,50472.8,57993.2,50440.3,50488.0
2026-05-25 05:00:00,50495.5,58019.3,50476.2,50504.6
2026-05-25 05:05:00,50544.4,58075.5,50521.1,50555.4
2026-05-25 05:10:00,50514.5,58041.1,50493.7,50524.2
2026-05-25 05:15:00,50504.1,58029.2,50475.5,50517.5
2026-05-25 05:20:00,50503.4,58028.4,50468.1,50520.0
2026-05-25 05:25:00,50502.8,58027.7,50470.6,50517.9
2026-05-25 05:30:00,50505.4,58030.7,50479.9,50517.4
2026-05-25 05:35:00,50549.8,58081.7,50527.9,50560.0
2026-05-25 05:40:00,50592.6,58130.9,50742.7,50522.3
2026-05-25 05:45:00,50734.3,58293.8,50737.0,50733.1
2026-05-25 05:50:00,50735.3,58294.8,50744.5,50730.9
2026-05-25 05:55:00,50737.7,58297.6,50751.7,50731.1
2026-05-25 06:00:00,50795.5,58364.0,50808.4,50789.4
2026-05-25 06:05:00,50887.4,58469.7,50902.0,50880.6
2026-05-25 06:10:00,51039.6,58644.5,51043.4,51037.8
2026-05-25 06:15:00,51063.7,58672.2,51029.2,51079.9
2026-05-25 06:20:00,51036.3,58640.7,51000.0,51053.3
2026-05-25 06:25:00,51036.0,58640.4,51004.4,51050.8
2026-05-25 06:30:00,51028.7,58632.0,51005.4,51039.7
2026-05-25 06:35:00,51070.7,58680.2,51043.7,51083.4
2026-05-25 06:40:00,51067.7,58676.7,51221.3,50995.7
2026-05-25 06:45:00,51066.7,58675.6,51217.7,50996.0
2026-05-25 06:50:00,51063.9,58672.4,51222.3,50989.7
2026-05-25 06:55:00,51006.7,58606.7,51004.6,51007.7
2026-05-25 07:00:00,51067.8,58676.8,51040.0,51080.7
2026-05-25 07:05:00,51209.8,58840.0,51369.5,51135.0
2026-05-25 07:10:00,51257.5,58894.9,51260.7,51256.0
2026-05-25 07:15:00,51222.4,58854.5,51243.8,51212.3
2026-05-25 07:20:00,51152.5,58774.2,51165.0,51146.6
2026-05-25 07:25:00,51143.9,58764.3,51156.8,51137.9
2026-05-25 07:30:00,51111.4,58727.0,51124.9,51105.1
2026-05-25 07:35:00,51192.3,58820.0,51181.7,51197.3
2026-05-25 07:40:00,51113.7,58729.6,51112.4,51114.2
2026-05-25 07:45:00,51112.9,58728.8,51098.0,51119.9
2026-05-25 07:50:00,51123.3,58740.7,51124.4,51122.8
2026-05-25 07:55:00,51140.5,58760.5,51130.6,51145.2
2026-05-25 08:00:00,51250.9,58887.3,51246.2,51253.2
2026-05-25 08:05:00,51333.1,58981.7,51326.9,51336.0
2026-05-25 08:10:00,51477.9,59148.1,51472.9,51480.3
2026-05-25 08:15:00,51481.9,59152.7,51485.5,51480.3
2026-05-25 08:20:00,51434.0,59097.7,51405.1,51447.6
2026-05-25 08:25:00,51446.0,59111.5,51426.9,51455.0
2026-05-25 08:30:00,51402.9,59061.9,51392.3,51407.9
2026-05-25 08:35:00,51422.7,59084.7,51415.6,51426.1
2026-05-25 08:40:00,51324.0,58971.3,51322.4,51324.8
2026-05-25 08:45:00,51325.2,58972.7,51353.6,51311.9
2026-05-25 08:50:00,51306.4,58951.1,51330.7,51295.0
2026-05-25 08:55:00,51182.8,58809.0,51328.6,51114.5
2026-05-25 09:00:00,51098.3,58711.9,51092.8,51100.9
2026-05-25 09:05:00,51168.4,58792.5,51130.7,51186.1
2026-05-25 09:10:00,51207.1,58836.9,51174.6,51222.2
2026-05-25 09:15:00,51216.0,58847.2,51187.2,51229.5
2026-05-25 09:20:00,51177.5,58803.0,51133.9,51197.9
2026-05-25 09:25:00,51179.3,58805.0,51136.8,51199.2
2026-05-25 09:30:00,51139.9,58759.7,51114.4,51151.8
2026-05-25 09:35:00,51164.5,58788.1,51130.3,51180.6
2026-05-25 09:40:00,51123.4,58740.8,51094.2,51137.0
2026-05-25 09:45:00,51127.2,58745.2,51106.2,51137.1
2026-05-25 09:50:00,51118.7,58735.4,51093.1,51130.8
2026-05-25 09:55:00,51116.3,58732.6,51085.6,51130.6
2026-05-25 10:00:00,51090.4,58702.9,51093.3,51089.1
2026-05-25 10:05:00,51203.9,58833.3,51179.5,51215.3
2026-05-25 10:10:00,51228.9,58862.0,51202.7,51241.1
2026-05-25 10:15:00,51308.3,58953.3,51281.1,51321.1
2026-05-25 10:20:00,51316.3,58962.4,51418.0,51268.6
2026-05-25 10:25:00,51289.9,58932.1,51412.7,51232.3
2026-05-25 10:30:00,51150.1,58771.5,51130.2,51159.4
2026-05-25 10:35:00,51172.9,58797.6,51148.2,51184.5
2026-05-25 10:40:00,51144.9,58765.5,51120.5,51156.4
2026-05-25 10:45:00,51148.8,58770.0,51132.5,51156.4
2026-05-25 10:50:00,51138.1,58757.7,51115.5,51148.7
2026-05-25 10:55:00,51135.6,58754.8,51108.0,51148.6
2026-05-25 11:00:00,51104.6,58719.2,51097.0,51108.2
2026-05-25 11:05:00,51121.6,58738.7,51112.6,51125.8
2026-05-25 11:10:00,51132.8,58751.6,51132.9,51132.7
2026-05-25 11:15:00,51136.6,58756.0,51146.6,51131.9
2026-05-25 11:20:00,51122.8,58740.1,51114.6,51126.6
2026-05-25 11:25:00,51134.5,58753.5,51120.8,51140.9
2026-05-25 11:30:00,51111.4,58727.1,51106.8,51113.6
2026-05-25 11:35:00,51130.8,58749.3,51124.2,51133.9
2026-05-25 11:40:00,51095.4,58708.6,51085.2,51100.2
2026-05-25 11:45:00,51094.5,58707.6,51087.1,51098.0
2026-05-25 11:50:00,51053.2,58660.1,51038.0,51060.3
2026-05-25 11:55:00,50763.5,58327.3,50753.1,50768.4
2026-05-25 12:00:00,50538.2,58068.4,50499.2,50556.5
2026-05-25 12:05:00,50453.6,57971.2,50410.7,50473.7
2026-05-25 12:10:00,50464.1,57983.2,50436.6,50476.9
2026-05-25 12:15:00,50459.1,57977.6,50420.3,50477.3
2026-05-25 12:20:00,50464.4,57983.6,50429.1,50480.9
2026-05-25 12:25:00,50467.7,57987.4,50428.1,50486.2
2026-05-25 12:30:00,50428.2,57942.0,50398.6,50442.1
2026-05-25 12:35:00,50479.2,58000.6,50439.2,50498.0
2026-05-25 12:40:00,50517.1,58044.1,50481.4,50533.8
2026-05-25 12:45:00,50490.7,58013.8,50500.7,50486.0
2026-05-25 12:50:00,50517.9,58045.1,50524.6,50514.8
2026-05-25 12:55:00,50521.2,58048.9,50481.2,50539.9
2026-05-25 13:00:00,50641.6,58187.2,50588.4,50666.5
2026-05-25 13:05:00,50861.7,58440.1,50841.9,50870.9
2026-05-25 13:10:00,51023.0,58625.4,51060.4,51005.4
2026-05-25 13:15:00,51064.0,58672.5,51064.7,51063.6
2026-05-25 13:20:00,51094.6,58707.7,51040.1,51120.2
2026-05-25 13:25:00,51323.8,58971.0,51278.8,51344.8
2026-05-25 13:30:00,51533.7,59212.2,51533.0,51534.0
2026-05-25 13:35:00,51638.5,59332.7,51785.4,51569.8
2026-05-25 13:40:00,51737.1,59445.9,51745.5,51733.1
2026-05-25 13:45:00,51724.1,59431.0,51740.0,51716.6
2026-05-25 13:50:00,51724.5,59431.5,51712.0,51730.4
2026-05-25 13:55:00,51743.8,59453.7,51719.1,51755.4
2026-05-25 14:00:00,51833.7,59557.0,51965.2,51772.2
2026-05-25 14:05:00,51935.1,59673.4,51923.3,51940.6
2026-05-25 14:10:00,51968.9,59712.3,51970.7,51968.0
2026-05-25 14:15:00,52037.8,59791.5,52209.6,51957.4
2026-05-25 14:20:00,52170.0,59943.3,52188.0,52161.5
2026-05-25 14:25:00,52137.7,59906.2,52181.4,52117.2
2026-05-25 14:30:00,52176.8,59951.1,52156.9,52186.1
2026-05-25 14:35:00,52261.4,60048.3,52412.4,52190.6
2026-05-25 14:40:00,52390.4,60196.5,52417.6,52377.6
2026-05-25 14:45:00,52429.3,60241.2,52454.9,52417.3
2026-05-25 14:50:00,52628.3,60469.9,52644.6,52620.7
2026-05-25 14:55:00,52662.6,60509.3,52761.7,52616.2
2026-05-25 15:00:00,52776.2,60639.8,52797.8,52766.1
2026-05-25 15:05:00,52783.4,60648.1,52792.2,52779.2
2026-05-25 15:10:00,52860.9,60737.2,52867.1,52858.1
2026-05-25 15:15:00,53039.2,60942.1,53069.5,53025.1
2026-05-25 15:20:00,53291.8,61232.3,53257.5,53307.9
2026-05-25 15:25:00,53471.1,61438.3,53465.9,53473.6
2026-05-25 15:30:00,53642.3,61635.0,53626.9,53649.5
2026-05-25 15:35:00,53784.0,61797.8,53792.4,53780.0
2026-05-25 15:40:00,53953.4,61992.5,53957.5,53951.5
2026-05-25 15:45:00,54127.6,62192.6,54159.0,54112.8
2026-05-25 15:50:00,54315.2,62408.2,54306.1,54319.5
2026-05-25 15:55:00,54549.3,62677.2,54577.9,54535.9
2026-05-25 16:00:00,54688.6,62837.2,54634.3,54714.1
2026-05-25 16:05:00,54732.8,62888.0,54739.7,54729.6
2026-05-25 16:10:00,54932.5,63117.5,55000.2,54900.8
2026-05-25 16:15:00,55105.3,63316.0,55141.2,55088.5
2026-05-25 16:20:00,55275.4,63511.5,55266.9,55279.4
2026-05-25 16:25:00,55500.0,63769.5,55489.7,55504.7
2026-05-25 16:30:00,55709.8,64010.6,55724.3,55703.0
2026-05-25 16:35:00,55849.6,64171.2,55921.0,55816.1
2026-05-25 16:40:00,56037.5,64387.1,56027.6,56042.1
2026-05-25 16:45:00,56185.7,64557.3,56217.9,56170.6
2026-05-25 16:50:00,56366.9,64765.6,56326.4,56385.9
2026-05-25 16:55:00,56507.5,64927.1,56524.6,56499.5
2026-05-25 17:00:00,56629.3,65067.0,56621.2,56633.1
2026-05-25 17:05:00,56652.0,65093.1,56645.9,56654.9
2026-05-25 17:10:00,56793.1,65255.2,56819.4,56780.7
2026-05-25 17:15:00,56952.5,65438.5,56943.3,56956.9
2026-05-25 17:20:00,57099.1,65606.8,57064.2,57115.4
2026-05-25 17:25:00,57253.8,65784.6,57251.1,57255.1
2026-05-25 17:30:00,57439.6,65998.1,57409.8,57453.5
2026-05-25 17:35:00,57613.4,66197.8,57552.6,57641.9
2026-05-25 17:40:00,57763.1,66369.8,57761.1,57764.1
2026-05-25 17:45:00,57935.2,66567.6,57954.3,57926.3
2026-05-25 17:50:00,58067.6,66719.7,58018.3,58090.8
2026-05-25 17:55:00,58166.1,66832.8,58195.3,58152.4
2026-05-25 18:00:00,58258.2,66938.7,58274.2,58250.8
2026-05-25 18:05:00,58255.9,66936.1,58278.3,58245.5
2026-05-25 18:10:00,58349.5,67043.6,58397.5,58327.0
2026-05-25 18:15:00,58461.8,67172.6,58485.7,58450.5
2026-05-25 18:20:00,58544.6,67267.7,58556.6,58538.9
2026-05-25 18:25:00,58686.7,67431.0,58691.9,58684.2
2026-05-25 18:30:00,58837.1,67603.9,58797.6,58855.7
2026-05-25 18:35:00,58900.2,67676.3,58936.4,58883.2
2026-05-25 18:40:00,59004.5,67796.1,59029.9,58992.6
2026-05-25 18:45:00,59078.9,67881.6,59114.1,59062.4
2026-05-25 18:50:00,59133.0,67943.8,59169.0,59116.1
2026-05-25 18:55:00,59174.9,67991.9,59159.4,59182.2
2026-05-25 19:00:00,59223.8,68048.2,59223.4,59224.0
2026-05-25 19:05:00,59288.9,68123.0,59214.4,59323.9
2026-05-25 19:10:00,59348.1,68191.0,59374.9,59335.5
2026-05-25 19:15:00,59418.2,68271.5,59447.7,59404.4
2026-05-25 19:20:00,59461.4,68321.1,59443.6,59469.7
2026-05-25 19:25:00,59483.0,68346.0,59528.0,59462.0
2026-05-25 19:30:00,59486.7,68350.3,59524.2,59469.2
2026-05-25 19:35:00,59479.3,68341.7,59502.4,59468.5
2026-05-25 19:40:00,59465.6,68325.9,59474.3,59461.5
2026-05-25 19:45:00,59468.2,68329.0,59480.0,59462.7
2026-05-25 19:50:00,59452.8,68311.2,59461.8,59448.5
2026-05-25 19:55:00,59400.5,68251.1,59446.3,59379.0
2026-05-25 20:00:00,59348.6,68191.5,59317.6,59363.1
2026-05-25 20:05:00,59311.7,68149.1,59317.6,59308.9
2026-05-25 20:10:00,59303.6,68139.9,59258.8,59324.7
2026-05-25 20:15:00,59249.7,68077.9,59239.8,59254.3
2026-05-25 20:20:00,59195.3,68015.4,59126.4,59227.6
2026-05-25 20:25:00,59127.1,67937.0,59122.3,59129.3
2026-05-25 20:30:00,59072.5,67874.3,59013.3,59100.2
2026-05-25 20:35:00,58982.0,67770.3,59033.1,58958.0
2026-05-25 20:40:00,58898.0,67673.8,58937.3,58879.5
2026-05-25 20:45:00,58838.6,67605.6,58870.8,58823.6
2026-05-25 20:50:00,58771.8,67528.8,58740.6,58786.4
2026-05-25 20:55:00,58670.2,67412.1,58656.3,58676.7
2026-05-25 21:00:00,58521.2,67240.9,58510.3,58526.3
2026-05-25 21:05:00,58410.8,67114.0,58457.0,58389.1
2026-05-25 21:10:00,58334.1,67025.9,58374.4,58315.2
2026-05-25 21:15:00,58255.7,66935.8,58278.4,58245.0
2026-05-25 21:20:00,58154.8,66819.9,58164.6,58150.3
2026-05-25 21:25:00,58051.8,66701.5,58076.3,58040.3
2026-05-25 21:30:00,57962.2,66598.6,57978.0,57954.8
2026-05-25 21:35:00,57890.1,66515.7,57910.0,57880.7
2026-05-25 21:40:00,57782.5,66392.1,57775.1,57785.9
2026-05-25 21:45:00,57670.8,66263.8,57696.8,57658.7
2026-05-25 21:50:00,57616.5,66201.4,57608.1,57620.5
2026-05-25 21:55:00,57546.1,66120.5,57516.1,57560.2
2026-05-25 22:00:00,57450.1,66010.2,57395.8,57475.6
2026-05-25 22:05:00,57472.1,66035.5,57409.7,57501.4
2026-05-25 22:10:00,57411.6,65965.9,57421.5,57407.0
2026-05-25 22:15:00,57310.6,65849.9,57290.7,57320.0
2026-05-25 22:20:00,57232.2,65759.8,57208.1,57243.5
2026-05-25 22:25:00,57093.5,65600.4,57112.4,57084.6
2026-05-25 22:30:00,56945.7,65430.6,56935.4,56950.5
2026-05-25 22:35:00,56806.9,65271.1,56803.2,56808.7
2026-05-25 22:40:00,56690.0,65136.8,56632.9,56716.8
2026-05-25 22:45:00,56577.9,65008.0,56540.3,56595.4
2026-05-25 22:50:00,56491.3,64908.5,56473.4,56499.7
2026-05-25 22:55:00,56383.9,64785.1,56355.8,56397.1
2026-05-25 23:00:00,56401.0,64804.7,56452.2,56377.0
2026-05-25 23:05:00,56579.4,65009.8,56633.6,56554.1
2026-05-25 23:10:00,56575.2,65004.9,56603.8,56561.8
2026-05-25 23:15:00,56379.6,64780.1,56408.9,56365.8
2026-05-25 23:20:00,56222.9,64600.2,56207.3,56230.3
2026-05-25 23:25:00,56026.1,64374.0,55991.7,56042.3
2026-05-25 23:30:00,55832.1,64151.0,55822.4,55836.6
2026-05-25 23:35:00,55651.0,63943.0,55624.1,55663.7
2026-05-25 23:40:00,55435.3,63695.2,55380.8,55460.8
2026-05-25 23:45:00,55224.2,63452.6,55130.4,55268.2
2026-05-25 23:50:00,54946.2,63133.2,54914.8,54960.9
2026-05-25 23:55:00,54612.1,62749.3,54596.9,54619.2
2026-05-26 00:00:00,54166.7,62237.5,54203.9,54149.2
2026-05-26 00:05:00,54050.1,62103.6,54101.3,54026.2
2026-05-26 00:10:00,53918.2,61952.0,53867.2,53942.1
2026-05-26 00:15:00,53744.1,61752.0,53711.1,53759.5
2026-05-26 00:20:00,53530.7,61506.8,53495.0,53547.5
2026-05-26 00:25:00,53255.1,61190.1,53377.4,53197.8
2026-05-26 00:30:00,53043.3,60946.7,53028.4,53050.2
2026-05-26 00:35:00,52874.8,60753.1,52917.8,52854.6
2026-05-26 00:40:00,52710.0,60563.8,52726.3,52702.3
2026-05-26 00:45:00,52576.9,60410.9,52551.3,52588.9
2026-05-26 00:50:00,52393.2,60199.8,52358.4,52409.5
2026-05-26 00:55:00,52178.8,59953.4,52126.6,52203.2
2026-05-26 01:00:00,52081.1,59841.2,52150.0,52048.8
2026-05-26 01:05:00,51997.6,59745.2,51989.3,52001.5
2026-05-26 01:10:00,51979.9,59725.0,51971.1,51984.1
2026-05-26 01:15:00,51973.2,59717.2,51956.3,51981.1
2026-05-26 01:20:00,51862.6,59590.1,51959.5,51817.2
2026-05-26 01:25:00,51762.3,59474.9,51742.5,51771.5
2026-05-26 01:30:00,51757.3,59469.1,51733.1,51768.6
2026-05-26 01:35:00,51730.4,59438.2,51773.9,51710.1
2026-05-26 01:40:00,51569.8,59253.7,51564.5,51572.3
2026-05-26 01:45:00,51566.3,59249.7,51557.4,51570.5
2026-05-26 01:50:00,51598.3,59286.4,51561.9,51615.4
2026-05-26 01:55:00,51641.6,59336.2,51559.3,51680.2
2026-05-26 02:00:00,51631.9,59325.1,51585.5,51653.6
2026-05-26 02:05:00,51601.4,59290.1,51625.4,51590.2
2026-05-26 02:10:00,51586.3,59272.6,51610.6,51574.8
2026-05-26 02:15:00,51585.7,59272.0,51608.5,51575.1
2026-05-26 02:20:00,51585.3,59271.5,51612.8,51572.3
2026-05-26 02:25:00,51586.9,59273.4,51617.0,51572.9
2026-05-26 02:30:00,51591.6,59278.7,51603.9,51585.8
2026-05-26 02:35:00,51614.1,59304.6,51639.5,51602.2
2026-05-26 02:40:00,51604.2,59293.2,51622.6,51595.6
2026-05-26 02:45:00,51605.3,59294.5,51625.9,51595.7
2026-05-26 02:50:00,51604.6,59293.7,51622.5,51596.2
2026-05-26 02:55:00,51600.4,59288.8,51622.3,51590.1
2026-05-26 03:00:00,51615.2,59305.8,51633.5,51606.6
2026-05-26 03:05:00,51662.1,59359.7,51671.8,51657.5
2026-05-26 03:10:00,51650.8,59346.7,51669.1,51642.2
2026-05-26 03:15:00,51651.8,59347.9,51668.5,51643.9
2026-05-26 03:20:00,51649.9,59345.8,51668.7,51641.2
2026-05-26 03:25:00,51653.5,59349.8,51671.8,51644.9
2026-05-26 03:30:00,51647.8,59343.4,51661.9,51641.3
2026-05-26 03:35:00,51678.6,59378.7,51700.2,51668.4
2026-05-26 03:40:00,51657.3,59354.2,51676.4,51648.3
2026-05-26 03:45:00,51658.7,59355.8,51680.6,51648.4
2026-05-26 03:50:00,51657.2,59354.1,51676.5,51648.2
2026-05-26 03:55:00,51661.0,59358.5,51676.9,51653.6
2026-05-26 04:00:00,51673.0,59372.3,51701.8,51659.5
2026-05-26 04:05:00,51720.7,59427.1,51751.6,51706.3
2026-05-26 04:10:00,51705.0,59409.1,51731.3,51692.7
2026-05-26 04:15:00,51704.0,59407.9,51727.2,51693.1
2026-05-26 04:20:00,51704.4,59408.4,51724.9,51694.8
2026-05-26 04:25:00,51708.7,59413.3,51730.8,51698.4
2026-05-26 04:30:00,51703.3,59407.0,51721.3,51694.8
2026-05-26 04:35:00,51745.3,59455.4,51776.9,51730.5
2026-05-26 04:40:00,51778.9,59493.9,51930.0,51708.1
2026-05-26 04:45:00,51892.1,59624.0,51927.5,51875.5
2026-05-26 04:50:00,51887.4,59618.6,51923.8,51870.3
2026-05-26 04:55:00,51886.1,59617.2,51924.3,51868.3
2026-05-26 05:00:00,51908.3,59642.6,51968.2,51880.2
2026-05-26 05:05:00,51982.7,59728.1,52041.9,51955.0
2026-05-26 05:10:00,52233.2,60015.9,52214.9,52241.8
2026-05-26 05:15:00,52420.0,60230.6,52405.2,52427.0
2026-05-26 05:20:00,52490.1,60311.2,52617.5,52430.5
2026-05-26 05:25:00,52629.2,60471.0,52620.3,52633.4
2026-05-26 05:30:00,52706.5,60559.7,52785.3,52669.5
2026-05-26 05:35:00,52896.2,60777.7,52836.3,52924.2
2026-05-26 05:40:00,53013.7,60912.8,53029.6,53006.3
2026-05-26 05:45:00,53223.5,61153.8,53208.5,53230.5
2026-05-26 05:50:00,53397.3,61353.4,53393.6,53399.0
2026-05-26 05:55:00,53631.4,61622.5,53593.4,53649.2
2026-05-26 06:00:00,53879.9,61908.0,53874.3,53882.6
2026-05-26 06:05:00,54364.7,62465.0,54366.2,54364.0
2026-05-26 06:10:00,54599.9,62735.2,54619.4,54590.7
2026-05-26 06:15:00,54782.0,62944.5,54836.8,54756.3
2026-05-26 06:20:00,54985.1,63177.9,54933.5,55009.3
2026-05-26 06:25:00,55142.7,63358.9,55221.4,55105.8
2026-05-26 06:30:00,55391.3,63644.6,55344.6,55413.2
2026-05-26 06:35:00,55678.2,63974.2,55638.6,55696.7
2026-05-26 06:40:00,55798.9,64112.9,55789.2,55803.4
2026-05-26 06:45:00,55936.9,64271.6,56046.8,55885.5
2026-05-26 06:50:00,56103.6,64463.0,56138.3,56087.3
2026-05-26 06:55:00,56289.4,64676.6,56224.7,56319.8
2026-05-26 07:00:00,56618.0,65054.1,56570.5,56640.2
2026-05-26 07:05:00,57043.7,65543.2,57020.5,57054.6
2026-05-26 07:10:00,57263.9,65796.2,57318.7,57238.3
2026-05-26 07:15:00,57483.0,66047.9,57452.8,57497.1
2026-05-26 07:20:00,57619.9,66205.3,57660.0,57601.1
2026-05-26 07:25:00,57756.8,66362.5,57763.7,57753.5
2026-05-26 07:30:00,57927.9,66559.2,57910.5,57936.1
2026-05-26 07:35:00,58169.4,66836.7,58101.2,58201.4
2026-05-26 07:40:00,58263.1,66944.3,58260.1,58264.6
2026-05-26 07:45:00,58334.3,67026.1,58332.2,58335.2
2026-05-26 07:50:00,58417.6,67121.8,58420.3,58416.3
2026-05-26 07:55:00,58547.6,67271.2,58528.3,58556.7
2026-05-26 08:00:00,58855.9,67625.4,58820.5,58872.5
2026-05-26 08:05:00,59308.6,68145.5,59222.4,59348.9
2026-05-26 08:10:00,59588.7,68467.4,59584.7,59590.5
2026-05-26 08:15:00,59819.4,68732.5,59803.8,59826.7
2026-05-26 08:20:00,59991.9,68930.7,60004.9,59985.8
2026-05-26 08:25:00,60204.1,69174.5,60142.6,60232.9
2026-05-26 08:30:00,60385.4,69382.8,60353.6,60400.3
2026-05-26 08:35:00,60585.5,69612.8,60576.1,60589.9
2026-05-26 08:40:00,60617.8,69649.8,60633.4,60610.5
2026-05-26 08:45:00,60603.5,69633.4,60615.0,60598.1
2026-05-26 08:50:00,60665.5,69704.6,60645.4,60674.9
2026-05-26 08:55:00,60722.5,69770.2,60717.7,60724.8
2026-05-26 09:00:00,60646.0,69682.2,60648.4,60644.8
2026-05-26 09:05:00,60667.1,69706.5,60648.4,60675.8
2026-05-26 09:10:00,60751.5,69803.5,60768.9,60743.4
2026-05-26 09:15:00,60802.3,69861.8,60797.7,60804.5
2026-05-26 09:20:00,60801.1,69860.5,60817.7,60793.4
2026-05-26 09:25:00,60794.7,69853.1,60801.7,60791.4
2026-05-26 09:30:00,60709.4,69755.1,60735.3,60697.3
2026-05-26 09:35:00,60614.8,69646.4,60635.5,60605.1
2026-05-26 09:40:00,60477.5,69488.6,60476.2,60478.1
2026-05-26 09:45:00,60389.7,69387.7,60396.0,60386.7
2026-05-26 09:50:00,60268.5,69248.5,60284.9,60260.8
2026-05-26 09:55:00,60148.4,69110.5,60099.2,60171.4
2026-05-26 10:00:00,59927.9,68857.1,59973.8,59906.3
2026-05-26 10:05:00,59898.9,68823.9,59970.2,59865.5
2026-05-26 10:10:00,59911.8,68838.7,59879.0,59927.2
2026-05-26 10:15:00,60045.6,68992.4,60049.9,60043.6
2026-05-26 10:20:00,60056.6,69005.0,60031.2,60068.5
2026-05-26 10:25:00,60028.9,68973.3,60019.6,60033.3
2026-05-26 10:30:00,59938.7,68869.6,59921.8,59946.6
2026-05-26 10:35:00,59908.6,68834.9,59893.1,59915.8
2026-05-26 10:40:00,59872.4,68793.4,59851.3,59882.3
2026-05-26 10:45:00,59740.0,68641.3,59780.0,59721.3
2026-05-26 10:50:00,59658.8,68548.0,59676.5,59650.5
2026-05-26 10:55:00,59598.1,68478.3,59590.6,59601.6
2026-05-26 11:00:00,59473.4,68334.9,59459.5,59479.9
2026-05-26 11:05:00,59376.7,68223.8,59432.8,59350.4
2026-05-26 11:10:00,59320.1,68158.8,59317.5,59321.3
2026-05-26 11:15:00,59304.6,68141.0,59249.9,59330.2
2026-05-26 11:20:00,59240.6,68067.4,59199.1,59260.0
2026-05-26 11:25:00,59218.5,68042.0,59099.1,59274.4
2026-05-26 11:30:00,59083.9,67887.4,59047.3,59101.1
2026-05-26 11:35:00,58999.4,67790.3,58990.3,59003.6
2026-05-26 11:40:00,58833.3,67599.4,58862.1,58819.7
2026-05-26 11:45:00,58596.9,67327.9,58696.1,58550.5
2026-05-26 11:50:00,58349.4,67043.5,58403.3,58324.2
2026-05-26 11:55:00,57961.5,66597.8,58058.1,57916.3
2026-05-26 12:00:00,57431.4,65988.7,57588.5,57357.9
2026-05-26 12:05:00,57427.0,65983.6,57429.8,57425.6
2026-05-26 12:10:00,57387.3,65938.0,57407.6,57377.8
2026-05-26 12:15:00,57386.5,65937.1,57411.4,57374.8
2026-05-26 12:20:00,57397.3,65949.4,57427.0,57383.3
2026-05-26 12:25:00,57390.8,65942.0,57395.0,57388.8
2026-05-26 12:30:00,57339.6,65883.1,57316.0,57350.6
2026-05-26 12:35:00,57352.5,65898.0,57361.4,57348.3
2026-05-26 12:40:00,57533.0,66105.4,57415.5,57588.0
2026-05-26 12:45:00,57687.3,66282.7,57624.9,57716.6
2026-05-26 12:50:00,57851.2,66471.1,57809.1,57871.0
2026-05-26 12:55:00,58029.6,66676.1,58025.6,58031.5
2026-05-26 13:00:00,58339.6,67032.2,58346.2,58336.5
2026-05-26 13:05:00,58623.0,67357.8,58721.6,58576.8
2026-05-26 13:10:00,58937.3,67719.0,58938.4,58936.8
2026-05-26 13:15:00,59163.5,67978.8,59128.7,59179.8
2026-05-26 13:20:00,59363.4,68208.6,59392.5,59349.8
2026-05-26 13:25:00,59623.6,68507.5,59611.7,59629.1
2026-05-26 13:30:00,59887.6,68810.8,59887.2,59887.7
2026-05-26 13:35:00,60154.1,69117.1,60112.5,60173.6
2026-05-26 13:40:00,60323.1,69311.3,60370.5,60301.0
2026-05-26 13:45:00,60467.3,69476.9,60535.1,60435.5
2026-05-26 13:50:00,60604.5,69634.5,60603.1,60605.1
2026-05-26 13:55:00,60736.0,69785.6,60773.7,60718.3
2026-05-26 14:00:00,60861.5,69929.9,60841.2,60871.0
2026-05-26 14:05:00,61030.6,70124.1,61045.5,61023.6
2026-05-26 14:10:00,61237.8,70362.2,61160.5,61273.9
2026-05-26 14:15:00,61434.7,70588.4,61437.5,61433.3
2026-05-26 14:20:00,61578.3,70753.4,61597.4,61569.3
2026-05-26 14:25:00,61675.3,70864.9,61697.2,61665.0
2026-05-26 14:30:00,61800.9,71009.3,61754.4,61822.8
2026-05-26 14:35:00,61956.6,71188.1,61902.6,61981.9
2026-05-26 14:40:00,62063.3,71310.8,62081.0,62055.1
2026-05-26 14:45:00,62171.2,71434.8,62170.7,62171.5
2026-05-26 14:50:00,62264.9,71542.3,62266.1,62264.3
2026-05-26 14:55:00,62321.9,71607.9,62339.1,62313.9
2026-05-26 15:00:00,62397.4,71694.6,62419.1,62387.3
2026-05-26 15:05:00,62452.5,71757.9,62525.2,62418.5
2026-05-26 15:10:00,62592.5,71918.7,62637.8,62571.2
2026-05-26 15:15:00,62876.6,72245.2,62850.7,62888.7
2026-05-26 15:20:00,63163.8,72575.2,63125.9,63181.5
2026-05-26 15:25:00,63444.1,72897.2,63429.2,63451.0
2026-05-26 15:30:00,63690.1,73179.9,63665.6,63701.6
2026-05-26 15:35:00,63886.4,73405.5,63872.6,63892.9
2026-05-26 15:40:00,64127.3,73682.3,64144.7,64119.2
2026-05-26 15:45:00,64407.9,74004.7,64358.2,64431.2
2026-05-26 15:50:00,64632.4,74262.6,64625.4,64635.6
2026-05-26 15:55:00,64853.8,74517.0,64800.0,64879.0
2026-05-26 16:00:00,65005.3,74691.1,64971.0,65021.4
2026-05-26 16:05:00,65048.0,74740.2,65045.1,65049.4
2026-05-26 16:10:00,65220.9,74938.8,65267.9,65198.9
2026-05-26 16:15:00,65394.0,75137.7,65397.6,65392.3
2026-05-26 16:20:00,65576.3,75347.2,65537.6,65594.5
2026-05-26 16:25:00,65789.8,75592.5,65765.7,65801.1
2026-05-26 16:30:00,65943.1,75768.7,65929.8,65949.4
2026-05-26 16:35:00,66142.4,75997.6,66158.6,66134.9
2026-05-26 16:40:00,66300.0,76178.7,66336.1,66283.1
2026-05-26 16:45:00,66469.2,76373.1,66455.8,66475.5
2026-05-26 16:50:00,66610.9,76536.0,66610.4,66611.2
2026-05-26 16:55:00,66726.8,76669.1,66692.9,66742.6
2026-05-26 17:00:00,66718.8,76659.9,66688.3,66733.2
2026-05-26 17:05:00,66608.8,76533.5,66635.1,66596.5
2026-05-26 17:10:00,66685.6,76621.7,66687.0,66684.9
2026-05-26 17:15:00,66794.8,76747.2,66791.6,66796.2
2026-05-26 17:20:00,66908.7,76878.1,66871.1,66926.4
2026-05-26 17:25:00,66984.0,76964.6,66974.6,66988.4
2026-05-26 17:30:00,67007.5,76991.6,67064.4,66980.8
2026-05-26 17:35:00,67055.4,77046.7,67080.8,67043.6
2026-05-26 17:40:00,67040.0,77029.0,67058.0,67031.6
2026-05-26 17:45:00,67042.9,77032.2,67063.1,67033.4
2026-05-26 17:50:00,67005.8,76989.7,67035.6,66991.8
2026-05-26 17:55:00,66978.6,76958.4,66987.3,66974.5
2026-05-26 18:00:00,66891.6,76858.4,66955.4,66861.7
2026-05-26 18:05:00,66781.0,76731.3,66830.2,66757.9
2026-05-26 18:10:00,66816.6,76772.3,66836.4,66807.4
2026-05-26 18:15:00,66841.0,76800.3,66864.3,66830.1
2026-05-26 18:20:00,66836.0,76794.6,66849.8,66829.6
2026-05-26 18:25:00,66855.1,76816.5,66870.8,66847.8
2026-05-26 18:30:00,66892.9,76859.9,66969.6,66856.9
2026-05-26 18:35:00,66937.3,76910.9,66950.0,66931.3
2026-05-26 18:40:00,66921.9,76893.3,66927.4,66919.4
2026-05-26 18:45:00,66924.4,76896.1,66932.5,66920.6
2026-05-26 18:50:00,66885.7,76851.7,66898.9,66879.6
2026-05-26 18:55:00,66863.4,76826.0,66866.5,66862.0
2026-05-26 19:00:00,66780.8,76731.1,66799.5,66772.0
2026-05-26 19:05:00,66724.0,76665.9,66713.2,66729.0
2026-05-26 19:10:00,66679.0,76614.2,66661.2,66687.4
2026-05-26 19:15:00,66683.8,76619.7,66656.8,66696.4
2026-05-26 19:20:00,66680.6,76616.0,66654.9,66692.6
2026-05-26 19:25:00,66674.4,76608.9,66647.5,66687.0
2026-05-26 19:30:00,66661.9,76594.6,66637.8,66673.2
2026-05-26 19:35:00,66621.3,76547.8,66646.8,66609.3
2026-05-26 19:40:00,66600.1,76523.5,66542.9,66626.8
2026-05-26 19:45:00,66606.4,76530.8,66560.2,66628.1
2026-05-26 19:50:00,66570.5,76489.5,66529.3,66589.8
2026-05-26 19:55:00,66549.8,76465.7,66488.7,66578.4
2026-05-26 20:00:00,66432.2,76330.6,66455.1,66421.4
2026-05-26 20:05:00,66340.0,76224.7,66367.0,66327.4
2026-05-26 20:10:00,66291.7,76169.2,66322.5,66277.3
2026-05-26 20:15:00,66252.4,76124.0,66201.1,66276.4
2026-05-26 20:20:00,66234.0,76102.9,66181.5,66258.6
2026-05-26 20:25:00,66174.5,76034.4,66175.1,66174.2
2026-05-26 20:30:00,66110.7,75961.2,66039.6,66144.1
2026-05-26 20:35:00,66035.8,75875.2,65981.5,66061.3
2026-05-26 20:40:00,65966.5,75795.5,65974.6,65962.7
2026-05-26 20:45:00,65903.6,75723.3,65867.5,65920.5
2026-05-26 20:50:00,65780.3,75581.6,65727.0,65805.3
2026-05-26 20:55:00,65659.0,75442.2,65621.6,65676.5
2026-05-26 21:00:00,65401.1,75145.9,65426.4,65389.3
2026-05-26 21:05:00,65159.2,74868.0,65172.8,65152.9
2026-05-26 21:10:00,64974.7,74655.9,64992.0,64966.6
2026-05-26 21:15:00,64813.5,74470.7,64798.6,64820.4
2026-05-26 21:20:00,64642.8,74274.6,64613.6,64656.5
2026-05-26 21:25:00,64466.8,74072.4,64444.1,64477.5
2026-05-26 21:30:00,64338.3,73924.7,64344.5,64335.3
2026-05-26 21:35:00,64189.7,73754.0,64168.0,64199.9
2026-05-26 21:40:00,64002.6,73539.0,64040.8,63984.7
2026-05-26 21:45:00,63836.6,73348.3,63883.1,63814.9
2026-05-26 21:50:00,63695.9,73186.6,63712.7,63688.0
2026-05-26 21:55:00,63513.6,72977.1,63553.4,63494.9
2026-05-26 22:00:00,63266.6,72693.3,63270.3,63264.8
2026-05-26 22:05:00,63383.4,72827.6,63317.7,63414.2
2026-05-26 22:10:00,63315.1,72749.0,63304.1,63320.2
2026-05-26 22:15:00,63164.3,72575.8,63146.7,63172.6
2026-05-26 22:20:00,63071.6,72469.3,63067.5,63073.6
2026-05-26 22:25:00,62936.0,72313.4,62910.0,62948.1
2026-05-26 22:30:00,62748.5,72098.1,62715.8,62763.8
2026-05-26 22:35:00,62605.6,71933.9,62559.3,62627.3
2026-05-26 22:40:00,62462.5,71769.4,62442.0,62472.1
2026-05-26 22:45:00,62277.5,71556.8,62277.0,62277.7
2026-05-26 22:50:00,62094.4,71346.4,62117.1,62083.8
2026-05-26 22:55:00,61886.1,71107.1,61886.7,61885.7
2026-05-26 23:00:00,61905.2,71129.0,61890.3,61912.1
2026-05-26 23:05:00,62321.9,71607.9,62258.5,62351.7
2026-05-26 23:10:00,62336.2,71624.3,62312.3,62347.4
2026-05-26 23:15:00,62170.5,71433.9,62143.3,62183.3
2026-05-26 23:20:00,61924.6,71151.4,61873.1,61948.7
2026-05-26 23:25:00,61713.7,70909.1,61669.7,61734.3
2026-05-26 23:30:00,61364.1,70507.3,61283.3,61401.9
2026-05-26 23:35:00,60971.4,70056.1,60974.1,60970.1
2026-05-26 23:40:00,60598.2,69627.3,60638.4,60579.3
2026-05-26 23:45:00,60258.1,69236.5,60280.7,60247.4
2026-05-26 23:50:00,59931.3,68861.0,59909.5,59941.4
2026-05-26 23:55:00,59475.7,68337.6,59508.1,59460.5
2026-05-27 00:00:00,58844.5,67612.3,58907.6,58814.9
2026-05-27 00:05:00,58652.2,67391.4,58632.4,58661.5
2026-05-27 00:10:00,58374.1,67071.9,58338.6,58390.8
2026-05-27 00:15:00,58138.5,66801.1,58087.9,58162.2
2026-05-27 00:20:00,57902.8,66530.3,57878.6,57914.1
2026-05-27 00:25:00,57609.9,66193.8,57581.6,57623.2
2026-05-27 00:30:00,57324.5,65865.8,57340.0,57317.2
2026-05-27 00:35:00,57050.5,65551.1,57102.4,57026.2
2026-05-27 00:40:00,56856.3,65327.8,56858.9,56855.0
2026-05-27 00:45:00,56645.0,65085.1,56678.9,56629.1
2026-05-27 00:50:00,56483.9,64900.0,56488.4,56481.8
2026-05-27 00:55:00,56339.6,64734.2,56299.1,56358.6
2026-05-27 01:00:00,56171.1,64540.6,56174.3,56169.7
2026-05-27 01:05:00,56108.7,64468.9,56122.6,56102.2
2026-05-27 01:10:00,55979.8,64320.8,55950.6,55993.5
2026-05-27 01:15:00,55850.7,64172.4,55853.1,55849.5
2026-05-27 01:20:00,55786.6,64098.8,55753.4,55802.2
2026-05-27 01:25:00,55700.8,64000.2,55642.5,55728.1
2026-05-27 01:30:00,55597.9,63882.0,55622.2,55586.5
2026-05-27 01:35:00,55538.3,63813.5,55564.7,55526.0
2026-05-27 01:40:00,55468.6,63733.5,55441.8,55481.2
2026-05-27 01:45:00,55386.4,63639.0,55450.7,55356.3
2026-05-27 01:50:00,55354.9,63602.8,55322.9,55369.9
2026-05-27 01:55:00,55280.3,63517.1,55324.3,55259.7
2026-05-27 02:00:00,55229.0,63458.1,55199.6,55242.7
2026-05-27 02:05:00,55205.9,63431.5,55258.9,55181.0
2026-05-27 02:10:00,55148.5,63365.6,55117.7,55162.9
2026-05-27 02:15:00,55117.4,63329.8,55083.6,55133.2
2026-05-27 02:20:00,55052.9,63255.8,55083.5,55038.6
2026-05-27 02:25:00,54995.4,63189.7,54991.2,54997.3
2026-05-27 02:30:00,54934.2,63119.3,54989.0,54908.5
2026-05-27 02:35:00,54904.4,63085.1,54885.3,54913.3
2026-05-27 02:40:00,54916.7,63099.3,54868.8,54939.2
2026-05-27 02:45:00,54864.9,63039.8,54844.3,54874.5
2026-05-27 02:50:00,54778.9,62941.0,54840.9,54749.9
2026-05-27 02:55:00,54739.0,62895.1,54716.2,54749.8
2026-05-27 03:00:00,54721.1,62874.6,54711.3,54725.7
2026-05-27 03:05:00,54717.4,62870.3,54767.4,54694.0
2026-05-27 03:10:00,54701.5,62852.1,54753.9,54677.0
2026-05-27 03:15:00,54639.3,62780.6,54629.0,54644.2
2026-05-27 03:20:00,54642.6,62784.3,54633.7,54646.8
2026-05-27 03:25:00,54647.2,62789.6,54636.8,54652.1
2026-05-27 03:30:00,54642.6,62784.4,54633.5,54646.9
2026-05-27 03:35:00,54660.9,62805.3,54670.5,54656.4
2026-05-27 03:40:00,54638.3,62779.4,54640.3,54637.4
2026-05-27 03:45:00,54640.0,62781.3,54645.3,54637.5
2026-05-27 03:50:00,54638.2,62779.3,54640.4,54637.3
2026-05-27 03:55:00,54642.7,62784.5,54640.7,54643.6
2026-05-27 04:00:00,54692.8,62842.0,54674.7,54701.3
2026-05-27 04:05:00,54742.1,62898.6,54739.5,54743.3
2026-05-27 04:10:00,54828.5,62997.9,54834.2,54825.8
2026-05-27 04:15:00,54828.9,62998.4,54830.4,54828.2
2026-05-27 04:20:00,54827.6,62996.9,54825.1,54828.7
2026-05-27 04:25:00,54832.7,63002.7,54831.1,54833.4
2026-05-27 04:30:00,54827.9,62997.3,54822.6,54830.4
2026-05-27 04:35:00,54871.7,63047.6,54875.4,54870.0
2026-05-27 04:40:00,54878.7,63055.6,54960.3,54840.4
2026-05-27 04:45:00,55000.1,63195.1,54957.1,55020.2
2026-05-27 04:50:00,55038.0,63238.6,55087.0,55015.0
2026-05-27 04:55:00,55101.5,63311.6,55085.9,55108.7
2026-05-27 05:00:00,55133.3,63348.1,55163.7,55119.0
2026-05-27 05:05:00,55339.1,63584.6,55347.6,55335.1
2026-05-27 05:10:00,55392.3,63645.8,55392.9,55392.0
2026-05-27 05:15:00,55475.8,63741.7,55474.5,55476.4
2026-05-27 05:20:00,55513.5,63785.0,55581.1,55481.9
2026-05-27 05:25:00,55576.7,63857.6,55582.6,55573.9
2026-05-27 05:30:00,55672.6,63967.9,55716.7,55652.0
2026-05-27 05:35:00,55808.0,64123.4,55789.6,55816.6
2026-05-27 05:40:00,55892.5,64220.4,55964.7,55858.6
2026-05-27 05:45:00,55997.6,64341.2,55946.6,56021.5
2026-05-27 05:50:00,56117.4,64478.9,56070.1,56139.6
2026-05-27 05:55:00,56193.9,64566.8,56182.3,56199.3
2026-05-27 06:00:00,56415.5,64821.4,56416.5,56415.0
2026-05-27 06:05:00,56743.5,65198.3,56756.5,56737.4
2026-05-27 06:10:00,56927.5,65409.7,56942.7,56920.3
2026-05-27 06:15:00,57074.1,65578.1,57086.3,57068.4
2026-05-27 06:20:00,57174.0,65692.9,57160.0,57180.5
2026-05-27 06:25:00,57302.1,65840.1,57260.3,57321.7
2026-05-27 06:30:00,57472.4,66035.8,57463.8,57476.4
2026-05-27 06:35:00,57713.7,66313.1,57721.9,57709.9
2026-05-27 06:40:00,57803.0,66415.7,57831.0,57789.9
2026-05-27 06:45:00,57872.5,66495.5,57923.3,57848.7
2026-05-27 06:50:00,57975.5,66613.8,58013.5,57957.6
2026-05-27 06:55:00,58090.0,66745.4,58112.9,58079.3
2026-05-27 07:00:00,58343.5,67036.7,58329.6,58350.0
2026-05-27 07:05:00,58740.3,67492.7,58760.0,58731.1
2026-05-27 07:10:00,58967.4,67753.5,58971.6,58965.4
2026-05-27 07:15:00,59205.8,68027.5,59198.0,59209.5
2026-05-27 07:20:00,59331.0,68171.3,59322.9,59334.8
2026-05-27 07:25:00,59468.5,68329.3,59437.4,59483.0
2026-05-27 07:30:00,59515.8,68383.6,59562.3,59494.0
2026-05-27 07:35:00,59668.6,68559.2,59647.7,59678.4
2026-05-27 07:40:00,59688.0,68581.5,59695.8,59684.3
2026-05-27 07:45:00,59734.6,68635.0,59687.5,59756.6
2026-05-27 07:50:00,59806.4,68717.5,59812.0,59803.7
2026-05-27 07:55:00,59847.5,68764.8,59811.2,59864.6
2026-05-27 08:00:00,60133.3,69093.1,60139.7,60130.3
2026-05-27 08:05:00,60533.1,69552.5,60575.0,60513.5
2026-05-27 08:10:00,60759.6,69812.7,60762.9,60758.0
2026-05-27 08:15:00,61066.5,70165.4,61041.9,61078.1
2026-05-27 08:20:00,61221.9,70343.9,61213.9,61225.6
2026-05-27 08:25:00,61398.4,70546.8,61332.8,61429.1
2026-05-27 08:30:00,61479.5,70639.9,61444.7,61495.8
2026-05-27 08:35:00,61643.3,70828.1,61611.1,61658.3
2026-05-27 08:40:00,61623.1,70805.0,61667.1,61602.6
2026-05-27 08:45:00,61596.2,70774.0,61539.7,61622.7
2026-05-27 08:50:00,61527.9,70695.5,61538.9,61522.7
2026-05-27 08:55:00,61511.6,70676.9,61526.0,61504.9
2026-05-27 09:00:00,61374.0,70518.7,61376.2,61372.9
2026-05-27 09:05:00,61379.7,70525.2,61428.1,61357.0
2026-05-27 09:10:00,61407.7,70557.4,61403.3,61409.7
2026-05-27 09:15:00,61402.5,70551.5,61437.0,61386.4
2026-05-27 09:20:00,61369.7,70513.7,61364.7,61372.0
2026-05-27 09:25:00,61324.6,70461.9,61362.2,61307.0
2026-05-27 09:30:00,61182.9,70299.1,61178.9,61184.7
2026-05-27 09:35:00,61059.8,70157.7,61094.0,61043.8
2026-05-27 09:40:00,60919.0,69995.9,60936.8,60910.7
2026-05-27 09:45:00,60724.0,69771.9,60743.7,60714.7
2026-05-27 09:50:00,60534.8,69554.5,60551.7,60526.9
2026-05-27 09:55:00,60333.0,69322.6,60356.4,60322.1
2026-05-27 10:00:00,60056.8,69005.2,60117.1,60028.5
2026-05-27 10:05:00,60040.2,68986.2,60030.2,60044.9
2026-05-27 10:10:00,60016.5,68958.9,60029.5,60010.4
2026-05-27 10:15:00,60126.7,69085.6,60109.3,60134.9
2026-05-27 10:20:00,60131.1,69090.7,60112.8,60139.7
2026-05-27 10:25:00,60104.3,69059.9,60105.6,60103.7
2026-05-27 10:30:00,60025.3,68969.1,60002.8,60035.9
2026-05-27 10:35:00,59971.3,68907.1,59952.9,59980.0
2026-05-27 10:40:00,59901.3,68826.6,59830.5,59934.4
2026-05-27 10:45:00,59822.0,68735.5,59757.2,59852.3
2026-05-27 10:50:00,59771.6,68677.6,59756.0,59778.9
2026-05-27 10:55:00,59640.7,68527.2,59663.7,59630.0
2026-05-27 11:00:00,59500.0,68365.5,59555.2,59474.2
2026-05-27 11:05:00,59409.6,68261.6,59427.8,59401.1
2026-05-27 11:10:00,59375.1,68222.0,59324.0,59399.0
2026-05-27 11:15:00,59325.6,68165.2,59335.1,59321.2
2026-05-27 11:20:00,59274.5,68106.4,59227.4,59296.6
2026-05-27 11:25:00,59247.4,68075.3,59212.4,59263.9
2026-05-27 11:30:00,59125.8,67935.5,59075.3,59149.4
2026-05-27 11:35:00,59050.3,67848.8,58983.6,59081.5
2026-05-27 11:40:00,58924.0,67703.7,58854.3,58956.7
2026-05-27 11:45:00,58759.0,67514.0,58780.0,58749.1
2026-05-27 11:50:00,58489.7,67204.7,58508.8,58480.8
2026-05-27 11:55:00,58073.2,66726.2,58111.4,58055.4
2026-05-27 12:00:00,57532.4,66104.7,57664.8,57470.3
2026-05-27 12:05:00,57568.0,66145.7,57522.0,57589.6
2026-05-27 12:10:00,57595.4,66177.1,57602.0,57592.3
2026-05-27 12:15:00,57537.2,66110.2,57590.8,57512.1
2026-05-27 12:20:00,57516.6,66086.6,57507.3,57521.0
2026-05-27 12:25:00,57467.7,66030.4,57499.4,57452.8
2026-05-27 12:30:00,57416.1,65971.1,57407.7,57420.0
2026-05-27 12:35:00,57427.6,65984.3,57422.5,57429.9
2026-05-27 12:40:00,57571.1,66149.2,57493.7,57607.4
2026-05-27 12:45:00,57744.8,66348.8,57712.8,57759.8
2026-05-27 12:50:00,57949.6,66584.1,57870.2,57986.9
2026-05-27 12:55:00,58179.6,66848.3,58196.5,58171.6
2026-05-27 13:00:00,58552.9,67277.3,58563.3,58548.0
2026-05-27 13:05:00,58948.9,67732.3,58909.8,58967.2
2026-05-27 13:10:00,59284.4,68117.8,59200.5,59323.7
2026-05-27 13:15:00,59552.1,68425.3,59539.0,59558.2
2026-05-27 13:20:00,59802.7,68713.4,59771.6,59817.3
2026-05-27 13:25:00,60071.6,69022.3,60029.9,60091.2
2026-05-27 13:30:00,60301.6,69286.6,60307.4,60298.9
2026-05-27 13:35:00,60579.1,69605.4,60602.7,60568.1
2026-05-27 13:40:00,60773.9,69829.2,60816.7,60753.8
2026-05-27 13:45:00,60923.2,70000.7,60971.6,60900.5
2026-05-27 13:50:00,61047.2,70143.2,61056.0,61043.0
2026-05-27 13:55:00,61252.2,70378.8,61282.0,61238.2
2026-05-27 14:00:00,61426.1,70578.5,61441.3,61418.9
2026-05-27 14:05:00,61555.2,70727.0,61525.2,61569.3
2026-05-27 14:10:00,61696.5,70889.3,61734.5,61678.7
2026-05-27 14:15:00,61832.5,71045.5,61824.6,61836.2
2026-05-27 14:20:00,62003.9,71242.4,61981.8,62014.2
2026-05-27 14:25:00,62173.4,71437.3,62102.1,62206.9
2026-05-27 14:30:00,62261.5,71538.4,62264.1,62260.3
2026-05-27 14:35:00,62352.2,71642.7,62375.2,62341.5
2026-05-27 14:40:00,62447.8,71752.5,62424.8,62458.5
2026-05-27 14:45:00,62545.5,71864.8,62539.4,62548.4
2026-05-27 14:50:00,62581.3,71905.9,62608.0,62568.7
2026-05-27 14:55:00,62731.5,72078.5,62713.3,62740.0
2026-05-27 15:00:00,62753.4,72103.6,62777.8,62741.9
2026-05-27 15:05:00,62790.8,72146.6,62891.4,62743.7
2026-05-27 15:10:00,62967.0,72349.0,63006.8,62948.3
2026-05-27 15:15:00,63220.6,72640.5,63238.8,63212.1
2026-05-27 15:20:00,63428.2,72879.0,63398.4,63442.2
2026-05-27 15:25:00,63676.3,73164.1,63705.2,63662.7
2026-05-27 15:30:00,63858.4,73373.3,63847.0,63863.7
2026-05-27 15:35:00,64035.6,73576.9,64047.4,64030.1
2026-05-27 15:40:00,64187.7,73751.7,64220.4,64172.4
2026-05-27 15:45:00,64423.4,74022.4,64421.4,64424.2
2026-05-27 15:50:00,64632.8,74263.0,64596.8,64649.6
2026-05-27 15:55:00,64819.5,74477.7,64761.5,64846.7
2026-05-27 16:00:00,64955.2,74633.5,64852.4,65003.3
2026-05-27 16:05:00,64958.4,74637.1,65015.9,64931.4
2026-05-27 16:10:00,65058.4,74752.1,65164.2,65008.8
2026-05-27 16:15:00,65227.5,74946.4,65272.2,65206.6
2026-05-27 16:20:00,65377.2,75118.4,65438.5,65348.5
2026-05-27 16:25:00,65511.5,75272.7,65517.9,65508.5
2026-05-27 16:30:00,65635.2,75414.8,65612.2,65646.0
2026-05-27 16:35:00,65768.9,75568.5,65852.5,65729.8
2026-05-27 16:40:00,65926.3,75749.3,65918.2,65930.0
2026-05-27 16:45:00,66029.5,75867.9,66116.6,65988.6
2026-05-27 16:50:00,66136.0,75990.3,66171.4,66119.5
2026-05-27 16:55:00,66191.0,76053.4,66239.1,66168.4
2026-05-27 17:00:00,66180.7,76041.6,66193.0,66174.9
2026-05-27 17:05:00,66073.0,75917.9,66139.4,66041.9
2026-05-27 17:10:00,66159.9,76017.7,66190.8,66145.4
2026-05-27 17:15:00,66266.4,76140.1,66270.7,66264.4
2026-05-27 17:20:00,66371.9,76261.3,66366.5,66374.5
2026-05-27 17:25:00,66473.6,76378.2,66468.4,66476.1
2026-05-27 17:30:00,66530.7,76443.7,66537.2,66527.6
2026-05-27 17:35:00,66574.4,76494.0,66564.2,66579.2
2026-05-27 17:40:00,66663.3,76596.2,66645.4,66671.7
2026-05-27 17:45:00,66686.3,76622.6,66749.0,66657.0
2026-05-27 17:50:00,66741.0,76685.4,66720.8,66750.4
2026-05-27 17:55:00,66716.8,76657.6,66684.0,66732.2
2026-05-27 18:00:00,66704.2,76643.1,66660.4,66724.7
2026-05-27 18:05:00,66620.8,76547.3,66606.0,66627.7
2026-05-27 18:10:00,66647.7,76578.2,66632.5,66654.9
2026-05-27 18:15:00,66702.8,76641.5,66744.9,66683.0
2026-05-27 18:20:00,66740.8,76685.2,66728.9,66746.4
2026-05-27 18:25:00,66759.4,76706.6,66747.3,66765.1
2026-05-27 18:30:00,66804.9,76758.9,66856.7,66780.7
2026-05-27 18:35:00,66848.6,76809.0,66841.6,66851.8
2026-05-27 18:40:00,66860.5,76822.7,66902.4,66840.8
2026-05-27 18:45:00,66862.2,76824.7,66905.3,66842.0
2026-05-27 18:50:00,66824.3,76781.1,66870.7,66802.5
2026-05-27 18:55:00,66771.2,76720.1,66743.3,66784.3
2026-05-27 19:00:00,66695.3,76632.9,66687.0,66699.1
2026-05-27 19:05:00,66631.7,76559.8,66579.5,66656.1
2026-05-27 19:10:00,66603.8,76527.8,66537.2,66635.1
2026-05-27 19:15:00,66608.3,76532.9,66534.7,66642.8
2026-05-27 19:20:00,66604.6,76528.7,66532.0,66638.6
2026-05-27 19:25:00,66598.3,76521.4,66522.6,66633.8
2026-05-27 19:30:00,66589.7,76511.5,66524.9,66620.0
2026-05-27 19:35:00,66593.6,76516.1,66537.7,66619.8
2026-05-27 19:40:00,66593.2,76515.6,66531.2,66622.2
2026-05-27 19:45:00,66595.8,76518.6,66537.0,66623.4
2026-05-27 19:50:00,66556.0,76472.9,66504.9,66580.0
2026-05-27 19:55:00,66487.1,76393.7,66486.4,66487.5
2026-05-27 20:00:00,66397.5,76290.8,66360.9,66414.7
2026-05-27 20:05:00,66304.7,76184.1,66270.7,66320.6
2026-05-27 20:10:00,66243.1,76113.3,66216.6,66255.5
2026-05-27 20:15:00,66180.6,76041.5,66192.9,66174.9
2026-05-27 20:20:00,66142.7,75998.0,66080.7,66171.8
2026-05-27 20:25:00,66070.4,75914.8,66072.9,66069.2
2026-05-27 20:30:00,66011.0,75846.6,65950.9,66039.1
2026-05-27 20:35:00,65934.0,75758.2,65871.7,65963.2
2026-05-27 20:40:00,65844.6,75655.4,65864.3,65835.4
2026-05-27 20:45:00,65810.5,75616.3,65753.8,65837.1
2026-05-27 20:50:00,65697.8,75486.8,65631.8,65728.7
2026-05-27 20:55:00,65569.6,75339.5,65523.7,65591.2
2026-05-27 21:00:00,65290.3,75018.6,65316.6,65278.0
2026-05-27 21:05:00,65108.4,74809.5,65089.4,65117.3
2026-05-27 21:10:00,64951.3,74629.1,64916.9,64967.5
2026-05-27 21:15:00,64759.5,74408.7,64810.0,64735.9
2026-05-27 21:20:00,64581.6,74204.3,64622.3,64562.6
2026-05-27 21:25:00,64420.6,74019.3,64445.0,64409.2
2026-05-27 21:30:00,64274.6,73851.5,64254.3,64284.1
2026-05-27 21:35:00,64095.5,73645.7,64172.6,64059.4
2026-05-27 21:40:00,63914.6,73437.9,63951.4,63897.4
2026-05-27 21:45:00,63759.7,73259.9,63791.6,63744.8
2026-05-27 21:50:00,63615.5,73094.2,63616.0,63615.2
2026-05-27 21:55:00,63366.7,72808.4,63392.7,63354.6
2026-05-27 22:00:00,63205.2,72622.8,63204.5,63205.6
2026-05-27 22:05:00,63267.9,72694.8,63222.8,63289.0
2026-05-27 22:10:00,63215.0,72634.0,63188.0,63227.6
2026-05-27 22:15:00,63095.7,72497.0,63065.9,63109.7
2026-05-27 22:20:00,62974.2,72357.3,62948.2,62986.4
2026-05-27 22:25:00,62850.3,72214.9,62821.8,62863.6
2026-05-27 22:30:00,62651.4,71986.4,62633.9,62659.6
2026-05-27 22:35:00,62465.6,71772.9,62446.6,62474.4
2026-05-27 22:40:00,62307.9,71591.8,62271.1,62325.1
2026-05-27 22:45:00,62155.8,71417.0,62196.1,62136.9
2026-05-27 22:50:00,61999.5,71237.5,61985.9,62005.9
2026-05-27 22:55:00,61791.9,70998.9,61799.1,61788.5
2026-05-27 23:00:00,61781.5,70986.9,61773.7,61785.1
2026-05-27 23:05:00,62106.5,71360.3,62147.8,62087.1
2026-05-27 23:10:00,62129.2,71386.4,62057.5,62162.7
2026-05-27 23:15:00,61953.9,71185.0,61983.1,61940.2
2026-05-27 23:20:00,61708.7,70903.2,61678.8,61722.6
2026-05-27 23:25:00,61452.8,70609.3,61378.6,61487.6
2026-05-27 23:30:00,61074.3,70174.4,61097.7,61063.3
2026-05-27 23:35:00,60690.2,69733.1,60730.8,60671.2
2026-05-27 23:40:00,60361.8,69355.7,60396.3,60345.7
2026-05-27 23:45:00,60034.7,68979.9,60002.2,60049.9
2026-05-27 23:50:00,59670.6,68561.5,59720.8,59647.1
2026-05-27 23:55:00,59187.1,68006.0,59247.4,59158.9
2026-05-28 00:00:00,58549.0,67272.9,58656.4,58498.8
2026-05-28 00:05:00,58353.7,67048.4,58387.5,58337.9
2026-05-28 00:10:00,58095.2,66751.4,58091.3,58097.1
2026-05-28 00:15:00,57846.2,66465.3,57787.5,57873.8
2026-05-28 00:20:00,57626.2,66212.5,57540.6,57666.3
2026-05-28 00:25:00,57394.3,65946.0,57317.0,57430.5
2026-05-28 00:30:00,57118.1,65628.7,57149.3,57103.5
2026-05-28 00:35:00,56889.3,65365.8,56927.6,56871.3
2026-05-28 00:40:00,56691.6,65138.6,56675.0,56699.3
2026-05-28 00:45:00,56532.5,64955.9,56491.0,56552.0
2026-05-28 00:50:00,56329.4,64722.4,56299.6,56343.3
2026-05-28 00:55:00,56127.1,64490.1,56103.6,56138.2
2026-05-28 01:00:00,55967.7,64306.9,55955.7,55973.3
2026-05-28 01:05:00,55857.3,64180.0,55884.9,55844.3
2026-05-28 01:10:00,55779.2,64090.2,55757.2,55789.5
2026-05-28 01:15:00,55663.0,63956.8,55638.2,55674.6
2026-05-28 01:20:00,55601.5,63886.1,55547.3,55626.9
2026-05-28 01:25:00,55547.6,63824.2,55522.0,55559.6
2026-05-28 01:30:00,55439.9,63700.5,55424.5,55447.1
2026-05-28 01:35:00,55341.0,63586.8,55334.3,55344.1
2026-05-28 01:40:00,55244.9,63476.4,55215.5,55258.7
2026-05-28 01:45:00,55152.4,63370.1,55218.7,55121.4
2026-05-28 01:50:00,55114.6,63326.7,55095.0,55123.8
2026-05-28 01:55:00,55044.0,63245.5,55093.5,55020.8
2026-05-28 02:00:00,54976.3,63167.8,54962.7,54982.7
2026-05-28 02:05:00,54939.1,63125.1,54888.5,54962.9
2026-05-28 02:10:00,54892.1,63071.0,54864.6,54905.0
2026-05-28 02:15:00,54898.9,63078.9,54869.8,54912.6
2026-05-28 02:20:00,54894.8,63074.1,54866.8,54907.9
2026-05-28 02:25:00,54833.2,63003.4,54829.6,54834.9
2026-05-28 02:30:00,54728.7,62883.3,54703.4,54740.6
2026-05-28 02:35:00,54690.7,62839.7,54734.4,54670.3
2026-05-28 02:40:00,54651.3,62794.3,54605.0,54673.0
2026-05-28 02:45:00,54650.8,62793.8,54608.3,54670.7
2026-05-28 02:50:00,54630.0,62769.8,54604.7,54641.8
2026-05-28 02:55:00,54631.2,62771.3,54612.2,54640.1
2026-05-28 03:00:00,54610.0,62746.9,54611.8,54609.2
2026-05-28 03:05:00,54565.4,62695.6,54659.0,54521.5
2026-05-28 03:10:00,54509.1,62631.0,54510.6,54508.5
2026-05-28 03:15:00,54508.5,62630.2,54509.2,54508.1
2026-05-28 03:20:00,54509.4,62631.3,54506.8,54510.7
2026-05-28 03:25:00,54486.6,62605.1,54509.9,54475.7
2026-05-28 03:30:00,54477.7,62594.9,54492.7,54470.7
2026-05-28 03:35:00,54502.3,62623.1,54529.7,54489.4
2026-05-28 03:40:00,54481.5,62599.3,54505.1,54470.5
2026-05-28 03:45:00,54483.2,62601.2,54510.3,54470.6
2026-05-28 03:50:00,54481.0,62598.7,54505.2,54469.7
2026-05-28 03:55:00,54484.4,62602.6,54505.5,54474.5
2026-05-28 04:00:00,54537.4,62663.5,54539.0,54536.7
2026-05-28 04:05:00,54575.3,62707.1,54599.1,54564.2
2026-05-28 04:10:00,54572.9,62704.3,54575.5,54571.7
2026-05-28 04:15:00,54574.3,62705.8,54573.1,54574.8
2026-05-28 04:20:00,54572.9,62704.3,54567.8,54575.3
2026-05-28 04:25:00,54578.0,62710.1,54573.8,54580.0
2026-05-28 04:30:00,54574.5,62706.0,54567.3,54577.8
2026-05-28 04:35:00,54618.3,62756.4,54620.1,54617.4
2026-05-28 04:40:00,54703.1,62853.8,54699.1,54705.0
2026-05-28 04:45:00,54701.0,62851.5,54695.9,54703.4
2026-05-28 04:50:00,54696.1,62845.8,54692.9,54697.6
2026-05-28 04:55:00,54692.5,62841.7,54691.7,54692.9
2026-05-28 05:00:00,54730.7,62885.5,54780.6,54707.3
2026-05-28 05:05:00,54881.1,63058.4,54975.7,54836.9
2026-05-28 05:10:00,55016.3,63213.7,55037.6,55006.3
2026-05-28 05:15:00,55116.4,63328.7,55156.8,55097.4
2026-05-28 05:20:00,55151.6,63369.2,55253.0,55104.2
2026-05-28 05:25:00,55263.7,63498.0,55262.3,55264.3
2026-05-28 05:30:00,55387.8,63640.6,55384.7,55389.3
2026-05-28 05:35:00,55592.7,63876.0,55567.3,55604.6
2026-05-28 05:40:00,55691.7,63989.8,55729.0,55674.2
2026-05-28 05:45:00,55794.5,64107.9,55829.0,55778.3
2026-05-28 05:50:00,55924.5,64257.2,55881.1,55944.8
2026-05-28 05:55:00,56058.9,64411.7,56095.5,56041.7
2026-05-28 06:00:00,56310.6,64700.9,56298.2,56316.4
2026-05-28 06:05:00,56679.9,65125.3,56669.8,56684.7
2026-05-28 06:10:00,56900.7,65378.9,56861.6,56919.0
2026-05-28 06:15:00,57052.3,65553.1,57025.0,57065.1
2026-05-28 06:20:00,57204.6,65728.1,57199.7,57206.9
2026-05-28 06:25:00,57356.2,65902.3,57365.7,57351.8
2026-05-28 06:30:00,57516.5,66086.5,57433.8,57555.3
2026-05-28 06:35:00,57731.4,66333.4,57741.3,57726.8
2026-05-28 06:40:00,57872.6,66495.6,57860.4,57878.3
2026-05-28 06:45:00,58018.4,66663.1,58043.5,58006.7
2026-05-28 06:50:00,58169.5,66836.8,58106.1,58199.2
2026-05-28 06:55:00,58283.0,66967.2,58302.8,58273.8
2026-05-28 07:00:00,58583.9,67312.9,58539.4,58604.7
2026-05-28 07:05:00,59059.9,67859.8,59032.1,59072.9
2026-05-28 07:10:00,59327.8,68167.6,59338.6,59322.7
2026-05-28 07:15:00,59569.9,68445.8,59533.2,59587.1
2026-05-28 07:20:00,59704.9,68600.9,59722.2,59696.8
2026-05-28 07:25:00,59806.3,68717.4,59792.6,59812.6
2026-05-28 07:30:00,59885.5,68808.4,59838.4,59907.5
2026-05-28 07:35:00,60072.4,69023.2,60014.8,60099.4
2026-05-28 07:40:00,60124.0,69082.5,60096.2,60137.0
2026-05-28 07:45:00,60146.9,69108.8,60190.1,60126.6
2026-05-28 07:50:00,60153.9,69116.8,60203.2,60130.8
2026-05-28 07:55:00,60143.0,69104.3,60194.6,60118.8
2026-05-28 08:00:00,60387.2,69384.9,60441.1,60361.9
2026-05-28 08:05:00,60881.9,69953.3,60862.0,60891.2
2026-05-28 08:10:00,61176.8,70292.1,61175.7,61177.3
2026-05-28 08:15:00,61415.7,70566.7,61422.3,61412.7
2026-05-28 08:20:00,61585.5,70761.7,61508.9,61621.4
2026-05-28 08:25:00,61692.9,70885.1,61718.6,61680.8
2026-05-28 08:30:00,61742.1,70941.6,61732.7,61746.5
2026-05-28 08:35:00,61917.0,71142.6,61886.8,61931.1
2026-05-28 08:40:00,61959.3,71191.2,61982.5,61948.4
2026-05-28 08:45:00,61925.8,71152.8,61947.7,61915.5
2026-05-28 08:50:00,61903.2,71126.8,61938.8,61886.6
2026-05-28 08:55:00,61853.0,71069.1,61820.5,61868.3
2026-05-28 09:00:00,61736.7,70935.5,61783.3,61714.9
2026-05-28 09:05:00,61781.9,70987.4,61868.9,61741.1
2026-05-28 09:10:00,61796.9,71004.7,61861.7,61766.6
2026-05-28 09:15:00,61838.2,71052.1,61903.9,61807.5
2026-05-28 09:20:00,61867.6,71085.8,61851.7,61875.0
2026-05-28 09:25:00,61852.8,71068.8,61845.5,61856.2
2026-05-28 09:30:00,61793.6,71000.9,61776.2,61801.8
2026-05-28 09:35:00,61734.1,70932.5,61726.0,61738.0
2026-05-28 09:40:00,61680.4,70870.8,61676.7,61682.1
2026-05-28 09:45:00,61604.6,70783.7,61574.2,61618.9
2026-05-28 09:50:00,61482.2,70643.1,61481.5,61482.5
2026-05-28 09:55:00,61406.1,70555.6,61396.0,61410.8
2026-05-28 10:00:00,61224.1,70346.5,61270.8,61202.2
2026-05-28 10:05:00,61231.8,70355.3,61274.7,61211.7
2026-05-28 10:10:00,61259.2,70386.8,61225.3,61275.0
2026-05-28 10:15:00,61369.8,70513.9,61446.3,61334.0
2026-05-28 10:20:00,61363.2,70506.3,61417.6,61337.7
2026-05-28 10:25:00,61344.1,70484.3,61412.4,61312.1
2026-05-28 10:30:00,61231.1,70354.5,61291.0,61203.1
2026-05-28 10:35:00,61140.5,70250.4,61072.2,61172.5
2026-05-28 10:40:00,61040.8,70135.8,61039.0,61041.6
2026-05-28 10:45:00,60898.7,69972.6,60873.1,60910.7
2026-05-28 10:50:00,60728.5,69777.0,60749.0,60718.9
2026-05-28 10:55:00,60589.5,69617.4,60545.0,60610.4
2026-05-28 11:00:00,60380.1,69376.8,60427.9,60357.7
2026-05-28 11:05:00,60190.2,69158.6,60302.8,60137.5
2026-05-28 11:10:00,60054.3,69002.4,60110.3,60028.1
2026-05-28 11:15:00,59880.5,68802.8,59928.5,59858.1
2026-05-28 11:20:00,59689.5,68583.3,59708.2,59680.8
2026-05-28 11:25:00,59534.1,68404.7,59538.7,59532.0
2026-05-28 11:30:00,59395.4,68245.3,59405.6,59390.6
2026-05-28 11:35:00,59227.5,68052.4,59243.1,59220.2
2026-05-28 11:40:00,59002.9,67794.3,59003.2,59002.7
2026-05-28 11:45:00,58751.2,67505.1,58818.9,58719.5
2026-05-28 11:50:00,58471.1,67183.3,58445.8,58482.9
2026-05-28 11:55:00,58014.5,66658.7,58051.8,57997.1
2026-05-28 12:00:00,57495.9,66062.8,57562.4,57464.7
2026-05-28 12:05:00,57459.6,66021.0,57490.9,57444.9
2026-05-28 12:10:00,57389.4,65940.4,57379.2,57394.2
2026-05-28 12:15:00,57331.6,65874.0,57359.8,57318.4
2026-05-28 12:20:00,57185.2,65705.8,57246.2,57156.6
2026-05-28 12:25:00,57115.9,65626.2,57161.6,57094.5
2026-05-28 12:30:00,57004.5,65498.2,57044.3,56985.9
2026-05-28 12:35:00,57003.6,65497.1,57045.0,56984.2
2026-05-28 12:40:00,57148.5,65663.7,57111.4,57166.0
2026-05-28 12:45:00,57319.5,65860.2,57219.6,57366.3
2026-05-28 12:50:00,57465.4,66027.7,57427.6,57483.1
2026-05-28 12:55:00,57693.8,66290.2,57613.0,57731.6
2026-05-28 13:00:00,58100.0,66756.8,58037.7,58129.1
2026-05-28 13:05:00,58396.2,67097.2,58393.1,58397.6
2026-05-28 13:10:00,58628.1,67363.7,58606.9,58638.1
2026-05-28 13:15:00,58770.8,67527.7,58817.3,58749.0
2026-05-28 13:20:00,58968.5,67754.8,58919.5,58991.4
2026-05-28 13:25:00,59203.3,68024.6,59187.8,59210.6
2026-05-28 13:30:00,59462.0,68321.8,59411.8,59485.5
2026-05-28 13:35:00,59730.6,68630.5,59745.1,59723.8
2026-05-28 13:40:00,59953.9,68887.0,59955.5,59953.1
2026-05-28 13:45:00,60097.2,69051.7,60190.8,60053.3
2026-05-28 13:50:00,60222.1,69195.2,60261.0,60203.9
2026-05-28 13:55:00,60412.5,69414.0,60404.4,60416.4
2026-05-28 14:00:00,60516.8,69533.8,60552.1,60500.3
2026-05-28 14:05:00,60595.5,69624.2,60657.0,60566.7
2026-05-28 14:10:00,60744.4,69795.3,60763.6,60735.4
2026-05-28 14:15:00,60945.5,70026.4,60879.5,60976.4
2026-05-28 14:20:00,61118.3,70224.9,61111.1,61121.7
2026-05-28 14:25:00,61282.8,70414.0,61206.0,61318.8
2026-05-28 14:30:00,61357.2,70499.4,61383.3,61344.9
2026-05-28 14:35:00,61439.7,70594.2,61482.9,61419.4
2026-05-28 14:40:00,61504.2,70668.4,61580.2,61468.6
2026-05-28 14:45:00,61613.4,70793.8,61590.0,61624.3
2026-05-28 14:50:00,61699.8,70893.1,61669.6,61714.0
2026-05-28 14:55:00,61742.0,70941.6,61745.8,61740.2
2026-05-28 15:00:00,61773.4,70977.6,61839.1,61742.6
2026-05-28 15:05:00,61840.6,71054.8,61889.8,61817.5
2026-05-28 15:10:00,62027.5,71269.6,62035.9,62023.6
2026-05-28 15:15:00,62265.6,71543.2,62276.1,62260.7
2026-05-28 15:20:00,62448.6,71753.4,62458.9,62443.8
2026-05-28 15:25:00,62623.9,71954.8,62638.5,62617.0
2026-05-28 15:30:00,62742.4,72091.0,62766.2,62731.2
2026-05-28 15:35:00,62857.3,72223.1,62896.4,62839.0
2026-05-28 15:40:00,63064.4,72461.0,63101.2,63047.1
2026-05-28 15:45:00,63298.7,72730.2,63296.1,63299.8
2026-05-28 15:50:00,63485.4,72944.7,63460.3,63497.1
2026-05-28 15:55:00,63679.3,73167.5,63645.9,63694.9
2026-05-28 16:00:00,63817.1,73325.9,63767.8,63840.2
2026-05-28 16:05:00,63865.9,73381.9,63914.2,63843.2
2026-05-28 16:10:00,64025.3,73565.1,64031.0,64022.7
2026-05-28 16:15:00,64207.0,73773.9,64214.4,64203.6
2026-05-28 16:20:00,64410.5,74007.7,64394.8,64417.9
2026-05-28 16:25:00,64595.0,74219.7,64582.3,64601.0
2026-05-28 16:30:00,64795.4,74449.9,64755.4,64814.1
2026-05-28 16:35:00,65010.7,74697.3,64973.0,65028.4
2026-05-28 16:40:00,65174.4,74885.3,65166.5,65178.0
2026-05-28 16:45:00,65325.6,75059.1,65351.0,65313.7
2026-05-28 16:50:00,65410.3,75156.5,65401.0,65414.7
2026-05-28 16:55:00,65463.7,75217.8,65449.1,65470.5
2026-05-28 17:00:00,65514.4,75276.1,65480.9,65530.1
2026-05-28 17:05:00,65408.6,75154.5,65431.2,65398.0
2026-05-28 17:10:00,65490.0,75248.0,65492.6,65488.8
2026-05-28 17:15:00,65597.4,75371.4,65587.0,65602.3
2026-05-28 17:20:00,65684.3,75471.2,65699.4,65677.2
2026-05-28 17:25:00,65786.8,75589.0,65778.4,65790.7
2026-05-28 17:30:00,65863.5,75677.1,65853.5,65868.2
2026-05-28 17:35:00,65963.5,75792.1,65965.0,65962.8
2026-05-28 17:40:00,66024.5,75862.1,66027.2,66023.2
2026-05-28 17:45:00,66119.6,75971.4,66162.2,66099.7
2026-05-28 17:50:00,66171.1,76030.6,66218.2,66149.0
2026-05-28 17:55:00,66209.6,76074.8,66179.4,66223.7
2026-05-28 18:00:00,66213.0,76078.8,66198.4,66219.9
2026-05-28 18:05:00,66131.1,75984.6,66151.1,66121.8
2026-05-28 18:10:00,66175.5,76035.6,66254.8,66138.3
2026-05-28 18:15:00,66255.8,76127.9,66279.2,66244.8
2026-05-28 18:20:00,66342.0,76227.0,66342.9,66341.6
2026-05-28 18:25:00,66382.7,76273.7,66465.0,66344.2
2026-05-28 18:30:00,66493.4,76401.0,66459.7,66509.2
2026-05-28 18:35:00,66557.0,76474.0,66549.0,66560.8
2026-05-28 18:40:00,66573.7,76493.1,66627.5,66548.4
2026-05-28 18:45:00,66632.5,76560.8,66632.6,66632.5
2026-05-28 18:50:00,66595.1,76517.7,66601.0,66592.3
2026-05-28 18:55:00,66602.5,76526.3,66565.2,66620.0
2026-05-28 19:00:00,66581.2,76501.8,66500.5,66619.0
2026-05-28 19:05:00,66551.0,76467.1,66497.8,66576.0
2026-05-28 19:10:00,66535.3,76449.1,66554.4,66526.4
2026-05-28 19:15:00,66535.0,76448.7,66535.7,66534.7
2026-05-28 19:20:00,66535.0,76448.7,66544.4,66530.6
2026-05-28 19:25:00,66531.9,76445.1,66536.6,66529.7
2026-05-28 19:30:00,66531.3,76444.4,66527.3,66533.1
2026-05-28 19:35:00,66503.7,76412.7,66441.1,66533.0
2026-05-28 19:40:00,66503.2,76412.2,66434.6,66535.3
2026-05-28 19:45:00,66505.9,76415.2,66440.4,66536.5
2026-05-28 19:50:00,66459.8,76362.3,66408.3,66483.9
2026-05-28 19:55:00,66445.0,76345.3,66389.0,66471.3
2026-05-28 20:00:00,66318.9,76200.4,66346.1,66306.1
2026-05-28 20:05:00,66190.9,76053.3,66144.8,66212.5
2026-05-28 20:10:00,66149.7,76006.0,66099.0,66173.4
2026-05-28 20:15:00,66147.7,76003.7,66089.7,66174.9
2026-05-28 20:20:00,66142.7,75997.9,66080.4,66171.8
2026-05-28 20:25:00,66070.2,75914.7,66072.4,66069.2
2026-05-28 20:30:00,65981.1,75812.3,65949.8,65995.7
2026-05-28 20:35:00,65904.4,75724.1,65871.3,65919.9
2026-05-28 20:40:00,65807.6,75612.9,65748.3,65835.4
2026-05-28 20:45:00,65729.1,75522.8,65656.3,65763.3
2026-05-28 20:50:00,65611.4,75387.5,65629.1,65603.2
2026-05-28 20:55:00,65458.5,75211.9,65418.4,65477.4
2026-05-28 21:00:00,65185.6,74898.3,65192.0,65182.7
2026-05-28 21:05:00,64995.1,74679.3,64962.3,65010.4
2026-05-28 21:10:00,64841.3,74502.6,64822.6,64850.0
2026-05-28 21:15:00,64651.7,74284.8,64629.4,64662.1
2026-05-28 21:20:00,64499.6,74110.1,64543.8,64479.0
2026-05-28 21:25:00,64393.2,73987.8,64359.2,64409.2
2026-05-28 21:30:00,64265.3,73840.8,64259.9,64267.8
2026-05-28 21:35:00,64091.4,73641.1,64159.8,64059.4
2026-05-28 21:40:00,63882.5,73401.0,63950.7,63850.6
2026-05-28 21:45:00,63695.7,73186.4,63725.9,63681.6
2026-05-28 21:50:00,63512.7,72976.1,63555.5,63492.7
2026-05-28 21:55:00,63300.3,72732.1,63310.7,63295.5
2026-05-28 22:00:00,63103.3,72505.7,63094.9,63107.3
2026-05-28 22:05:00,63193.9,72609.7,63109.9,63233.2
2026-05-28 22:10:00,63139.7,72547.5,63092.9,63161.6
2026-05-28 22:15:00,62987.9,72373.1,62965.3,62998.5
2026-05-28 22:20:00,62886.0,72256.1,62845.7,62905.0
2026-05-28 22:25:00,62759.9,72111.1,62744.7,62767.0
2026-05-28 22:30:00,62610.6,71939.6,62633.7,62599.8
2026-05-28 22:35:00,62465.6,71772.9,62446.6,62474.4
2026-05-28 22:40:00,62270.7,71549.0,62267.8,62272.0
2026-05-28 22:45:00,62092.3,71344.0,62129.4,62074.9
2026-05-28 22:50:00,61885.8,71106.8,61887.7,61885.0
2026-05-28 22:55:00,61684.8,70875.9,61653.9,61699.3
2026-05-28 23:00:00,61690.7,70882.6,61665.0,61702.8
2026-05-28 23:05:00,62017.3,71257.8,62050.2,62001.9
2026-05-28 23:10:00,62030.5,71273.0,62057.3,62017.9
2026-05-28 23:15:00,61876.4,71095.9,61887.9,61870.9
2026-05-28 23:20:00,61586.7,70763.1,61571.4,61593.8
2026-05-28 23:25:00,61272.7,70402.3,61264.8,61276.4
2026-05-28 23:30:00,60869.9,69939.5,60885.6,60862.5
2026-05-28 23:35:00,60556.1,69579.0,60554.7,60556.8
2026-05-28 23:40:00,60226.5,69200.3,60216.6,60231.2
2026-05-28 23:45:00,59914.4,68841.7,59930.1,59907.1
2026-05-28 23:50:00,59580.1,68457.5,59610.6,59565.8
2026-05-28 23:55:00,59134.7,67945.7,59182.2,59112.4
2026-05-29 00:00:00,58547.3,67270.9,58586.7,58528.9
2026-05-29 00:05:00,58349.2,67043.2,58382.5,58333.5
2026-05-29 00:10:00,58098.0,66754.6,58089.1,58102.2
2026-05-29 00:15:00,57800.4,66412.7,57779.4,57810.2
2026-05-29 00:20:00,57528.9,66100.7,57473.8,57554.6
2026-05-29 00:25:00,57222.1,65748.2,57213.9,57226.0
2026-05-29 00:30:00,56946.6,65431.6,56987.9,56927.3
2026-05-29 00:35:00,56710.9,65160.8,56747.0,56694.0
2026-05-29 00:40:00,56531.5,64954.7,56492.2,56550.0
2026-05-29 00:45:00,56364.1,64762.3,56318.3,56385.5
2026-05-29 00:50:00,56179.8,64550.6,56215.8,56163.0
2026-05-29 00:55:00,55993.2,64336.2,55998.4,55990.8
2026-05-29 01:00:00,55839.7,64159.8,55848.0,55835.8
2026-05-29 01:05:00,55765.4,64074.4,55771.7,55762.4
2026-05-29 01:10:00,55651.3,63943.4,55638.6,55657.3
2026-05-29 01:15:00,55574.6,63855.2,55528.6,55596.2
2026-05-29 01:20:00,55497.6,63766.7,55512.2,55490.8
2026-05-29 01:25:00,55426.3,63684.8,55412.4,55432.8
2026-05-29 01:30:00,55315.3,63557.3,55302.3,55321.5
2026-05-29 01:35:00,55255.1,63488.1,55232.3,55265.7
2026-05-29 01:40:00,55220.4,63448.2,55217.1,55221.9
2026-05-29 01:45:00,55116.4,63328.7,55102.4,55122.9
2026-05-29 01:50:00,55041.5,63242.7,55090.6,55018.5
2026-05-29 01:55:00,54950.4,63138.1,54958.9,54946.5
2026-05-29 02:00:00,54862.0,63036.5,54836.0,54874.3
2026-05-29 02:05:00,54828.4,62997.9,54889.4,54799.9
2026-05-29 02:10:00,54775.2,62936.7,54743.8,54789.9
2026-05-29 02:15:00,54721.6,62875.1,54739.4,54713.2
2026-05-29 02:20:00,54640.0,62781.3,54696.2,54613.7
2026-05-29 02:25:00,54634.7,62775.2,54596.6,54652.5
2026-05-29 02:30:00,54631.0,62771.0,54589.3,54650.6
2026-05-29 02:35:00,54625.4,62764.6,54618.6,54628.6
2026-05-29 02:40:00,54617.4,62755.3,54601.7,54624.7
2026-05-29 02:45:00,54630.3,62770.2,54605.0,54642.2
2026-05-29 02:50:00,54617.9,62756.0,54608.5,54622.3
2026-05-29 02:55:00,54617.4,62755.4,54604.7,54623.4
2026-05-29 03:00:00,54594.8,62729.4,54606.3,54589.4
2026-05-29 03:05:00,54562.9,62692.8,54649.3,54522.4
2026-05-29 03:10:00,54508.6,62630.4,54507.1,54509.4
2026-05-29 03:15:00,54482.0,62599.8,54505.7,54470.8
2026-05-29 03:20:00,54471.7,62588.0,54491.8,54462.3
2026-05-29 03:25:00,54392.2,62496.6,54495.5,54343.8
2026-05-29 03:30:00,54343.6,62440.8,54352.5,54339.4
2026-05-29 03:35:00,54375.2,62477.1,54387.7,54369.3
2026-05-29 03:40:00,54354.3,62453.1,54362.6,54350.4
2026-05-29 03:45:00,54355.9,62455.0,54367.7,54350.4
2026-05-29 03:50:00,54351.6,62450.0,54355.9,54349.6
2026-05-29 03:55:00,54355.0,62453.9,54356.3,54354.4
2026-05-29 04:00:00,54408.5,62515.4,54395.9,54414.4
2026-05-29 04:05:00,54445.3,62557.7,54452.1,54442.2
2026-05-29 04:10:00,54423.3,62532.4,54412.6,54428.4
2026-05-29 04:15:00,54424.9,62534.2,54410.2,54431.8
2026-05-29 04:20:00,54423.8,62533.0,54404.9,54432.7
2026-05-29 04:25:00,54439.7,62551.2,54410.9,54453.2
2026-05-29 04:30:00,54436.7,62547.8,54406.2,54451.0
2026-05-29 04:35:00,54480.9,62598.6,54457.2,54492.1
2026-05-29 04:40:00,54564.1,62694.1,54530.8,54579.6
2026-05-29 04:45:00,54567.1,62697.6,54543.6,54578.1
2026-05-29 04:50:00,54561.2,62690.8,54540.5,54570.9
2026-05-29 04:55:00,54557.0,62686.0,54539.4,54565.3
2026-05-29 05:00:00,54598.5,62733.7,54624.2,54586.5
2026-05-29 05:05:00,54725.4,62879.5,54814.2,54683.8
2026-05-29 05:10:00,54806.7,62972.9,54879.6,54772.5
2026-05-29 05:15:00,54858.8,63032.8,54866.1,54855.4
2026-05-29 05:20:00,54900.4,63080.6,54982.2,54862.1
2026-05-29 05:25:00,54989.7,63183.2,54997.1,54986.2
2026-05-29 05:30:00,55055.8,63259.1,55130.0,55021.0
2026-05-29 05:35:00,55186.4,63409.2,55211.8,55174.6
2026-05-29 05:40:00,55270.6,63505.9,55264.8,55273.3
2026-05-29 05:45:00,55397.7,63652.0,55386.0,55403.2
2026-05-29 05:50:00,55528.6,63802.4,55500.0,55542.0
2026-05-29 05:55:00,55640.0,63930.3,55620.0,55649.3
2026-05-29 06:00:00,55846.7,64167.9,55841.2,55849.3
2026-05-29 06:05:00,56219.5,64596.2,56227.6,56215.7
2026-05-29 06:10:00,56346.9,64742.6,56339.1,56350.5
2026-05-29 06:15:00,56488.3,64905.1,56483.0,56490.8
2026-05-29 06:20:00,56630.9,65068.9,56598.3,56646.2
2026-05-29 06:25:00,56759.6,65216.8,56736.5,56770.4
2026-05-29 06:30:00,56889.8,65366.4,56893.0,56888.3
2026-05-29 06:35:00,57067.1,65570.1,57037.0,57081.2
2026-05-29 06:40:00,57197.9,65720.3,57159.4,57215.9
2026-05-29 06:45:00,57358.6,65905.0,57335.9,57369.2
2026-05-29 06:50:00,57519.1,66089.5,57459.1,57547.2
2026-05-29 06:55:00,57627.5,66214.0,57659.0,57612.7
2026-05-29 07:00:00,57944.0,66577.6,57876.1,57975.8
2026-05-29 07:05:00,58329.2,67020.2,58302.0,58341.9
2026-05-29 07:10:00,58547.2,67270.7,58579.2,58532.2
2026-05-29 07:15:00,58734.4,67485.9,58745.5,58729.3
2026-05-29 07:20:00,58833.6,67599.8,58832.2,58834.3
2026-05-29 07:25:00,58909.8,67687.3,58928.0,58901.2
2026-05-29 07:30:00,58986.5,67775.5,58974.0,58992.4
2026-05-29 07:35:00,59124.2,67933.7,59135.4,59119.0
2026-05-29 07:40:00,59169.7,67985.9,59144.2,59181.6
2026-05-29 07:45:00,59201.8,68022.9,59239.8,59184.0
2026-05-29 07:50:00,59172.0,67988.7,59233.3,59143.3
2026-05-29 07:55:00,59178.4,67996.0,59220.8,59158.6
2026-05-29 08:00:00,59393.7,68243.4,59419.4,59381.7
2026-05-29 08:05:00,59750.6,68653.5,59799.2,59727.9
2026-05-29 08:10:00,60012.2,68954.0,59998.3,60018.7
2026-05-29 08:15:00,60221.7,69194.7,60238.5,60213.8
2026-05-29 08:20:00,60369.5,69364.6,60336.0,60385.2
2026-05-29 08:25:00,60498.8,69513.1,60440.7,60526.0
2026-05-29 08:30:00,60546.3,69567.7,60576.7,60532.1
2026-05-29 08:35:00,60697.1,69740.9,60625.8,60730.4
2026-05-29 08:40:00,60702.7,69747.4,60700.9,60703.5
2026-05-29 08:45:00,60692.7,69735.9,60671.7,60702.5
2026-05-29 08:50:00,60688.6,69731.2,60677.4,60693.9
2026-05-29 08:55:00,60683.7,69725.6,60679.6,60685.7
2026-05-29 09:00:00,60606.8,69637.3,60626.9,60597.5
2026-05-29 09:05:00,60590.6,69618.6,60627.2,60573.4
2026-05-29 09:10:00,60601.3,69630.8,60613.8,60595.4
2026-05-29 09:15:00,60624.8,69657.9,60640.4,60617.4
2026-05-29 09:20:00,60580.3,69606.8,60572.8,60583.8
2026-05-29 09:25:00,60569.2,69594.0,60557.6,60574.7
2026-05-29 09:30:00,60504.2,69519.3,60504.5,60504.0
2026-05-29 09:35:00,60425.6,69429.0,60422.4,60427.1
2026-05-29 09:40:00,60269.2,69249.3,60277.0,60265.6
2026-05-29 09:45:00,60165.4,69130.0,60125.1,60184.3
2026-05-29 09:50:00,60070.4,69020.8,60011.8,60097.8
2026-05-29 09:55:00,59979.9,68916.9,59918.1,60008.9
2026-05-29 10:00:00,59838.1,68754.0,59818.8,59847.2
2026-05-29 10:05:00,59849.0,68766.5,59900.3,59824.9
2026-05-29 10:10:00,59876.9,68798.6,59887.9,59871.8
2026-05-29 10:15:00,59994.2,68933.3,59972.9,60004.2
2026-05-29 10:20:00,60011.9,68953.7,59953.1,60039.4
2026-05-29 10:25:00,60022.2,68965.5,60029.2,60018.9
2026-05-29 10:30:00,59946.7,68878.8,59926.5,59956.2
2026-05-29 10:35:00,59839.4,68755.5,59878.3,59821.2
2026-05-29 10:40:00,59725.8,68625.0,59759.5,59710.0
2026-05-29 10:45:00,59675.1,68566.6,59681.6,59672.0
2026-05-29 10:50:00,59584.3,68462.4,59571.0,59590.5
2026-05-29 10:55:00,59511.1,68378.3,59481.4,59525.1
2026-05-29 11:00:00,59432.0,68287.4,59405.0,59444.7
2026-05-29 11:05:00,59354.1,68197.9,59326.4,59367.1
2026-05-29 11:10:00,59328.2,68168.1,59319.1,59332.4
2026-05-29 11:15:00,59299.3,68134.9,59219.9,59336.6
2026-05-29 11:20:00,59240.4,68067.2,59192.9,59262.6
2026-05-29 11:25:00,59156.0,67970.2,59093.4,59185.3
2026-05-29 11:30:00,59059.1,67858.9,59042.6,59066.8
2026-05-29 11:35:00,58951.5,67735.2,58990.8,58933.0
2026-05-29 11:40:00,58796.5,67557.2,58749.7,58818.4
2026-05-29 11:45:00,58583.1,67312.0,58654.2,58549.8
2026-05-29 11:50:00,58305.5,66993.1,58302.9,58306.8
2026-05-29 11:55:00,57982.0,66621.3,57941.8,58000.8
2026-05-29 12:00:00,57477.7,66041.9,57590.9,57424.7
2026-05-29 12:05:00,57509.9,66078.9,57513.1,57508.4
2026-05-29 12:10:00,57460.9,66022.5,57494.9,57444.9
2026-05-29 12:15:00,57431.4,65988.7,57404.9,57443.8
2026-05-29 12:20:00,57392.2,65943.6,57416.4,57380.9
2026-05-29 12:25:00,57407.9,65961.6,57387.3,57417.5
2026-05-29 12:30:00,57352.7,65898.2,57334.4,57361.2
2026-05-29 12:35:00,57408.6,65962.5,57354.9,57433.8
2026-05-29 12:40:00,57546.4,66120.8,57477.7,57578.6
2026-05-29 12:45:00,57698.2,66295.3,57610.1,57739.5
2026-05-29 12:50:00,57845.9,66464.9,57839.4,57848.9
2026-05-29 12:55:00,57992.1,66632.9,57968.0,58003.4
2026-05-29 13:00:00,58296.2,66982.3,58313.8,58287.9
2026-05-29 13:05:00,58598.0,67329.1,58593.2,58600.3
2026-05-29 13:10:00,58920.0,67699.1,58919.0,58920.5
2026-05-29 13:15:00,59087.9,67892.0,59104.0,59080.4
2026-05-29 13:20:00,59249.1,68077.2,59264.3,59241.9
2026-05-29 13:25:00,59469.6,68330.6,59399.8,59502.3
2026-05-29 13:30:00,59683.9,68576.8,59712.0,59670.7
2026-05-29 13:35:00,59918.3,68846.1,59894.9,59929.3
2026-05-29 13:40:00,60136.4,69096.7,60138.4,60135.4
2026-05-29 13:45:00,60252.5,69230.1,60301.6,60229.4
2026-05-29 13:50:00,60391.9,69390.3,60367.6,60403.3
2026-05-29 13:55:00,60533.8,69553.3,60567.0,60518.3
2026-05-29 14:00:00,60613.1,69644.5,60650.1,60595.8
2026-05-29 14:05:00,60749.4,69801.0,60719.0,60763.6
2026-05-29 14:10:00,60933.7,70012.8,60868.3,60964.3
2026-05-29 14:15:00,61124.7,70232.2,61063.5,61153.3
2026-05-29 14:20:00,61251.2,70377.6,61211.2,61269.9
2026-05-29 14:25:00,61384.6,70531.0,61407.4,61374.0
2026-05-29 14:30:00,61474.3,70634.0,61471.4,61475.7
2026-05-29 14:35:00,61555.2,70726.9,61571.0,61547.8
2026-05-29 14:40:00,61667.5,70856.0,61668.0,61667.3
2026-05-29 14:45:00,61782.1,70987.7,61766.5,61789.4
2026-05-29 14:50:00,61889.4,71110.9,61891.9,61888.2
2026-05-29 14:55:00,61946.0,71176.0,61948.0,61945.0
2026-05-29 15:00:00,61990.5,71227.1,62049.1,61963.0
2026-05-29 15:05:00,62017.0,71257.5,62049.6,62001.7
2026-05-29 15:10:00,62178.2,71442.7,62210.8,62162.9
2026-05-29 15:15:00,62348.4,71638.3,62394.1,62327.0
2026-05-29 15:20:00,62531.1,71848.3,62511.3,62540.4
2026-05-29 15:25:00,62667.7,72005.2,62701.4,62652.0
2026-05-29 15:30:00,62757.3,72108.1,62869.4,62704.7
2026-05-29 15:35:00,62925.5,72301.4,62978.6,62900.7
2026-05-29 15:40:00,63080.7,72479.8,63073.1,63084.3
2026-05-29 15:45:00,63263.4,72689.7,63280.0,63255.7
2026-05-29 15:50:00,63459.5,72914.9,63444.3,63466.6
2026-05-29 15:55:00,63649.4,73133.2,63627.5,63659.7
2026-05-29 16:00:00,63807.8,73315.2,63760.1,63830.2
2026-05-29 16:05:00,63830.4,73341.2,63912.8,63791.8
2026-05-29 16:10:00,64015.7,73554.0,64023.8,64011.9
2026-05-29 16:15:00,64195.7,73760.9,64204.3,64191.8
2026-05-29 16:20:00,64391.1,73985.4,64375.0,64398.6
2026-05-29 16:25:00,64584.0,74207.1,64573.2,64589.1
2026-05-29 16:30:00,64710.4,74352.3,64747.0,64693.3
2026-05-29 16:35:00,64890.6,74559.3,64897.4,64887.4
2026-05-29 16:40:00,65035.5,74725.8,65031.4,65037.4
2026-05-29 16:45:00,65143.3,74849.7,65144.5,65142.8
2026-05-29 16:50:00,65235.4,74955.5,65289.3,65210.1
2026-05-29 16:55:00,65289.1,75017.1,65365.5,65253.2
2026-05-29 17:00:00,65292.6,75021.2,65295.7,65291.2
2026-05-29 17:05:00,65197.3,74911.7,65243.2,65175.8
2026-05-29 17:10:00,65231.3,74950.7,65259.6,65218.0
2026-05-29 17:15:00,65284.6,75012.0,65378.8,65240.5
2026-05-29 17:20:00,65335.0,75069.9,65365.3,65320.8
2026-05-29 17:25:00,65332.4,75066.9,65351.7,65323.3
2026-05-29 17:30:00,65327.9,75061.7,65339.5,65322.4
2026-05-29 17:35:00,65333.8,75068.5,65339.2,65331.3
2026-05-29 17:40:00,65329.2,75063.3,65326.1,65330.7
2026-05-29 17:45:00,65327.7,75061.5,65318.6,65331.9
2026-05-29 17:50:00,65300.0,75029.7,65293.3,65303.1
2026-05-29 17:55:00,65279.9,75006.6,65264.2,65287.3
2026-05-29 18:00:00,65285.7,75013.2,65259.1,65298.1
2026-05-29 18:05:00,65213.6,74930.4,65199.1,65220.4
2026-05-29 18:10:00,65194.2,74908.1,65184.2,65198.9
2026-05-29 18:15:00,65214.5,74931.4,65209.1,65217.0
2026-05-29 18:20:00,65210.0,74926.3,65195.8,65216.7
2026-05-29 18:25:00,65229.3,74948.5,65219.4,65233.9
2026-05-29 18:30:00,65271.2,74996.7,65335.0,65241.4
2026-05-29 18:35:00,65326.8,75060.5,65321.5,65329.3
2026-05-29 18:40:00,65307.1,75037.9,65296.4,65312.1
2026-05-29 18:45:00,65310.1,75041.3,65303.2,65313.3
2026-05-29 18:50:00,65274.0,74999.8,65271.1,65275.4
2026-05-29 18:55:00,65254.6,74977.6,65244.6,65259.3
2026-05-29 19:00:00,65189.8,74903.1,65211.6,65179.7
2026-05-29 19:05:00,65117.8,74820.3,65092.5,65129.6
2026-05-29 19:10:00,65079.8,74776.7,65063.7,65087.4
2026-05-29 19:15:00,65085.3,74783.0,65059.2,65097.5
2026-05-29 19:20:00,65082.7,74780.0,65058.1,65094.2
2026-05-29 19:25:00,65079.8,74776.7,65051.8,65092.9
2026-05-29 19:30:00,65076.5,74772.9,65049.4,65089.2
2026-05-29 19:35:00,65080.0,74776.9,65060.2,65089.2
2026-05-29 19:40:00,65076.5,74772.9,65052.5,65087.8
2026-05-29 19:45:00,65079.2,74775.9,65058.2,65089.0
2026-05-29 19:50:00,65043.1,74734.5,65027.8,65050.2
2026-05-29 19:55:00,64969.5,74650.0,65015.2,64948.2
2026-05-29 20:00:00,64849.5,74512.1,64871.9,64839.0
2026-05-29 20:05:00,64713.5,74355.8,64797.7,64674.1
2026-05-29 20:10:00,64633.3,74263.6,64647.7,64626.5
2026-05-29 20:15:00,64537.4,74153.4,64518.2,64546.3
2026-05-29 20:20:00,64449.0,74051.9,64409.3,64467.5
2026-05-29 20:25:00,64341.1,73927.9,64299.1,64360.7
2026-05-29 20:30:00,64209.8,73777.0,64166.4,64230.1
2026-05-29 20:35:00,64132.9,73688.7,64087.0,64154.4
2026-05-29 20:40:00,64046.2,73589.1,63988.8,64073.1
2026-05-29 20:45:00,63983.4,73516.9,63904.4,64020.4
2026-05-29 20:50:00,63884.0,73402.7,63911.8,63870.9
2026-05-29 20:55:00,63772.9,73275.0,63823.1,63749.4
2026-05-29 21:00:00,63555.8,73025.6,63534.6,63565.7
2026-05-29 21:05:00,63381.5,72825.4,63434.4,63356.8
2026-05-29 21:10:00,63274.0,72701.8,63308.2,63257.9
2026-05-29 21:15:00,63160.6,72571.6,63160.6,63160.7
2026-05-29 21:20:00,63079.0,72477.7,63069.0,63083.6
2026-05-29 21:25:00,62960.6,72341.8,62969.5,62956.5
2026-05-29 21:30:00,62862.1,72228.5,62851.7,62867.0
2026-05-29 21:35:00,62767.3,72119.6,62775.6,62763.4
2026-05-29 21:40:00,62684.8,72024.8,62673.0,62690.3
2026-05-29 21:45:00,62569.8,71892.7,62571.5,62569.1
2026-05-29 21:50:00,62368.5,71661.4,62378.3,62363.9
2026-05-29 21:55:00,62168.4,71431.5,62210.7,62148.6
2026-05-29 22:00:00,62031.7,71274.5,62013.2,62040.4
2026-05-29 22:05:00,62143.4,71402.8,62113.7,62157.3
2026-05-29 22:10:00,62103.7,71357.1,62057.6,62125.2
2026-05-29 22:15:00,61989.9,71226.4,61906.1,62029.2
2026-05-29 22:20:00,61791.3,70998.2,61785.4,61794.1
2026-05-29 22:25:00,61558.6,70730.9,61572.3,61552.2
2026-05-29 22:30:00,61332.2,70470.7,61366.3,61316.2
2026-05-29 22:35:00,61113.4,70219.2,61096.2,61121.4
2026-05-29 22:40:00,60839.7,69904.8,60885.7,60818.2
2026-05-29 22:45:00,60662.1,69700.8,60620.3,60681.7
2026-05-29 22:50:00,60546.5,69567.9,60573.6,60533.8
2026-05-29 22:55:00,60395.0,69393.8,60371.2,60406.1
2026-05-29 23:00:00,60443.8,69449.9,60460.7,60435.9
2026-05-29 23:05:00,60849.0,69915.5,60741.5,60899.3
2026-05-29 23:10:00,60905.3,69980.2,60838.8,60936.5
2026-05-29 23:15:00,60761.6,69815.1,60775.9,60754.9
2026-05-29 23:20:00,60594.8,69623.4,60586.7,60598.6
2026-05-29 23:25:00,60372.3,69367.8,60375.9,60370.6
2026-05-29 23:30:00,60123.4,69081.8,60121.9,60124.1
2026-05-29 23:35:00,59861.8,68781.2,59854.3,59865.3
2026-05-29 23:40:00,59573.7,68450.1,59559.7,59580.2
2026-05-29 23:45:00,59269.0,68100.1,59279.5,59264.1
2026-05-29 23:50:00,58977.2,67764.7,59014.2,58959.8
2026-05-29 23:55:00,58610.1,67343.0,58653.7,58589.6
2026-05-30 00:00:00,58159.9,66825.8,58181.0,58150.1
2026-05-30 00:05:00,57961.7,66598.0,57954.9,57964.9
2026-05-30 00:10:00,57659.7,66251.0,57673.7,57653.2
2026-05-30 00:15:00,57371.0,65919.2,57351.2,57380.2
2026-05-30 00:20:00,57033.3,65531.3,56998.6,57049.6
2026-05-30 00:25:00,56711.0,65160.9,56757.7,56689.1
2026-05-30 00:30:00,56467.0,64880.6,56426.9,56485.9
2026-05-30 00:35:00,56262.5,64645.6,56270.5,56258.7
2026-05-30 00:40:00,56086.4,64443.3,56092.3,56083.7
2026-05-30 00:45:00,55867.1,64191.3,55853.5,55873.5
2026-05-30 00:50:00,55638.9,63929.1,55641.7,55637.5
2026-05-30 00:55:00,55441.0,63701.7,55424.6,55448.7
2026-05-30 01:00:00,55271.6,63507.1,55237.4,55287.7
2026-05-30 01:05:00,55190.1,63413.4,55163.9,55202.3
2026-05-30 01:10:00,55045.9,63247.7,54998.7,55068.0
2026-05-30 01:15:00,54864.0,63038.8,54890.5,54851.6
2026-05-30 01:20:00,54662.9,62807.7,54748.9,54622.6
2026-05-30 01:25:00,54516.9,62639.9,54510.5,54519.9
2026-05-30 01:30:00,54410.1,62517.2,54384.4,54422.1
2026-05-30 01:35:00,54266.4,62352.1,54258.3,54270.3
2026-05-30 01:40:00,54084.9,62143.5,54073.2,54090.3
2026-05-30 01:45:00,53990.7,62035.3,53953.6,54008.0
2026-05-30 01:50:00,53832.8,61853.9,53810.7,53843.2
2026-05-30 01:55:00,53652.6,61646.8,53630.2,53663.0
2026-05-30 02:00:00,53571.8,61554.0,53528.5,53592.0
2026-05-30 02:05:00,53588.4,61573.0,53548.6,53607.0
2026-05-30 02:10:00,53571.4,61553.6,53528.7,53591.5
2026-05-30 02:15:00,53577.6,61560.6,53539.6,53595.4
2026-05-30 02:20:00,53552.7,61532.1,53542.0,53557.8
2026-05-30 02:25:00,53542.2,61520.0,53526.7,53549.5
2026-05-30 02:30:00,53458.0,61423.2,53541.1,53419.0
2026-05-30 02:35:00,53398.8,61355.2,53402.1,53397.2
2026-05-30 02:40:00,53376.8,61330.0,53338.3,53394.9
2026-05-30 02:45:00,53377.9,61331.2,53341.4,53394.9
2026-05-30 02:50:00,53392.9,61348.4,53338.8,53418.2
2026-05-30 02:55:00,53412.1,61370.5,53352.5,53440.0
2026-05-30 03:00:00,53409.0,61367.0,53378.0,53423.6
2026-05-30 03:05:00,53440.1,61402.7,53402.0,53458.0
2026-05-30 03:10:00,53432.4,61393.8,53394.6,53450.0
2026-05-30 03:15:00,53431.4,61392.7,53392.4,53449.7
2026-05-30 03:20:00,53456.4,61421.4,53387.5,53488.6
2026-05-30 03:25:00,53459.2,61424.6,53391.0,53491.1
2026-05-30 03:30:00,53458.2,61423.5,53398.0,53486.4
2026-05-30 03:35:00,53483.9,61453.0,53423.8,53512.0
2026-05-30 03:40:00,53466.6,61433.1,53404.8,53495.5
2026-05-30 03:45:00,53467.6,61434.2,53407.8,53495.6
2026-05-30 03:50:00,53466.3,61432.8,53405.8,53494.7
2026-05-30 03:55:00,53470.7,61437.8,53405.5,53501.2
2026-05-30 04:00:00,53487.5,61457.1,53423.1,53517.6
2026-05-30 04:05:00,53518.1,61492.2,53454.4,53547.9
2026-05-30 04:10:00,53507.4,61480.0,53435.9,53540.9
2026-05-30 04:15:00,53508.6,61481.4,53432.3,53544.3
2026-05-30 04:20:00,53506.7,61479.2,53424.9,53545.0
2026-05-30 04:25:00,53511.4,61484.6,53431.1,53549.1
2026-05-30 04:30:00,53508.5,61481.2,53431.8,53544.4
2026-05-30 04:35:00,53538.1,61515.2,53459.7,53574.8
2026-05-30 04:40:00,53565.5,61546.8,53599.2,53549.7
2026-05-30 04:45:00,53655.1,61649.7,53597.1,53682.2
2026-05-30 04:50:00,53649.4,61643.2,53594.9,53675.0
2026-05-30 04:55:00,53645.3,61638.5,53593.8,53669.5
2026-05-30 05:00:00,53645.6,61638.8,53622.3,53656.5
2026-05-30 05:05:00,53695.7,61696.3,53651.8,53716.3
2026-05-30 05:10:00,53669.5,61666.3,53644.6,53681.2
2026-05-30 05:15:00,53667.7,61664.2,53636.6,53682.3
2026-05-30 05:20:00,53665.9,61662.1,53625.4,53684.9
2026-05-30 05:25:00,53665.7,61661.9,53628.5,53683.1
2026-05-30 05:30:00,53665.5,61661.6,53633.3,53680.6
2026-05-30 05:35:00,53708.4,61710.9,53658.0,53731.9
2026-05-30 05:40:00,53684.1,61683.1,53764.3,53646.6
2026-05-30 05:45:00,53637.1,61629.0,53616.0,53646.9
2026-05-30 05:50:00,53632.8,61624.0,53615.7,53640.8
2026-05-30 05:55:00,53627.3,61617.8,53612.9,53634.1
2026-05-30 06:00:00,53652.5,61646.8,53654.2,53651.8
2026-05-30 06:05:00,53749.6,61758.3,53722.4,53762.4
2026-05-30 06:10:00,53773.9,61786.2,53778.9,53771.6
2026-05-30 06:15:00,53758.3,61768.3,53759.2,53757.9
2026-05-30 06:20:00,53734.7,61741.1,53732.4,53735.7
2026-05-30 06:25:00,53735.2,61741.8,53737.9,53734.0
2026-05-30 06:30:00,53724.8,61729.8,53732.4,53721.2
2026-05-30 06:35:00,53741.8,61749.4,53743.2,53741.2
2026-05-30 06:40:00,53700.7,61702.1,53723.2,53690.2
2026-05-30 06:45:00,53626.8,61617.2,53727.0,53579.8
2026-05-30 06:50:00,53573.4,61555.9,53580.3,53570.3
2026-05-30 06:55:00,53567.2,61548.7,53576.4,53562.9
2026-05-30 07:00:00,53620.4,61609.8,53622.0,53619.6
2026-05-30 07:05:00,53697.7,61698.7,53693.0,53699.9
2026-05-30 07:10:00,53661.2,61656.7,53757.3,53616.2
2026-05-30 07:15:00,53604.9,61592.0,53609.7,53602.7
2026-05-30 07:20:00,53540.2,61517.7,53534.6,53542.9
2026-05-30 07:25:00,53436.8,61398.9,53527.3,53394.4
2026-05-30 07:30:00,53344.4,61292.7,53323.9,53354.0
2026-05-30 07:35:00,53222.8,61153.0,53182.9,53241.4
2026-05-30 07:40:00,53144.3,61062.8,53121.4,53155.1
2026-05-30 07:45:00,53016.7,60916.2,52972.0,53037.6
2026-05-30 07:50:00,53009.5,60907.9,52950.3,53037.2
2026-05-30 07:55:00,52887.6,60767.9,52942.8,52861.8
2026-05-30 08:00:00,52925.5,60811.4,52906.5,52934.4
2026-05-30 08:05:00,53026.2,60927.1,52993.8,53041.4
2026-05-30 08:10:00,53130.4,61046.8,53095.4,53146.8
2026-05-30 08:15:00,53068.7,60975.9,53100.5,53053.8
2026-05-30 08:20:00,53044.4,60948.0,53020.6,53055.5
2026-05-30 08:25:00,53054.2,60959.2,53045.7,53058.1
2026-05-30 08:30:00,53011.4,60910.1,53000.7,53016.4
2026-05-30 08:35:00,53027.3,60928.4,53019.3,53031.1
2026-05-30 08:40:00,52947.9,60837.1,52935.4,52953.8
2026-05-30 08:45:00,52791.2,60657.1,52762.4,52804.7
2026-05-30 08:50:00,52622.7,60463.4,52561.5,52651.3
2026-05-30 08:55:00,52484.5,60304.7,52569.1,52444.9
2026-05-30 09:00:00,52457.9,60274.1,52415.8,52477.6
2026-05-30 09:05:00,52519.2,60344.5,52464.3,52544.9
2026-05-30 09:10:00,52529.8,60356.8,52497.8,52544.8
2026-05-30 09:15:00,52548.9,60378.6,52527.3,52559.0
2026-05-30 09:20:00,52529.1,60355.9,52476.9,52553.6
2026-05-30 09:25:00,52531.6,60358.8,52481.4,52555.1
2026-05-30 09:30:00,52489.9,60310.9,52444.4,52511.2
2026-05-30 09:35:00,52511.1,60335.3,52464.5,52533.0
2026-05-30 09:40:00,52483.3,60303.3,52441.4,52502.9
2026-05-30 09:45:00,52444.0,60258.1,52424.0,52453.3
2026-05-30 09:50:00,52409.4,60218.4,52395.5,52415.9
2026-05-30 09:55:00,52277.2,60066.5,52389.2,52224.7
2026-05-30 10:00:00,52196.2,59973.5,52172.8,52207.2
2026-05-30 10:05:00,52194.2,59971.2,52287.5,52150.6
2026-05-30 10:10:00,52160.8,59932.8,52289.3,52100.6
2026-05-30 10:15:00,52142.9,59912.1,52155.1,52137.1
2026-05-30 10:20:00,52090.4,59851.8,52065.4,52102.0
2026-05-30 10:25:00,52075.9,59835.2,52064.4,52081.3
2026-05-30 10:30:00,52018.2,59768.9,51981.6,52035.3
2026-05-30 10:35:00,52036.6,59790.0,52005.5,52051.1
2026-05-30 10:40:00,51937.9,59676.7,51976.6,51919.8
2026-05-30 10:45:00,51736.9,59445.7,51729.9,51740.2
2026-05-30 10:50:00,51584.6,59270.7,51533.1,51608.7
2026-05-30 10:55:00,51573.9,59258.4,51522.7,51597.9
2026-05-30 11:00:00,51542.8,59222.6,51511.9,51557.2
2026-05-30 11:05:00,51555.5,59237.2,51510.9,51576.3
2026-05-30 11:10:00,51622.5,59314.3,51572.1,51646.2
2026-05-30 11:15:00,51627.4,59319.9,51582.4,51648.5
2026-05-30 11:20:00,51544.1,59224.2,51554.1,51539.5
2026-05-30 11:25:00,51554.0,59235.5,51557.4,51552.4
2026-05-30 11:30:00,51533.5,59212.0,51537.4,51531.7
2026-05-30 11:35:00,51414.2,59075.0,51559.6,51346.1
2026-05-30 11:40:00,51316.8,58963.0,51330.6,51310.3
2026-05-30 11:45:00,51181.8,58807.9,51320.4,51116.9
2026-05-30 11:50:00,51066.9,58675.9,51044.0,51077.6
2026-05-30 11:55:00,50876.2,58456.8,50993.7,50821.2
2026-05-30 12:00:00,50853.1,58430.3,50790.6,50882.4
2026-05-30 12:05:00,50848.0,58424.4,50947.3,50801.5
2026-05-30 12:10:00,50840.2,58415.3,50934.1,50796.1
2026-05-30 12:15:00,50837.9,58412.7,50921.9,50798.5
2026-05-30 12:20:00,50843.3,58418.9,50931.2,50802.1
2026-05-30 12:25:00,50819.4,58391.5,50932.7,50766.3
2026-05-30 12:30:00,50788.5,58356.0,50900.3,50736.2
2026-05-30 12:35:00,50728.1,58286.6,50697.2,50742.6
2026-05-30 12:40:00,50745.6,58306.7,50725.6,50755.0
2026-05-30 12:45:00,50754.2,58316.5,50733.4,50763.9
2026-05-30 12:50:00,50759.9,58323.1,50704.5,50785.8
2026-05-30 12:55:00,50707.4,58262.7,50693.9,50713.7
2026-05-30 13:00:00,50844.0,58419.8,50823.8,50853.4
2026-05-30 13:05:00,50898.9,58482.8,51069.8,50818.8
2026-05-30 13:10:00,51007.5,58607.6,51044.3,50990.2
2026-05-30 13:15:00,51047.8,58653.9,51027.5,51057.4
2026-05-30 13:20:00,51035.0,58639.2,50996.8,51052.9
2026-05-30 13:25:00,51065.2,58673.9,51013.7,51089.4
2026-05-30 13:30:00,51057.9,58665.5,51017.9,51076.7
2026-05-30 13:35:00,51071.5,58681.2,51033.5,51089.4
2026-05-30 13:40:00,51111.8,58727.4,51220.8,51060.7
2026-05-30 13:45:00,51245.6,58881.1,51215.4,51259.7
2026-05-30 13:50:00,51227.0,58859.8,51212.2,51233.9
2026-05-30 13:55:00,51222.1,58854.2,51216.7,51224.6
2026-05-30 14:00:00,51245.5,58881.1,51234.7,51250.6
2026-05-30 14:05:00,51224.4,58856.9,51212.5,51230.0
2026-05-30 14:10:00,51276.0,58916.1,51258.7,51284.1
2026-05-30 14:15:00,51279.2,58919.8,51264.5,51286.1
2026-05-30 14:20:00,51275.1,58915.1,51256.5,51283.8
2026-05-30 14:25:00,51286.3,58928.0,51267.3,51295.3
2026-05-30 14:30:00,51279.1,58919.7,51260.1,51287.9
2026-05-30 14:35:00,51275.2,58915.2,51253.5,51285.3
2026-05-30 14:40:00,51273.3,58913.0,51258.1,51280.5
2026-05-30 14:45:00,51274.7,58914.7,51264.0,51279.8
2026-05-30 14:50:00,51267.3,58906.1,51250.0,51275.3
2026-05-30 14:55:00,51258.5,58896.0,51241.3,51266.6
2026-05-30 15:00:00,51308.3,58953.2,51298.7,51312.8
2026-05-30 15:05:00,51387.0,59043.7,51503.2,51332.6
2026-05-30 15:10:00,51569.2,59253.0,51574.1,51566.9
2026-05-30 15:15:00,51793.8,59511.0,51821.2,51780.9
2026-05-30 15:20:00,52006.9,59755.9,52051.1,51986.2
2026-05-30 15:25:00,52242.6,60026.8,52291.5,52219.7
2026-05-30 15:30:00,52417.2,60227.3,52473.0,52391.0
2026-05-30 15:35:00,52491.3,60312.5,52694.4,52396.2
2026-05-30 15:40:00,52641.1,60484.6,52706.2,52610.6
2026-05-30 15:45:00,52791.8,60657.8,52912.1,52735.5
2026-05-30 15:50:00,52907.3,60790.5,52901.2,52910.2
2026-05-30 15:55:00,53141.7,61059.9,53075.9,53172.6
2026-05-30 16:00:00,53356.6,61306.7,53249.6,53406.7
2026-05-30 16:05:00,53454.5,61419.2,53575.4,53397.8
2026-05-30 16:10:00,53672.9,61670.2,53648.3,53684.4
2026-05-30 16:15:00,53790.8,61805.6,53786.8,53792.6
2026-05-30 16:20:00,53949.8,61988.4,53950.6,53949.5
2026-05-30 16:25:00,54117.2,62180.7,54147.7,54102.9
2026-05-30 16:30:00,54292.0,62381.5,54281.7,54296.9
2026-05-30 16:35:00,54438.7,62550.1,54434.8,54440.5
2026-05-30 16:40:00,54615.0,62752.6,54571.4,54635.4
2026-05-30 16:45:00,54824.6,62993.4,54824.5,54824.6
2026-05-30 16:50:00,54986.0,63178.9,54946.6,55004.5
2026-05-30 16:55:00,55127.8,63341.8,55241.9,55074.3
2026-05-30 17:00:00,55240.2,63471.0,55273.5,55224.6
2026-05-30 17:05:00,55303.6,63543.9,55351.7,55281.1
2026-05-30 17:10:00,55461.2,63724.9,55457.4,55463.0
2026-05-30 17:15:00,55598.5,63882.7,55691.9,55554.8
2026-05-30 17:20:00,55741.3,64046.7,55778.2,55724.0
2026-05-30 17:25:00,55914.6,64245.8,55895.4,55923.5
2026-05-30 17:30:00,56044.7,64395.4,56116.6,56011.0
2026-05-30 17:35:00,56203.3,64577.6,56234.9,56188.5
2026-05-30 17:40:00,56370.3,64769.4,56334.5,56387.0
2026-05-30 17:45:00,56473.7,64888.3,56518.4,56452.8
2026-05-30 17:50:00,56559.3,64986.7,56608.2,56536.5
2026-05-30 17:55:00,56634.4,65073.0,56710.6,56598.8
2026-05-30 18:00:00,56740.8,65195.2,56722.3,56749.5
2026-05-30 18:05:00,56817.3,65283.1,56815.4,56818.2
2026-05-30 18:10:00,56973.1,65462.1,56962.6,56978.0
2026-05-30 18:15:00,57086.6,65592.5,57046.9,57105.2
2026-05-30 18:20:00,57215.7,65740.8,57171.7,57236.3
2026-05-30 18:25:00,57346.9,65891.6,57356.8,57342.3
2026-05-30 18:30:00,57489.0,66054.8,57460.8,57502.2
2026-05-30 18:35:00,57615.1,66199.7,57640.9,57603.0
2026-05-30 18:40:00,57687.7,66283.2,57710.0,57677.3
2026-05-30 18:45:00,57762.6,66369.2,57802.1,57744.1
2026-05-30 18:50:00,57830.9,66447.7,57867.7,57813.6
2026-05-30 18:55:00,57906.1,66534.1,57859.2,57928.1
2026-05-30 19:00:00,57917.5,66547.2,57951.3,57901.6
2026-05-30 19:05:00,57962.7,66599.2,57929.8,57978.1
2026-05-30 19:10:00,58031.5,66678.2,58057.3,58019.5
2026-05-30 19:15:00,58134.2,66796.2,58080.6,58159.3
2026-05-30 19:20:00,58217.6,66892.1,58224.9,58214.2
2026-05-30 19:25:00,58235.8,66912.9,58227.8,58239.5
2026-05-30 19:30:00,58291.1,66976.4,58304.2,58284.9
2026-05-30 19:35:00,58317.4,67006.7,58311.7,58320.0
2026-05-30 19:40:00,58347.9,67041.8,58404.7,58321.4
2026-05-30 19:45:00,58340.2,67032.9,58400.6,58311.9
2026-05-30 19:50:00,58320.1,67009.8,58378.0,58292.9
2026-05-30 19:55:00,58315.4,67004.4,58381.5,58284.5
2026-05-30 20:00:00,58264.0,66945.4,58237.6,58276.4
2026-05-30 20:05:00,58185.9,66855.6,58216.6,58171.5
2026-05-30 20:10:00,58126.1,66786.9,58152.0,58113.9
2026-05-30 20:15:00,58085.4,66740.1,58027.4,58112.5
2026-05-30 20:20:00,57987.4,66627.5,58021.3,57971.5
2026-05-30 20:25:00,57921.6,66552.0,57938.8,57913.6
2026-05-30 20:30:00,57870.7,66493.5,57829.6,57890.0
2026-05-30 20:35:00,57828.9,66445.4,57854.0,57817.1
2026-05-30 20:40:00,57789.5,66400.1,57752.7,57806.7
2026-05-30 20:45:00,57741.5,66345.0,57762.0,57731.9
2026-05-30 20:50:00,57697.5,66294.4,57667.0,57711.7
2026-05-30 20:55:00,57650.6,66240.5,57667.0,57642.9
2026-05-30 21:00:00,57515.1,66084.8,57490.1,57526.7
2026-05-30 21:05:00,57379.6,65929.2,57386.5,57376.4
2026-05-30 21:10:00,57326.2,65867.8,57328.8,57325.0
2026-05-30 21:15:00,57249.4,65779.6,57233.4,57256.9
2026-05-30 21:20:00,57227.1,65753.9,57155.1,57260.8
2026-05-30 21:25:00,57133.7,65646.6,57163.7,57119.7
2026-05-30 21:30:00,57035.9,65534.2,57044.5,57031.9
2026-05-30 21:35:00,56936.3,65419.8,56943.9,56932.7
2026-05-30 21:40:00,56835.5,65303.9,56841.2,56832.8
2026-05-30 21:45:00,56753.7,65210.0,56774.3,56744.1
2026-05-30 21:50:00,56659.4,65101.6,56693.2,56643.5
2026-05-30 21:55:00,56543.6,64968.5,56583.9,56524.6
2026-05-30 22:00:00,56437.6,64846.8,56496.1,56410.2
2026-05-30 22:05:00,56448.5,64859.3,56428.8,56457.7
2026-05-30 22:10:00,56392.3,64794.8,56433.8,56372.9
2026-05-30 22:15:00,56324.2,64716.5,56289.3,56340.6
2026-05-30 22:20:00,56205.9,64580.6,56191.1,56212.8
2026-05-30 22:25:00,56100.1,64459.0,56060.8,56118.4
2026-05-30 22:30:00,55979.6,64320.6,55924.4,56005.5
2026-05-30 22:35:00,55869.4,64194.0,55852.8,55877.2
2026-05-30 22:40:00,55736.0,64040.7,55698.5,55753.6
2026-05-30 22:45:00,55639.6,63929.9,55589.6,55663.0
2026-05-30 22:50:00,55528.7,63802.4,55493.8,55545.0
2026-05-30 22:55:00,55460.7,63724.4,55404.0,55487.3
2026-05-30 23:00:00,55457.4,63720.5,55532.2,55422.4
2026-05-30 23:05:00,55598.9,63883.1,55580.8,55607.3
2026-05-30 23:10:00,55575.7,63856.5,55626.0,55552.1
2026-05-30 23:15:00,55430.0,63689.1,55447.8,55421.6
2026-05-30 23:20:00,55227.4,63456.3,55194.2,55242.9
2026-05-30 23:25:00,54966.6,63156.7,54951.0,54973.9
2026-05-30 23:30:00,54665.4,62810.6,54655.1,54670.3
2026-05-30 23:35:00,54449.5,62562.5,54399.3,54473.0
2026-05-30 23:40:00,54136.4,62202.7,54124.6,54141.9
2026-05-30 23:45:00,53915.2,61948.5,53855.1,53943.3
2026-05-30 23:50:00,53689.8,61689.6,53644.7,53711.0
2026-05-30 23:55:00,53286.9,61226.6,53263.6,53297.8
2026-05-31 00:00:00,52932.3,60819.2,52842.7,52974.3
2026-05-31 00:05:00,52658.9,60505.1,52667.6,52654.9
2026-05-31 00:10:00,52454.4,60270.1,52468.9,52447.6
2026-05-31 00:15:00,52263.3,60050.5,52248.0,52270.4
2026-05-31 00:20:00,52024.1,59775.7,51997.4,52036.6
2026-05-31 00:25:00,51856.3,59582.9,51813.6,51876.3
2026-05-31 00:30:00,51602.7,59291.5,51608.8,51599.8
2026-05-31 00:35:00,51447.4,59113.1,51439.0,51451.3
2026-05-31 00:40:00,51266.2,58904.9,51223.0,51286.5
2026-05-31 00:45:00,51100.8,58714.9,51020.2,51138.6
2026-05-31 00:50:00,51025.6,58628.4,51025.5,51025.6
2026-05-31 00:55:00,50828.0,58401.4,50791.7,50845.0
2026-05-31 01:00:00,50667.5,58216.9,50841.4,50586.0
2026-05-31 01:05:00,50587.0,58124.5,50607.2,50577.6
2026-05-31 01:10:00,50581.8,58118.5,50592.6,50576.7
2026-05-31 01:15:00,50581.9,58118.7,50557.1,50593.6
2026-05-31 01:20:00,50622.8,58165.6,50588.3,50639.0
2026-05-31 01:25:00,50617.2,58159.2,50600.4,50625.1
2026-05-31 01:30:00,50642.7,58188.4,50603.9,50660.8
2026-05-31 01:35:00,50642.7,58188.5,50626.0,50650.5
2026-05-31 01:40:00,50635.8,58180.5,50609.6,50648.1
2026-05-31 01:45:00,50629.8,58173.6,50590.7,50648.1
2026-05-31 01:50:00,50643.8,58189.7,50601.0,50663.9
2026-05-31 01:55:00,50611.4,58152.5,50592.0,50620.5
2026-05-31 02:00:00,50604.6,58144.7,50596.3,50608.4
2026-05-31 02:05:00,50631.7,58175.8,50620.5,50637.0
2026-05-31 02:10:00,50620.5,58162.9,50605.8,50627.3
2026-05-31 02:15:00,50617.5,58159.5,50602.4,50624.6
2026-05-31 02:20:00,50615.9,58157.7,50601.0,50622.9
2026-05-31 02:25:00,50619.1,58161.3,50606.0,50625.2
2026-05-31 02:30:00,50619.0,58161.3,50605.1,50625.5
2026-05-31 02:35:00,50634.1,58178.6,50622.4,50639.6
2026-05-31 02:40:00,50623.6,58166.5,50606.3,50631.7
2026-05-31 02:45:00,50624.6,58167.7,50609.5,50631.7
2026-05-31 02:50:00,50624.5,58167.5,50607.7,50632.3
2026-05-31 02:55:00,50620.9,58163.4,50607.2,50627.4
2026-05-31 03:00:00,50622.4,58165.1,50603.7,50631.1
2026-05-31 03:05:00,50651.0,58198.0,50624.4,50663.5
2026-05-31 03:10:00,50645.5,58191.6,50621.5,50656.7
2026-05-31 03:15:00,50644.3,58190.3,50620.1,50655.7
2026-05-31 03:20:00,50642.1,58187.7,50619.5,50652.6
2026-05-31 03:25:00,50646.9,58193.3,50623.0,50658.1
2026-05-31 03:30:00,50645.6,58191.8,50624.9,50655.2
2026-05-31 03:35:00,50669.8,58219.6,50646.3,50680.8
2026-05-31 03:40:00,50650.5,58197.4,50627.3,50661.4
2026-05-31 03:45:00,50651.5,58198.6,50630.3,50661.4
2026-05-31 03:50:00,50650.8,58197.8,50628.5,50661.2
2026-05-31 03:55:00,50655.3,58202.9,50628.6,50667.8
2026-05-31 04:00:00,50667.5,58217.0,50649.6,50676.0
2026-05-31 04:05:00,50693.4,58246.7,50670.5,50704.1
2026-05-31 04:10:00,50684.7,58236.7,50657.6,50697.4
2026-05-31 04:15:00,50683.2,58235.0,50652.1,50697.8
2026-05-31 04:20:00,50684.2,58236.1,50649.2,50700.6
2026-05-31 04:25:00,50688.9,58241.5,50655.4,50704.6
2026-05-31 04:30:00,50688.5,58241.1,50660.1,50701.8
2026-05-31 04:35:00,50715.1,58271.7,50683.5,50730.0
2026-05-31 04:40:00,50690.9,58243.8,50656.4,50707.0
2026-05-31 04:45:00,50689.2,58241.9,50654.3,50705.5
2026-05-31 04:50:00,50684.2,58236.2,50652.1,50699.3
2026-05-31 04:55:00,50683.6,58235.4,50652.2,50698.2
2026-05-31 05:00:00,50675.4,58226.1,50658.7,50683.3
2026-05-31 05:05:00,50716.6,58273.4,50678.1,50734.7
2026-05-31 05:10:00,50693.2,58246.5,50666.4,50705.8
2026-05-31 05:15:00,50690.7,58243.7,50661.0,50704.7
2026-05-31 05:20:00,50689.1,58241.8,50654.2,50705.5
2026-05-31 05:25:00,50689.0,58241.6,50657.4,50703.8
2026-05-31 05:30:00,50691.2,58244.2,50665.4,50703.3
2026-05-31 05:35:00,50736.1,58295.7,50701.1,50752.4
2026-05-31 05:40:00,50697.1,58251.0,50665.5,50711.9
2026-05-31 05:45:00,50695.3,58248.9,50659.1,50712.2
2026-05-31 05:50:00,50691.2,58244.2,50658.8,50706.4
2026-05-31 05:55:00,50690.0,58242.8,50657.2,50705.4
2026-05-31 06:00:00,50703.3,58258.1,50682.8,50712.8
2026-05-31 06:05:00,50771.9,58337.0,50740.8,50786.5
2026-05-31 06:10:00,50701.8,58256.4,50667.7,50717.8
2026-05-31 06:15:00,50689.8,58242.6,50653.6,50706.8
2026-05-31 06:20:00,50668.5,58218.1,50629.7,50686.6
2026-05-31 06:25:00,50668.9,58218.5,50634.6,50684.9
2026-05-31 06:30:00,50663.6,58212.5,50632.4,50678.2
2026-05-31 06:35:00,50686.4,58238.7,50660.4,50698.6
2026-05-31 06:40:00,50641.5,58187.1,50620.0,50651.6
2026-05-31 06:45:00,50643.0,58188.8,50623.8,50651.9
2026-05-31 06:50:00,50634.6,58179.2,50618.9,50642.0
2026-05-31 06:55:00,50633.5,58177.8,50617.4,50641.0
2026-05-31 07:00:00,50658.4,58206.5,50635.1,50669.4
2026-05-31 07:05:00,50727.4,58285.8,50709.3,50735.9
2026-05-31 07:10:00,50673.9,58224.3,50650.6,50684.8
2026-05-31 07:15:00,50664.4,58213.4,50643.8,50674.0
2026-05-31 07:20:00,50602.5,58142.3,50573.2,50616.3
2026-05-31 07:25:00,50593.5,58132.0,50562.8,50607.9
2026-05-31 07:30:00,50560.0,58093.5,50526.4,50575.8
2026-05-31 07:35:00,50450.7,57967.9,50577.0,50391.6
2026-05-31 07:40:00,50308.1,57804.0,50252.9,50333.9
2026-05-31 07:45:00,50107.1,57573.1,50251.6,50039.4
2026-05-31 07:50:00,50026.4,57480.3,50000.2,50038.6
2026-05-31 07:55:00,49875.8,57307.3,49993.9,49820.5
2026-05-31 08:00:00,49915.8,57353.2,49854.6,49944.4
2026-05-31 08:05:00,49989.1,57437.5,49927.0,50018.2
2026-05-31 08:10:00,49884.1,57316.8,49871.7,49889.9
2026-05-31 08:15:00,49869.3,57299.8,49845.6,49880.3
2026-05-31 08:20:00,49827.4,57251.7,49783.3,49848.0
2026-05-31 08:25:00,49838.1,57263.9,49803.4,49854.3
2026-05-31 08:30:00,49800.8,57221.1,49759.3,49820.3
2026-05-31 08:35:00,49822.4,57246.0,49803.5,49831.3
2026-05-31 08:40:00,49732.7,57142.9,49721.3,49738.1
2026-05-31 08:45:00,49754.0,57167.3,49733.3,49763.6
2026-05-31 08:50:00,49727.5,57136.9,49702.7,49739.1
2026-05-31 08:55:00,49723.3,57132.1,49696.4,49735.9
2026-05-31 09:00:00,49777.3,57194.2,49735.9,49796.8
2026-05-31 09:05:00,49832.3,57257.3,49770.8,49861.1
2026-05-31 09:10:00,49861.1,57290.4,49813.0,49883.6
2026-05-31 09:15:00,49878.0,57309.8,49846.6,49892.7
2026-05-31 09:20:00,49863.4,57293.0,49808.1,49889.3
2026-05-31 09:25:00,49865.8,57295.8,49812.1,49891.0
2026-05-31 09:30:00,49832.8,57257.9,49784.6,49855.4
2026-05-31 09:35:00,49851.6,57279.5,49800.2,49875.7
2026-05-31 09:40:00,49801.9,57222.4,49762.5,49820.4
2026-05-31 09:45:00,49805.1,57226.0,49772.1,49820.5
2026-05-31 09:50:00,49798.0,57218.0,49761.7,49815.1
2026-05-31 09:55:00,49798.8,57218.8,49756.4,49818.7
2026-05-31 10:00:00,49803.2,57223.8,49773.0,49817.3
2026-05-31 10:05:00,49928.0,57367.2,49857.6,49960.9
2026-05-31 10:10:00,49929.0,57368.5,49873.4,49955.1
2026-05-31 10:15:00,49949.4,57391.8,49929.3,49958.8
2026-05-31 10:20:00,49912.9,57349.9,49870.1,49932.9
2026-05-31 10:25:00,49898.5,57333.4,49869.3,49912.2
2026-05-31 10:30:00,49836.5,57262.1,49798.2,49854.4
2026-05-31 10:35:00,49852.1,57280.1,49816.7,49868.7
2026-05-31 10:40:00,49813.2,57235.3,49787.6,49825.2
2026-05-31 10:45:00,49816.3,57239.0,49797.4,49825.2
2026-05-31 10:50:00,49808.0,57229.4,49783.0,49819.8
2026-05-31 10:55:00,49808.8,57230.3,49777.7,49823.4
2026-05-31 11:00:00,49811.9,57233.9,49784.8,49824.6
2026-05-31 11:05:00,49831.0,57255.8,49795.0,49847.9
2026-05-31 11:10:00,49833.8,57259.0,49803.7,49847.8
2026-05-31 11:15:00,49837.2,57263.0,49813.1,49848.5
2026-05-31 11:20:00,49826.7,57250.9,49791.3,49843.3
2026-05-31 11:25:00,49838.0,57263.8,49798.9,49856.2
2026-05-31 11:30:00,49820.0,57243.2,49784.2,49836.8
2026-05-31 11:35:00,49834.5,57259.8,49800.9,49850.2
2026-05-31 11:40:00,49802.3,57222.8,49778.0,49813.6
2026-05-31 11:45:00,49800.7,57221.0,49777.6,49811.5
2026-05-31 11:50:00,49790.5,57209.3,49775.0,49797.7
2026-05-31 11:55:00,49798.6,57218.6,49764.5,49814.6
2026-05-31 12:00:00,49795.5,57215.0,49761.0,49811.7
2026-05-31 12:05:00,49887.0,57320.1,49845.5,49906.4
2026-05-31 12:10:00,49892.8,57326.8,49866.7,49905.1
2026-05-31 12:15:00,49888.5,57321.9,49854.2,49904.6
2026-05-31 12:20:00,49894.9,57329.3,49867.6,49907.7
2026-05-31 12:25:00,49898.0,57332.9,49869.0,49911.7
2026-05-31 12:30:00,49883.9,57316.6,49850.0,49899.7
2026-05-31 12:35:00,49898.2,57333.0,49875.6,49908.7
2026-05-31 12:40:00,49925.2,57364.0,49907.5,49933.5
2026-05-31 12:45:00,49933.8,57373.9,49915.4,49942.4
2026-05-31 12:50:00,49945.3,57387.1,49918.6,49957.7
2026-05-31 12:55:00,49953.5,57396.6,49929.1,49965.0
2026-05-31 13:00:00,50066.9,57526.9,50029.9,50084.3
2026-05-31 13:05:00,50302.5,57797.5,50273.2,50316.1
2026-05-31 13:10:00,50367.8,57872.6,50484.9,50312.9
2026-05-31 13:15:00,50517.0,58044.0,50496.9,50526.4
2026-05-31 13:20:00,50508.3,58034.0,50476.0,50523.4
2026-05-31 13:25:00,50523.2,58051.2,50493.0,50537.4
2026-05-31 13:30:00,50516.0,58042.9,50492.0,50527.3
2026-05-31 13:35:00,50527.1,58055.7,50506.5,50536.8
2026-05-31 13:40:00,50497.9,58022.1,50471.1,50510.4
2026-05-31 13:45:00,50492.3,58015.7,50464.7,50505.3
2026-05-31 13:50:00,50561.5,58095.2,50487.5,50596.2
2026-05-31 13:55:00,50649.3,58196.1,50755.1,50599.8
2026-05-31 14:00:00,50810.0,58380.7,50755.6,50835.5
2026-05-31 14:05:00,50748.3,58309.8,50707.2,50767.5
2026-05-31 14:10:00,50771.6,58336.6,50752.8,50780.5
2026-05-31 14:15:00,50771.9,58337.0,50758.0,50778.5
2026-05-31 14:20:00,50810.4,58381.2,50749.9,50838.8
2026-05-31 14:25:00,50824.0,58396.8,50767.9,50850.3
2026-05-31 14:30:00,50893.0,58476.1,50994.4,50845.5
2026-05-31 14:35:00,51009.0,58609.3,51015.5,51005.9
2026-05-31 14:40:00,51065.6,58674.4,51019.9,51087.1
2026-05-31 14:45:00,51067.1,58676.0,51025.8,51086.4
2026-05-31 14:50:00,51134.9,58753.9,51237.7,51086.7
2026-05-31 14:55:00,51260.6,58898.5,51231.6,51274.2
2026-05-31 15:00:00,51322.3,58969.4,51317.3,51324.7
2026-05-31 15:05:00,51527.9,59205.6,51519.2,51532.0
2026-05-31 15:10:00,51659.8,59357.1,51804.2,51592.1
2026-05-31 15:15:00,51803.6,59522.3,51838.8,51787.1
2026-05-31 15:20:00,52030.1,59782.6,52051.6,52020.1
2026-05-31 15:25:00,52273.0,60061.7,52278.6,52270.4
2026-05-31 15:30:00,52451.9,60267.2,52492.0,52433.0
2026-05-31 15:35:00,52664.0,60511.0,52716.1,52639.6
2026-05-31 15:40:00,52858.9,60734.9,52902.1,52838.7
2026-05-31 15:45:00,53080.3,60989.2,53074.7,53082.9
2026-05-31 15:50:00,53300.8,61242.7,53272.4,53314.2
2026-05-31 15:55:00,53442.3,61405.2,53443.3,53441.9
2026-05-31 16:00:00,53653.2,61647.6,53633.7,53662.4
2026-05-31 16:05:00,53773.6,61785.9,53754.8,53782.5
2026-05-31 16:10:00,53981.4,62024.6,53974.5,53984.6
2026-05-31 16:15:00,54143.5,62210.8,54160.8,54135.3
2026-05-31 16:20:00,54262.9,62348.1,54312.0,54239.9
2026-05-31 16:25:00,54469.4,62585.3,54463.5,54472.2
2026-05-31 16:30:00,54653.6,62797.0,54694.0,54634.7
2026-05-31 16:35:00,54841.6,63013.0,54831.3,54846.4
2026-05-31 16:40:00,55003.0,63198.4,54992.6,55007.8
2026-05-31 16:45:00,55226.1,63454.8,55273.8,55203.8
2026-05-31 16:50:00,55355.3,63603.2,55330.2,55367.0
2026-05-31 16:55:00,55511.3,63782.5,55564.8,55486.2
2026-05-31 17:00:00,55683.0,63979.8,55657.2,55695.1
2026-05-31 17:05:00,55710.9,64011.9,55692.7,55719.5
2026-05-31 17:10:00,55865.8,64189.9,55873.5,55862.3
2026-05-31 17:15:00,56003.4,64347.9,55998.5,56005.6
2026-05-31 17:20:00,56178.7,64549.4,56135.2,56199.1
2026-05-31 17:25:00,56331.7,64725.1,56318.7,56337.7
2026-05-31 17:30:00,56481.9,64897.7,56465.6,56489.6
2026-05-31 17:35:00,56648.7,65089.3,56628.5,56658.2
2026-05-31 17:40:00,56766.6,65224.9,56798.5,56751.7
2026-05-31 17:45:00,56849.0,65319.5,56911.6,56819.6
2026-05-31 17:50:00,56971.9,65460.8,56963.7,56975.8
2026-05-31 17:55:00,57093.7,65600.7,57039.0,57119.3
2026-05-31 18:00:00,57208.3,65732.3,57259.2,57184.4
2026-05-31 18:05:00,57307.2,65846.0,57295.3,57312.8
2026-05-31 18:10:00,57427.5,65984.3,57436.3,57423.4
2026-05-31 18:15:00,57451.3,66011.5,57504.2,57426.5
2026-05-31 18:20:00,57556.1,66132.0,57507.9,57578.7
2026-05-31 18:25:00,57673.4,66266.7,57632.7,57692.4
2026-05-31 18:30:00,57784.4,66394.3,57842.9,57757.1
2026-05-31 18:35:00,57832.9,66450.0,57901.1,57801.0
2026-05-31 18:40:00,57888.4,66513.8,57881.4,57891.7
2026-05-31 18:45:00,57917.5,66547.2,57997.1,57880.2
2026-05-31 18:50:00,57981.4,66620.6,57973.4,57985.1
2026-05-31 18:55:00,58032.8,66679.7,58089.0,58006.4
2026-05-31 19:00:00,58111.2,66769.8,58040.5,58144.3
2026-05-31 19:05:00,58156.2,66821.5,58103.8,58180.8
2026-05-31 19:10:00,58190.9,66861.4,58241.5,58167.3
2026-05-31 19:15:00,58212.2,66885.9,58237.2,58200.5
2026-05-31 19:20:00,58213.8,66887.7,58218.1,58211.8
2026-05-31 19:25:00,58215.0,66889.0,58230.0,58207.9
2026-05-31 19:30:00,58214.5,66888.5,58216.5,58213.5
2026-05-31 19:35:00,58204.4,66876.8,58206.0,58203.6
2026-05-31 19:40:00,58201.4,66873.4,58197.3,58203.3
2026-05-31 19:45:00,58206.7,66879.5,58203.0,58208.5
2026-05-31 19:50:00,58182.3,66851.5,58163.7,58191.0
2026-05-31 19:55:00,58132.0,66793.6,58164.6,58116.7
2026-05-31 20:00:00,58077.0,66730.5,58014.7,58106.2
2026-05-31 20:05:00,57994.4,66635.5,58014.7,57984.8
2026-05-31 20:10:00,57937.8,66570.5,57957.0,57928.8
2026-05-31 20:15:00,57891.2,66516.9,57841.8,57914.3
2026-05-31 20:20:00,57824.3,66440.1,57836.7,57818.5
2026-05-31 20:25:00,57794.4,66405.7,57748.6,57815.8
2026-05-31 20:30:00,57723.7,66324.6,57728.9,57721.3
2026-05-31 20:35:00,57710.9,66309.8,57674.5,57727.9
2026-05-31 20:40:00,57663.4,66255.2,57667.3,57661.6
2026-05-31 20:45:00,57662.3,66253.9,57661.1,57662.8
2026-05-31 20:50:00,57650.8,66240.8,57643.0,57654.5
2026-05-31 20:55:00,57619.4,66204.7,57553.7,57650.2
2026-05-31 21:00:00,57471.9,66035.3,57462.9,57476.2
2026-05-31 21:05:00,57371.9,65920.3,57378.3,57368.9
2026-05-31 21:10:00,57297.4,65834.8,57255.2,57317.2
2026-05-31 21:15:00,57210.2,65734.5,57229.8,57201.0
2026-05-31 21:20:00,57119.7,65630.5,57119.2,57119.9
2026-05-31 21:25:00,57008.2,65502.4,57025.2,57000.2
2026-05-31 21:30:00,56925.9,65407.9,56937.0,56920.7
2026-05-31 21:35:00,56821.2,65287.5,56843.5,56810.7
2026-05-31 21:40:00,56726.1,65178.3,56744.5,56717.5
2026-05-31 21:45:00,56571.0,65000.1,56563.7,56574.4
2026-05-31 21:50:00,56435.4,64844.3,56493.8,56408.1
2026-05-31 21:55:00,56325.0,64717.4,56310.3,56331.8
2026-05-31 22:00:00,56216.0,64592.2,56199.0,56224.0
2026-05-31 22:05:00,56260.2,64643.0,56215.6,56281.1
2026-05-31 22:10:00,56190.0,64562.3,56233.5,56169.7
2026-05-31 22:15:00,56104.0,64463.5,56069.8,56120.0
2026-05-31 22:20:00,55986.0,64327.9,55958.6,55998.8
2026-05-31 22:25:00,55855.2,64177.7,55834.3,55865.1
2026-05-31 22:30:00,55693.3,63991.6,55648.1,55714.5
2026-05-31 22:35:00,55557.1,63835.1,55565.3,55553.2
2026-05-31 22:40:00,55410.7,63666.8,55372.3,55428.6
2026-05-31 22:45:00,55288.3,63526.2,55269.6,55297.1
2026-05-31 22:50:00,55196.5,63420.8,55161.1,55213.1
2026-05-31 22:55:00,55067.9,63273.1,55028.5,55086.4
2026-05-31 23:00:00,55002.7,63198.1,55034.1,54987.9
2026-05-31 23:05:00,55188.8,63412.0,55214.1,55177.0
2026-05-31 23:10:00,55093.9,63302.9,55138.6,55073.0
2026-05-31 23:15:00,54855.2,63028.6,54821.0,54871.2
2026-05-31 23:20:00,54589.9,62723.8,54679.2,54548.1
2026-05-31 23:25:00,54313.3,62405.9,54294.7,54322.0
2026-05-31 23:30:00,53977.5,62020.1,53914.1,54007.2
2026-05-31 23:35:00,53721.1,61725.6,53661.7,53749.0
2026-05-31 23:40:00,53516.7,61490.7,53505.3,53522.0
2026-05-31 23:45:00,53213.0,61141.7,53156.9,53239.3
2026-05-31 23:50:00,52896.9,60778.6,52931.5,52880.8
2026-05-31 23:55:00,52537.8,60366.0,52557.8,52528.5
2026-06-01 00:00:00,52211.3,59990.8,52158.0,52236.4
2026-06-01 00:05:00,52174.7,59948.7,52163.2,52180.1
2026-06-01 00:10:00,51893.5,59625.6,51849.8,51914.0
2026-06-01 00:15:00,51683.0,59383.8,51631.5,51707.1
2026-06-01 00:20:00,51462.5,59130.4,51446.1,51470.2
2026-06-01 00:25:00,51277.1,58917.3,51237.2,51295.7
2026-06-01 00:30:00,51105.5,58720.2,51037.3,51137.4
2026-06-01 00:35:00,51092.6,58705.4,51066.8,51104.7
2026-06-01 00:40:00,51056.7,58664.1,51045.9,51061.7
2026-06-01 00:45:00,50862.0,58440.4,50812.7,50885.1
2026-06-01 00:50:00,50794.2,58362.5,50841.5,50772.1
2026-06-01 00:55:00,50607.4,58147.9,50585.4,50617.8
2026-06-01 01:00:00,50630.7,58174.7,50601.7,50644.3
2026-06-01 01:05:00,50686.4,58238.7,50630.5,50712.6
2026-06-01 01:10:00,50656.5,58204.3,50626.3,50670.7
2026-06-01 01:15:00,50673.6,58223.9,50627.6,50695.1
2026-06-01 01:20:00,50673.0,58223.3,50629.6,50693.3
2026-06-01 01:25:00,50662.1,58210.7,50634.2,50675.1
2026-06-01 01:30:00,50653.5,58200.9,50609.1,50674.3
2026-06-01 01:35:00,50666.8,58216.2,50627.5,50685.2
2026-06-01 01:40:00,50669.7,58219.5,50621.0,50692.5
2026-06-01 01:45:00,50606.9,58147.3,50607.5,50606.6
2026-06-01 01:50:00,50646.3,58192.6,50615.3,50660.8
2026-06-01 01:55:00,50644.7,58190.8,50618.3,50657.1
2026-06-01 02:00:00,50624.5,58167.5,50602.7,50634.7
2026-06-01 02:05:00,50664.1,58213.1,50643.1,50673.9
2026-06-01 02:10:00,50648.7,58195.3,50629.9,50657.5
2026-06-01 02:15:00,50646.1,58192.3,50626.8,50655.1
2026-06-01 02:20:00,50644.8,58190.9,50629.0,50652.2
2026-06-01 02:25:00,50646.4,58192.7,50632.8,50652.8
2026-06-01 02:30:00,50642.8,58188.6,50625.5,50650.9
2026-06-01 02:35:00,50657.9,58205.9,50644.7,50664.1
2026-06-01 02:40:00,50649.6,58196.4,50628.6,50659.5
2026-06-01 02:45:00,50650.8,58197.8,50632.3,50659.5
2026-06-01 02:50:00,50650.5,58197.4,50629.5,50660.3
2026-06-01 02:55:00,50645.9,58192.1,50629.2,50653.7
2026-06-01 03:00:00,50650.5,58197.4,50621.5,50664.1
2026-06-01 03:05:00,50695.9,58249.5,50656.2,50714.4
2026-06-01 03:10:00,50686.2,58238.4,50652.4,50702.0
2026-06-01 03:15:00,50685.9,58238.1,50652.7,50701.4
2026-06-01 03:20:00,50684.4,58236.4,50652.9,50699.2
2026-06-01 03:25:00,50687.8,58240.3,50655.6,50702.9
2026-06-01 03:30:00,50684.8,58236.8,50653.7,50699.3
2026-06-01 03:35:00,50713.8,58270.1,50683.5,50727.9
2026-06-01 03:40:00,50691.2,58244.2,50656.8,50707.3
2026-06-01 03:45:00,50692.0,58245.1,50659.2,50707.4
2026-06-01 03:50:00,50691.1,58244.1,50656.8,50707.1
2026-06-01 03:55:00,50690.4,58243.2,50659.4,50704.9
2026-06-01 04:00:00,50727.6,58286.0,50702.7,50739.2
2026-06-01 04:05:00,50775.5,58341.0,50754.3,50785.4
2026-06-01 04:10:00,50759.6,58322.8,50728.6,50774.1
2026-06-01 04:15:00,50759.3,58322.4,50724.1,50775.8
2026-06-01 04:20:00,50759.0,58322.0,50718.4,50778.0
2026-06-01 04:25:00,50762.6,58326.2,50725.3,50780.0
2026-06-01 04:30:00,50759.9,58323.1,50724.6,50776.4
2026-06-01 04:35:00,50795.6,58364.1,50769.2,50807.9
2026-06-01 04:40:00,50762.4,58326.0,50721.3,50781.7
2026-06-01 04:45:00,50760.9,58324.3,50716.6,50781.7
2026-06-01 04:50:00,50755.8,58318.4,50711.6,50776.5
2026-06-01 04:55:00,50756.0,58318.6,50716.4,50774.5
2026-06-01 05:00:00,50818.7,58390.7,50783.8,50835.0
2026-06-01 05:05:00,50976.4,58571.9,51101.8,50917.7
2026-06-01 05:10:00,51129.9,58748.2,51084.1,51151.3
2026-06-01 05:15:00,51324.7,58972.0,51293.8,51339.1
2026-06-01 05:20:00,51550.0,59230.9,51550.0,51550.0
2026-06-01 05:25:00,51781.7,59497.2,51778.7,51783.2
2026-06-01 05:30:00,52001.6,59749.9,51999.9,52002.4
2026-06-01 05:35:00,52326.7,60123.3,52295.4,52341.3
2026-06-01 05:40:00,52487.4,60308.0,52446.8,52506.4
2026-06-01 05:45:00,52713.5,60567.8,52693.6,52722.9
2026-06-01 05:50:00,52901.4,60783.7,52897.3,52903.3
2026-06-01 05:55:00,53146.7,61065.6,53142.5,53148.7
2026-06-01 06:00:00,53495.3,61466.1,53454.5,53514.4
2026-06-01 06:05:00,53923.1,61957.6,53947.0,53911.9
2026-06-01 06:10:00,54264.7,62350.2,54250.5,54271.4
2026-06-01 06:15:00,54531.7,62656.9,54495.0,54548.8
2026-06-01 06:20:00,54764.4,62924.3,54756.6,54768.0
2026-06-01 06:25:00,54982.5,63174.9,55027.9,54961.3
2026-06-01 06:30:00,55189.9,63413.1,55142.3,55212.2
2026-06-01 06:35:00,55495.2,63764.0,55513.5,55486.7
2026-06-01 06:40:00,55763.7,64072.5,55746.5,55771.8
2026-06-01 06:45:00,55993.7,64336.8,55959.3,56009.8
2026-06-01 06:50:00,56239.9,64619.7,56183.8,56266.3
2026-06-01 06:55:00,56485.2,64901.5,56465.0,56494.7
2026-06-01 07:00:00,56910.3,65389.9,56891.6,56919.0
2026-06-01 07:05:00,57451.5,66011.8,57535.0,57412.4
2026-06-01 07:10:00,57807.8,66421.2,57788.8,57816.7
2026-06-01 07:15:00,58103.0,66760.3,58178.1,58067.8
2026-06-01 07:20:00,58329.8,67020.9,58329.3,58330.0
2026-06-01 07:25:00,58633.2,67369.5,58628.8,58635.2
2026-06-01 07:30:00,58899.2,67675.2,58861.2,58917.0
2026-06-01 07:35:00,59188.0,68007.0,59193.8,59185.3
2026-06-01 07:40:00,59363.2,68208.3,59356.8,59366.2
2026-06-01 07:45:00,59643.3,68530.1,59599.8,59663.6
2026-06-01 07:50:00,59886.7,68809.9,59864.2,59897.3
2026-06-01 07:55:00,60095.9,69050.2,60036.4,60123.7
2026-06-01 08:00:00,60518.8,69536.1,60497.9,60528.6
2026-06-01 08:05:00,61106.5,70211.3,61138.2,61091.6
2026-06-01 08:10:00,61468.5,70627.3,61470.7,61467.4
2026-06-01 08:15:00,61789.6,70996.2,61831.6,61769.9
2026-06-01 08:20:00,62071.1,71319.7,62062.0,62075.4
2026-06-01 08:25:00,62329.8,71616.9,62348.7,62320.9
2026-06-01 08:30:00,62556.6,71877.5,62595.4,62538.4
2026-06-01 08:35:00,62791.5,72147.4,62808.3,62783.6
2026-06-01 08:40:00,62984.3,72369.0,62986.0,62983.5
2026-06-01 08:45:00,63131.9,72538.6,63131.6,63132.1
2026-06-01 08:50:00,63209.0,72627.2,63207.0,63210.0
2026-06-01 08:55:00,63325.1,72760.5,63316.2,63329.3
2026-06-01 09:00:00,63343.5,72781.7,63377.7,63327.4
2026-06-01 09:05:00,63535.0,73001.7,63584.5,63511.8
2026-06-01 09:10:00,63728.2,73223.7,63737.9,63723.6
2026-06-01 09:15:00,63901.5,73422.8,63936.7,63885.0
2026-06-01 09:20:00,64035.7,73577.0,64063.5,64022.7
2026-06-01 09:25:00,64166.2,73727.0,64144.4,64176.4
2026-06-01 09:30:00,64247.8,73820.7,64260.4,64241.9
2026-06-01 09:35:00,64325.8,73910.3,64274.6,64349.8
2026-06-01 09:40:00,64354.6,73943.4,64362.8,64350.8
2026-06-01 09:45:00,64357.6,73946.9,64372.4,64350.6
2026-06-01 09:50:00,64369.6,73960.6,64439.5,64336.8
2026-06-01 09:55:00,64349.5,73937.6,64391.1,64330.0
2026-06-01 10:00:00,64220.9,73789.8,64286.5,64190.1
2026-06-01 10:05:00,64297.6,73877.9,64360.7,64268.1
2026-06-01 10:10:00,64427.0,74026.6,64451.8,64415.4
2026-06-01 10:15:00,64645.0,74277.1,64584.6,64673.4
2026-06-01 10:20:00,64732.3,74377.4,64715.2,64740.3
2026-06-01 10:25:00,64775.7,74427.3,64805.3,64761.8
2026-06-01 10:30:00,64741.7,74388.2,64794.0,64717.2
2026-06-01 10:35:00,64701.4,74341.9,64730.7,64687.7
2026-06-01 10:40:00,64680.8,74318.3,64707.8,64668.2
2026-06-01 10:45:00,64683.7,74321.6,64716.6,64668.3
2026-06-01 10:50:00,64658.5,74292.6,64698.5,64639.8
2026-06-01 10:55:00,64601.8,74227.4,64684.0,64563.2
2026-06-01 11:00:00,64489.1,74098.0,64499.8,64484.1
2026-06-01 11:05:00,64446.7,74049.2,64476.7,64432.6
2026-06-01 11:10:00,64346.5,73934.1,64380.0,64330.7
2026-06-01 11:15:00,64241.7,73813.7,64248.6,64238.5
2026-06-01 11:20:00,64137.8,73694.3,64121.8,64145.3
2026-06-01 11:25:00,64060.1,73605.1,64033.6,64072.5
2026-06-01 11:30:00,63909.0,73431.4,63856.6,63933.5
2026-06-01 11:35:00,63843.3,73355.9,63789.8,63868.3
2026-06-01 11:40:00,63735.1,73231.6,63679.9,63760.9
2026-06-01 11:45:00,63635.1,73116.7,63577.2,63662.2
2026-06-01 11:50:00,63457.7,72912.9,63401.6,63484.0
2026-06-01 11:55:00,63178.0,72591.5,63152.7,63189.8
2026-06-01 12:00:00,62758.0,72109.0,62810.2,62733.6
2026-06-01 12:05:00,62785.0,72140.0,62833.8,62762.2
2026-06-01 12:10:00,62844.4,72208.2,62831.5,62850.4
2026-06-01 12:15:00,62831.9,72193.9,62811.2,62841.7
2026-06-01 12:20:00,62848.8,72213.3,62818.5,62863.0
2026-06-01 12:25:00,62786.5,72141.7,62796.2,62782.0
2026-06-01 12:30:00,62701.1,72043.6,62689.4,62706.6
2026-06-01 12:35:00,62699.9,72042.1,62675.1,62711.4
2026-06-01 12:40:00,62801.2,72158.6,62747.4,62826.4
2026-06-01 12:45:00,62880.2,72249.3,62848.8,62894.8
2026-06-01 12:50:00,63058.1,72453.8,63038.0,63067.5
2026-06-01 12:55:00,63270.8,72698.2,63248.8,63281.1
2026-06-01 13:00:00,63689.4,73179.1,63568.9,63745.8
2026-06-01 13:05:00,64094.2,73644.3,64023.8,64127.2
2026-06-01 13:10:00,64401.9,73997.8,64461.9,64373.8
2026-06-01 13:15:00,64692.3,74331.4,64651.8,64711.2
2026-06-01 13:20:00,64959.6,74638.6,64933.0,64972.1
2026-06-01 13:25:00,65205.7,74921.4,65228.2,65195.3
2026-06-01 13:30:00,65431.6,75180.9,65398.2,65447.3
2026-06-01 13:35:00,65675.5,75461.2,65690.2,65668.7
2026-06-01 13:40:00,65931.8,75755.6,65915.6,65939.4
2026-06-01 13:45:00,66108.8,75959.0,66177.2,66076.8
2026-06-01 13:50:00,66218.4,76084.9,66226.1,66214.7
2026-06-01 13:55:00,66306.4,76186.0,66339.1,66291.1
2026-06-01 14:00:00,66403.2,76297.3,66394.2,66407.4
2026-06-01 14:05:00,66468.4,76372.2,66487.7,66459.3
2026-06-01 14:10:00,66616.8,76542.7,66633.8,66608.8
2026-06-01 14:15:00,66748.0,76693.5,66733.9,66754.6
2026-06-01 14:20:00,66842.6,76802.2,66890.2,66820.4
2026-06-01 14:25:00,66902.1,76870.5,66888.9,66908.2
2026-06-01 14:30:00,66984.0,76964.7,66974.0,66988.8
2026-06-01 14:35:00,67009.3,76993.7,67038.2,66995.8
2026-06-01 14:40:00,67030.3,77017.8,67051.6,67020.3
2026-06-01 14:45:00,67026.5,77013.5,67061.2,67010.2
2026-06-01 14:50:00,67011.0,76995.7,67046.1,66994.6
2026-06-01 14:55:00,66981.7,76961.9,67004.6,66970.9
2026-06-01 15:00:00,66852.7,76813.8,66985.2,66790.6
2026-06-01 15:05:00,66755.5,76702.1,66874.2,66699.9
2026-06-01 15:10:00,66819.3,76775.4,66910.5,66776.7
2026-06-01 15:15:00,66948.1,76923.4,66942.6,66950.8
2026-06-01 15:20:00,67043.7,77033.2,67010.2,67059.4
2026-06-01 15:25:00,67130.3,77132.7,67118.7,67135.7
2026-06-01 15:30:00,67185.0,77195.6,67212.2,67172.3
2026-06-01 15:35:00,67207.2,77221.1,67298.0,67164.7
2026-06-01 15:40:00,67246.6,77266.3,67303.0,67220.1
2026-06-01 15:45:00,67330.9,77363.2,67314.7,67338.5
2026-06-01 15:50:00,67375.6,77414.6,67450.6,67340.5
2026-06-01 15:55:00,67468.1,77520.8,67511.1,67447.9
2026-06-01 16:00:00,67457.4,77508.6,67419.9,67475.0
2026-06-01 16:05:00,67340.7,77374.4,67353.9,67334.5
2026-06-01 16:10:00,67405.0,77448.3,67414.7,67400.4
2026-06-01 16:15:00,67456.0,77507.0,67540.1,67416.6
2026-06-01 16:20:00,67513.8,77573.3,67523.2,67509.3
2026-06-01 16:25:00,67557.5,77623.6,67643.0,67517.5
2026-06-01 16:30:00,67627.3,77703.8,67613.1,67634.0
2026-06-01 16:35:00,67692.3,77778.4,67720.3,67679.2
2026-06-01 16:40:00,67766.3,77863.5,67713.8,67790.9
2026-06-01 16:45:00,67875.2,77988.6,67862.0,67881.3
2026-06-01 16:50:00,67936.4,78059.0,67915.1,67946.5
2026-06-01 16:55:00,67963.7,78090.3,68027.1,67934.0
2026-06-01 17:00:00,67941.3,78064.6,67940.6,67941.6
2026-06-01 17:05:00,67793.3,77894.5,67850.5,67766.6
2026-06-01 17:10:00,67833.1,77940.2,67823.3,67837.6
2026-06-01 17:15:00,67879.6,77993.7,67938.8,67851.9
2026-06-01 17:20:00,67937.9,78060.7,67917.7,67947.4
2026-06-01 17:25:00,67987.4,78117.5,68043.7,67961.0
2026-06-01 17:30:00,68027.2,78163.2,68005.4,68037.4
2026-06-01 17:35:00,68073.4,78216.4,68119.1,68052.1
2026-06-01 17:40:00,68131.8,78283.5,68112.3,68141.0
2026-06-01 17:45:00,68134.3,78286.3,68117.4,68142.2
2026-06-01 17:50:00,68137.6,78290.0,68187.9,68113.9
2026-06-01 17:55:00,68120.7,78270.7,68163.7,68100.5
2026-06-01 18:00:00,68064.9,78206.6,68026.7,68082.9
2026-06-01 18:05:00,67934.7,78057.0,67977.1,67914.9
2026-06-01 18:10:00,67963.2,78089.7,68008.8,67941.8
2026-06-01 18:15:00,68039.7,78177.6,68028.9,68044.7
2026-06-01 18:20:00,68069.0,78211.3,68118.2,68045.9
2026-06-01 18:25:00,68113.7,78262.6,68129.9,68106.0
2026-06-01 18:30:00,68178.5,78337.1,68136.0,68198.4
2026-06-01 18:35:00,68196.1,78357.3,68222.3,68183.8
2026-06-01 18:40:00,68262.0,78433.0,68208.4,68287.1
2026-06-01 18:45:00,68302.0,78478.9,68331.1,68288.3
2026-06-01 18:50:00,68334.1,78515.9,68299.5,68350.4
2026-06-01 18:55:00,68323.0,78503.2,68301.1,68333.3
2026-06-01 19:00:00,68298.6,78475.1,68232.3,68329.6
2026-06-01 19:05:00,68264.2,78435.6,68218.3,68285.8
2026-06-01 19:10:00,68252.3,78421.9,68287.6,68235.8
2026-06-01 19:15:00,68250.0,78419.2,68279.7,68236.0
2026-06-01 19:20:00,68250.6,78419.9,68280.7,68236.5
2026-06-01 19:25:00,68243.6,78411.9,68272.7,68230.0
2026-06-01 19:30:00,68190.2,78350.5,68144.2,68211.7
2026-06-01 19:35:00,68186.3,78346.0,68151.5,68202.5
2026-06-01 19:40:00,68185.3,78345.0,68143.4,68205.0
2026-06-01 19:45:00,68114.3,78263.4,68149.1,68098.0
2026-06-01 19:50:00,68046.6,78185.6,68016.0,68061.0
2026-06-01 19:55:00,67975.4,78103.7,67998.8,67964.4
2026-06-01 20:00:00,67813.3,77917.5,67793.9,67822.4
2026-06-01 20:05:00,67644.0,77723.0,67656.2,67638.3
2026-06-01 20:10:00,67547.9,77612.5,67508.8,67566.2
2026-06-01 20:15:00,67387.5,77428.2,67366.7,67397.2
2026-06-01 20:20:00,67212.5,77227.2,67266.1,67187.4
2026-06-01 20:25:00,67085.0,77080.6,67051.2,67100.8
2026-06-01 20:30:00,66913.6,76883.7,66945.2,66898.7
2026-06-01 20:35:00,66769.1,76717.7,66744.5,66780.6
2026-06-01 20:40:00,66571.3,76490.5,66621.5,66547.8
2026-06-01 20:45:00,66453.0,76354.5,66415.7,66470.4
2026-06-01 20:50:00,66235.9,76105.1,66274.4,66217.9
2026-06-01 20:55:00,66038.3,75878.1,66085.6,66016.2
2026-06-01 21:00:00,65774.3,75574.6,65797.8,65763.2
2026-06-01 21:05:00,65522.7,75285.6,65589.8,65491.3
2026-06-01 21:10:00,65328.8,75062.8,65426.9,65282.8
2026-06-01 21:15:00,65124.7,74828.3,65104.1,65134.3
2026-06-01 21:20:00,64907.2,74578.4,64890.0,64915.3
2026-06-01 21:25:00,64702.9,74343.6,64659.5,64723.2
2026-06-01 21:30:00,64542.7,74159.5,64507.0,64559.3
2026-06-01 21:35:00,64361.3,73951.2,64322.0,64379.7
2026-06-01 21:40:00,64225.3,73794.9,64214.6,64230.3
2026-06-01 21:45:00,64037.4,73578.9,64022.5,64044.3
2026-06-01 21:50:00,63847.6,73360.9,63839.6,63851.4
2026-06-01 21:55:00,63686.0,73175.2,63705.6,63676.9
2026-06-01 22:00:00,63475.5,72933.4,63525.7,63452.0
2026-06-01 22:05:00,63502.0,72963.8,63494.6,63505.5
2026-06-01 22:10:00,63378.2,72821.5,63373.1,63380.6
2026-06-01 22:15:00,63240.8,72663.7,63237.1,63242.5
2026-06-01 22:20:00,63095.3,72496.5,63125.8,63081.0
2026-06-01 22:25:00,62945.4,72324.3,62897.3,62968.0
2026-06-01 22:30:00,62769.6,72122.3,62790.8,62759.7
2026-06-01 22:35:00,62673.9,72012.3,62657.2,62681.8
2026-06-01 22:40:00,62561.1,71882.7,62557.7,62562.6
2026-06-01 22:45:00,62383.6,71678.8,62365.8,62392.0
2026-06-01 22:50:00,62233.7,71506.5,62268.8,62217.3
2026-06-01 22:55:00,62087.2,71338.2,62119.8,62072.0
2026-06-01 23:00:00,62079.3,71329.2,62074.6,62081.5
2026-06-01 23:05:00,62443.4,71747.4,62420.5,62454.1
2026-06-01 23:10:00,62428.5,71730.3,62427.9,62428.7
2026-06-01 23:15:00,62247.6,71522.5,62234.3,62253.8
2026-06-01 23:20:00,62006.3,71245.3,61948.6,62033.4
2026-06-01 23:25:00,61767.1,70970.4,61662.4,61816.1
2026-06-01 23:30:00,61383.7,70529.9,61379.2,61385.9
2026-06-01 23:35:00,60967.2,70051.4,60990.5,60956.3
2026-06-01 23:40:00,60593.1,69621.5,60611.8,60584.3
2026-06-01 23:45:00,60275.5,69256.5,60277.9,60274.3
2026-06-01 23:50:00,59934.7,68864.9,59908.4,59946.9
2026-06-01 23:55:00,59483.8,68346.9,59526.3,59463.9
2026-06-02 00:00:00,58871.7,67643.6,58914.9,58851.5
2026-06-02 00:05:00,58707.0,67454.4,58732.0,58695.3
2026-06-02 00:10:00,58410.1,67113.2,58429.2,58401.2
2026-06-02 00:15:00,58146.2,66810.0,58093.2,58171.0
2026-06-02 00:20:00,57910.0,66538.6,57883.1,57922.7
2026-06-02 00:25:00,57671.0,66264.0,57586.0,57710.8
2026-06-02 00:30:00,57445.6,66005.0,57424.8,57455.3
2026-06-02 00:35:00,57190.4,65711.7,57183.8,57193.5
2026-06-02 00:40:00,56986.5,65477.5,57032.9,56964.8
2026-06-02 00:45:00,56770.5,65229.3,56755.8,56777.3
2026-06-02 00:50:00,56629.0,65066.7,56589.7,56647.3
2026-06-02 00:55:00,56481.3,64897.1,56399.1,56519.9
2026-06-02 01:00:00,56374.9,64774.8,56358.5,56382.6
2026-06-02 01:05:00,56245.2,64625.7,56313.5,56213.2
2026-06-02 01:10:00,56138.9,64503.6,56189.7,56115.1
2026-06-02 01:15:00,56058.5,64411.3,56079.2,56048.9
2026-06-02 01:20:00,56036.5,64385.9,55974.0,56065.7
2026-06-02 01:25:00,55967.6,64306.7,55987.0,55958.5
2026-06-02 01:30:00,55905.6,64235.5,55901.2,55907.7
2026-06-02 01:35:00,55842.1,64162.5,55925.4,55803.0
2026-06-02 01:40:00,55799.4,64113.5,55763.4,55816.2
2026-06-02 01:45:00,55710.7,64011.5,55762.6,55686.3
2026-06-02 01:50:00,55635.7,63925.4,55678.4,55615.7
2026-06-02 01:55:00,55597.4,63881.4,55577.3,55606.9
2026-06-02 02:00:00,55523.2,63796.2,55551.5,55510.0
2026-06-02 02:05:00,55524.4,63797.5,55493.9,55538.7
2026-06-02 02:10:00,55491.1,63759.3,55467.0,55502.4
2026-06-02 02:15:00,55481.9,63748.8,55461.4,55491.5
2026-06-02 02:20:00,55404.3,63659.5,55468.2,55374.4
2026-06-02 02:25:00,55362.3,63611.2,55337.9,55373.7
2026-06-02 02:30:00,55264.1,63498.5,55327.6,55234.4
2026-06-02 02:35:00,55249.5,63481.6,55253.5,55247.5
2026-06-02 02:40:00,55231.6,63461.1,55235.6,55229.7
2026-06-02 02:45:00,55166.6,63386.5,55219.8,55141.7
2026-06-02 02:50:00,55132.1,63346.8,55110.0,55142.5
2026-06-02 02:55:00,55044.7,63246.4,55099.7,55019.0
2026-06-02 03:00:00,54981.2,63173.4,54995.9,54974.3
2026-06-02 03:05:00,54925.8,63109.7,54910.2,54933.1
2026-06-02 03:10:00,54912.9,63095.0,54898.7,54919.6
2026-06-02 03:15:00,54932.8,63117.8,54896.2,54949.9
2026-06-02 03:20:00,54878.9,63055.9,54865.5,54885.2
2026-06-02 03:25:00,54881.5,63058.9,54868.2,54887.7
2026-06-02 03:30:00,54875.6,63052.1,54860.8,54882.6
2026-06-02 03:35:00,54911.4,63093.2,54894.5,54919.4
2026-06-02 03:40:00,54891.0,63069.7,54870.7,54900.5
2026-06-02 03:45:00,54894.5,63073.7,54881.5,54900.5
2026-06-02 03:50:00,54906.6,63087.6,54878.8,54919.6
2026-06-02 03:55:00,54907.5,63088.8,54886.8,54917.3
2026-06-02 04:00:00,55000.5,63195.5,54925.3,55035.7
2026-06-02 04:05:00,55102.0,63312.2,55130.1,55088.8
2026-06-02 04:10:00,55143.8,63360.2,55098.1,55165.2
2026-06-02 04:15:00,55228.7,63457.7,55196.8,55243.6
2026-06-02 04:20:00,55227.3,63456.2,55189.5,55245.0
2026-06-02 04:25:00,55232.1,63461.7,55196.5,55248.8
2026-06-02 04:30:00,55264.1,63498.5,55307.8,55243.7
2026-06-02 04:35:00,55366.0,63615.5,55357.2,55370.1
2026-06-02 04:40:00,55366.3,63615.8,55406.3,55347.5
2026-06-02 04:45:00,55377.8,63629.1,55445.7,55346.0
2026-06-02 04:50:00,55479.9,63746.4,55440.2,55498.4
2026-06-02 04:55:00,55515.3,63787.1,55555.7,55496.4
2026-06-02 05:00:00,55611.1,63897.2,55616.8,55608.5
2026-06-02 05:05:00,55793.8,64107.0,55806.6,55787.8
2026-06-02 05:10:00,55821.4,64138.8,55851.5,55807.3
2026-06-02 05:15:00,55878.6,64204.5,55943.3,55848.3
2026-06-02 05:20:00,55956.4,64293.9,55961.5,55954.0
2026-06-02 05:25:00,56083.1,64439.5,56058.1,56094.8
2026-06-02 05:30:00,56177.2,64547.6,56160.1,56185.1
2026-06-02 05:35:00,56359.1,64756.7,56345.1,56365.7
2026-06-02 05:40:00,56450.6,64861.7,56471.4,56440.8
2026-06-02 05:45:00,56583.0,65013.9,56586.4,56581.4
2026-06-02 05:50:00,56749.1,65204.7,56716.5,56764.4
2026-06-02 05:55:00,56856.8,65328.4,56900.1,56836.5
2026-06-02 06:00:00,57064.3,65566.9,57110.3,57042.8
2026-06-02 06:05:00,57491.2,66057.4,57454.7,57508.2
2026-06-02 06:10:00,57758.6,66364.6,57743.6,57765.6
2026-06-02 06:15:00,57993.6,66634.7,57995.1,57993.0
2026-06-02 06:20:00,58114.5,66773.5,58146.9,58099.3
2026-06-02 06:25:00,58298.4,66984.8,58232.9,58329.0
2026-06-02 06:30:00,58442.3,67150.2,58406.2,58459.2
2026-06-02 06:35:00,58649.0,67387.7,58651.0,58648.0
2026-06-02 06:40:00,58839.8,67606.9,58800.0,58858.4
2026-06-02 06:45:00,59063.9,67864.4,58987.7,59099.5
2026-06-02 06:50:00,59242.7,68069.9,59254.1,59237.4
2026-06-02 06:55:00,59449.6,68307.6,59380.3,59482.0
2026-06-02 07:00:00,59797.5,68707.4,59826.5,59783.9
2026-06-02 07:05:00,60347.7,69339.5,60297.2,60371.4
2026-06-02 07:10:00,60706.9,69752.2,60629.2,60743.2
2026-06-02 07:15:00,60977.0,70062.5,60964.8,60982.6
2026-06-02 07:20:00,61146.0,70256.7,61173.5,61133.1
2026-06-02 07:25:00,61311.9,70447.4,61358.9,61289.9
2026-06-02 07:30:00,61477.9,70638.2,61408.2,61510.6
2026-06-02 07:35:00,61745.5,70945.6,61681.0,61775.7
2026-06-02 07:40:00,61858.4,71075.3,61856.9,61859.0
2026-06-02 07:45:00,61970.8,71204.4,61958.8,61976.4
2026-06-02 07:50:00,62105.9,71359.6,62065.4,62124.8
2026-06-02 07:55:00,62259.1,71535.7,62183.6,62294.5
2026-06-02 08:00:00,62633.4,71965.8,62651.7,62624.8
2026-06-02 08:05:00,63218.1,72637.5,63177.0,63237.3
2026-06-02 08:10:00,63562.4,73033.1,63510.2,63586.8
2026-06-02 08:15:00,63943.3,73470.9,63882.1,63972.0
2026-06-02 08:20:00,64230.8,73801.2,64190.1,64249.9
2026-06-02 08:25:00,64544.9,74162.1,64485.5,64572.7
2026-06-02 08:30:00,64762.1,74411.7,64764.3,64761.1
2026-06-02 08:35:00,65004.4,74690.1,65077.2,64970.3
2026-06-02 08:40:00,65192.5,74906.1,65141.8,65216.2
2026-06-02 08:45:00,65336.4,75071.5,65311.5,65348.0
2026-06-02 08:50:00,65384.9,75127.3,65398.2,65378.7
2026-06-02 08:55:00,65467.6,75222.2,65463.3,65469.6
2026-06-02 09:00:00,65453.5,75206.1,65443.7,65458.1
2026-06-02 09:05:00,65518.9,75281.2,65557.9,65500.6
2026-06-02 09:10:00,65589.0,75361.8,65576.2,65595.0
2026-06-02 09:15:00,65707.5,75498.0,65725.5,65699.1
2026-06-02 09:20:00,65752.6,75549.7,65756.8,65750.6
2026-06-02 09:25:00,65830.2,75638.9,65832.4,65829.2
2026-06-02 09:30:00,65793.8,75597.1,65844.2,65770.3
2026-06-02 09:35:00,65790.6,75593.3,65781.2,65795.0
2026-06-02 09:40:00,65733.9,75528.3,65708.9,65745.6
2026-06-02 09:45:00,65673.2,75458.5,65736.7,65643.5
2026-06-02 09:50:00,65612.8,75389.1,65618.0,65610.4
2026-06-02 09:55:00,65493.8,75252.4,65491.3,65495.0
2026-06-02 10:00:00,65306.4,75037.1,65343.9,65288.9
2026-06-02 10:05:00,65320.7,75053.5,65359.3,65302.6
2026-06-02 10:10:00,65362.4,75101.4,65376.9,65355.6
2026-06-02 10:15:00,65541.6,75307.3,65523.3,65550.2
2026-06-02 10:20:00,65565.3,75334.5,65640.0,65530.2
2026-06-02 10:25:00,65616.0,75392.8,65619.3,65614.4
2026-06-02 10:30:00,65532.4,75296.7,65527.8,65534.6
2026-06-02 10:35:00,65483.5,75240.5,65558.4,65448.4
2026-06-02 10:40:00,65426.5,75175.1,65429.6,65425.1
2026-06-02 10:45:00,65372.2,75112.6,65440.7,65340.1
2026-06-02 10:50:00,65322.6,75055.7,65345.8,65311.8
2026-06-02 10:55:00,65242.3,74963.4,65245.0,65241.1
2026-06-02 11:00:00,65115.3,74817.5,65183.8,65083.2
2026-06-02 11:05:00,65039.4,74730.3,65047.0,65035.9
2026-06-02 11:10:00,64954.5,74632.8,64932.9,64964.7
2026-06-02 11:15:00,64854.2,74517.5,64941.0,64813.6
2026-06-02 11:20:00,64753.1,74401.3,64814.4,64724.3
2026-06-02 11:25:00,64632.7,74263.0,64628.7,64634.6
2026-06-02 11:30:00,64472.6,74079.0,64428.1,64493.5
2026-06-02 11:35:00,64331.7,73917.1,64349.6,64323.3
2026-06-02 11:40:00,64180.5,73743.3,64111.1,64212.9
2026-06-02 11:45:00,64033.1,73574.0,63989.8,64053.4
2026-06-02 11:50:00,63783.8,73287.6,63688.4,63828.5
2026-06-02 11:55:00,63491.7,72951.9,63393.7,63537.5
2026-06-02 12:00:00,63067.1,72464.1,63007.9,63094.8
2026-06-02 12:05:00,63242.4,72665.5,63174.3,63274.4
2026-06-02 12:10:00,63368.0,72809.8,63328.4,63386.5
2026-06-02 12:15:00,63449.2,72903.1,63388.5,63477.6
2026-06-02 12:20:00,63516.2,72980.1,63469.1,63538.3
2026-06-02 12:25:00,63482.7,72941.6,63558.3,63447.3
2026-06-02 12:30:00,63346.3,72785.0,63336.5,63351.0
2026-06-02 12:35:00,63378.9,72822.4,63377.4,63379.7
2026-06-02 12:40:00,63465.3,72921.7,63447.4,63473.7
2026-06-02 12:45:00,63529.9,72995.8,63547.7,63521.5
2026-06-02 12:50:00,63715.0,73208.5,63767.3,63690.5
2026-06-02 12:55:00,63902.5,73424.0,63960.4,63875.4
2026-06-02 13:00:00,64350.8,73939.1,64308.6,64370.6
2026-06-02 13:05:00,64781.6,74434.1,64692.6,64823.3
2026-06-02 13:10:00,65141.8,74847.9,65137.0,65144.0
2026-06-02 13:15:00,65345.6,75082.1,65420.8,65310.4
2026-06-02 13:20:00,65500.0,75259.5,65565.4,65469.4
2026-06-02 13:25:00,65727.5,75521.0,65706.3,65737.5
2026-06-02 13:30:00,65982.1,75813.5,66003.5,65972.1
2026-06-02 13:35:00,66236.5,76105.7,66214.0,66247.0
2026-06-02 13:40:00,66443.5,76343.6,66448.7,66441.0
2026-06-02 13:45:00,66604.0,76528.0,66638.7,66587.7
2026-06-02 13:50:00,66707.2,76646.6,66698.3,66711.4
2026-06-02 13:55:00,66827.8,76785.2,66811.4,66835.5
2026-06-02 14:00:00,66913.9,76884.0,66865.0,66936.8
2026-06-02 14:05:00,66977.4,76957.0,66975.8,66978.1
2026-06-02 14:10:00,67048.0,77038.1,67105.1,67021.2
2026-06-02 14:15:00,67109.3,77108.6,67094.9,67116.1
2026-06-02 14:20:00,67184.1,77194.5,67208.8,67172.5
2026-06-02 14:25:00,67189.4,77200.6,67284.8,67144.7
2026-06-02 14:30:00,67159.9,77166.7,67254.6,67115.5
2026-06-02 14:35:00,67112.5,77112.3,67154.2,67093.0
2026-06-02 14:40:00,67111.4,77111.0,67159.6,67088.8
2026-06-02 14:45:00,67107.9,77107.0,67170.8,67078.5
2026-06-02 14:50:00,67088.6,77084.9,67133.4,67067.7
2026-06-02 14:55:00,67020.9,77007.0,67107.3,66980.3
2026-06-02 15:00:00,66912.2,76882.1,66954.8,66892.3
2026-06-02 15:05:00,66825.7,76782.7,66843.7,66817.3
2026-06-02 15:10:00,66890.9,76857.7,66896.4,66888.4
2026-06-02 15:15:00,67066.4,77059.3,67050.6,67073.8
2026-06-02 15:20:00,67187.6,77198.5,67222.2,67171.4
2026-06-02 15:25:00,67261.1,77283.0,67317.1,67234.9
2026-06-02 15:30:00,67311.7,77341.1,67293.5,67320.2
2026-06-02 15:35:00,67394.5,77436.3,67437.1,67374.5
2026-06-02 15:40:00,67496.9,77554.0,67534.4,67479.4
2026-06-02 15:45:00,67618.3,77693.5,67670.7,67593.8
2026-06-02 15:50:00,67720.6,77810.9,67761.0,67701.7
2026-06-02 15:55:00,67818.6,77923.6,67857.2,67800.5
2026-06-02 16:00:00,67841.3,77949.7,67864.5,67830.4
2026-06-02 16:05:00,67720.7,77811.1,67793.7,67686.5
2026-06-02 16:10:00,67818.6,77923.5,67851.6,67803.1
2026-06-02 16:15:00,67927.9,78049.2,67969.2,67908.6
2026-06-02 16:20:00,68008.6,78141.9,68059.9,67984.6
2026-06-02 16:25:00,68097.5,78244.0,68096.2,68098.1
2026-06-02 16:30:00,68183.2,78342.5,68173.9,68187.6
2026-06-02 16:35:00,68228.9,78394.9,68290.1,68200.2
2026-06-02 16:40:00,68294.2,78470.0,68270.6,68305.2
2026-06-02 16:45:00,68323.3,78503.4,68378.1,68297.5
2026-06-02 16:50:00,68367.7,78554.5,68374.3,68364.6
2026-06-02 16:55:00,68412.9,78606.4,68446.3,68397.2
2026-06-02 17:00:00,68421.1,78615.8,68366.3,68446.8
2026-06-02 17:05:00,68319.7,78499.4,68266.2,68344.8
2026-06-02 17:10:00,68419.0,78613.4,68361.9,68445.7
2026-06-02 17:15:00,68527.2,78737.8,68487.2,68545.9
2026-06-02 17:20:00,68605.9,78828.1,68575.9,68619.9
2026-06-02 17:25:00,68671.3,78903.3,68695.0,68660.1
2026-06-02 17:30:00,68719.6,78958.9,68698.5,68729.5
2026-06-02 17:35:00,68770.1,79016.8,68849.7,68732.8
2026-06-02 17:40:00,68858.4,79118.3,68855.1,68859.9
2026-06-02 17:45:00,68915.9,79184.4,68971.2,68890.0
2026-06-02 17:50:00,68943.8,79216.4,68935.4,68947.7
2026-06-02 17:55:00,68950.5,79224.1,68991.7,68931.1
2026-06-02 18:00:00,68927.9,79198.2,68958.0,68913.8
2026-06-02 18:05:00,68856.5,79116.1,68902.4,68835.0
2026-06-02 18:10:00,68899.4,79165.4,68945.0,68878.0
2026-06-02 18:15:00,68963.0,79238.5,68956.2,68966.2
2026-06-02 18:20:00,68985.2,79264.0,69033.6,68962.5
2026-06-02 18:25:00,69066.6,79357.5,69065.9,69066.9
2026-06-02 18:30:00,69103.8,79400.3,69167.2,69074.1
2026-06-02 18:35:00,69140.8,79442.7,69148.2,69137.3
2026-06-02 18:40:00,69126.6,79426.5,69126.2,69126.8
2026-06-02 18:45:00,69129.1,79429.3,69131.4,69128.0
2026-06-02 18:50:00,69085.9,79379.6,69088.0,69084.8
2026-06-02 18:55:00,68999.7,79280.7,69047.8,68977.2
2026-06-02 19:00:00,68943.7,79216.3,68875.5,68975.6
2026-06-02 19:05:00,68855.7,79115.2,68869.2,68849.3
2026-06-02 19:10:00,68828.0,79083.3,68844.6,68820.1
2026-06-02 19:15:00,68823.4,79078.1,68829.9,68820.4
2026-06-02 19:20:00,68805.6,79057.6,68831.0,68793.7
2026-06-02 19:25:00,68762.3,79007.8,68710.1,68786.7
2026-06-02 19:30:00,68736.5,78978.2,68698.6,68754.2
2026-06-02 19:35:00,68682.9,78916.6,68711.0,68669.7
2026-06-02 19:40:00,68637.6,78864.6,68566.2,68671.1
2026-06-02 19:45:00,68640.3,78867.7,68571.9,68672.3
2026-06-02 19:50:00,68615.8,78839.6,68539.3,68651.6
2026-06-02 19:55:00,68529.7,78740.6,68526.4,68531.2
2026-06-02 20:00:00,68374.2,78562.0,68361.5,68380.2
2026-06-02 20:05:00,68262.0,78433.0,68283.8,68251.7
2026-06-02 20:10:00,68193.8,78354.7,68240.0,68172.2
2026-06-02 20:15:00,68144.8,78298.4,68112.3,68160.0
2026-06-02 20:20:00,68054.2,78194.2,68121.8,68022.5
2026-06-02 20:25:00,67892.0,78007.9,67993.4,67844.5
2026-06-02 20:30:00,67666.9,77749.3,67653.7,67673.1
2026-06-02 20:35:00,67482.0,77536.8,67494.2,67476.2
2026-06-02 20:40:00,67273.0,77296.7,67331.7,67245.5
2026-06-02 20:45:00,67086.1,77081.9,67127.5,67066.7
2026-06-02 20:50:00,66871.7,76835.6,66907.6,66854.9
2026-06-02 20:55:00,66633.9,76562.3,66679.4,66612.6
2026-06-02 21:00:00,66356.9,76244.1,66329.1,66369.9
2026-06-02 21:05:00,66254.1,76126.0,66194.7,66281.9
2026-06-02 21:10:00,66117.0,75968.4,66133.9,66109.1
2026-06-02 21:15:00,65914.4,75735.7,65884.2,65928.6
2026-06-02 21:20:00,65740.8,75536.2,65791.8,65717.0
2026-06-02 21:25:00,65500.4,75259.9,65601.6,65453.0
2026-06-02 21:30:00,65279.5,75006.1,65296.8,65271.4
2026-06-02 21:35:00,65117.9,74820.4,65103.6,65124.5
2026-06-02 21:40:00,64891.6,74560.5,64878.0,64898.0
2026-06-02 21:45:00,64702.1,74342.7,64676.4,64714.1
2026-06-02 21:50:00,64543.9,74160.9,64517.8,64556.1
2026-06-02 21:55:00,64363.2,73953.3,64334.0,64376.8
2026-06-02 22:00:00,64202.2,73768.3,64217.2,64195.1
2026-06-02 22:05:00,64214.5,73782.4,64190.0,64226.0
2026-06-02 22:10:00,64123.9,73678.3,64120.1,64125.6
2026-06-02 22:15:00,64009.2,73546.5,63973.3,64026.0
2026-06-02 22:20:00,63856.7,73371.4,63886.0,63843.0
2026-06-02 22:25:00,63689.0,73178.7,63698.8,63684.4
2026-06-02 22:30:00,63483.6,72942.7,63494.8,63478.4
2026-06-02 22:35:00,63311.1,72744.5,63279.8,63325.8
2026-06-02 22:40:00,63114.2,72518.3,63103.9,63119.1
2026-06-02 22:45:00,62944.5,72323.3,62914.2,62958.8
2026-06-02 22:50:00,62800.2,72157.4,62821.9,62790.0
2026-06-02 22:55:00,62679.0,72018.2,62666.2,62685.0
2026-06-02 23:00:00,62737.8,72085.8,62737.6,62737.9
2026-06-02 23:05:00,63107.2,72510.1,63124.8,63098.9
2026-06-02 23:10:00,63079.7,72478.6,63110.4,63065.3
2026-06-02 23:15:00,62930.0,72306.6,62915.9,62936.7
2026-06-02 23:20:00,62715.1,72059.7,62671.2,62735.7
2026-06-02 23:25:00,62489.5,71800.4,62448.9,62508.4
2026-06-02 23:30:00,62185.1,71450.7,62189.8,62182.9
2026-06-02 23:35:00,61792.4,70999.4,61755.0,61809.9
2026-06-02 23:40:00,61345.5,70486.0,61375.4,61331.5
2026-06-02 23:45:00,60946.7,70027.8,60999.2,60922.1
2026-06-02 23:50:00,60555.7,69578.6,60602.5,60533.9
2026-06-02 23:55:00,60143.8,69105.3,60124.6,60152.8
2026-06-03 00:00:00,59542.7,68414.5,59603.3,59514.3
2026-06-03 00:05:00,59311.0,68148.3,59335.1,59299.7
2026-06-03 00:10:00,58960.2,67745.3,58969.8,58955.7
2026-06-03 00:15:00,58602.4,67334.1,58618.8,58594.6
2026-06-03 00:20:00,58316.9,67006.2,58333.3,58309.3
2026-06-03 00:25:00,58087.9,66743.0,58091.4,58086.3
2026-06-03 00:30:00,57817.3,66432.1,57821.8,57815.2
2026-06-03 00:35:00,57607.6,66191.2,57539.9,57639.4
2026-06-03 00:40:00,57341.3,65885.1,57364.8,57330.3
2026-06-03 00:45:00,57040.2,65539.2,57096.2,57014.0
2026-06-03 00:50:00,56781.4,65241.9,56837.9,56755.0
2026-06-03 00:55:00,56597.7,65030.7,56568.7,56611.3
2026-06-03 01:00:00,56517.4,64938.5,56460.8,56543.9
2026-06-03 01:05:00,56410.3,64815.4,56385.3,56422.0
2026-06-03 01:10:00,56247.8,64628.7,56259.5,56242.3
2026-06-03 01:15:00,56072.6,64427.4,56146.1,56038.2
2026-06-03 01:20:00,55940.0,64275.0,55919.5,55949.6
2026-06-03 01:25:00,55760.3,64068.5,55804.5,55739.5
2026-06-03 01:30:00,55625.6,63913.8,55595.4,55639.7
2026-06-03 01:35:00,55574.3,63854.9,55522.8,55598.4
2026-06-03 01:40:00,55456.9,63719.9,55490.3,55441.2
2026-06-03 01:45:00,55303.5,63543.7,55283.3,55313.0
2026-06-03 01:50:00,55197.1,63421.5,55187.1,55201.8
2026-06-03 01:55:00,55072.6,63278.5,55070.0,55073.9
2026-06-03 02:00:00,54963.2,63152.8,54953.8,54967.6
2026-06-03 02:05:00,54883.0,63060.6,54854.8,54896.2
2026-06-03 02:10:00,54856.0,63029.6,54842.2,54862.5
2026-06-03 02:15:00,54759.6,62918.8,54812.5,54734.8
2026-06-03 02:20:00,54713.7,62866.0,54689.0,54725.2
2026-06-03 02:25:00,54618.8,62757.0,54584.9,54634.7
2026-06-03 02:30:00,54568.5,62699.2,54556.3,54574.2
2026-06-03 02:35:00,54460.3,62574.9,54452.1,54464.2
2026-06-03 02:40:00,54386.6,62490.2,54433.5,54364.6
2026-06-03 02:45:00,54336.2,62432.3,54318.3,54344.6
2026-06-03 02:50:00,54249.6,62332.8,54304.2,54224.0
2026-06-03 02:55:00,54211.8,62289.3,54176.0,54228.5
2026-06-03 03:00:00,54170.9,62242.3,54178.1,54167.5
2026-06-03 03:05:00,54114.5,62177.5,54210.3,54069.6
2026-06-03 03:10:00,54059.7,62114.6,54051.3,54063.6
2026-06-03 03:15:00,54058.6,62113.3,54047.4,54063.8
2026-06-03 03:20:00,54044.9,62097.6,54039.3,54047.5
2026-06-03 03:25:00,54046.7,62099.7,54041.3,54049.3
2026-06-03 03:30:00,54026.6,62076.5,54042.7,54019.0
2026-06-03 03:35:00,53956.3,61995.8,54051.3,53911.8
2026-06-03 03:40:00,53894.4,61924.7,53892.5,53895.3
2026-06-03 03:45:00,53890.9,61920.7,53886.4,53893.1
2026-06-03 03:50:00,53871.9,61898.8,53880.2,53868.0
2026-06-03 03:55:00,53758.6,61768.6,53855.9,53713.0
2026-06-03 04:00:00,53763.2,61773.9,53746.3,53771.1
2026-06-03 04:05:00,53798.6,61814.5,53792.8,53801.2
2026-06-03 04:10:00,53787.1,61801.4,53775.8,53792.4
2026-06-03 04:15:00,53787.9,61802.3,53772.5,53795.1
2026-06-03 04:20:00,53785.0,61799.0,53761.9,53795.8
2026-06-03 04:25:00,53788.9,61803.4,53768.2,53798.6
2026-06-03 04:30:00,53787.1,61801.4,53770.8,53794.8
2026-06-03 04:35:00,53819.0,61838.0,53799.8,53827.9
2026-06-03 04:40:00,53791.8,61806.8,53770.6,53801.7
2026-06-03 04:45:00,53789.4,61804.0,53766.3,53800.2
2026-06-03 04:50:00,53790.9,61805.7,53762.7,53804.1
2026-06-03 04:55:00,53790.4,61805.1,53763.2,53803.0
2026-06-03 05:00:00,53793.2,61808.4,53787.1,53796.1
2026-06-03 05:05:00,53848.6,61872.1,53835.6,53854.7
2026-06-03 05:10:00,53818.8,61837.8,53814.9,53820.6
2026-06-03 05:15:00,53816.7,61835.4,53806.6,53821.4
2026-06-03 05:20:00,53814.5,61832.9,53794.3,53824.0
2026-06-03 05:25:00,53813.7,61831.9,53796.1,53822.0
2026-06-03 05:30:00,53814.8,61833.2,53802.7,53820.5
2026-06-03 05:35:00,53868.1,61894.5,53845.6,53878.7
2026-06-03 05:40:00,53870.7,61897.4,53957.6,53830.0
2026-06-03 05:45:00,53868.1,61894.4,53948.7,53830.3
2026-06-03 05:50:00,53865.1,61890.9,53949.5,53825.5
2026-06-03 05:55:00,53862.8,61888.3,53947.1,53823.3
2026-06-03 06:00:00,53908.4,61940.8,54000.7,53865.2
2026-06-03 06:05:00,54096.5,62156.9,54079.4,54104.5
2026-06-03 06:10:00,54141.7,62208.9,54138.0,54143.5
2026-06-03 06:15:00,54121.1,62185.2,54120.0,54121.7
2026-06-03 06:20:00,54096.7,62157.1,54085.9,54101.8
2026-06-03 06:25:00,54095.6,62155.8,54087.3,54099.4
2026-06-03 06:30:00,54085.4,62144.2,54086.4,54085.0
2026-06-03 06:35:00,54124.4,62189.0,54128.2,54122.7
2026-06-03 06:40:00,54070.5,62127.0,54085.5,54063.5
2026-06-03 06:45:00,54071.2,62127.8,54086.8,54063.8
2026-06-03 06:50:00,54069.9,62126.3,54101.8,54054.9
2026-06-03 06:55:00,54109.8,62172.2,54098.5,54115.1
2026-06-03 07:00:00,54185.7,62259.4,54162.8,54196.5
2026-06-03 07:05:00,54325.7,62420.3,54394.7,54293.4
2026-06-03 07:10:00,54382.9,62486.0,54451.0,54351.0
2026-06-03 07:15:00,54438.7,62550.1,54439.6,54438.3
2026-06-03 07:20:00,54369.2,62470.3,54362.0,54372.6
2026-06-03 07:25:00,54361.9,62461.8,54351.0,54366.9
2026-06-03 07:30:00,54327.0,62421.8,54312.1,54334.0
2026-06-03 07:35:00,54311.4,62403.9,54378.6,54280.0
2026-06-03 07:40:00,54197.8,62273.3,54176.0,54208.1
2026-06-03 07:45:00,54197.1,62272.5,54168.6,54210.5
2026-06-03 07:50:00,54201.1,62277.1,54180.7,54210.7
2026-06-03 07:55:00,54192.1,62266.7,54172.7,54201.2
2026-06-03 08:00:00,54324.0,62418.3,54326.6,54322.8
2026-06-03 08:05:00,54463.5,62578.6,54555.5,54420.5
2026-06-03 08:10:00,54513.4,62635.9,54601.8,54472.1
2026-06-03 08:15:00,54596.6,62731.5,54611.3,54589.7
2026-06-03 08:20:00,54614.2,62751.7,54682.0,54582.4
2026-06-03 08:25:00,54704.5,62855.5,54696.2,54708.4
2026-06-03 08:30:00,54674.9,62821.5,54649.4,54686.9
2026-06-03 08:35:00,54700.1,62850.4,54680.4,54709.3
2026-06-03 08:40:00,54613.5,62750.9,54592.3,54623.4
2026-06-03 08:45:00,54607.2,62743.7,54600.2,54610.5
2026-06-03 08:50:00,54504.5,62625.7,54576.8,54470.6
2026-06-03 08:55:00,54452.2,62565.5,54440.7,54457.5
2026-06-03 09:00:00,54415.7,62523.7,54522.3,54365.8
2026-06-03 09:05:00,54458.0,62572.3,54468.0,54453.4
2026-06-03 09:10:00,54496.8,62616.8,54594.9,54450.8
2026-06-03 09:15:00,54596.4,62731.3,54624.1,54583.4
2026-06-03 09:20:00,54605.0,62741.2,54685.1,54567.5
2026-06-03 09:25:00,54607.5,62744.0,54689.7,54568.9
2026-06-03 09:30:00,54567.0,62697.4,54649.3,54528.4
2026-06-03 09:35:00,54550.4,62678.4,54544.2,54553.3
2026-06-03 09:40:00,54504.4,62625.6,54504.5,54504.4
2026-06-03 09:45:00,54508.0,62629.7,54515.6,54504.5
2026-06-03 09:50:00,54500.6,62621.2,54503.2,54499.3
2026-06-03 09:55:00,54505.8,62627.1,54497.0,54509.9
2026-06-03 10:00:00,54511.9,62634.1,54530.1,54503.3
2026-06-03 10:05:00,54623.4,62762.3,54638.5,54616.3
2026-06-03 10:10:00,54746.7,62904.0,54792.3,54725.4
2026-06-03 10:15:00,54939.5,63125.5,54977.9,54921.6
2026-06-03 10:20:00,54979.4,63171.4,55000.6,54969.6
2026-06-03 10:25:00,54953.1,63141.1,55003.7,54929.4
2026-06-03 10:30:00,54920.2,63103.3,54925.4,54917.7
2026-06-03 10:35:00,54944.6,63131.3,54951.3,54941.4
2026-06-03 10:40:00,54910.7,63092.4,54923.2,54904.8
2026-06-03 10:45:00,54916.3,63098.8,54940.7,54904.9
2026-06-03 10:50:00,54945.1,63131.9,54923.9,54955.0
2026-06-03 10:55:00,54932.9,63117.9,54916.2,54940.8
2026-06-03 11:00:00,54922.7,63106.2,54911.9,54927.8
2026-06-03 11:05:00,54932.0,63116.9,54929.4,54933.3
2026-06-03 11:10:00,54972.0,63162.8,54931.5,54990.9
2026-06-03 11:15:00,54971.7,63162.4,54935.3,54988.7
2026-06-03 11:20:00,54948.5,63135.9,54898.4,54972.0
2026-06-03 11:25:00,54957.9,63146.6,54901.7,54984.2
2026-06-03 11:30:00,54938.6,63124.4,54880.8,54965.7
2026-06-03 11:35:00,54958.5,63147.3,54906.5,54982.9
2026-06-03 11:40:00,54932.3,63117.2,54881.1,54956.3
2026-06-03 11:45:00,54930.8,63115.4,54880.9,54954.1
2026-06-03 11:50:00,54889.1,63067.5,54829.6,54916.9
2026-06-03 11:55:00,54813.2,62980.3,54778.0,54829.6
2026-06-03 12:00:00,54695.3,62844.9,54648.3,54717.4
2026-06-03 12:05:00,54780.8,62943.2,54716.2,54811.1
2026-06-03 12:10:00,54883.3,63061.0,54846.2,54900.7
2026-06-03 12:15:00,54967.9,63158.1,54953.1,54974.8
2026-06-03 12:20:00,54973.8,63164.9,54958.6,54980.9
2026-06-03 12:25:00,54974.6,63165.8,54954.3,54984.1
2026-06-03 12:30:00,54933.3,63118.3,54914.4,54942.1
2026-06-03 12:35:00,54982.8,63175.3,54959.2,54993.9
2026-06-03 12:40:00,55014.5,63211.7,54995.6,55023.4
2026-06-03 12:45:00,55171.5,63392.0,55153.0,55180.1
2026-06-03 12:50:00,55268.1,63503.1,55245.4,55278.8
2026-06-03 12:55:00,55420.0,63677.6,55389.4,55434.3
2026-06-03 13:00:00,55623.6,63911.5,55604.0,55632.8
2026-06-03 13:05:00,55787.6,64099.9,55810.9,55776.6
2026-06-03 13:10:00,55880.5,64206.7,55890.7,55875.7
2026-06-03 13:15:00,55968.5,64307.8,55985.9,55960.3
2026-06-03 13:20:00,56066.9,64420.9,56041.6,56078.8
2026-06-03 13:25:00,56211.3,64586.8,56157.7,56236.4
2026-06-03 13:30:00,56312.5,64703.0,56287.5,56324.2
2026-06-03 13:35:00,56454.7,64866.5,56408.7,56476.3
2026-06-03 13:40:00,56527.1,64949.7,56578.7,56503.0
2026-06-03 13:45:00,56588.2,65019.8,56556.2,56603.2
2026-06-03 13:50:00,56680.2,65125.6,56653.9,56692.6
2026-06-03 13:55:00,56776.6,65236.3,56737.3,56795.1
2026-06-03 14:00:00,56856.0,65327.6,56837.4,56864.8
2026-06-03 14:05:00,56887.8,65364.1,56900.5,56881.9
2026-06-03 14:10:00,57020.4,65516.5,56964.1,57046.8
2026-06-03 14:15:00,57081.4,65586.6,57148.0,57050.3
2026-06-03 14:20:00,57160.1,65677.0,57134.2,57172.3
2026-06-03 14:25:00,57240.8,65769.7,57211.2,57254.7
2026-06-03 14:30:00,57346.9,65891.6,57299.1,57369.3
2026-06-03 14:35:00,57440.0,65998.6,57389.3,57463.8
2026-06-03 14:40:00,57527.8,66099.5,57483.2,57548.7
2026-06-03 14:45:00,57568.1,66145.7,57609.2,57548.8
2026-06-03 14:50:00,57642.3,66231.0,57696.8,57616.8
2026-06-03 14:55:00,57683.6,66278.4,57687.8,57681.6
2026-06-03 15:00:00,57708.4,66307.0,57764.6,57682.1
2026-06-03 15:05:00,57697.7,66294.6,57724.2,57685.3
2026-06-03 15:10:00,57784.9,66394.8,57850.2,57754.3
2026-06-03 15:15:00,57926.4,66557.5,57979.5,57901.6
2026-06-03 15:20:00,58094.0,66750.0,58073.4,58103.7
2026-06-03 15:25:00,58210.4,66883.8,58253.4,58190.3
2026-06-03 15:30:00,58306.5,66994.2,58330.4,58295.4
2026-06-03 15:35:00,58397.5,67098.8,58404.0,58394.5
2026-06-03 15:40:00,58482.5,67196.4,58502.1,58473.4
2026-06-03 15:45:00,58583.2,67312.1,58591.3,58579.4
2026-06-03 15:50:00,58731.3,67482.3,58707.6,58742.4
2026-06-03 15:55:00,58848.7,67617.2,58861.4,58842.8
2026-06-03 16:00:00,58988.1,67777.3,58902.2,59028.3
2026-06-03 16:05:00,59001.4,67792.6,59020.4,58992.4
2026-06-03 16:10:00,59103.5,67909.9,59149.5,59082.0
2026-06-03 16:15:00,59200.5,68021.3,59265.0,59170.3
2026-06-03 16:20:00,59272.8,68104.4,59330.5,59245.7
2026-06-03 16:25:00,59444.8,68302.1,59462.3,59436.7
2026-06-03 16:30:00,59606.5,68487.8,59648.1,59587.0
2026-06-03 16:35:00,59777.3,68684.1,59730.6,59799.1
2026-06-03 16:40:00,59960.3,68894.4,59924.2,59977.3
2026-06-03 16:45:00,60083.5,69035.9,60122.6,60065.1
2026-06-03 16:50:00,60191.7,69160.3,60150.0,60211.3
2026-06-03 16:55:00,60379.6,69376.2,60349.8,60393.6
2026-06-03 17:00:00,60462.7,69471.6,60484.6,60452.4
2026-06-03 17:05:00,60453.4,69461.0,60405.4,60475.9
2026-06-03 17:10:00,60637.4,69672.4,60572.0,60668.1
2026-06-03 17:15:00,60840.7,69906.0,60763.4,60876.9
2026-06-03 17:20:00,61013.7,70104.8,60955.1,61041.2
2026-06-03 17:25:00,61131.4,70240.0,61150.0,61122.7
2026-06-03 17:30:00,61271.8,70401.2,61254.3,61279.9
2026-06-03 17:35:00,61415.7,70566.7,61443.5,61402.8
2026-06-03 17:40:00,61517.1,70683.1,61522.3,61514.7
2026-06-03 17:45:00,61685.9,70877.1,61622.4,61715.6
2026-06-03 17:50:00,61811.1,71020.9,61783.1,61824.2
2026-06-03 17:55:00,61969.5,71203.0,61915.3,61994.9
2026-06-03 18:00:00,62076.8,71326.2,62075.6,62077.3
2026-06-03 18:05:00,62112.0,71366.7,62117.7,62109.3
2026-06-03 18:10:00,62282.3,71562.4,62314.3,62267.3
2026-06-03 18:15:00,62404.3,71702.5,62388.9,62411.4
2026-06-03 18:20:00,62525.1,71841.3,62557.8,62509.7
2026-06-03 18:25:00,62618.9,71949.1,62652.4,62603.1
2026-06-03 18:30:00,62728.7,72075.3,62760.6,62713.8
2026-06-03 18:35:00,62833.0,72195.1,62823.7,62837.3
2026-06-03 18:40:00,62903.5,72276.2,62901.4,62904.5
2026-06-03 18:45:00,63006.4,72394.4,63019.8,63000.2
2026-06-03 18:50:00,63052.4,72447.2,63069.9,63044.1
2026-06-03 18:55:00,63140.5,72548.4,63162.3,63130.3
2026-06-03 19:00:00,63153.3,72563.1,63145.6,63156.9
2026-06-03 19:05:00,63238.8,72661.4,63236.5,63239.9
2026-06-03 19:10:00,63320.4,72755.1,63354.9,63304.2
2026-06-03 19:15:00,63295.9,72727.0,63315.1,63286.8
2026-06-03 19:20:00,63282.0,72711.0,63308.4,63269.6
2026-06-03 19:25:00,63266.4,72693.0,63308.9,63246.5
2026-06-03 19:30:00,63261.8,72687.8,63306.1,63241.1
2026-06-03 19:35:00,63235.9,72658.0,63262.4,63223.4
2026-06-03 19:40:00,63224.4,72644.9,63266.1,63204.9
2026-06-03 19:45:00,63143.8,72552.2,63156.4,63137.9
2026-06-03 19:50:00,63031.9,72423.7,63017.7,63038.6
2026-06-03 19:55:00,62932.8,72309.8,62917.0,62940.3
2026-06-03 20:00:00,62874.4,72242.7,62793.7,62912.2
2026-06-03 20:05:00,62828.6,72190.0,62818.4,62833.4
2026-06-03 20:10:00,62747.3,72096.7,62747.9,62747.1
2026-06-03 20:15:00,62637.9,71971.0,62616.4,62648.0
2026-06-03 20:20:00,62514.4,71829.1,62510.9,62516.1
2026-06-03 20:25:00,62418.6,71718.9,62411.5,62421.9
2026-06-03 20:30:00,62300.6,71583.4,62288.6,62306.3
2026-06-03 20:35:00,62234.4,71507.3,62214.5,62243.7
2026-06-03 20:40:00,62166.3,71429.1,62138.3,62179.5
2026-06-03 20:45:00,62087.5,71338.5,62064.6,62098.2
2026-06-03 20:50:00,61942.7,71172.1,61935.9,61945.9
2026-06-03 20:55:00,61854.4,71070.7,61851.5,61855.8
2026-06-03 21:00:00,61641.0,70825.6,61664.8,61629.9
2026-06-03 21:05:00,61501.5,70665.2,61544.1,61481.5
2026-06-03 21:10:00,61350.5,70491.7,61374.5,61339.2
2026-06-03 21:15:00,61212.8,70333.5,61240.3,61199.9
2026-06-03 21:20:00,61030.4,70124.0,61031.5,61029.9
2026-06-03 21:25:00,60931.6,70010.4,60872.4,60959.3
2026-06-03 21:30:00,60816.0,69877.6,60785.4,60830.4
2026-06-03 21:35:00,60637.6,69672.5,60673.8,60620.6
2026-06-03 21:40:00,60516.8,69533.8,60463.2,60541.9
2026-06-03 21:45:00,60365.5,69360.0,60391.6,60353.3
2026-06-03 21:50:00,60245.5,69222.1,60178.2,60277.0
2026-06-03 21:55:00,60123.4,69081.7,60103.4,60132.7
2026-06-03 22:00:00,59974.8,68911.1,60003.9,59961.2
2026-06-03 22:05:00,59995.2,68934.5,59960.3,60011.5
2026-06-03 22:10:00,59957.1,68890.7,59905.0,59981.4
2026-06-03 22:15:00,59819.8,68733.0,59798.7,59829.7
2026-06-03 22:20:00,59725.3,68624.4,59693.6,59740.2
2026-06-03 22:25:00,59553.3,68426.8,59558.9,59550.7
2026-06-03 22:30:00,59366.4,68212.0,59389.1,59355.8
2026-06-03 22:35:00,59223.1,68047.3,59237.4,59216.4
2026-06-03 22:40:00,59058.4,67858.1,59059.1,59058.0
2026-06-03 22:45:00,58953.9,67738.0,58875.0,58990.8
2026-06-03 22:50:00,58816.2,67579.8,58779.4,58833.4
2026-06-03 22:55:00,58647.1,67385.5,58676.7,58633.2
2026-06-03 23:00:00,58657.4,67397.4,58672.8,58650.3
2026-06-03 23:05:00,58941.5,67723.7,58866.3,58976.7
2026-06-03 23:10:00,58981.5,67769.8,58941.4,59000.3
2026-06-03 23:15:00,58828.2,67593.6,58819.1,58832.5
2026-06-03 23:20:00,58617.4,67351.4,58619.0,58616.6
2026-06-03 23:25:00,58424.9,67130.2,58430.8,58422.1
2026-06-03 23:30:00,58192.3,66863.0,58208.5,58184.7
2026-06-03 23:35:00,57979.6,66618.5,57945.5,57995.5
2026-06-03 23:40:00,57750.5,66355.3,57750.7,57750.4
2026-06-03 23:45:00,57534.2,66106.7,57520.3,57540.7
2026-06-03 23:50:00,57303.0,65841.1,57256.2,57324.9
2026-06-03 23:55:00,56991.0,65482.7,57030.5,56972.5
2026-06-04 00:00:00,56546.1,64971.4,56559.1,56540.0
2026-06-04 00:05:00,56449.1,64860.0,56461.8,56443.1
2026-06-04 00:10:00,56248.3,64629.3,56242.9,56250.9
2026-06-04 00:15:00,56002.7,64347.1,56034.0,55988.0
2026-06-04 00:20:00,55748.8,64055.4,55730.2,55757.6
2026-06-04 00:25:00,55520.8,63793.4,55500.2,55530.4
2026-06-04 00:30:00,55359.8,63608.4,55334.9,55371.5
2026-06-04 00:35:00,55210.6,63437.0,55228.7,55202.2
2026-06-04 00:40:00,55041.9,63243.1,55025.9,55049.4
2026-06-04 00:45:00,54868.4,63043.8,54894.0,54856.4
2026-06-04 00:50:00,54669.4,62815.2,54768.3,54623.2
2026-06-04 00:55:00,54509.3,62631.2,54511.6,54508.2
2026-06-04 01:00:00,54457.4,62571.6,54439.8,54465.7
2026-06-04 01:05:00,54368.7,62469.7,54437.1,54336.7
2026-06-04 01:10:00,54315.1,62408.0,54298.2,54323.0
2026-06-04 01:15:00,54184.0,62257.5,54269.2,54144.1
2026-06-04 01:20:00,54042.0,62094.3,54130.6,54000.5
2026-06-04 01:25:00,54000.3,62046.3,54010.5,53995.5
2026-06-04 01:30:00,53825.5,61845.5,53832.4,53822.3
2026-06-04 01:35:00,53698.5,61699.6,53691.6,53701.8
2026-06-04 01:40:00,53589.0,61573.7,53671.2,53550.5
2026-06-04 01:45:00,53550.5,61529.5,53542.0,53554.4
2026-06-04 01:50:00,53461.9,61427.8,53553.2,53419.2
2026-06-04 01:55:00,53396.3,61352.3,53371.9,53407.7
2026-06-04 02:00:00,53429.0,61390.0,53381.8,53451.2
2026-06-04 02:05:00,53477.6,61445.8,53445.0,53492.9
2026-06-04 02:10:00,53460.2,61425.8,53427.7,53475.5
2026-06-04 02:15:00,53413.4,61372.0,53366.9,53435.2
2026-06-04 02:20:00,53414.5,61373.3,53372.6,53434.2
2026-06-04 02:25:00,53414.8,61373.6,53374.8,53433.5
2026-06-04 02:30:00,53422.6,61382.5,53363.6,53450.2
2026-06-04 02:35:00,53453.5,61418.1,53386.1,53485.1
2026-06-04 02:40:00,53451.4,61415.6,53385.7,53482.2
2026-06-04 02:45:00,53479.4,61447.9,53389.3,53521.7
2026-06-04 02:50:00,53481.0,61449.6,53392.5,53522.4
2026-06-04 02:55:00,53480.0,61448.5,53390.8,53521.8
2026-06-04 03:00:00,53467.7,61434.4,53395.6,53501.5
2026-06-04 03:05:00,53516.7,61490.7,53438.9,53553.2
2026-06-04 03:10:00,53505.0,61477.2,53430.2,53540.0
2026-06-04 03:15:00,53504.6,61476.8,53429.7,53539.7
2026-06-04 03:20:00,53502.3,61474.1,53428.3,53536.9
2026-06-04 03:25:00,53504.9,61477.2,53431.3,53539.5
2026-06-04 03:30:00,53500.8,61472.4,53426.9,53535.3
2026-06-04 03:35:00,53531.3,61507.5,53461.8,53563.9
2026-06-04 03:40:00,53564.6,61545.8,53606.6,53545.0
2026-06-04 03:45:00,53662.4,61658.1,53610.8,53686.6
2026-06-04 03:50:00,53660.5,61655.9,53606.5,53685.8
2026-06-04 03:55:00,53659.2,61654.4,53605.4,53684.4
2026-06-04 04:00:00,53661.8,61657.4,53610.3,53686.0
2026-06-04 04:05:00,53714.3,61717.7,53670.5,53734.8
2026-06-04 04:10:00,53747.8,61756.2,53803.8,53721.6
2026-06-04 04:15:00,53823.5,61843.2,53798.2,53835.4
2026-06-04 04:20:00,53822.3,61841.8,53790.9,53837.0
2026-06-04 04:25:00,53827.3,61847.6,53798.0,53841.1
2026-06-04 04:30:00,53823.0,61842.6,53793.8,53836.7
2026-06-04 04:35:00,53859.7,61884.7,53826.8,53875.0
2026-06-04 04:40:00,53862.1,61887.5,53980.5,53806.6
2026-06-04 04:45:00,53921.1,61955.3,53975.4,53895.6
2026-06-04 04:50:00,53999.7,62045.6,53970.8,54013.2
2026-06-04 04:55:00,53996.4,62041.8,53970.4,54008.5
2026-06-04 05:00:00,54036.1,62087.5,54051.5,54028.9
2026-06-04 05:05:00,54251.3,62334.8,54250.8,54251.6
2026-06-04 05:10:00,54327.8,62422.7,54330.1,54326.8
2026-06-04 05:15:00,54363.8,62464.0,54451.0,54322.9
2026-06-04 05:20:00,54439.9,62551.5,54442.1,54438.9
2026-06-04 05:25:00,54447.9,62560.6,54473.5,54435.9
2026-06-04 05:30:00,54487.7,62606.4,54469.4,54496.2
2026-06-04 05:35:00,54688.6,62837.2,54657.7,54703.0
2026-06-04 05:40:00,54780.9,62943.3,54743.4,54798.5
2026-06-04 05:45:00,54890.6,63069.3,54864.1,54903.1
2026-06-04 05:50:00,55046.1,63248.0,55009.0,55063.5
2026-06-04 05:55:00,55183.4,63405.8,55164.2,55192.4
2026-06-04 06:00:00,55399.6,63654.2,55395.5,55401.6
2026-06-04 06:05:00,55758.9,64067.0,55816.6,55731.9
2026-06-04 06:10:00,55950.8,64287.5,55930.6,55960.3
2026-06-04 06:15:00,56164.4,64532.9,56099.7,56194.7
2026-06-04 06:20:00,56257.3,64639.6,56285.4,56244.1
2026-06-04 06:25:00,56408.7,64813.6,56432.5,56397.5
2026-06-04 06:30:00,56591.9,65024.1,56524.1,56623.6
2026-06-04 06:35:00,56854.1,65325.4,56818.7,56870.7
2026-06-04 06:40:00,56984.4,65475.1,56996.3,56978.9
2026-06-04 06:45:00,57149.7,65665.0,57091.1,57177.1
2026-06-04 06:50:00,57335.4,65878.3,57261.7,57369.8
2026-06-04 06:55:00,57480.0,66044.5,57448.9,57494.5
2026-06-04 07:00:00,57847.8,66467.1,57837.9,57852.4
2026-06-04 07:05:00,58305.8,66993.4,58367.6,58276.8
2026-06-04 07:10:00,58505.4,67222.7,58513.4,58501.6
2026-06-04 07:15:00,58764.3,67520.2,58789.9,58752.4
2026-06-04 07:20:00,58894.4,67669.7,58880.3,58901.1
2026-06-04 07:25:00,59046.2,67844.1,59074.3,59033.0
2026-06-04 07:30:00,59176.5,67993.7,59105.3,59209.8
2026-06-04 07:35:00,59368.4,68214.3,59379.4,59363.3
2026-06-04 07:40:00,59513.0,68380.4,59498.4,59519.8
2026-06-04 07:45:00,59669.1,68559.8,59592.7,59704.9
2026-06-04 07:50:00,59769.5,68675.2,59753.5,59777.0
2026-06-04 07:55:00,59886.3,68809.4,59842.9,59906.7
2026-06-04 08:00:00,60229.9,69204.1,60180.7,60252.9
2026-06-04 08:05:00,60756.9,69809.7,60760.7,60755.1
2026-06-04 08:10:00,61103.8,70208.3,61094.2,61108.3
2026-06-04 08:15:00,61370.0,70514.1,61368.8,61370.5
2026-06-04 08:20:00,61593.5,70771.0,61575.9,61601.8
2026-06-04 08:25:00,61825.5,71037.5,61813.0,61831.4
2026-06-04 08:30:00,62054.5,71300.6,62037.5,62062.5
2026-06-04 08:35:00,62285.2,71565.7,62291.8,62282.1
2026-06-04 08:40:00,62443.8,71748.0,62393.8,62467.3
2026-06-04 08:45:00,62569.5,71892.4,62512.7,62596.1
2026-06-04 08:50:00,62624.9,71956.0,62622.9,62625.8
2026-06-04 08:55:00,62714.3,72058.7,62693.2,62724.2
2026-06-04 09:00:00,62710.6,72054.4,62732.0,62700.5
2026-06-04 09:05:00,62814.2,72173.5,62869.2,62788.4
2026-06-04 09:10:00,62959.1,72340.0,62968.1,62954.9
2026-06-04 09:15:00,63123.8,72529.3,63164.6,63104.7
2026-06-04 09:20:00,63178.8,72592.5,63197.5,63170.0
2026-06-04 09:25:00,63276.5,72704.8,63281.1,63274.4
2026-06-04 09:30:00,63301.5,72733.4,63279.6,63311.7
2026-06-04 09:35:00,63331.4,72767.7,63296.7,63347.6
2026-06-04 09:40:00,63243.8,72667.1,63253.4,63239.3
2026-06-04 09:45:00,63234.8,72656.7,63268.0,63219.2
2026-06-04 09:50:00,63165.0,72576.5,63256.4,63122.1
2026-06-04 09:55:00,63123.8,72529.2,63145.9,63113.4
2026-06-04 10:00:00,62954.5,72334.7,63034.1,62917.2
2026-06-04 10:05:00,63013.7,72402.7,63108.2,62969.4
2026-06-04 10:10:00,63027.3,72418.4,63078.6,63003.3
2026-06-04 10:15:00,63120.9,72525.9,63152.3,63106.1
2026-06-04 10:20:00,63116.0,72520.3,63149.1,63100.5
2026-06-04 10:25:00,63083.5,72482.9,63121.4,63065.7
2026-06-04 10:30:00,62967.6,72349.7,62993.5,62955.4
2026-06-04 10:35:00,62900.1,72272.3,62923.2,62889.3
2026-06-04 10:40:00,62790.6,72146.4,62818.0,62777.7
2026-06-04 10:45:00,62684.6,72024.6,62716.1,62669.8
2026-06-04 10:50:00,62609.7,71938.6,62597.8,62615.3
2026-06-04 10:55:00,62466.2,71773.6,62479.7,62459.8
2026-06-04 11:00:00,62190.0,71456.3,62220.2,62175.9
2026-06-04 11:05:00,61972.6,71206.5,62057.0,61933.1
2026-06-04 11:10:00,61797.1,71004.9,61849.7,61772.5
2026-06-04 11:15:00,61616.3,70797.1,61667.1,61592.5
2026-06-04 11:20:00,61457.7,70614.9,61426.8,61472.1
2026-06-04 11:25:00,61344.0,70484.3,61336.1,61347.8
2026-06-04 11:30:00,61245.9,70371.6,61168.3,61282.3
2026-06-04 11:35:00,61144.3,70254.8,61122.8,61154.3
2026-06-04 11:40:00,61003.9,70093.5,60980.1,61015.1
2026-06-04 11:45:00,60756.0,69808.7,60802.2,60734.4
2026-06-04 11:50:00,60475.2,69486.1,60508.5,60459.7
2026-06-04 11:55:00,60039.7,68985.6,60161.8,59982.5
2026-06-04 12:00:00,59517.9,68386.0,59660.0,59451.3
2026-06-04 12:05:00,59593.3,68472.7,59524.4,59625.5
2026-06-04 12:10:00,59679.8,68572.1,59590.0,59721.9
2026-06-04 12:15:00,59610.6,68492.6,59640.1,59596.8
2026-06-04 12:20:00,59612.6,68494.9,59572.0,59631.7
2026-06-04 12:25:00,59630.9,68515.9,59576.5,59656.4
2026-06-04 12:30:00,59569.3,68445.2,59563.2,59572.2
2026-06-04 12:35:00,59547.1,68419.6,59583.2,59530.2
2026-06-04 12:40:00,59640.7,68527.1,59642.2,59640.0
2026-06-04 12:45:00,59750.0,68652.8,59764.0,59743.5
2026-06-04 12:50:00,59906.7,68832.7,59885.2,59916.7
2026-06-04 12:55:00,60149.9,69112.3,60094.9,60175.7
2026-06-04 13:00:00,60444.0,69450.2,60504.6,60415.6
2026-06-04 13:05:00,60850.4,69917.1,60797.9,60874.9
2026-06-04 13:10:00,61185.5,70302.2,61124.7,61214.0
2026-06-04 13:15:00,61389.4,70536.5,61425.2,61372.7
2026-06-04 13:20:00,61573.8,70748.3,61559.9,61580.3
2026-06-04 13:25:00,61774.4,70978.8,61774.1,61774.6
2026-06-04 13:30:00,62010.0,71249.5,61981.3,62023.5
2026-06-04 13:35:00,62273.1,71551.8,62205.7,62304.7
2026-06-04 13:40:00,62500.3,71812.8,62438.4,62529.2
2026-06-04 13:45:00,62674.9,72013.5,62668.7,62677.8
2026-06-04 13:50:00,62818.7,72178.7,62821.6,62817.4
2026-06-04 13:55:00,62932.2,72309.1,62959.3,62919.5
2026-06-04 14:00:00,63049.7,72444.1,63062.8,63043.5
2026-06-04 14:05:00,63147.5,72556.5,63252.8,63098.2
2026-06-04 14:10:00,63293.3,72723.9,63287.7,63295.9
2026-06-04 14:15:00,63424.6,72874.8,63449.5,63412.9
2026-06-04 14:20:00,63550.9,73020.0,63600.1,63527.9
2026-06-04 14:25:00,63706.3,73198.5,63707.5,63705.7
2026-06-04 14:30:00,63788.5,73293.0,63812.5,63777.3
2026-06-04 14:35:00,63866.9,73383.0,63848.4,63875.5
2026-06-04 14:40:00,63979.8,73512.8,63926.2,64004.8
2026-06-04 14:45:00,64037.2,73578.7,64017.3,64046.5
2026-06-04 14:50:00,64101.8,73653.0,64079.0,64112.5
2026-06-04 14:55:00,64170.6,73732.0,64202.0,64155.9
2026-06-04 15:00:00,64185.2,73748.7,64286.1,64137.9
2026-06-04 15:05:00,64196.8,73762.1,64291.2,64152.5
2026-06-04 15:10:00,64369.6,73960.7,64377.5,64365.9
2026-06-04 15:15:00,64574.1,74195.7,64614.7,64555.1
2026-06-04 15:20:00,64769.7,74420.4,64800.1,64755.5
2026-06-04 15:25:00,64928.7,74603.0,64992.5,64898.8
2026-06-04 15:30:00,65052.5,74745.4,65025.3,65065.3
2026-06-04 15:35:00,65215.2,74932.3,65249.3,65199.2
2026-06-04 15:40:00,65343.1,75079.2,65324.4,65351.9
2026-06-04 15:45:00,65484.1,75241.3,65534.6,65460.5
2026-06-04 15:50:00,65653.0,75435.3,65625.0,65666.1
2026-06-04 15:55:00,65843.0,75653.6,65821.0,65853.4
2026-06-04 16:00:00,65976.0,75806.4,65960.5,65983.2
2026-06-04 16:05:00,65961.0,75789.2,65997.8,65943.8
2026-06-04 16:10:00,66079.4,75925.2,66132.5,66054.5
2026-06-04 16:15:00,66237.1,76106.5,66242.8,66234.5
2026-06-04 16:20:00,66391.3,76283.6,66446.9,66365.3
2026-06-04 16:25:00,66540.1,76454.6,66546.8,66537.0
2026-06-04 16:30:00,66699.5,76637.7,66745.4,66678.0
2026-06-04 16:35:00,66842.0,76801.4,66821.5,66851.6
2026-06-04 16:40:00,66935.3,76908.6,66909.2,66947.5
2026-06-04 16:45:00,67039.6,77028.4,67042.5,67038.2
2026-06-04 16:50:00,67096.6,77093.9,67078.0,67105.3
2026-06-04 16:55:00,67085.2,77080.9,67185.8,67038.1
2026-06-04 17:00:00,67010.3,76994.8,67113.7,66961.8
2026-06-04 17:05:00,66901.2,76869.5,66922.8,66891.1
2026-06-04 17:10:00,66970.6,76949.2,66997.9,66957.8
2026-06-04 17:15:00,66982.7,76963.1,67094.4,66930.4
2026-06-04 17:20:00,66980.0,76960.0,67083.7,66931.5
2026-06-04 17:25:00,66985.6,76966.4,67085.5,66938.8
2026-06-04 17:30:00,66959.5,76936.5,67054.6,66915.0
2026-06-04 17:35:00,66973.2,76952.3,67060.7,66932.3
2026-06-04 17:40:00,66970.4,76949.0,67052.8,66931.8
2026-06-04 17:45:00,66972.9,76951.8,67057.9,66933.0
2026-06-04 17:50:00,66943.1,76917.6,67029.3,66902.7
2026-06-04 17:55:00,66895.9,76863.4,66908.1,66890.2
2026-06-04 18:00:00,66881.8,76847.2,66869.1,66887.8
2026-06-04 18:05:00,66822.8,76779.4,66822.0,66823.3
2026-06-04 18:10:00,66835.7,76794.2,66853.7,66827.2
2026-06-04 18:15:00,66851.9,76812.9,66877.5,66839.9
2026-06-04 18:20:00,66877.8,76842.5,66956.5,66840.9
2026-06-04 18:25:00,66892.8,76859.8,66967.9,66857.7
2026-06-04 18:30:00,66954.2,76930.4,66970.4,66946.6
2026-06-04 18:35:00,66968.9,76947.3,67047.9,66931.9
2026-06-04 18:40:00,66957.9,76934.6,67033.4,66922.5
2026-06-04 18:45:00,66960.3,76937.4,67038.5,66923.7
2026-06-04 18:50:00,66923.0,76894.5,67006.3,66884.0
2026-06-04 18:55:00,66874.7,76839.0,66879.2,66872.6
2026-06-04 19:00:00,66802.4,76756.0,66822.2,66793.2
2026-06-04 19:05:00,66746.8,76692.1,66727.8,66755.8
2026-06-04 19:10:00,66735.7,76679.3,66789.7,66710.4
2026-06-04 19:15:00,66701.2,76639.7,66678.2,66712.0
2026-06-04 19:20:00,66700.2,76638.5,66674.5,66712.2
2026-06-04 19:25:00,66693.5,76630.8,66666.9,66705.9
2026-06-04 19:30:00,66677.9,76612.9,66654.0,66689.1
2026-06-04 19:35:00,66685.1,76621.2,66666.3,66693.9
2026-06-04 19:40:00,66685.1,76621.2,66662.0,66695.9
2026-06-04 19:45:00,66697.8,76635.8,66667.7,66711.9
2026-06-04 19:50:00,66661.7,76594.3,66638.1,66672.7
2026-06-04 19:55:00,66602.0,76525.7,66607.1,66599.6
2026-06-04 20:00:00,66522.2,76434.0,66469.8,66546.7
2026-06-04 20:05:00,66418.2,76314.5,66377.4,66437.3
2026-06-04 20:10:00,66362.6,76250.7,66335.9,66375.2
2026-06-04 20:15:00,66358.6,76246.1,66325.8,66374.0
2026-06-04 20:20:00,66353.2,76239.8,66318.3,66369.5
2026-06-04 20:25:00,66284.7,76161.2,66308.8,66273.5
2026-06-04 20:30:00,66208.4,76073.4,66165.9,66228.3
2026-06-04 20:35:00,66137.6,75992.1,66079.8,66164.7
2026-06-04 20:40:00,66066.5,75910.4,66075.4,66062.4
2026-06-04 20:45:00,66039.4,75879.3,65987.7,66063.6
2026-06-04 20:50:00,65911.4,75732.2,65959.8,65888.7
2026-06-04 20:55:00,65772.6,75572.7,65720.5,65797.0
2026-06-04 21:00:00,65484.3,75241.5,65509.2,65472.6
2026-06-04 21:05:00,65228.8,74947.9,65251.5,65218.2
2026-06-04 21:10:00,65033.7,74723.7,65098.8,65003.2
2026-06-04 21:15:00,64822.5,74481.0,64798.0,64833.9
2026-06-04 21:20:00,64634.7,74265.3,64609.3,64646.6
2026-06-04 21:25:00,64462.5,74067.4,64441.4,64472.3
2026-06-04 21:30:00,64330.4,73915.6,64353.2,64319.7
2026-06-04 21:35:00,64181.3,73744.3,64160.6,64191.0
2026-06-04 21:40:00,63995.9,73531.2,64035.0,63977.5
2026-06-04 21:45:00,63780.6,73284.0,63871.2,63738.2
2026-06-04 21:50:00,63607.7,73085.2,63607.2,63607.9
2026-06-04 21:55:00,63355.8,72795.8,63383.4,63342.9
2026-06-04 22:00:00,63187.9,72602.9,63211.2,63177.0
2026-06-04 22:05:00,63266.4,72693.1,63212.4,63291.7
2026-06-04 22:10:00,63201.1,72618.0,63184.2,63209.0
2026-06-04 22:15:00,63081.1,72480.2,63056.5,63092.6
2026-06-04 22:20:00,62970.4,72353.0,62943.1,62983.2
2026-06-04 22:25:00,62843.0,72206.6,62808.1,62859.4
2026-06-04 22:30:00,62653.6,71988.9,62645.9,62657.1
2026-06-04 22:35:00,62469.4,71777.4,62466.8,62470.7
2026-06-04 22:40:00,62303.8,71587.1,62273.4,62318.1
2026-06-04 22:45:00,62150.8,71411.3,62194.4,62130.4
2026-06-04 22:50:00,61995.6,71232.9,61987.2,61999.5
2026-06-04 22:55:00,61787.4,70993.8,61798.9,61782.1
2026-06-04 23:00:00,61760.4,70962.7,61757.0,61762.0
2026-06-04 23:05:00,62095.0,71347.1,62132.0,62077.7
2026-06-04 23:10:00,62061.8,71309.0,62061.1,62062.2
2026-06-04 23:15:00,61853.4,71069.5,61882.6,61839.7
2026-06-04 23:20:00,61598.4,70776.6,61562.8,61615.2
2026-06-04 23:25:00,61273.9,70403.7,61269.3,61276.0
2026-06-04 23:30:00,60871.5,69941.3,60892.4,60861.7
2026-06-04 23:35:00,60558.5,69581.7,60557.9,60558.8
2026-06-04 23:40:00,60232.1,69206.7,60216.4,60239.4
2026-06-04 23:45:00,59926.5,68855.5,59934.6,59922.7
2026-06-04 23:50:00,59582.0,68459.7,59602.4,59572.4
2026-06-04 23:55:00,59144.5,67957.0,59183.1,59126.4
2026-06-05 00:00:00,58551.0,67275.1,58581.8,58536.6
2026-06-05 00:05:00,58348.4,67042.4,58386.0,58330.9
2026-06-05 00:10:00,58097.8,66754.4,58092.9,58100.1
2026-06-05 00:15:00,57802.3,66414.9,57785.7,57810.1
2026-06-05 00:20:00,57530.1,66102.0,57478.4,57554.3
2026-06-05 00:25:00,57268.3,65801.2,57218.1,57291.7
2026-06-05 00:30:00,56998.1,65490.8,56995.1,56999.5
2026-06-05 00:35:00,56791.4,65253.3,56851.9,56763.1
2026-06-05 00:40:00,56614.8,65050.4,56595.3,56624.0
2026-06-05 00:45:00,56459.1,64871.5,56419.2,56477.7
2026-06-05 00:50:00,56266.5,64650.2,56298.9,56251.3
2026-06-05 00:55:00,56044.0,64394.6,56104.5,56015.7
2026-06-05 01:00:00,55881.9,64208.2,55956.5,55846.9
2026-06-05 01:05:00,55772.1,64082.2,55792.7,55762.5
2026-06-05 01:10:00,55677.9,63973.9,55653.6,55689.3
2026-06-05 01:15:00,55580.8,63862.4,55539.6,55600.1
2026-06-05 01:20:00,55514.5,63786.1,55559.3,55493.5
2026-06-05 01:25:00,55468.7,63733.5,55419.3,55491.8
2026-06-05 01:30:00,55385.7,63638.2,55434.5,55362.8
2026-06-05 01:35:00,55341.7,63587.6,55337.5,55343.7
2026-06-05 01:40:00,55236.9,63467.2,55224.1,55242.9
2026-06-05 01:45:00,55153.7,63371.6,55220.3,55122.5
2026-06-05 01:50:00,55098.7,63308.4,55093.3,55101.3
2026-06-05 01:55:00,55012.5,63209.4,54989.3,55023.4
2026-06-05 02:00:00,55016.9,63214.4,54975.5,55036.3
2026-06-05 02:05:00,55028.2,63227.4,55032.7,55026.1
2026-06-05 02:10:00,55017.6,63215.2,55010.8,55020.7
2026-06-05 02:15:00,55016.1,63213.5,55006.0,55020.9
2026-06-05 02:20:00,55002.9,63198.3,55001.8,55003.4
2026-06-05 02:25:00,54980.5,63172.6,55004.3,54969.4
2026-06-05 02:30:00,54860.8,63035.1,54834.3,54873.3
2026-06-05 02:35:00,54790.6,62954.4,54856.8,54759.6
2026-06-05 02:40:00,54749.5,62907.2,54716.7,54764.9
2026-06-05 02:45:00,54751.8,62909.8,54728.7,54762.6
2026-06-05 02:50:00,54766.9,62927.2,54732.7,54782.9
2026-06-05 02:55:00,54767.6,62927.9,54731.7,54784.4
2026-06-05 03:00:00,54709.0,62860.6,54729.3,54699.5
2026-06-05 03:05:00,54662.3,62807.0,54654.2,54666.1
2026-06-05 03:10:00,54648.3,62791.0,54640.6,54652.0
2026-06-05 03:15:00,54647.4,62789.9,54638.6,54651.6
2026-06-05 03:20:00,54649.9,62792.7,54635.2,54656.7
2026-06-05 03:25:00,54640.0,62781.3,54642.5,54638.8
2026-06-05 03:30:00,54632.4,62772.7,54629.8,54633.7
2026-06-05 03:35:00,54662.5,62807.2,54662.8,54662.3
2026-06-05 03:40:00,54641.5,62783.1,54637.7,54643.3
2026-06-05 03:45:00,54642.9,62784.7,54641.9,54643.4
2026-06-05 03:50:00,54640.9,62782.4,54637.4,54642.5
2026-06-05 03:55:00,54639.8,62781.2,54636.9,54641.2
2026-06-05 04:00:00,54681.8,62829.4,54673.4,54685.7
2026-06-05 04:05:00,54737.0,62892.8,54735.1,54737.9
2026-06-05 04:10:00,54824.8,62993.7,54830.8,54822.0
2026-06-05 04:15:00,54826.0,62995.1,54826.8,54825.7
2026-06-05 04:20:00,54824.2,62993.0,54818.9,54826.6
2026-06-05 04:25:00,54829.3,62998.8,54826.5,54830.6
2026-06-05 04:30:00,54825.1,62994.1,54822.1,54826.6
2026-06-05 04:35:00,54870.3,63046.0,54869.9,54870.5
2026-06-05 04:40:00,54873.9,63050.2,54954.6,54836.2
2026-06-05 04:45:00,54995.4,63189.7,54951.5,55015.9
2026-06-05 04:50:00,55030.7,63230.3,55077.8,55008.7
2026-06-05 04:55:00,55091.4,63300.1,55077.5,55098.0
2026-06-05 05:00:00,55133.6,63348.5,55161.0,55120.8
2026-06-05 05:05:00,55338.2,63583.6,55343.4,55335.7
2026-06-05 05:10:00,55395.2,63649.1,55396.5,55394.7
2026-06-05 05:15:00,55479.0,63745.4,55476.9,55480.0
2026-06-05 05:20:00,55515.6,63787.5,55579.3,55485.8
2026-06-05 05:25:00,55578.6,63859.8,55582.4,55576.8
2026-06-05 05:30:00,55676.2,63971.9,55719.2,55656.0
2026-06-05 05:35:00,55812.9,64129.1,55787.7,55824.7
2026-06-05 05:40:00,55893.9,64222.1,55962.8,55861.7
2026-06-05 05:45:00,55998.9,64342.7,55944.5,56024.4
2026-06-05 05:50:00,56117.8,64479.4,56067.6,56141.3
2026-06-05 05:55:00,56191.5,64564.1,56180.6,56196.6
2026-06-05 06:00:00,56414.8,64820.6,56409.2,56417.4
2026-06-05 06:05:00,56743.4,65198.1,56749.9,56740.3
2026-06-05 06:10:00,56929.7,65412.3,56941.8,56924.1
2026-06-05 06:15:00,57079.6,65584.4,57080.2,57079.3
2026-06-05 06:20:00,57192.8,65714.5,57155.6,57210.2
2026-06-05 06:25:00,57352.0,65897.4,57354.1,57351.0
2026-06-05 06:30:00,57552.5,66127.8,57467.2,57592.5
2026-06-05 06:35:00,57795.2,66406.7,57721.7,57829.7
2026-06-05 06:40:00,57912.9,66541.9,57924.3,57907.5
2026-06-05 06:45:00,58046.6,66695.5,58031.0,58053.9
2026-06-05 06:50:00,58186.9,66856.7,58200.8,58180.3
2026-06-05 06:55:00,58306.3,66993.9,58300.6,58308.9
2026-06-05 07:00:00,58601.6,67333.2,58542.3,58629.3
2026-06-05 07:05:00,59080.8,67883.9,59118.1,59063.4
2026-06-05 07:10:00,59346.9,68189.6,59344.7,59347.9
2026-06-05 07:15:00,59605.9,68487.2,59619.4,59599.6
2026-06-05 07:20:00,59782.3,68689.9,59728.7,59807.5
2026-06-05 07:25:00,59960.6,68894.7,59909.8,59984.4
2026-06-05 07:30:00,60041.9,68988.2,60045.7,60040.2
2026-06-05 07:35:00,60229.8,69204.0,60209.1,60239.5
2026-06-05 07:40:00,60349.7,69341.8,60309.7,60368.4
2026-06-05 07:45:00,60462.5,69471.4,60390.2,60496.4
2026-06-05 07:50:00,60567.3,69591.9,60516.5,60591.2
2026-06-05 07:55:00,60660.4,69698.8,60684.2,60649.3
2026-06-05 08:00:00,61051.9,70148.6,61037.0,61058.9
2026-06-05 08:05:00,61612.4,70792.6,61570.8,61631.9
2026-06-05 08:10:00,61944.6,71174.3,61856.6,61985.8
2026-06-05 08:15:00,62236.5,71509.8,62253.0,62228.8
2026-06-05 08:20:00,62497.6,71809.8,62492.5,62500.0
2026-06-05 08:25:00,62789.3,72144.9,62775.6,62795.7
2026-06-05 08:30:00,63009.2,72397.6,63013.3,63007.3
2026-06-05 08:35:00,63212.0,72630.6,63222.4,63207.2
2026-06-05 08:40:00,63301.5,72733.4,63276.4,63313.3
2026-06-05 08:45:00,63399.7,72846.2,63348.9,63423.5
2026-06-05 08:50:00,63511.4,72974.6,63485.3,63523.6
2026-06-05 08:55:00,63569.5,73041.4,63538.8,63583.9
2026-06-05 09:00:00,63563.4,73034.4,63576.4,63557.3
2026-06-05 09:05:00,63643.8,73126.8,63673.2,63630.1
2026-06-05 09:10:00,63786.4,73290.6,63787.7,63785.9
2026-06-05 09:15:00,63893.5,73413.7,63889.8,63895.3
2026-06-05 09:20:00,63997.2,73532.7,63993.6,63998.8
2026-06-05 09:25:00,64057.3,73601.8,64073.1,64049.9
2026-06-05 09:30:00,64011.4,73549.1,64026.7,64004.3
2026-06-05 09:35:00,64034.2,73575.3,64035.4,64033.7
2026-06-05 09:40:00,63983.1,73516.6,63971.9,63988.4
2026-06-05 09:45:00,63923.0,73447.6,63982.2,63895.3
2026-06-05 09:50:00,63864.0,73379.7,63865.4,63863.4
2026-06-05 09:55:00,63781.6,73285.1,63758.8,63792.3
2026-06-05 10:00:00,63630.6,73111.6,63639.7,63626.4
2026-06-05 10:05:00,63739.4,73236.6,63768.4,63725.8
2026-06-05 10:10:00,63830.8,73341.6,63824.7,63833.6
2026-06-05 10:15:00,64001.9,73538.2,63991.1,64006.9
2026-06-05 10:20:00,64063.3,73608.8,64056.7,64066.4
2026-06-05 10:25:00,64041.0,73583.1,64047.8,64037.7
2026-06-05 10:30:00,63931.3,73457.1,63920.7,63936.3
2026-06-05 10:35:00,63863.4,73379.0,63848.4,63870.4
2026-06-05 10:40:00,63762.3,73262.9,63731.9,63776.5
2026-06-05 10:45:00,63678.0,73166.0,63645.6,63693.2
2026-06-05 10:50:00,63626.9,73107.3,63583.6,63647.2
2026-06-05 10:55:00,63483.6,72942.7,63583.7,63436.7
2026-06-05 11:00:00,63383.4,72827.5,63341.6,63402.9
2026-06-05 11:05:00,63262.1,72688.2,63347.9,63222.0
2026-06-05 11:10:00,63171.3,72583.8,63201.4,63157.2
2026-06-05 11:15:00,63063.1,72459.5,63110.2,63041.1
2026-06-05 11:20:00,62944.8,72323.5,62984.4,62926.2
2026-06-05 11:25:00,62810.4,72169.1,62878.3,62778.6
2026-06-05 11:30:00,62590.2,71916.1,62616.3,62578.0
2026-06-05 11:35:00,62447.4,71752.0,62433.6,62453.8
2026-06-05 11:40:00,62266.2,71543.9,62212.0,62291.7
2026-06-05 11:45:00,62031.4,71274.1,62006.3,62043.2
2026-06-05 11:50:00,61730.6,70928.5,61731.8,61730.1
2026-06-05 11:55:00,61371.4,70515.7,61409.5,61353.5
2026-06-05 12:00:00,60904.2,69978.9,60955.4,60880.2
2026-06-05 12:05:00,60940.5,70020.6,60877.2,60970.1
2026-06-05 12:10:00,60952.3,70034.2,60864.2,60993.6
2026-06-05 12:15:00,60934.5,70013.8,60927.1,60938.0
2026-06-05 12:20:00,60993.7,70081.8,60866.7,61053.2
2026-06-05 12:25:00,60923.9,70001.5,60936.2,60918.1
2026-06-05 12:30:00,60772.3,69827.3,60746.9,60784.1
2026-06-05 12:35:00,60726.2,69774.4,60758.4,60711.2
2026-06-05 12:40:00,60736.7,69786.5,60738.6,60735.8
2026-06-05 12:45:00,60827.6,69890.9,60777.7,60851.0
2026-06-05 12:50:00,61013.7,70104.8,60909.4,61062.6
2026-06-05 12:55:00,61175.2,70290.3,61174.8,61175.4
2026-06-05 13:00:00,61554.5,70726.1,61524.4,61568.6
2026-06-05 13:05:00,61939.9,71169.0,61931.7,61943.7
2026-06-05 13:10:00,62271.1,71549.4,62272.9,62270.2
2026-06-05 13:15:00,62428.1,71729.9,62459.5,62413.4
2026-06-05 13:20:00,62568.4,71891.0,62560.4,62572.1
2026-06-05 13:25:00,62722.8,72068.5,62698.0,62734.4
2026-06-05 13:30:00,62913.6,72287.8,62875.6,62931.4
2026-06-05 13:35:00,63149.9,72559.2,63118.5,63164.6
2026-06-05 13:40:00,63307.4,72740.2,63257.6,63330.7
2026-06-05 13:45:00,63453.7,72908.4,63419.8,63469.6
2026-06-05 13:50:00,63605.8,73083.1,63585.9,63615.1
2026-06-05 13:55:00,63711.5,73204.5,63696.4,63718.6
2026-06-05 14:00:00,63781.2,73284.6,63807.9,63768.7
2026-06-05 14:05:00,63856.6,73371.3,63877.8,63846.7
2026-06-05 14:10:00,64004.5,73541.1,63987.8,64012.3
2026-06-05 14:15:00,64162.6,73722.8,64158.6,64164.5
2026-06-05 14:20:00,64308.6,73890.5,64335.3,64296.0
2026-06-05 14:25:00,64466.6,74072.1,64428.3,64484.5
2026-06-05 14:30:00,64567.6,74188.2,64616.1,64544.9
2026-06-05 14:35:00,64636.2,74266.9,64711.2,64601.0
2026-06-05 14:40:00,64694.5,74334.0,64691.4,64696.0
2026-06-05 14:45:00,64782.1,74434.6,64807.6,64770.1
2026-06-05 14:50:00,64872.3,74538.2,64864.3,64876.0
2026-06-05 14:55:00,64947.9,74625.1,64910.8,64965.2
2026-06-05 15:00:00,64937.7,74613.4,65024.6,64897.0
2026-06-05 15:05:00,64936.6,74612.1,65006.5,64903.9
2026-06-05 15:10:00,65046.3,74738.2,65124.4,65009.7
2026-06-05 15:15:00,65218.8,74936.5,65267.0,65196.3
2026-06-05 15:20:00,65342.7,75078.8,65324.9,65351.0
2026-06-05 15:25:00,65468.9,75223.8,65522.7,65443.7
2026-06-05 15:30:00,65626.7,75405.1,65583.4,65647.0
2026-06-05 15:35:00,65732.9,75527.0,65714.7,65741.4
2026-06-05 15:40:00,65871.1,75685.9,65898.2,65858.5
2026-06-05 15:45:00,66020.1,75857.1,65997.3,66030.8
2026-06-05 15:50:00,66104.6,75954.2,66205.3,66057.4
2026-06-05 15:55:00,66202.1,76066.2,66177.2,66213.8
2026-06-05 16:00:00,66275.4,76150.5,66255.6,66284.7
2026-06-05 16:05:00,66287.4,76164.2,66292.7,66284.9
2026-06-05 16:10:00,66412.1,76307.4,66427.0,66405.1
2026-06-05 16:15:00,66509.5,76419.4,66517.5,66505.7
2026-06-05 16:20:00,66585.3,76506.6,66615.7,66571.1
2026-06-05 16:25:00,66731.5,76674.5,66729.1,66732.6
2026-06-05 16:30:00,66800.8,76754.1,66796.9,66802.7
2026-06-05 16:35:00,66871.6,76835.5,66883.6,66865.9
2026-06-05 16:40:00,66920.0,76891.1,66954.8,66903.7
2026-06-05 16:45:00,66990.0,76971.5,67003.2,66983.7
2026-06-05 16:50:00,66994.5,76976.7,67071.7,66958.4
2026-06-05 16:55:00,67017.2,77002.7,67049.2,67002.2
2026-06-05 17:00:00,66943.3,76917.9,66964.6,66933.3
2026-06-05 17:05:00,66798.7,76751.7,66802.8,66796.8
2026-06-05 17:10:00,66838.3,76797.2,66873.2,66821.9
2026-06-05 17:15:00,66854.7,76816.0,66884.8,66840.5
2026-06-05 17:20:00,66877.3,76842.0,66968.8,66834.4
2026-06-05 17:25:00,66876.6,76841.2,66950.9,66841.8
2026-06-05 17:30:00,66867.0,76830.2,66941.9,66831.9
2026-06-05 17:35:00,66877.7,76842.5,66948.6,66844.5
2026-06-05 17:40:00,66874.9,76839.3,66940.8,66844.0
2026-06-05 17:45:00,66877.3,76842.1,66946.0,66845.2
2026-06-05 17:50:00,66849.7,76810.3,66924.8,66814.5
2026-06-05 17:55:00,66832.9,76790.9,66894.7,66803.9
2026-06-05 18:00:00,66800.5,76753.7,66785.6,66807.5
2026-06-05 18:05:00,66743.3,76688.1,66733.4,66748.0
2026-06-05 18:10:00,66774.6,76724.1,66843.6,66742.4
2026-06-05 18:15:00,66848.4,76808.8,66866.1,66840.1
2026-06-05 18:20:00,66875.1,76839.4,66946.5,66841.6
2026-06-05 18:25:00,66891.8,76858.7,66963.2,66858.4
2026-06-05 18:30:00,66948.5,76923.8,66963.4,66941.5
2026-06-05 18:35:00,66938.4,76912.2,66950.6,66932.6
2026-06-05 18:40:00,66926.0,76897.9,66931.9,66923.2
2026-06-05 18:45:00,66929.0,76901.4,66938.7,66924.4
2026-06-05 18:50:00,66890.8,76857.5,66908.0,66882.7
2026-06-05 18:55:00,66873.8,76838.0,66875.5,66873.0
2026-06-05 19:00:00,66807.8,76762.2,66830.5,66797.1
2026-06-05 19:05:00,66754.3,76700.7,66736.1,66762.8
2026-06-05 19:10:00,66741.4,76685.9,66795.2,66716.2
2026-06-05 19:15:00,66706.8,76646.2,66680.9,66719.0
2026-06-05 19:20:00,66706.6,76645.9,66678.5,66719.8
2026-06-05 19:25:00,66699.9,76638.1,66670.8,66713.5
2026-06-05 19:30:00,66685.3,76621.4,66658.3,66697.9
2026-06-05 19:35:00,66691.5,76628.6,66670.2,66701.5
2026-06-05 19:40:00,66691.6,76628.6,66666.0,66703.5
2026-06-05 19:45:00,66704.3,76643.2,66671.7,66719.5
2026-06-05 19:50:00,66666.2,76599.5,66643.6,66676.8
2026-06-05 19:55:00,66607.3,76531.7,66612.6,66604.8
2026-06-05 20:00:00,66517.4,76428.5,66474.0,66537.7
2026-06-05 20:05:00,66425.6,76323.0,66386.1,66444.1
2026-06-05 20:10:00,66369.6,76258.7,66341.8,66382.7
2026-06-05 20:15:00,66364.2,76252.5,66323.4,66383.3
2026-06-05 20:20:00,66359.4,76246.9,66318.0,66378.8
2026-06-05 20:25:00,66353.6,76240.3,66307.6,66375.2
2026-06-05 20:30:00,66251.2,76122.6,66276.3,66239.4
2026-06-05 20:35:00,66232.4,76101.0,66183.2,66255.5
2026-06-05 20:40:00,66174.3,76034.3,66178.1,66172.6
2026-06-05 20:45:00,66142.1,75997.2,66078.4,66171.9
2026-06-05 20:50:00,66038.3,75878.0,66053.1,66031.4
2026-06-05 20:55:00,65905.1,75725.0,65952.3,65883.0
2026-06-05 21:00:00,65604.4,75379.4,65618.4,65597.8
2026-06-05 21:05:00,65359.5,75098.1,65379.2,65350.3
2026-06-05 21:10:00,65182.7,74894.9,65202.0,65173.6
2026-06-05 21:15:00,64998.5,74683.2,64976.5,65008.7
2026-06-05 21:20:00,64817.2,74475.0,64791.1,64829.5
2026-06-05 21:25:00,64636.0,74266.7,64611.1,64647.7
2026-06-05 21:30:00,64463.7,74068.8,64433.9,64477.7
2026-06-05 21:35:00,64332.8,73918.4,64354.3,64322.7
2026-06-05 21:40:00,64173.3,73735.1,64146.3,64186.0
2026-06-05 21:45:00,64002.5,73538.9,64051.9,63979.4
2026-06-05 21:50:00,63831.9,73342.9,63871.5,63813.3
2026-06-05 21:55:00,63690.8,73180.7,63718.6,63677.8
2026-06-05 22:00:00,63480.3,72938.8,63535.0,63454.6
2026-06-05 22:05:00,63510.7,72973.8,63475.1,63527.3
2026-06-05 22:10:00,63392.3,72837.8,63387.4,63394.6
2026-06-05 22:15:00,63254.8,72679.7,63245.0,63259.4
2026-06-05 22:20:00,63142.5,72550.7,63127.3,63149.6
2026-06-05 22:25:00,62933.8,72310.9,62909.8,62945.0
2026-06-05 22:30:00,62751.2,72101.1,62722.7,62764.6
2026-06-05 22:35:00,62636.6,71969.4,62662.1,62624.6
2026-06-05 22:40:00,62472.5,71780.9,62469.0,62474.1
2026-06-05 22:45:00,62312.5,71597.0,62289.2,62323.4
2026-06-05 22:50:00,62152.6,71413.4,62187.4,62136.4
2026-06-05 22:55:00,61989.7,71226.2,61989.0,61990.1
2026-06-05 23:00:00,62003.7,71242.2,61980.9,62014.3
2026-06-05 23:05:00,62418.0,71718.3,62340.3,62454.4
2026-06-05 23:10:00,62448.4,71753.3,62443.4,62450.8
2026-06-05 23:15:00,62262.0,71539.0,62249.0,62268.0
2026-06-05 23:20:00,62014.4,71254.6,61962.6,62038.7
2026-06-05 23:25:00,61807.4,71016.6,61764.7,61827.3
2026-06-05 23:30:00,61435.9,70589.8,61399.5,61452.9
2026-06-05 23:35:00,61075.8,70176.1,61107.1,61061.2
2026-06-05 23:40:00,60720.4,69767.8,60737.0,60712.7
2026-06-05 23:45:00,60381.5,69378.3,60383.0,60380.7
2026-06-05 23:50:00,60054.2,69002.3,60073.3,60045.3
2026-06-05 23:55:00,59593.2,68472.6,59638.0,59572.2
2026-06-06 00:00:00,59024.1,67818.7,59045.3,59014.2
2026-06-06 00:05:00,58781.6,67540.0,58788.4,58778.4
2026-06-06 00:10:00,58447.9,67156.6,58487.4,58429.3
2026-06-06 00:15:00,58145.7,66809.4,58148.2,58144.5
2026-06-06 00:20:00,57926.0,66557.0,57872.2,57951.2
2026-06-06 00:25:00,57692.5,66288.7,57617.1,57727.9
2026-06-06 00:30:00,57427.1,65983.8,57408.9,57435.7
2026-06-06 00:35:00,57122.3,65633.5,57152.8,57108.0
2026-06-06 00:40:00,56870.7,65344.4,56906.5,56853.9
2026-06-06 00:45:00,56669.2,65113.0,56657.4,56674.8
2026-06-06 00:50:00,56460.2,64872.8,56455.5,56462.4
2026-06-06 00:55:00,56276.2,64661.4,56266.0,56281.0
2026-06-06 01:00:00,56155.7,64522.9,56144.3,56161.1
2026-06-06 01:05:00,55988.7,64331.0,56062.9,55953.9
2026-06-06 01:10:00,55786.4,64098.6,55826.8,55767.5
2026-06-06 01:15:00,55602.3,63887.0,55581.8,55611.8
2026-06-06 01:20:00,55504.3,63774.4,55492.0,55510.1
2026-06-06 01:25:00,55437.9,63698.1,55382.6,55463.8
2026-06-06 01:30:00,55293.0,63531.7,55227.9,55323.5
2026-06-06 01:35:00,55207.6,63433.6,55180.0,55220.6
2026-06-06 01:40:00,55066.1,63271.0,55052.0,55072.7
2026-06-06 01:45:00,54914.4,63096.6,54942.0,54901.4
2026-06-06 01:50:00,54812.9,62980.0,54813.3,54812.7
2026-06-06 01:55:00,54673.5,62819.9,54680.8,54670.1
2026-06-06 02:00:00,54574.8,62706.4,54553.5,54584.7
2026-06-06 02:05:00,54492.5,62611.9,54482.7,54497.1
2026-06-06 02:10:00,54453.2,62566.7,54431.9,54463.2
2026-06-06 02:15:00,54381.0,62483.8,54422.7,54361.5
2026-06-06 02:20:00,54329.0,62424.1,54293.3,54345.8
2026-06-06 02:25:00,54232.4,62313.1,54290.9,54205.1
2026-06-06 02:30:00,54185.0,62258.6,54148.8,54202.0
2026-06-06 02:35:00,54085.9,62144.7,54160.4,54051.0
2026-06-06 02:40:00,54042.0,62094.2,54015.9,54054.2
2026-06-06 02:45:00,54046.2,62099.1,54018.7,54059.1
2026-06-06 02:50:00,54036.0,62087.3,54016.2,54045.3
2026-06-06 02:55:00,53930.4,61966.0,54014.3,53891.1
2026-06-06 03:00:00,53857.2,61881.9,53877.6,53847.6
2026-06-06 03:05:00,53789.4,61804.0,53887.4,53743.4
2026-06-06 03:10:00,53738.3,61745.3,53719.4,53747.2
2026-06-06 03:15:00,53721.4,61725.9,53721.8,53721.3
2026-06-06 03:20:00,53710.6,61713.5,53695.8,53717.6
2026-06-06 03:25:00,53628.2,61618.8,53698.1,53595.5
2026-06-06 03:30:00,53581.4,61565.0,53561.8,53590.6
2026-06-06 03:35:00,53607.9,61595.5,53590.4,53616.2
2026-06-06 03:40:00,53590.7,61575.7,53571.6,53599.6
2026-06-06 03:45:00,53591.7,61576.8,53574.5,53599.7
2026-06-06 03:50:00,53563.5,61544.5,53572.3,53559.4
2026-06-06 03:55:00,53557.7,61537.8,53556.5,53558.2
2026-06-06 04:00:00,53581.1,61564.7,53569.2,53586.7
2026-06-06 04:05:00,53612.3,61600.5,53601.9,53617.1
2026-06-06 04:10:00,53601.3,61587.9,53582.7,53610.1
2026-06-06 04:15:00,53617.5,61606.5,53579.2,53635.5
2026-06-06 04:20:00,53614.7,61603.3,53568.9,53636.2
2026-06-06 04:25:00,53620.6,61610.1,53579.3,53639.9
2026-06-06 04:30:00,53619.5,61608.8,53583.9,53636.1
2026-06-06 04:35:00,53650.9,61644.9,53608.7,53670.7
2026-06-06 04:40:00,53623.6,61613.6,53581.7,53643.3
2026-06-06 04:45:00,53621.9,61611.6,53579.6,53641.7
2026-06-06 04:50:00,53615.0,61603.7,53573.5,53634.5
2026-06-06 04:55:00,53611.2,61599.3,53573.1,53629.0
2026-06-06 05:00:00,53610.4,61598.4,53605.2,53612.9
2026-06-06 05:05:00,53661.5,61657.1,53640.0,53671.6
2026-06-06 05:10:00,53633.1,61624.4,53623.8,53637.4
2026-06-06 05:15:00,53631.3,61622.4,53615.2,53638.9
2026-06-06 05:20:00,53629.2,61620.0,53603.2,53641.4
2026-06-06 05:25:00,53628.5,61619.1,53605.2,53639.4
2026-06-06 05:30:00,53630.3,61621.2,53613.8,53638.0
2026-06-06 05:35:00,53680.4,61678.8,53652.4,53693.5
2026-06-06 05:40:00,53641.7,61634.3,53627.4,53648.4
2026-06-06 05:45:00,53639.9,61632.3,53621.1,53648.7
2026-06-06 05:50:00,53635.5,61627.2,53620.3,53642.6
2026-06-06 05:55:00,53630.0,61620.9,53617.4,53635.9
2026-06-06 06:00:00,53670.8,61667.8,53659.0,53676.4
2026-06-06 06:05:00,53767.9,61779.3,53726.2,53787.5
2026-06-06 06:10:00,53791.9,61807.0,53788.8,53793.4
2026-06-06 06:15:00,53774.8,61787.3,53768.6,53777.7
2026-06-06 06:20:00,53754.3,61763.7,53738.8,53761.5
2026-06-06 06:25:00,53754.0,61763.3,53742.3,53759.5
2026-06-06 06:30:00,53744.6,61752.5,53741.2,53746.2
2026-06-06 06:35:00,53772.7,61784.8,53772.2,53773.0
2026-06-06 06:40:00,53718.1,61722.0,53732.2,53711.4
2026-06-06 06:45:00,53735.5,61742.1,53786.4,53711.7
2026-06-06 06:50:00,53727.3,61732.7,53781.0,53702.2
2026-06-06 06:55:00,53721.4,61725.9,53778.1,53694.8
2026-06-06 07:00:00,53854.6,61878.9,53842.2,53860.4
2026-06-06 07:05:00,53919.2,61953.1,53908.4,53924.2
2026-06-06 07:10:00,53973.8,62015.9,53988.2,53967.1
2026-06-06 07:15:00,53959.6,61999.6,53976.6,53951.6
2026-06-06 07:20:00,53895.4,61925.8,53893.9,53896.1
2026-06-06 07:25:00,53886.5,61915.6,53884.6,53887.4
2026-06-06 07:30:00,53851.5,61875.4,53842.8,53855.6
2026-06-06 07:35:00,53757.9,61767.8,53745.4,53763.8
2026-06-06 07:40:00,53709.3,61712.0,53681.2,53722.5
2026-06-06 07:45:00,53621.5,61611.1,53676.3,53595.8
2026-06-06 07:50:00,53581.1,61564.7,53550.7,53595.3
2026-06-06 07:55:00,53584.4,61568.5,53546.0,53602.4
2026-06-06 08:00:00,53718.8,61722.9,53708.8,53723.5
2026-06-06 08:05:00,53911.6,61944.4,53930.4,53902.8
2026-06-06 08:10:00,53994.8,62040.0,54014.6,53985.5
2026-06-06 08:15:00,53992.7,62037.6,54018.8,53980.4
2026-06-06 08:20:00,53963.3,62003.8,53950.4,53969.3
2026-06-06 08:25:00,53966.9,62007.9,53961.9,53969.2
2026-06-06 08:30:00,53923.7,61958.3,53917.3,53926.6
2026-06-06 08:35:00,53943.0,61980.5,53937.2,53945.7
2026-06-06 08:40:00,53881.3,61909.6,53858.2,53892.1
2026-06-06 08:45:00,53890.8,61920.5,53887.8,53892.2
2026-06-06 08:50:00,53863.9,61889.6,53856.4,53867.4
2026-06-06 08:55:00,53756.4,61766.1,53848.3,53713.4
2026-06-06 09:00:00,53769.0,61780.6,53771.5,53767.8
2026-06-06 09:05:00,53816.3,61834.9,53833.0,53808.4
2026-06-06 09:10:00,53823.5,61843.2,53843.2,53814.3
2026-06-06 09:15:00,53834.3,61855.6,53866.0,53819.5
2026-06-06 09:20:00,53808.3,61825.8,53806.2,53809.4
2026-06-06 09:25:00,53809.2,61826.8,53811.1,53808.3
2026-06-06 09:30:00,53774.0,61786.3,53768.6,53776.5
2026-06-06 09:35:00,53793.4,61808.7,53784.3,53797.7
2026-06-06 09:40:00,53749.8,61758.6,53747.0,53751.2
2026-06-06 09:45:00,53746.8,61755.1,53756.6,53742.2
2026-06-06 09:50:00,53744.5,61752.4,53746.2,53743.6
2026-06-06 09:55:00,53736.6,61743.4,53744.7,53732.9
2026-06-06 10:00:00,53762.0,61772.5,53787.9,53749.9
2026-06-06 10:05:00,53869.8,61896.4,53893.4,53858.7
2026-06-06 10:10:00,53920.9,61955.1,54048.6,53861.1
2026-06-06 10:15:00,54052.7,62106.6,54112.1,54024.9
2026-06-06 10:20:00,54144.0,62211.4,54164.0,54134.6
2026-06-06 10:25:00,54126.7,62191.5,54159.9,54111.1
2026-06-06 10:30:00,54075.1,62132.3,54076.6,54074.4
2026-06-06 10:35:00,54092.7,62152.5,54098.7,54089.9
2026-06-06 10:40:00,54055.0,62109.2,54073.1,54046.5
2026-06-06 10:45:00,54057.8,62112.5,54081.9,54046.6
2026-06-06 10:50:00,54048.3,62101.5,54068.2,54039.0
2026-06-06 10:55:00,54038.6,62090.4,54060.9,54028.2
2026-06-06 11:00:00,54030.6,62081.2,54053.8,54019.7
2026-06-06 11:05:00,53951.7,61990.4,54089.6,53887.0
2026-06-06 11:10:00,53906.6,61938.7,53943.1,53889.6
2026-06-06 11:15:00,53909.1,61941.6,53945.9,53891.9
2026-06-06 11:20:00,53886.2,61915.3,53892.3,53883.4
2026-06-06 11:25:00,53896.1,61926.6,53896.6,53895.9
2026-06-06 11:30:00,53878.9,61906.9,53872.7,53881.8
2026-06-06 11:35:00,53799.8,61816.0,53894.6,53755.4
2026-06-06 11:40:00,53726.8,61732.1,53720.7,53729.7
2026-06-06 11:45:00,53724.7,61729.7,53718.5,53727.6
2026-06-06 11:50:00,53681.2,61679.7,53669.8,53686.5
2026-06-06 11:55:00,53502.6,61474.4,53486.2,53510.2
2026-06-06 12:00:00,53392.5,61348.0,53357.6,53408.9
2026-06-06 12:05:00,53527.5,61503.1,53509.0,53536.2
2026-06-06 12:10:00,53469.4,61436.4,53517.7,53446.8
2026-06-06 12:15:00,53451.4,61415.6,53456.0,53449.2
2026-06-06 12:20:00,53454.3,61419.0,53462.0,53450.7
2026-06-06 12:25:00,53456.3,61421.3,53460.6,53454.3
2026-06-06 12:30:00,53444.2,61407.4,53432.9,53449.5
2026-06-06 12:35:00,53477.6,61445.8,53479.6,53476.7
2026-06-06 12:40:00,53500.3,61471.9,53501.2,53499.9
2026-06-06 12:45:00,53508.9,61481.7,53509.1,53508.8
2026-06-06 12:50:00,53536.2,61513.0,53528.8,53539.6
2026-06-06 12:55:00,53630.8,61621.7,53693.3,53601.5
2026-06-06 13:00:00,53794.4,61809.7,53775.6,53803.2
2026-06-06 13:05:00,53896.2,61926.8,53935.4,53877.9
2026-06-06 13:10:00,54009.3,62056.7,54048.5,53990.9
2026-06-06 13:15:00,53988.0,62032.3,54022.3,53972.0
2026-06-06 13:20:00,53972.0,62013.8,53985.5,53965.7
2026-06-06 13:25:00,53985.7,62029.6,54000.1,53979.0
2026-06-06 13:30:00,53994.0,62039.1,54044.7,53970.2
2026-06-06 13:35:00,54068.2,62124.4,54060.1,54072.0
2026-06-06 13:40:00,54189.7,62264.0,54169.7,54199.1
2026-06-06 13:45:00,54314.8,62407.7,54310.0,54317.0
2026-06-06 13:50:00,54333.6,62429.3,54403.0,54301.0
2026-06-06 13:55:00,54303.1,62394.2,54408.0,54253.9
2026-06-06 14:00:00,54318.8,62412.2,54277.1,54338.3
2026-06-06 14:05:00,54336.0,62432.1,54386.1,54312.6
2026-06-06 14:10:00,54357.2,62456.5,54424.9,54325.5
2026-06-06 14:15:00,54434.6,62545.3,54430.6,54436.4
2026-06-06 14:20:00,54430.7,62540.9,54427.3,54432.3
2026-06-06 14:25:00,54441.2,62552.9,54436.5,54443.4
2026-06-06 14:30:00,54432.6,62543.1,54426.7,54435.3
2026-06-06 14:35:00,54434.2,62544.9,54421.4,54440.1
2026-06-06 14:40:00,54432.4,62542.9,54421.2,54437.7
2026-06-06 14:45:00,54440.4,62552.0,54430.9,54444.9
2026-06-06 14:50:00,54430.9,62541.2,54414.9,54438.5
2026-06-06 14:55:00,54421.7,62530.6,54406.7,54428.8
2026-06-06 15:00:00,54424.9,62534.3,54417.5,54428.4
2026-06-06 15:05:00,54430.1,62540.2,54393.6,54447.2
2026-06-06 15:10:00,54486.6,62605.1,54489.3,54485.3
2026-06-06 15:15:00,54635.3,62775.9,54652.7,54627.1
2026-06-06 15:20:00,54768.3,62928.8,54773.7,54765.8
2026-06-06 15:25:00,54889.6,63068.1,54921.1,54874.8
2026-06-06 15:30:00,54995.2,63189.5,55023.5,54981.9
2026-06-06 15:35:00,55041.0,63242.2,55160.0,54985.3
2026-06-06 15:40:00,55121.7,63334.9,55165.1,55101.4
2026-06-06 15:45:00,55187.5,63410.5,55289.1,55140.0
2026-06-06 15:50:00,55256.0,63489.2,55279.6,55245.0
2026-06-06 15:55:00,55416.8,63673.9,55417.8,55416.3
2026-06-06 16:00:00,55513.5,63785.0,55476.7,55530.8
2026-06-06 16:05:00,55589.2,63872.0,55526.0,55618.8
2026-06-06 16:10:00,55681.5,63978.0,55742.3,55653.0
2026-06-06 16:15:00,55822.1,64139.6,55804.8,55830.2
2026-06-06 16:20:00,55895.3,64223.7,55983.8,55853.9
2026-06-06 16:25:00,55971.4,64311.2,55986.1,55964.6
2026-06-06 16:30:00,56113.5,64474.4,56061.1,56138.1
2026-06-06 16:35:00,56222.9,64600.1,56202.7,56232.4
2026-06-06 16:40:00,56310.3,64700.6,56301.2,56314.6
2026-06-06 16:45:00,56409.6,64814.6,56401.0,56413.6
2026-06-06 16:50:00,56482.0,64897.9,56463.2,56490.8
2026-06-06 16:55:00,56613.1,65048.5,56589.4,56624.3
2026-06-06 17:00:00,56672.3,65116.5,56690.8,56663.7
2026-06-06 17:05:00,56676.0,65120.8,56685.3,56671.7
2026-06-06 17:10:00,56816.8,65282.4,56808.9,56820.4
2026-06-06 17:15:00,56952.0,65437.8,56992.2,56933.1
2026-06-06 17:20:00,57072.6,65576.4,57083.8,57067.3
2026-06-06 17:25:00,57180.1,65699.9,57197.4,57172.0
2026-06-06 17:30:00,57288.5,65824.5,57288.9,57288.3
2026-06-06 17:35:00,57407.1,65960.7,57471.3,57377.0
2026-06-06 17:40:00,57519.9,66090.4,57525.0,57517.5
2026-06-06 17:45:00,57605.0,66188.1,57653.6,57582.2
2026-06-06 17:50:00,57696.3,66293.1,57742.6,57674.6
2026-06-06 17:55:00,57775.2,66383.7,57816.0,57756.1
2026-06-06 18:00:00,57838.7,66456.6,57894.7,57812.4
2026-06-06 18:05:00,57868.3,66490.7,57826.7,57887.8
2026-06-06 18:10:00,57932.7,66564.7,58015.4,57894.0
2026-06-06 18:15:00,58015.2,66659.4,58024.6,58010.7
2026-06-06 18:20:00,58147.5,66811.4,58134.6,58153.5
2026-06-06 18:25:00,58289.6,66974.7,58349.2,58261.6
2026-06-06 18:30:00,58406.0,67108.5,58395.1,58411.1
2026-06-06 18:35:00,58488.0,67202.7,58482.3,58490.6
2026-06-06 18:40:00,58527.7,67248.3,58545.3,58519.4
2026-06-06 18:45:00,58620.3,67354.8,58659.9,58601.8
2026-06-06 18:50:00,58691.4,67436.4,58722.5,58676.8
2026-06-06 18:55:00,58774.8,67532.3,58800.4,58762.9
2026-06-06 19:00:00,58822.5,67587.0,58795.2,58835.3
2026-06-06 19:05:00,58818.5,67582.5,58858.9,58799.6
2026-06-06 19:10:00,58848.4,67616.8,58903.4,58822.6
2026-06-06 19:15:00,58906.3,67683.3,58893.3,58912.3
2026-06-06 19:20:00,58943.4,67726.0,58998.4,58917.7
2026-06-06 19:25:00,58970.6,67757.2,58997.7,58957.9
2026-06-06 19:30:00,59028.7,67823.9,59058.5,59014.7
2026-06-06 19:35:00,59061.7,67861.9,59044.6,59069.7
2026-06-06 19:40:00,59090.3,67894.7,59135.4,59069.1
2026-06-06 19:45:00,59087.5,67891.6,59132.0,59066.7
2026-06-06 19:50:00,59053.6,67852.6,59096.8,59033.3
2026-06-06 19:55:00,59019.9,67813.9,59005.3,59026.7
2026-06-06 20:00:00,58937.9,67719.6,58969.1,58923.2
2026-06-06 20:05:00,58902.2,67678.6,58899.6,58903.4
2026-06-06 20:10:00,58887.3,67661.5,58920.7,58871.7
2026-06-06 20:15:00,58883.4,67657.1,58889.8,58880.5
2026-06-06 20:20:00,58870.8,67642.6,58884.3,58864.5
2026-06-06 20:25:00,58861.8,67632.3,58858.8,58863.3
2026-06-06 20:30:00,58790.0,67549.8,58729.1,58818.6
2026-06-06 20:35:00,58738.3,67490.3,58754.4,58730.8
2026-06-06 20:40:00,58667.0,67408.3,58667.9,58666.5
2026-06-06 20:45:00,58644.9,67383.0,58596.1,58667.7
2026-06-06 20:50:00,58560.1,67285.6,58573.9,58553.7
2026-06-06 20:55:00,58530.2,67251.1,58494.1,58547.0
2026-06-06 21:00:00,58381.3,67080.1,58429.4,58358.8
2026-06-06 21:05:00,58299.8,66986.5,58281.3,58308.5
2026-06-06 21:10:00,58233.7,66910.5,58196.8,58250.9
2026-06-06 21:15:00,58127.1,66788.0,58182.3,58101.2
2026-06-06 21:20:00,58027.5,66673.6,57992.0,58044.1
2026-06-06 21:25:00,57938.1,66570.8,57916.9,57948.0
2026-06-06 21:30:00,57880.7,66505.0,57838.2,57900.6
2026-06-06 21:35:00,57797.8,66409.6,57792.8,57800.0
2026-06-06 21:40:00,57681.3,66275.9,57690.8,57676.9
2026-06-06 21:45:00,57618.1,66203.2,57618.4,57617.9
2026-06-06 21:50:00,57549.3,66124.2,57524.4,57561.0
2026-06-06 21:55:00,57464.5,66026.7,57428.6,57481.3
2026-06-06 22:00:00,57339.2,65882.7,57303.9,57355.7
2026-06-06 22:05:00,57342.4,65886.4,57335.6,57345.5
2026-06-06 22:10:00,57267.3,65800.2,57263.7,57269.0
2026-06-06 22:15:00,57223.3,65749.6,57143.4,57260.8
2026-06-06 22:20:00,57116.4,65626.7,57138.8,57105.8
2026-06-06 22:25:00,56984.3,65475.0,56997.8,56978.1
2026-06-06 22:30:00,56844.0,65313.8,56783.4,56872.4
2026-06-06 22:35:00,56723.5,65175.3,56723.9,56723.3
2026-06-06 22:40:00,56559.6,64987.0,56532.0,56572.6
2026-06-06 22:45:00,56430.2,64838.3,56479.9,56407.0
2026-06-06 22:50:00,56307.2,64697.0,56263.4,56327.7
2026-06-06 22:55:00,56219.5,64596.2,56191.0,56232.8
2026-06-06 23:00:00,56231.5,64610.0,56214.5,56239.5
2026-06-06 23:05:00,56394.5,64797.3,56395.6,56394.0
2026-06-06 23:10:00,56417.5,64823.7,56459.5,56397.8
2026-06-06 23:15:00,56285.0,64671.5,56231.5,56310.1
2026-06-06 23:20:00,56146.8,64512.7,56131.7,56153.9
2026-06-06 23:25:00,55978.4,64319.2,56012.5,55962.4
2026-06-06 23:30:00,55721.4,64023.9,55705.0,55729.1
2026-06-06 23:35:00,55550.8,63827.9,55489.1,55579.7
2026-06-06 23:40:00,55349.0,63596.0,55304.4,55369.9
2026-06-06 23:45:00,55144.6,63361.2,55151.3,55141.5
2026-06-06 23:50:00,54929.7,63114.2,54912.8,54937.6
2026-06-06 23:55:00,54639.9,62781.3,54613.8,54652.2
2026-06-07 00:00:00,54307.9,62399.7,54238.5,54340.3
2026-06-07 00:05:00,54058.9,62113.7,54012.5,54080.6
2026-06-07 00:10:00,53846.1,61869.2,53818.8,53858.9
2026-06-07 00:15:00,53548.1,61526.8,53483.6,53578.3
2026-06-07 00:20:00,53237.3,61169.6,53301.1,53207.4
2026-06-07 00:25:00,52997.1,60893.6,52961.1,53013.9
2026-06-07 00:30:00,52690.1,60540.9,52822.6,52628.0
2026-06-07 00:35:00,52506.9,60330.4,52534.9,52493.8
2026-06-07 00:40:00,52324.9,60121.3,52319.1,52327.6
2026-06-07 00:45:00,52081.9,59842.1,52067.2,52088.7
2026-06-07 00:50:00,51911.6,59646.5,51879.6,51926.6
2026-06-07 00:55:00,51649.4,59345.2,51649.0,51649.6
2026-06-07 01:00:00,51503.6,59177.7,51489.9,51510.1
2026-06-07 01:05:00,51317.8,58964.2,51275.1,51337.9
2026-06-07 01:10:00,51219.0,58850.6,51267.0,51196.5
2026-06-07 01:15:00,51122.4,58739.6,51057.1,51153.0
2026-06-07 01:20:00,51063.2,58671.7,51049.2,51069.8
2026-06-07 01:25:00,50874.3,58454.5,50841.4,50889.7
2026-06-07 01:30:00,50806.1,58376.2,50835.3,50792.4
2026-06-07 01:35:00,50623.6,58166.5,50613.8,50628.2
2026-06-07 01:40:00,50623.7,58166.6,50606.5,50631.7
2026-06-07 01:45:00,50649.6,58196.3,50603.4,50671.2
2026-06-07 01:50:00,50628.7,58172.4,50603.3,50640.6
2026-06-07 01:55:00,50654.6,58202.2,50612.7,50674.2
2026-06-07 02:00:00,50642.9,58188.7,50605.4,50660.5
2026-06-07 02:05:00,50653.2,58200.5,50626.0,50666.0
2026-06-07 02:10:00,50644.7,58190.7,50614.1,50659.0
2026-06-07 02:15:00,50637.8,58182.8,50597.0,50656.9
2026-06-07 02:20:00,50648.9,58195.6,50612.1,50666.1
2026-06-07 02:25:00,50588.9,58126.7,50602.7,50582.4
2026-06-07 02:30:00,50622.5,58165.3,50605.5,50630.5
2026-06-07 02:35:00,50633.5,58177.9,50617.5,50641.0
2026-06-07 02:40:00,50627.2,58170.6,50609.1,50635.6
2026-06-07 02:45:00,50628.2,58171.8,50612.2,50635.7
2026-06-07 02:50:00,50628.0,58171.6,50610.4,50636.2
2026-06-07 02:55:00,50626.8,58170.2,50606.6,50636.3
2026-06-07 03:00:00,50623.5,58166.4,50604.6,50632.3
2026-06-07 03:05:00,50651.3,58198.4,50622.9,50664.7
2026-06-07 03:10:00,50646.0,58192.2,50620.7,50657.8
2026-06-07 03:15:00,50645.1,58191.2,50620.1,50656.8
2026-06-07 03:20:00,50643.8,58189.7,50619.6,50655.2
2026-06-07 03:25:00,50648.6,58195.2,50622.8,50660.6
2026-06-07 03:30:00,50647.8,58194.3,50626.5,50657.8
2026-06-07 03:35:00,50671.4,58221.4,50645.7,50683.4
2026-06-07 03:40:00,50651.8,58198.9,50625.9,50663.9
2026-06-07 03:45:00,50652.8,58200.1,50628.9,50664.0
2026-06-07 03:50:00,50652.1,58199.3,50627.1,50663.8
2026-06-07 03:55:00,50651.1,58198.2,50626.6,50662.6
2026-06-07 04:00:00,50664.7,58213.8,50643.7,50674.6
2026-06-07 04:05:00,50691.8,58244.8,50668.3,50702.8
2026-06-07 04:10:00,50684.0,58235.9,50656.3,50697.0
2026-06-07 04:15:00,50682.6,58234.3,50650.9,50697.4
2026-06-07 04:20:00,50682.4,58234.1,50644.5,50700.2
2026-06-07 04:25:00,50687.5,58240.0,50652.0,50704.2
2026-06-07 04:30:00,50687.6,58240.0,50658.0,50701.4
2026-06-07 04:35:00,50713.5,58269.8,50679.3,50729.6
2026-06-07 04:40:00,50690.0,58242.9,50651.4,50708.2
2026-06-07 04:45:00,50688.3,58240.9,50649.3,50706.6
2026-06-07 04:50:00,50682.3,58233.9,50643.6,50700.4
2026-06-07 04:55:00,50681.6,58233.1,50643.7,50699.3
2026-06-07 05:00:00,50676.1,58226.9,50656.1,50685.5
2026-06-07 05:05:00,50718.8,58275.9,50680.1,50736.9
2026-06-07 05:10:00,50695.7,58249.4,50669.3,50708.0
2026-06-07 05:15:00,50693.2,58246.5,50663.9,50706.9
2026-06-07 05:20:00,50691.5,58244.5,50656.9,50707.7
2026-06-07 05:25:00,50691.2,58244.2,50659.8,50706.0
2026-06-07 05:30:00,50693.9,58247.3,50669.2,50705.5
2026-06-07 05:35:00,50738.8,58298.9,50705.0,50754.7
2026-06-07 05:40:00,50700.6,58255.0,50668.6,50715.6
2026-06-07 05:45:00,50698.8,58252.9,50662.2,50716.0
2026-06-07 05:50:00,50694.7,58248.2,50661.9,50710.1
2026-06-07 05:55:00,50693.5,58246.9,50660.4,50709.1
2026-06-07 06:00:00,50716.3,58273.0,50687.0,50730.0
2026-06-07 06:05:00,50787.1,58354.3,50743.3,50807.6
2026-06-07 06:10:00,50717.1,58274.0,50676.4,50736.2
2026-06-07 06:15:00,50705.6,58260.7,50662.3,50725.8
2026-06-07 06:20:00,50688.0,58240.5,50637.4,50711.7
2026-06-07 06:25:00,50688.1,58240.6,50641.3,50709.9
2026-06-07 06:30:00,50681.0,58232.4,50641.8,50699.4
2026-06-07 06:35:00,50698.9,58253.0,50669.9,50712.5
2026-06-07 06:40:00,50649.5,58196.3,50629.5,50658.9
2026-06-07 06:45:00,50651.0,58198.0,50633.4,50659.2
2026-06-07 06:50:00,50642.8,58188.6,50629.1,50649.3
2026-06-07 06:55:00,50641.3,58186.9,50626.5,50648.2
2026-06-07 07:00:00,50684.2,58236.1,50661.9,50694.6
2026-06-07 07:05:00,50754.8,58317.3,50733.2,50765.0
2026-06-07 07:10:00,50701.7,58256.3,50675.6,50713.9
2026-06-07 07:15:00,50692.9,58246.1,50669.7,50703.8
2026-06-07 07:20:00,50635.3,58179.9,50596.5,50653.4
2026-06-07 07:25:00,50626.8,58170.2,50587.7,50645.1
2026-06-07 07:30:00,50591.3,58129.5,50553.6,50609.1
2026-06-07 07:35:00,50628.4,58172.0,50603.2,50640.2
2026-06-07 07:40:00,50562.8,58096.6,50538.5,50574.2
2026-06-07 07:45:00,50419.6,57932.1,50537.1,50364.5
2026-06-07 07:50:00,50337.2,57837.4,50280.6,50363.7
2026-06-07 07:55:00,50335.4,57835.4,50274.3,50364.0
2026-06-07 08:00:00,50423.7,57936.8,50422.2,50424.4
2026-06-07 08:05:00,50498.6,58022.9,50501.1,50497.5
2026-06-07 08:10:00,50463.7,57982.8,50449.2,50470.5
2026-06-07 08:15:00,50462.9,57981.9,50458.2,50465.2
2026-06-07 08:20:00,50436.1,57951.1,50393.6,50456.0
2026-06-07 08:25:00,50439.9,57955.4,50405.6,50455.9
2026-06-07 08:30:00,50394.9,57903.8,50365.1,50408.9
2026-06-07 08:35:00,50408.0,57918.7,50382.0,50420.1
2026-06-07 08:40:00,50343.6,57844.8,50302.6,50362.9
2026-06-07 08:45:00,50350.5,57852.7,50324.0,50362.9
2026-06-07 08:50:00,50324.1,57822.4,50293.4,50338.4
2026-06-07 08:55:00,50319.9,57817.5,50287.1,50335.2
2026-06-07 09:00:00,50400.4,57910.0,50382.5,50408.8
2026-06-07 09:05:00,50456.1,57974.1,50428.7,50469.0
2026-06-07 09:10:00,50465.9,57985.3,50447.1,50474.7
2026-06-07 09:15:00,50471.5,57991.8,50466.4,50473.9
2026-06-07 09:20:00,50452.6,57970.1,50418.6,50468.6
2026-06-07 09:25:00,50453.6,57971.2,50424.0,50467.5
2026-06-07 09:30:00,50417.5,57929.7,50380.0,50435.1
2026-06-07 09:35:00,50438.0,57953.3,50402.2,50454.8
2026-06-07 09:40:00,50389.7,57897.7,50364.4,50401.5
2026-06-07 09:45:00,50392.8,57901.3,50374.0,50401.6
2026-06-07 09:50:00,50386.5,57894.1,50363.6,50397.3
2026-06-07 09:55:00,50385.1,57892.4,50359.5,50397.1
2026-06-07 10:00:00,50412.5,57924.0,50399.8,50418.5
2026-06-07 10:05:00,50528.1,58056.8,50484.4,50548.6
2026-06-07 10:10:00,50525.8,58054.2,50498.0,50538.9
2026-06-07 10:15:00,50538.3,58068.6,50539.2,50537.9
2026-06-07 10:20:00,50499.3,58023.7,50475.6,50510.5
2026-06-07 10:25:00,50482.3,58004.2,50472.4,50487.0
2026-06-07 10:30:00,50423.6,57936.7,50390.0,50439.3
2026-06-07 10:35:00,50443.0,57959.0,50417.6,50454.9
2026-06-07 10:40:00,50405.0,57915.3,50391.0,50411.5
2026-06-07 10:45:00,50407.8,57918.6,50399.8,50411.6
2026-06-07 10:50:00,50400.6,57910.3,50386.4,50407.3
2026-06-07 10:55:00,50398.7,57908.1,50380.9,50407.1
2026-06-07 11:00:00,50404.4,57914.6,50371.0,50420.0
2026-06-07 11:05:00,50414.2,57925.9,50381.0,50429.8
2026-06-07 11:10:00,50415.9,57927.9,50384.2,50430.8
2026-06-07 11:15:00,50417.0,57929.2,50388.6,50430.3
2026-06-07 11:20:00,50402.9,57912.9,50359.3,50423.3
2026-06-07 11:25:00,50413.1,57924.6,50364.6,50435.8
2026-06-07 11:30:00,50399.1,57908.5,50341.6,50426.0
2026-06-07 11:35:00,50416.7,57928.8,50369.0,50439.1
2026-06-07 11:40:00,50391.9,57900.3,50345.9,50413.4
2026-06-07 11:45:00,50389.6,57897.7,50343.4,50411.3
2026-06-07 11:50:00,50379.6,57886.1,50342.5,50396.9
2026-06-07 11:55:00,50385.4,57892.8,50333.1,50409.9
2026-06-07 12:00:00,50366.9,57871.6,50330.2,50384.1
2026-06-07 12:05:00,50446.5,57963.1,50413.3,50462.1
2026-06-07 12:10:00,50451.2,57968.4,50430.8,50460.8
2026-06-07 12:15:00,50447.5,57964.1,50420.1,50460.3
2026-06-07 12:20:00,50450.2,57967.3,50422.0,50463.4
2026-06-07 12:25:00,50452.2,57969.6,50420.8,50466.9
2026-06-07 12:30:00,50445.2,57961.6,50414.2,50459.8
2026-06-07 12:35:00,50455.2,57973.1,50426.4,50468.8
2026-06-07 12:40:00,50481.1,58002.7,50457.7,50492.0
2026-06-07 12:45:00,50489.6,58012.6,50465.6,50500.9
2026-06-07 12:50:00,50496.5,58020.5,50457.2,50514.9
2026-06-07 12:55:00,50502.3,58027.1,50459.9,50522.2
2026-06-07 13:00:00,50613.0,58154.3,50580.1,50628.3
2026-06-07 13:05:00,50831.0,58404.8,50842.3,50825.7
2026-06-07 13:10:00,50894.8,58478.1,51049.0,50822.5
2026-06-07 13:15:00,50985.1,58581.9,51042.9,50958.0
2026-06-07 13:20:00,51031.7,58635.4,51015.9,51039.1
2026-06-07 13:25:00,51087.4,58699.5,51030.7,51114.0
2026-06-07 13:30:00,51154.1,58776.0,51251.1,51108.6
2026-06-07 13:35:00,51307.9,58952.7,51266.5,51327.2
2026-06-07 13:40:00,51362.3,59015.3,51489.1,51303.0
2026-06-07 13:45:00,51493.4,59165.9,51480.9,51499.3
2026-06-07 13:50:00,51498.3,59171.6,51470.5,51511.4
2026-06-07 13:55:00,51501.4,59175.1,51482.9,51510.0
2026-06-07 14:00:00,51539.6,59219.0,51474.3,51570.1
2026-06-07 14:05:00,51556.8,59238.7,51651.2,51512.5
2026-06-07 14:10:00,51725.1,59432.1,51694.2,51739.5
2026-06-07 14:15:00,51745.4,59455.5,51730.7,51752.3
2026-06-07 14:20:00,51811.0,59530.9,51940.4,51750.4
2026-06-07 14:25:00,51942.8,59682.3,51937.1,51945.5
2026-06-07 14:30:00,51935.9,59674.4,51928.6,51939.4
2026-06-07 14:35:00,51936.5,59675.0,51923.7,51942.5
2026-06-07 14:40:00,51907.4,59641.6,51926.3,51898.5
2026-06-07 14:45:00,51910.9,59645.6,51938.8,51897.8
2026-06-07 14:50:00,51905.2,59639.1,51924.1,51896.3
2026-06-07 14:55:00,51899.8,59632.9,51921.2,51889.9
2026-06-07 15:00:00,51983.4,59728.9,51959.4,51994.6
2026-06-07 15:05:00,52187.1,59963.0,52149.9,52204.5
2026-06-07 15:10:00,52308.2,60102.2,52450.3,52241.7
2026-06-07 15:15:00,52439.5,60252.9,52449.4,52434.8
2026-06-07 15:20:00,52600.8,60438.3,52658.1,52574.0
2026-06-07 15:25:00,52614.8,60454.4,52676.8,52585.7
2026-06-07 15:30:00,52598.6,60435.8,52650.8,52574.2
2026-06-07 15:35:00,52598.8,60436.1,52647.8,52575.9
2026-06-07 15:40:00,52674.6,60523.1,52697.1,52664.1
2026-06-07 15:45:00,52865.3,60742.2,52881.3,52857.7
2026-06-07 15:50:00,53012.8,60911.7,53031.6,53004.0
2026-06-07 15:55:00,53268.4,61205.4,53234.3,53284.4
2026-06-07 16:00:00,53426.0,61386.5,53344.9,53464.0
2026-06-07 16:05:00,53549.9,61528.8,53488.8,53578.5
2026-06-07 16:10:00,53636.9,61628.9,53750.0,53584.0
2026-06-07 16:15:00,53732.9,61739.1,53747.9,53725.8
2026-06-07 16:20:00,53880.4,61908.6,53912.3,53865.4
2026-06-07 16:25:00,54078.2,62135.9,54117.8,54059.7
2026-06-07 16:30:00,54271.0,62357.4,54275.5,54268.9
2026-06-07 16:35:00,54477.3,62594.5,54429.2,54499.9
2026-06-07 16:40:00,54718.6,62871.6,54678.9,54737.1
2026-06-07 16:45:00,54939.0,63124.9,54997.0,54911.9
2026-06-07 16:50:00,55085.0,63292.7,55066.9,55093.5
2026-06-07 16:55:00,55266.0,63500.7,55235.4,55280.4
2026-06-07 17:00:00,55482.1,63749.0,55440.9,55501.4
2026-06-07 17:05:00,55557.6,63835.6,55599.9,55537.7
2026-06-07 17:10:00,55703.6,64003.4,55723.8,55694.2
2026-06-07 17:15:00,55879.0,64205.0,55931.8,55854.3
2026-06-07 17:20:00,56079.3,64435.1,56033.0,56101.0
2026-06-07 17:25:00,56260.9,64643.7,56231.2,56274.8
2026-06-07 17:30:00,56418.4,64824.7,56481.7,56388.7
2026-06-07 17:35:00,56608.4,65043.0,56621.7,56602.1
2026-06-07 17:40:00,56802.2,65265.7,56777.4,56813.8
2026-06-07 17:45:00,56954.4,65440.6,56955.8,56953.7
2026-06-07 17:50:00,57114.8,65624.9,57099.6,57121.9
2026-06-07 17:55:00,57245.9,65775.5,57267.9,57235.6
2026-06-07 18:00:00,57409.3,65963.3,57370.7,57427.4
2026-06-07 18:05:00,57519.8,66090.2,57504.3,57527.0
2026-06-07 18:10:00,57648.6,66238.2,57697.3,57625.7
2026-06-07 18:15:00,57822.2,66437.7,57779.3,57842.2
2026-06-07 18:20:00,57967.1,66604.2,57938.8,57980.3
2026-06-07 18:25:00,58098.0,66754.6,58129.7,58083.1
2026-06-07 18:30:00,58209.7,66882.9,58221.4,58204.2
2026-06-07 18:35:00,58318.1,67007.5,58293.2,58329.8
2026-06-07 18:40:00,58432.6,67139.1,58466.6,58416.7
2026-06-07 18:45:00,58529.4,67250.3,58547.7,58520.9
2026-06-07 18:50:00,58665.3,67406.4,58660.2,58667.7
2026-06-07 18:55:00,58780.2,67538.5,58738.4,58799.8
2026-06-07 19:00:00,58852.0,67621.0,58796.3,58878.1
2026-06-07 19:05:00,58913.3,67691.3,58880.7,58928.5
2026-06-07 19:10:00,58971.8,67758.6,59021.8,58948.3
2026-06-07 19:15:00,59032.0,67827.7,59084.3,59007.4
2026-06-07 19:20:00,59082.4,67885.7,59068.7,59088.8
2026-06-07 19:25:00,59099.8,67905.6,59161.0,59071.1
2026-06-07 19:30:00,59124.2,67933.7,59167.6,59103.8
2026-06-07 19:35:00,59169.0,67985.2,59144.2,59180.6
2026-06-07 19:40:00,59187.0,68005.9,59234.2,59165.0
2026-06-07 19:45:00,59181.2,67999.2,59232.5,59157.1
2026-06-07 19:50:00,59148.2,67961.3,59195.2,59126.2
2026-06-07 19:55:00,59112.4,67920.2,59092.2,59121.9
2026-06-07 20:00:00,59023.6,67818.2,59048.5,59012.0
2026-06-07 20:05:00,58990.5,67780.0,58968.2,59000.9
2026-06-07 20:10:00,58950.5,67734.1,58964.0,58944.2
2026-06-07 20:15:00,58908.7,67686.1,58867.3,58928.1
2026-06-07 20:20:00,58857.7,67627.5,58862.8,58855.3
2026-06-07 20:25:00,58805.3,67567.3,58737.9,58836.8
2026-06-07 20:30:00,58707.1,67454.4,58718.4,58701.8
2026-06-07 20:35:00,58655.8,67395.5,58658.3,58654.7
2026-06-07 20:40:00,58625.5,67360.7,58576.0,58648.7
2026-06-07 20:45:00,58564.9,67291.1,58581.4,58557.2
2026-06-07 20:50:00,58521.1,67240.8,58479.0,58540.9
2026-06-07 20:55:00,58464.1,67175.3,58480.2,58456.6
2026-06-07 21:00:00,58291.5,66976.9,58321.0,58277.6
2026-06-07 21:05:00,58212.3,66886.0,58163.6,58235.2
2026-06-07 21:10:00,58102.3,66759.5,58103.8,58101.5
2026-06-07 21:15:00,57949.1,66583.6,57979.4,57935.0
2026-06-07 21:20:00,57875.4,66498.8,57897.6,57865.0
2026-06-07 21:25:00,57775.0,66383.5,57776.2,57774.5
2026-06-07 21:30:00,57679.3,66273.5,57691.2,57673.7
2026-06-07 21:35:00,57601.2,66183.7,57602.2,57600.6
2026-06-07 21:40:00,57477.4,66041.5,57494.8,57469.3
2026-06-07 21:45:00,57348.1,65893.0,57406.0,57321.0
2026-06-07 21:50:00,57239.6,65768.4,57204.6,57256.1
2026-06-07 21:55:00,57109.1,65618.3,57117.9,57104.9
2026-06-07 22:00:00,57054.7,65555.9,57024.4,57069.0
2026-06-07 22:05:00,57095.1,65602.2,57053.1,57114.7
2026-06-07 22:10:00,57010.2,65504.7,57032.5,56999.7
2026-06-07 22:15:00,56886.0,65362.1,56903.7,56877.8
2026-06-07 22:20:00,56770.0,65228.8,56712.0,56797.2
2026-06-07 22:25:00,56655.1,65096.7,56616.6,56673.2
2026-06-07 22:30:00,56460.8,64873.4,56476.8,56453.3
2026-06-07 22:35:00,56313.0,64703.7,56340.0,56300.4
2026-06-07 22:40:00,56194.0,64566.9,56164.4,56207.9
2026-06-07 22:45:00,56111.8,64472.5,56071.2,56130.8
2026-06-07 22:50:00,55983.0,64324.4,55959.7,55993.9
2026-06-07 22:55:00,55843.4,64164.1,55850.1,55840.3
2026-06-07 23:00:00,55881.4,64207.8,55858.2,55892.3
2026-06-07 23:05:00,56045.7,64396.5,56025.5,56055.1
2026-06-07 23:10:00,55958.1,64295.9,56034.2,55922.5
2026-06-07 23:15:00,55800.1,64114.3,55754.5,55821.5
2026-06-07 23:20:00,55582.8,63864.6,55647.9,55552.3
2026-06-07 23:25:00,55351.8,63599.2,55414.0,55322.7
2026-06-07 23:30:00,55115.3,63327.5,55145.8,55101.0
2026-06-07 23:35:00,54887.7,63066.0,54907.2,54878.6
2026-06-07 23:40:00,54668.5,62814.0,54672.2,54666.7
2026-06-07 23:45:00,54407.7,62514.5,54409.2,54407.1
2026-06-07 23:50:00,54119.7,62183.5,54079.7,54138.4
2026-06-07 23:55:00,53851.4,61875.3,53735.4,53905.8
2026-06-08 00:00:00,53479.1,61447.5,53354.5,53537.5
2026-06-08 00:05:00,53294.3,61235.2,53258.9,53310.9
2026-06-08 00:10:00,53033.5,60935.5,52997.8,53050.2
2026-06-08 00:15:00,52805.8,60673.8,52858.4,52781.1
2026-06-08 00:20:00,52578.0,60412.2,52684.8,52528.0
2026-06-08 00:25:00,52344.6,60143.9,52347.4,52343.3
2026-06-08 00:30:00,52093.1,59855.0,52082.3,52098.2
2026-06-08 00:35:00,51936.4,59674.9,51911.6,51948.0
2026-06-08 00:40:00,51740.3,59449.6,51694.9,51761.5
2026-06-08 00:45:00,51511.6,59186.9,51494.9,51519.5
2026-06-08 00:50:00,51319.9,58966.6,51276.0,51340.5
2026-06-08 00:55:00,51231.0,58864.4,51273.6,51211.0
2026-06-08 01:00:00,51141.9,58762.0,51063.9,51178.4
2026-06-08 01:05:00,51121.1,58738.1,51094.1,51133.7
2026-06-08 01:10:00,51078.2,58688.8,51093.7,51070.9
2026-06-08 01:15:00,50913.3,58499.4,51099.3,50826.2
2026-06-08 01:20:00,50864.4,58443.2,50875.4,50859.3
2026-06-08 01:25:00,50887.2,58469.3,50878.5,50891.2
2026-06-08 01:30:00,50924.7,58512.4,50901.1,50935.7
2026-06-08 01:35:00,50948.9,58540.3,50897.6,50972.9
2026-06-08 01:40:00,50943.6,58534.1,50883.8,50971.5
2026-06-08 01:45:00,50916.8,58503.5,50882.6,50932.9
2026-06-08 01:50:00,50907.0,58492.2,50884.8,50917.5
2026-06-08 01:55:00,50904.2,58488.9,50883.7,50913.8
2026-06-08 02:00:00,50877.0,58457.7,50846.4,50891.3
2026-06-08 02:05:00,50916.6,58503.2,50886.8,50930.6
2026-06-08 02:10:00,50901.7,58486.1,50875.2,50914.1
2026-06-08 02:15:00,50911.6,58497.4,50886.5,50923.4
2026-06-08 02:20:00,50910.3,58496.0,50888.7,50920.5
2026-06-08 02:25:00,50911.9,58497.8,50892.5,50921.0
2026-06-08 02:30:00,50906.3,58491.4,50878.8,50919.2
2026-06-08 02:35:00,50923.4,58511.0,50904.4,50932.3
2026-06-08 02:40:00,50915.1,58501.5,50888.2,50927.7
2026-06-08 02:45:00,50916.3,58502.9,50891.9,50927.8
2026-06-08 02:50:00,50916.0,58502.5,50889.2,50928.6
2026-06-08 02:55:00,50911.2,58497.0,50888.3,50921.9
2026-06-08 03:00:00,50920.7,58507.9,50895.8,50932.4
2026-06-08 03:05:00,50966.0,58560.0,50930.5,50982.7
2026-06-08 03:10:00,50956.9,58549.5,50928.3,50970.3
2026-06-08 03:15:00,50956.6,58549.1,50928.7,50969.7
2026-06-08 03:20:00,50955.1,58547.5,50928.8,50967.5
2026-06-08 03:25:00,50958.5,58551.4,50931.6,50971.2
2026-06-08 03:30:00,50953.5,58545.6,50923.4,50967.6
2026-06-08 03:35:00,50984.5,58581.2,50959.5,50996.2
2026-06-08 03:40:00,50961.9,58555.2,50932.7,50975.6
2026-06-08 03:45:00,50962.7,58556.2,50935.2,50975.6
2026-06-08 03:50:00,50961.8,58555.1,50932.8,50975.4
2026-06-08 03:55:00,50960.9,58554.1,50934.9,50973.1
2026-06-08 04:00:00,50998.7,58597.4,50978.6,51008.0
2026-06-08 04:05:00,51046.5,58652.5,51030.2,51054.2
2026-06-08 04:10:00,51031.0,58634.7,51005.7,51042.9
2026-06-08 04:15:00,51030.7,58634.3,51001.1,51044.6
2026-06-08 04:20:00,51030.4,58633.9,50995.5,51046.8
2026-06-08 04:25:00,51034.0,58638.1,51002.4,51048.8
2026-06-08 04:30:00,51029.1,58632.4,50994.5,51045.2
2026-06-08 04:35:00,51066.7,58675.7,51045.4,51076.7
2026-06-08 04:40:00,51107.8,58722.9,51230.2,51050.5
2026-06-08 04:45:00,51241.4,58876.3,51227.5,51247.9
2026-06-08 04:50:00,51239.1,58873.7,51231.4,51242.6
2026-06-08 04:55:00,51239.1,58873.7,51235.8,51240.6
2026-06-08 05:00:00,51296.3,58939.4,51315.3,51287.4
2026-06-08 05:05:00,51395.0,59052.8,51393.4,51395.7
2026-06-08 05:10:00,51569.0,59252.8,51578.8,51564.4
2026-06-08 05:15:00,51780.8,59496.2,51774.9,51783.6
2026-06-08 05:20:00,52003.4,59751.9,51986.5,52011.3
2026-06-08 05:25:00,52249.7,60034.9,52235.4,52256.4
2026-06-08 05:30:00,52454.1,60269.7,52434.0,52463.4
2026-06-08 05:35:00,52720.7,60576.1,52724.8,52718.8
2026-06-08 05:40:00,52847.2,60721.4,52870.4,52836.3
2026-06-08 05:45:00,53059.0,60964.8,53021.1,53076.7
2026-06-08 05:50:00,53274.2,61212.1,53250.4,53285.4
2026-06-08 05:55:00,53471.7,61439.0,53453.0,53480.5
2026-06-08 06:00:00,53835.2,61856.6,53826.4,53839.3
2026-06-08 06:05:00,54295.6,62385.7,54295.6,54295.6
2026-06-08 06:10:00,54569.6,62700.5,54568.8,54570.0
2026-06-08 06:15:00,54782.7,62945.3,54816.2,54767.0
2026-06-08 06:20:00,55036.6,63237.0,55023.7,55042.6
2026-06-08 06:25:00,55331.9,63576.4,55305.6,55344.2
2026-06-08 06:30:00,55568.7,63848.4,55528.2,55587.7
2026-06-08 06:35:00,55871.2,64196.0,55824.5,55893.1
2026-06-08 06:40:00,56080.5,64436.4,56079.7,56080.8
2026-06-08 06:45:00,56321.9,64713.8,56309.7,56327.6
2026-06-08 06:50:00,56554.1,64980.7,56534.0,56563.6
2026-06-08 06:55:00,56805.3,65269.2,56874.3,56772.9
2026-06-08 07:00:00,57270.5,65803.8,57209.0,57299.3
2026-06-08 07:05:00,57823.0,66438.6,57865.1,57803.3
2026-06-08 07:10:00,58186.3,66856.1,58219.6,58170.8
2026-06-08 07:15:00,58515.9,67234.8,58513.1,58517.2
2026-06-08 07:20:00,58807.8,67570.2,58818.0,58803.0
2026-06-08 07:25:00,59040.4,67837.5,59042.6,59039.4
2026-06-08 07:30:00,59229.5,68054.7,59176.6,59254.3
2026-06-08 07:35:00,59552.2,68425.5,59485.0,59583.8
2026-06-08 07:40:00,59820.1,68733.3,59779.4,59839.2
2026-06-08 07:45:00,60070.6,69021.1,60056.2,60077.4
2026-06-08 07:50:00,60296.1,69280.2,60252.2,60316.6
2026-06-08 07:55:00,60493.6,69507.1,60482.8,60498.6
2026-06-08 08:00:00,60940.3,70020.4,60966.6,60928.0
2026-06-08 08:05:00,61570.2,70744.2,61532.0,61588.1
2026-06-08 08:10:00,61951.0,71181.8,61939.5,61956.5
2026-06-08 08:15:00,62297.9,71580.3,62333.6,62281.2
2026-06-08 08:20:00,62606.0,71934.3,62635.7,62592.1
2026-06-08 08:25:00,62879.8,72248.9,62926.0,62858.2
2026-06-08 08:30:00,63148.5,72557.6,63174.8,63136.2
2026-06-08 08:35:00,63390.1,72835.2,63392.0,63389.2
2026-06-08 08:40:00,63593.5,73068.9,63577.1,63601.2
2026-06-08 08:45:00,63726.0,73221.2,63712.4,63732.4
2026-06-08 08:50:00,63899.1,73420.1,63910.2,63894.0
2026-06-08 08:55:00,64073.5,73620.5,64078.3,64071.3
2026-06-08 09:00:00,64115.7,73669.0,64218.1,64067.8
2026-06-08 09:05:00,64285.5,73864.0,64272.4,64291.6
2026-06-08 09:10:00,64447.1,74049.7,64468.5,64437.0
2026-06-08 09:15:00,64615.4,74243.1,64588.9,64627.8
2026-06-08 09:20:00,64774.9,74426.3,64711.3,64804.6
2026-06-08 09:25:00,64934.4,74609.6,64912.8,64944.5
2026-06-08 09:30:00,64956.6,74635.2,64934.7,64966.9
2026-06-08 09:35:00,65010.8,74697.5,65070.2,64983.0
2026-06-08 09:40:00,65023.7,74712.2,65011.3,65029.5
2026-06-08 09:45:00,65012.6,74699.5,65009.9,65013.9
2026-06-08 09:50:00,64992.3,74676.2,64980.3,64998.0
2026-06-08 09:55:00,64953.0,74631.0,64953.5,64952.8
2026-06-08 10:00:00,64797.2,74451.9,64948.9,64726.1
2026-06-08 10:05:00,64875.9,74542.4,64936.4,64847.5
2026-06-08 10:10:00,64983.4,74666.0,65032.9,64960.3
2026-06-08 10:15:00,65167.4,74877.3,65166.1,65168.0
2026-06-08 10:20:00,65223.6,74942.0,65259.5,65206.8
2026-06-08 10:25:00,65219.5,74937.2,65236.9,65211.4
2026-06-08 10:30:00,65126.7,74830.6,65137.8,65121.5
2026-06-08 10:35:00,65081.7,74778.9,65089.0,65078.3
2026-06-08 10:40:00,65060.9,74755.0,65063.7,65059.6
2026-06-08 10:45:00,65064.5,74759.1,65074.8,65059.6
2026-06-08 10:50:00,65039.5,74730.3,65056.7,65031.4
2026-06-08 10:55:00,64938.6,74614.4,64924.7,64945.1
2026-06-08 11:00:00,64799.8,74455.0,64864.7,64769.4
2026-06-08 11:05:00,64740.3,74386.6,64744.9,64738.2
2026-06-08 11:10:00,64663.9,74298.9,64663.9,64663.9
2026-06-08 11:15:00,64603.0,74228.9,64649.8,64581.1
2026-06-08 11:20:00,64549.3,74167.2,64513.8,64566.0
2026-06-08 11:25:00,64460.8,74065.5,64428.0,64476.1
2026-06-08 11:30:00,64298.7,73879.2,64345.9,64276.6
2026-06-08 11:35:00,64211.0,73778.4,64176.7,64227.1
2026-06-08 11:40:00,64086.0,73634.8,64046.1,64104.7
2026-06-08 11:45:00,63955.9,73485.3,63944.8,63961.0
2026-06-08 11:50:00,63757.8,73257.7,63682.4,63793.2
2026-06-08 11:55:00,63463.5,72919.5,63408.8,63489.1
2026-06-08 12:00:00,63082.4,72481.7,63041.4,63101.6
2026-06-08 12:05:00,63162.3,72573.5,63156.4,63165.0
2026-06-08 12:10:00,63276.4,72704.6,63236.5,63295.1
2026-06-08 12:15:00,63341.6,72779.5,63301.8,63360.2
2026-06-08 12:20:00,63387.3,72832.0,63423.6,63370.2
2026-06-08 12:25:00,63387.6,72832.4,63412.8,63375.8
2026-06-08 12:30:00,63287.0,72716.7,63286.9,63287.0
2026-06-08 12:35:00,63282.3,72711.4,63265.4,63290.2
2026-06-08 12:40:00,63324.0,72759.3,63335.3,63318.8
2026-06-08 12:45:00,63352.6,72792.1,63366.4,63346.1
2026-06-08 12:50:00,63592.0,73067.2,63586.4,63594.6
2026-06-08 12:55:00,63764.9,73265.9,63784.8,63755.6
2026-06-08 13:00:00,64156.7,73716.1,64072.3,64196.3
2026-06-08 13:05:00,64601.6,74227.2,64503.4,64647.6
2026-06-08 13:10:00,64980.5,74662.6,64947.3,64996.0
2026-06-08 13:15:00,65206.3,74922.1,65239.7,65190.7
2026-06-08 13:20:00,65381.5,75123.3,65396.2,65374.5
2026-06-08 13:25:00,65589.4,75362.2,65601.3,65583.7
2026-06-08 13:30:00,65849.9,75661.6,65823.1,65862.5
2026-06-08 13:35:00,66151.6,76008.1,66112.8,66169.7
2026-06-08 13:40:00,66380.3,76270.9,66342.5,66398.0
2026-06-08 13:45:00,66587.7,76509.2,66584.8,66589.0
2026-06-08 13:50:00,66718.8,76659.9,66713.6,66721.3
2026-06-08 13:55:00,66827.7,76785.1,66808.3,66836.8
2026-06-08 14:00:00,66929.7,76902.2,66879.6,66953.1
2026-06-08 14:05:00,67003.7,76987.2,67004.5,67003.3
2026-06-08 14:10:00,67144.0,77148.5,67131.6,67149.9
2026-06-08 14:15:00,67224.9,77241.4,67256.5,67210.1
2026-06-08 14:20:00,67267.5,77290.4,67305.9,67249.5
2026-06-08 14:25:00,67348.8,77383.8,67401.5,67324.2
2026-06-08 14:30:00,67426.3,77472.8,67424.5,67427.1
2026-06-08 14:35:00,67505.4,77563.7,67510.5,67503.1
2026-06-08 14:40:00,67532.5,77594.8,67628.2,67487.6
2026-06-08 14:45:00,67600.5,77673.0,67639.5,67582.3
2026-06-08 14:50:00,67632.0,77709.2,67695.8,67602.1
2026-06-08 14:55:00,67617.3,77692.3,67672.5,67591.5
2026-06-08 15:00:00,67545.6,77609.9,67644.2,67499.4
2026-06-08 15:05:00,67517.7,77577.8,67524.3,67514.5
2026-06-08 15:10:00,67638.7,77716.9,67651.4,67632.8
2026-06-08 15:15:00,67858.0,77968.9,67781.3,67894.0
2026-06-08 15:20:00,68058.1,78198.8,67995.5,68087.4
2026-06-08 15:25:00,68209.3,78372.5,68243.4,68193.3
2026-06-08 15:30:00,68335.1,78517.0,68307.6,68347.9
2026-06-08 15:35:00,68452.9,78652.4,68455.4,68451.8
2026-06-08 15:40:00,68599.6,78820.9,68560.8,68617.7
2026-06-08 15:45:00,68763.0,79008.7,68771.4,68759.1
2026-06-08 15:50:00,68940.7,79212.8,68925.2,68947.9
2026-06-08 15:55:00,69081.9,79375.1,69087.6,69079.2
2026-06-08 16:00:00,69116.2,79414.6,69151.0,69100.0
2026-06-08 16:05:00,69091.8,79386.4,69076.6,69098.9
2026-06-08 16:10:00,69163.0,79468.3,69212.1,69140.1
2026-06-08 16:15:00,69293.7,79618.5,69337.9,69273.0
2026-06-08 16:20:00,69380.2,79717.8,69415.4,69363.7
2026-06-08 16:25:00,69453.4,79802.0,69440.8,69459.3
2026-06-08 16:30:00,69513.8,79871.4,69527.8,69507.2
2026-06-08 16:35:00,69616.8,79989.7,69649.2,69601.6
2026-06-08 16:40:00,69702.4,80088.0,69679.0,69713.3
2026-06-08 16:45:00,69799.2,80199.3,69784.5,69806.1
2026-06-08 16:50:00,69823.8,80227.6,69876.9,69799.0
2026-06-08 16:55:00,69880.0,80292.2,69844.6,69896.6
2026-06-08 17:00:00,69788.9,80187.5,69875.2,69748.5
2026-06-08 17:05:00,69571.4,79937.5,69648.4,69535.3
2026-06-08 17:10:00,69636.1,80011.9,69619.2,69644.1
2026-06-08 17:15:00,69678.1,80060.2,69740.6,69648.9
2026-06-08 17:20:00,69671.8,80052.9,69746.8,69636.6
2026-06-08 17:25:00,69673.6,80054.9,69741.5,69641.8
2026-06-08 17:30:00,69687.3,80070.7,69725.2,69669.6
2026-06-08 17:35:00,69752.0,80145.1,69746.8,69754.5
2026-06-08 17:40:00,69790.9,80189.7,69871.7,69753.0
2026-06-08 17:45:00,69793.4,80192.6,69876.8,69754.3
2026-06-08 17:50:00,69758.6,80152.6,69841.9,69719.5
2026-06-08 17:55:00,69731.2,80121.2,69795.8,69701.0
2026-06-08 18:00:00,69659.2,80038.4,69638.5,69668.8
2026-06-08 18:05:00,69530.4,79890.5,69572.4,69510.7
2026-06-08 18:10:00,69567.9,79933.5,69621.9,69542.6
2026-06-08 18:15:00,69649.3,80027.0,69650.2,69648.8
2026-06-08 18:20:00,69678.6,80060.7,69738.7,69650.4
2026-06-08 18:25:00,69692.2,80076.4,69750.3,69665.0
2026-06-08 18:30:00,69761.2,80155.6,69771.1,69756.6
2026-06-08 18:35:00,69785.4,80183.4,69879.2,69741.5
2026-06-08 18:40:00,69773.0,80169.1,69862.3,69731.1
2026-06-08 18:45:00,69775.4,80172.0,69867.4,69732.3
2026-06-08 18:50:00,69733.2,80123.5,69829.2,69688.3
2026-06-08 18:55:00,69661.6,80041.1,69651.9,69666.1
2026-06-08 19:00:00,69581.9,79949.6,69590.6,69577.8
2026-06-08 19:05:00,69529.4,79889.3,69461.9,69561.0
2026-06-08 19:10:00,69514.9,79872.7,69542.3,69502.1
2026-06-08 19:15:00,69481.8,79834.6,69532.3,69458.1
2026-06-08 19:20:00,69445.9,79793.4,69417.9,69459.1
2026-06-08 19:25:00,69356.0,79690.1,69409.9,69330.8
2026-06-08 19:30:00,69291.1,79615.5,69249.4,69310.6
2026-06-08 19:35:00,69204.5,79516.0,69261.8,69177.7
2026-06-08 19:40:00,69090.7,79385.2,69138.3,69068.4
2026-06-08 19:45:00,68979.5,79257.4,69011.8,68964.4
2026-06-08 19:50:00,68907.1,79174.3,68869.9,68924.6
2026-06-08 19:55:00,68795.2,79045.7,68728.8,68826.4
2026-06-08 20:00:00,68638.9,78866.1,68574.8,68669.0
2026-06-08 20:05:00,68514.6,78723.2,68451.3,68544.2
2026-06-08 20:10:00,68385.2,78574.6,68350.8,68401.3
2026-06-08 20:15:00,68247.1,78415.9,68234.6,68253.0
2026-06-08 20:20:00,68129.9,78281.3,68139.6,68125.4
2026-06-08 20:25:00,67952.7,78077.7,67938.7,67959.3
2026-06-08 20:30:00,67727.9,77819.4,67777.4,67704.7
2026-06-08 20:35:00,67531.6,77593.8,67590.4,67504.0
2026-06-08 20:40:00,67320.5,77351.3,67326.8,67317.6
2026-06-08 20:45:00,67135.1,77138.2,67128.2,67138.3
2026-06-08 20:50:00,66942.6,76917.1,66900.8,66962.2
2026-06-08 20:55:00,66700.3,76638.7,66676.7,66711.4
2026-06-08 21:00:00,66438.2,76337.5,66416.3,66448.4
2026-06-08 21:05:00,66273.8,76148.6,66284.7,66268.7
2026-06-08 21:10:00,66098.7,75947.4,66132.9,66082.6
2026-06-08 21:15:00,65904.2,75723.9,65870.2,65920.1
2026-06-08 21:20:00,65701.2,75490.7,65663.0,65719.1
2026-06-08 21:25:00,65464.0,75218.2,65491.6,65451.1
2026-06-08 21:30:00,65279.2,75005.8,65294.0,65272.3
2026-06-08 21:35:00,65118.1,74820.6,65111.1,65121.3
2026-06-08 21:40:00,64880.9,74548.2,64865.2,64888.3
2026-06-08 21:45:00,64677.2,74314.1,64647.5,64691.2
2026-06-08 21:50:00,64476.6,74083.6,64485.5,64472.4
2026-06-08 21:55:00,64307.0,73888.7,64301.8,64309.4
2026-06-08 22:00:00,64162.9,73723.1,64097.7,64193.4
2026-06-08 22:05:00,64187.7,73751.7,64192.5,64185.5
2026-06-08 22:10:00,64075.5,73622.8,64118.9,64055.2
2026-06-08 22:15:00,63917.5,73441.2,63970.6,63892.7
2026-06-08 22:20:00,63779.0,73282.0,63792.3,63772.7
2026-06-08 22:25:00,63606.8,73084.2,63597.2,63611.3
2026-06-08 22:30:00,63332.7,72769.2,63323.4,63337.0
2026-06-08 22:35:00,63131.1,72537.6,63088.4,63151.1
2026-06-08 22:40:00,62945.6,72324.5,62898.1,62967.9
2026-06-08 22:45:00,62810.3,72169.0,62812.5,62809.2
2026-06-08 22:50:00,62673.8,72012.1,62646.4,62686.6
2026-06-08 22:55:00,62564.7,71886.9,62562.5,62565.7
2026-06-08 23:00:00,62556.4,71877.3,62573.9,62548.2
2026-06-08 23:05:00,62902.1,72274.6,62911.8,62897.6
2026-06-08 23:10:00,62926.6,72302.7,62936.2,62922.2
2026-06-08 23:15:00,62765.1,72117.1,62746.2,62774.0
2026-06-08 23:20:00,62618.4,71948.6,62570.2,62641.1
2026-06-08 23:25:00,62388.1,71683.9,62356.4,62403.0
2026-06-08 23:30:00,62055.5,71301.7,62090.9,62038.9
2026-06-08 23:35:00,61652.3,70838.4,61647.3,61654.6
2026-06-08 23:40:00,61243.4,70368.7,61287.5,61222.8
2026-06-08 23:45:00,60888.3,69960.7,60912.5,60877.0
2026-06-08 23:50:00,60491.6,69504.8,60516.9,60479.7
2026-06-08 23:55:00,60091.6,69045.2,60093.2,60090.8
2026-06-09 00:00:00,59493.1,68357.5,59553.6,59464.7
2026-06-09 00:05:00,59246.3,68074.0,59292.3,59224.7
2026-06-09 00:10:00,58906.5,67683.6,58899.7,58909.7
2026-06-09 00:15:00,58601.7,67333.4,58630.9,58588.1
2026-06-09 00:20:00,58343.9,67037.1,58349.8,58341.1
2026-06-09 00:25:00,58114.6,66773.7,58098.7,58122.1
2026-06-09 00:30:00,57909.6,66538.1,57837.1,57943.5
2026-06-09 00:35:00,57665.0,66257.1,57654.8,57669.8
2026-06-09 00:40:00,57481.9,66046.7,57474.1,57485.5
2026-06-09 00:45:00,57234.7,65762.7,57292.7,57207.5
2026-06-09 00:50:00,56994.0,65486.1,57033.9,56975.3
2026-06-09 00:55:00,56782.9,65243.6,56760.9,56793.2
2026-06-09 01:00:00,56690.2,65137.0,56648.2,56709.8
2026-06-09 01:05:00,56668.8,65112.5,56596.8,56702.6
2026-06-09 01:10:00,56542.8,64967.6,56586.6,56522.2
2026-06-09 01:15:00,56395.5,64798.4,56461.0,56364.7
2026-06-09 01:20:00,56300.2,64688.9,56308.3,56296.3
2026-06-09 01:25:00,56230.3,64608.6,56195.5,56246.5
2026-06-09 01:30:00,56137.4,64501.9,56081.3,56163.7
2026-06-09 01:35:00,56087.5,64444.6,56133.4,56066.0
2026-06-09 01:40:00,56049.5,64400.8,56016.5,56064.9
2026-06-09 01:45:00,55991.3,64334.0,56016.1,55979.7
2026-06-09 01:50:00,55897.3,64226.0,55920.3,55886.5
2026-06-09 01:55:00,55817.1,64133.8,55784.7,55832.2
2026-06-09 02:00:00,55737.7,64042.6,55761.1,55726.8
2026-06-09 02:05:00,55721.1,64023.6,55695.5,55733.1
2026-06-09 02:10:00,55699.1,63998.3,55691.0,55702.9
2026-06-09 02:15:00,55641.1,63931.6,55691.8,55617.3
2026-06-09 02:20:00,55591.1,63874.2,55583.6,55594.6
2026-06-09 02:25:00,55533.6,63808.2,55577.4,55513.1
2026-06-09 02:30:00,55480.1,63746.6,55453.0,55492.8
2026-06-09 02:35:00,55414.6,63671.4,55479.3,55384.3
2026-06-09 02:40:00,55366.2,63615.8,55333.7,55381.4
2026-06-09 02:45:00,55302.2,63542.2,55345.2,55282.1
2026-06-09 02:50:00,55245.5,63477.1,55243.8,55246.4
2026-06-09 02:55:00,55171.0,63391.5,55240.0,55138.7
2026-06-09 03:00:00,55106.9,63317.8,55108.4,55106.2
2026-06-09 03:05:00,55065.8,63270.6,55045.5,55075.2
2026-06-09 03:10:00,55026.1,63225.0,55026.8,55025.8
2026-06-09 03:15:00,55027.7,63226.8,55034.0,55024.7
2026-06-09 03:20:00,55027.6,63226.8,55031.1,55026.0
2026-06-09 03:25:00,55022.4,63220.7,55034.1,55017.0
2026-06-09 03:30:00,55038.0,63238.6,55026.9,55043.2
2026-06-09 03:35:00,55029.4,63228.8,55077.2,55007.0
2026-06-09 03:40:00,54995.9,63190.2,55012.4,54988.1
2026-06-09 03:45:00,54933.3,63118.3,55017.4,54893.9
2026-06-09 03:50:00,54893.7,63072.9,54876.3,54901.8
2026-06-09 03:55:00,54894.9,63074.3,54885.1,54899.5
2026-06-09 04:00:00,54998.0,63192.7,54926.3,55031.6
2026-06-09 04:05:00,55100.1,63310.0,55132.8,55084.7
2026-06-09 04:10:00,55141.9,63358.0,55100.7,55161.2
2026-06-09 04:15:00,55224.3,63452.7,55191.8,55239.5
2026-06-09 04:20:00,55222.9,63451.1,55184.4,55241.0
2026-06-09 04:25:00,55227.1,63456.0,55191.5,55243.8
2026-06-09 04:30:00,55221.5,63449.5,55184.8,55238.7
2026-06-09 04:35:00,55258.5,63492.1,55233.7,55270.2
2026-06-09 04:40:00,55332.0,63576.5,55303.9,55345.2
2026-06-09 04:45:00,55333.6,63578.3,55312.1,55343.7
2026-06-09 04:50:00,55342.1,63588.1,55349.8,55338.5
2026-06-09 04:55:00,55388.2,63641.0,55350.3,55405.9
2026-06-09 05:00:00,55514.2,63785.8,55507.4,55517.4
2026-06-09 05:05:00,55690.3,63988.1,55714.1,55679.1
2026-06-09 05:10:00,55765.3,64074.4,55850.2,55725.6
2026-06-09 05:15:00,55813.4,64129.6,55835.6,55803.1
2026-06-09 05:20:00,55883.1,64209.6,55940.8,55856.0
2026-06-09 05:25:00,55950.4,64287.0,55943.2,55953.8
2026-06-09 05:30:00,56081.7,64437.9,56055.9,56093.8
2026-06-09 05:35:00,56247.4,64628.3,56244.1,56249.0
2026-06-09 05:40:00,56343.3,64738.5,56391.0,56321.0
2026-06-09 05:45:00,56423.5,64830.6,56383.6,56442.2
2026-06-09 05:50:00,56550.8,64976.9,56490.6,56579.0
2026-06-09 05:55:00,56699.7,65147.9,56729.8,56685.6
2026-06-09 06:00:00,56940.1,65424.2,56933.4,56943.3
2026-06-09 06:05:00,57313.6,65853.3,57356.3,57293.5
2026-06-09 06:10:00,57525.6,66096.9,57524.8,57525.9
2026-06-09 06:15:00,57731.1,66333.0,57712.8,57739.6
2026-06-09 06:20:00,57929.1,66560.6,57871.8,57956.0
2026-06-09 06:25:00,58088.4,66743.6,58064.0,58099.9
2026-06-09 06:30:00,58234.3,66911.2,58220.2,58240.9
2026-06-09 06:35:00,58456.3,67166.3,58471.1,58449.3
2026-06-09 06:40:00,58583.7,67312.7,58599.8,58576.2
2026-06-09 06:45:00,58770.7,67527.5,58718.5,58795.1
2026-06-09 06:50:00,58961.2,67746.5,58916.1,58982.4
2026-06-09 06:55:00,59130.4,67940.8,59091.1,59148.8
2026-06-09 07:00:00,59469.2,68330.2,59424.9,59490.0
2026-06-09 07:05:00,59999.9,68939.9,60014.1,59993.3
2026-06-09 07:10:00,60324.9,69313.3,60343.1,60316.4
2026-06-09 07:15:00,60599.0,69628.2,60589.1,60603.6
2026-06-09 07:20:00,60788.2,69845.7,60821.9,60772.5
2026-06-09 07:25:00,60949.1,70030.5,60981.7,60933.8
2026-06-09 07:30:00,61101.3,70205.4,61125.2,61090.1
2026-06-09 07:35:00,61328.4,70466.3,61330.8,61327.3
2026-06-09 07:40:00,61460.7,70618.3,61418.1,61480.6
2026-06-09 07:45:00,61610.5,70790.5,61598.7,61616.1
2026-06-09 07:50:00,61765.3,70968.3,61698.7,61796.5
2026-06-09 07:55:00,61878.2,71098.0,61827.4,61902.0
2026-06-09 08:00:00,62235.2,71508.3,62218.4,62243.1
2026-06-09 08:05:00,62839.0,72202.1,62844.3,62836.6
2026-06-09 08:10:00,63196.5,72612.8,63181.3,63203.6
2026-06-09 08:15:00,63555.1,73024.8,63496.7,63582.5
2026-06-09 08:20:00,63821.5,73330.9,63818.5,63822.9
2026-06-09 08:25:00,64150.1,73708.5,64151.1,64149.6
2026-06-09 08:30:00,64421.8,74020.6,64388.0,64437.6
2026-06-09 08:35:00,64712.9,74355.1,64699.8,64719.0
2026-06-09 08:40:00,64876.6,74543.2,64906.4,64862.6
2026-06-09 08:45:00,65069.5,74764.9,64998.6,65102.8
2026-06-09 08:50:00,65199.2,74913.8,65200.8,65198.4
2026-06-09 08:55:00,65283.6,75010.8,65295.5,65278.0
2026-06-09 09:00:00,65285.3,75012.9,65267.1,65293.9
2026-06-09 09:05:00,65363.8,75103.0,65390.8,65351.1
2026-06-09 09:10:00,65465.5,75219.8,65492.9,65452.7
2026-06-09 09:15:00,65607.0,75382.5,65607.0,65607.0
2026-06-09 09:20:00,65673.0,75458.3,65677.9,65670.7
2026-06-09 09:25:00,65765.7,75564.7,65767.5,65764.8
2026-06-09 09:30:00,65779.5,75580.7,65794.7,65772.4
2026-06-09 09:35:00,65800.4,75604.7,65788.5,65806.0
2026-06-09 09:40:00,65756.5,75554.2,65741.3,65763.5
2026-06-09 09:45:00,65754.8,75552.2,65750.9,65756.6
2026-06-09 09:50:00,65711.7,75502.8,65709.9,65712.6
2026-06-09 09:55:00,65599.9,75374.3,65610.7,65594.9
2026-06-09 10:00:00,65437.8,75188.0,65501.3,65408.0
2026-06-09 10:05:00,65411.3,75157.6,65524.0,65358.5
2026-06-09 10:10:00,65428.5,75177.4,65452.8,65417.2
2026-06-09 10:15:00,65573.4,75343.9,65623.0,65550.2
2026-06-09 10:20:00,65648.5,75430.2,65645.3,65650.1
2026-06-09 10:25:00,65651.6,75433.7,65731.0,65614.4
2026-06-09 10:30:00,65623.8,75401.7,65626.0,65622.7
2026-06-09 10:35:00,65565.6,75334.9,65561.6,65567.5
2026-06-09 10:40:00,65541.9,75307.6,65537.0,65544.2
2026-06-09 10:45:00,65464.4,75218.5,65548.0,65425.2
2026-06-09 10:50:00,65404.4,75149.6,65425.2,65394.6
2026-06-09 10:55:00,65313.3,75045.0,65335.9,65302.7
2026-06-09 11:00:00,65166.4,74876.2,65175.4,65162.2
2026-06-09 11:05:00,65097.9,74797.5,65115.4,65089.8
2026-06-09 11:10:00,65047.0,74739.0,65044.8,65048.0
2026-06-09 11:15:00,64976.4,74657.8,65055.2,64939.4
2026-06-09 11:20:00,64916.2,74588.7,64906.1,64920.9
2026-06-09 11:25:00,64811.8,74468.8,64820.8,64807.6
2026-06-09 11:30:00,64670.6,74306.5,64646.1,64682.0
2026-06-09 11:35:00,64542.1,74158.9,64581.2,64523.8
2026-06-09 11:40:00,64366.4,73957.0,64317.8,64389.3
2026-06-09 11:45:00,64204.7,73771.3,64210.9,64201.9
2026-06-09 11:50:00,63988.3,73522.5,63878.4,64039.8
2026-06-09 11:55:00,63633.6,73115.0,63639.0,63631.1
2026-06-09 12:00:00,63238.5,72661.0,63184.0,63264.0
2026-06-09 12:05:00,63339.3,72776.9,63347.0,63335.7
2026-06-09 12:10:00,63531.6,72997.9,63450.3,63569.7
2026-06-09 12:15:00,63564.0,73035.0,63581.2,63555.9
2026-06-09 12:20:00,63608.5,73086.1,63554.3,63633.9
2026-06-09 12:25:00,63614.9,73093.5,63552.5,63644.1
2026-06-09 12:30:00,63488.4,72948.1,63419.2,63520.8
2026-06-09 12:35:00,63452.7,72907.2,63458.0,63450.2
2026-06-09 12:40:00,63533.4,72999.9,63521.3,63539.1
2026-06-09 12:45:00,63588.8,73063.5,63653.6,63558.4
2026-06-09 12:50:00,63701.0,73192.4,63706.0,63698.6
2026-06-09 12:55:00,63892.7,73412.7,63939.1,63870.9
2026-06-09 13:00:00,64331.4,73916.8,64317.9,64337.7
2026-06-09 13:05:00,64782.9,74435.5,64715.4,64814.4
2026-06-09 13:10:00,65139.8,74845.6,65154.0,65133.1
2026-06-09 13:15:00,65320.0,75052.7,65415.7,65275.2
2026-06-09 13:20:00,65453.1,75205.6,65473.5,65443.6
2026-06-09 13:25:00,65594.0,75367.5,65692.4,65547.9
2026-06-09 13:30:00,65822.9,75630.5,65799.2,65834.0
2026-06-09 13:35:00,66070.9,75915.5,66090.0,66062.0
2026-06-09 13:40:00,66285.0,76161.5,66224.9,66313.2
2026-06-09 13:45:00,66459.3,76361.8,66429.9,66473.1
2026-06-09 13:50:00,66571.1,76490.2,66583.1,66565.5
2026-06-09 13:55:00,66736.5,76680.3,66723.3,66742.7
2026-06-09 14:00:00,66796.5,76749.2,66755.8,66815.6
2026-06-09 14:05:00,66854.6,76816.0,66836.0,66863.3
2026-06-09 14:10:00,66940.3,76914.4,66983.8,66920.0
2026-06-09 14:15:00,67009.3,76993.7,67013.7,67007.3
2026-06-09 14:20:00,67100.3,77098.3,67076.3,67111.6
2026-06-09 14:25:00,67191.1,77202.6,67201.3,67186.4
2026-06-09 14:30:00,67165.6,77173.3,67252.0,67125.2
2026-06-09 14:35:00,67170.2,77178.6,67260.3,67128.0
2026-06-09 14:40:00,67136.8,77140.2,67237.1,67089.8
2026-06-09 14:45:00,67114.8,77114.9,67168.2,67089.7
2026-06-09 14:50:00,67095.3,77092.5,67151.0,67069.2
2026-06-09 14:55:00,67023.1,77009.6,67109.1,66982.8
2026-06-09 15:00:00,66916.1,76886.6,66963.6,66893.8
2026-06-09 15:05:00,66830.5,76788.2,66851.0,66820.8
2026-06-09 15:10:00,66893.2,76860.3,66899.4,66890.3
2026-06-09 15:15:00,67068.7,77061.9,67053.6,67075.8
2026-06-09 15:20:00,67194.2,77206.1,67238.7,67173.4
2026-06-09 15:25:00,67263.1,77285.3,67320.1,67236.4
2026-06-09 15:30:00,67310.7,77340.0,67284.5,67323.0
2026-06-09 15:35:00,67392.9,77434.4,67426.1,67377.3
2026-06-09 15:40:00,67499.8,77557.3,67537.4,67482.2
2026-06-09 15:45:00,67624.2,77700.2,67673.7,67601.0
2026-06-09 15:50:00,67722.4,77813.0,67764.0,67702.8
2026-06-09 15:55:00,67820.4,77925.6,67860.1,67801.7
2026-06-09 16:00:00,67843.9,77952.6,67870.1,67831.6
2026-06-09 16:05:00,67724.7,77815.7,67799.3,67689.7
2026-06-09 16:10:00,67820.1,77925.2,67852.8,67804.7
2026-06-09 16:15:00,67930.6,78052.3,67970.4,67912.0
2026-06-09 16:20:00,68011.4,78145.1,68061.1,67988.1
2026-06-09 16:25:00,68099.8,78246.6,68096.9,68101.1
2026-06-09 16:30:00,68184.9,78344.5,68172.9,68190.6
2026-06-09 16:35:00,68231.1,78397.5,68290.7,68203.2
2026-06-09 16:40:00,68296.4,78472.6,68271.3,68308.2
2026-06-09 16:45:00,68391.3,78581.6,68378.8,68397.1
2026-06-09 16:50:00,68453.1,78652.6,68477.9,68441.4
2026-06-09 16:55:00,68521.8,78731.5,68447.1,68556.8
2026-06-09 17:00:00,68503.2,78710.1,68466.8,68520.2
2026-06-09 17:05:00,68352.7,78537.3,68365.6,68346.7
2026-06-09 17:10:00,68420.0,78614.6,68361.6,68447.4
2026-06-09 17:15:00,68529.7,78740.6,68487.5,68549.4
2026-06-09 17:20:00,68610.1,78833.0,68582.6,68622.9
2026-06-09 17:25:00,68673.6,78906.0,68696.0,68663.2
2026-06-09 17:30:00,68721.3,78960.8,68697.4,68732.6
2026-06-09 17:35:00,68772.0,79019.1,68849.4,68735.8
2026-06-09 17:40:00,68880.3,79143.5,68855.7,68891.9
2026-06-09 17:45:00,68974.5,79251.7,68962.8,68979.9
2026-06-09 17:50:00,68984.5,79263.1,69049.5,68954.0
2026-06-09 17:55:00,69007.9,79290.1,68998.0,69012.6
2026-06-09 18:00:00,68989.5,79269.0,68968.6,68999.3
2026-06-09 18:05:00,68926.1,79196.1,68932.4,68923.2
2026-06-09 18:10:00,68996.6,79277.1,69065.1,68964.5
2026-06-09 18:15:00,69062.8,79353.2,69074.2,69057.5
2026-06-09 18:20:00,69084.1,79377.6,69148.7,69053.8
2026-06-09 18:25:00,69096.5,79391.9,69156.6,69068.4
2026-06-09 18:30:00,69162.0,79467.1,69166.9,69159.6
2026-06-09 18:35:00,69204.0,79515.4,69262.3,69176.8
2026-06-09 18:40:00,69192.6,79502.3,69248.9,69166.2
2026-06-09 18:45:00,69193.2,79502.9,69248.0,69167.5
2026-06-09 18:50:00,69150.6,79454.0,69210.7,69122.5
2026-06-09 18:55:00,69120.5,79419.5,69170.6,69097.1
2026-06-09 19:00:00,69057.5,79347.1,68978.8,69094.4
2026-06-09 19:05:00,68967.7,79243.8,68948.5,68976.7
2026-06-09 19:10:00,68936.2,79207.7,68921.6,68943.1
2026-06-09 19:15:00,68937.4,79209.1,68921.3,68945.0
2026-06-09 19:20:00,68938.1,79209.9,68922.3,68945.5
2026-06-09 19:25:00,68930.5,79201.1,68913.3,68938.6
2026-06-09 19:30:00,68907.2,79174.4,68875.2,68922.3
2026-06-09 19:35:00,68846.0,79104.1,68784.2,68875.0
2026-06-09 19:40:00,68796.5,79047.2,68789.9,68799.6
2026-06-09 19:45:00,68763.3,79009.1,68683.3,68800.9
2026-06-09 19:50:00,68725.9,78966.1,68650.5,68761.3
2026-06-09 19:55:00,68629.6,78855.4,68668.4,68611.5
2026-06-09 20:00:00,68385.7,78575.2,68465.1,68348.5
2026-06-09 20:05:00,68253.4,78423.1,68256.7,68251.8
2026-06-09 20:10:00,68191.1,78351.5,68222.5,68176.4
2026-06-09 20:15:00,68141.8,78294.9,68090.5,68165.8
2026-06-09 20:20:00,68048.4,78187.6,68091.4,68028.3
2026-06-09 20:25:00,67940.3,78063.4,67971.5,67925.7
2026-06-09 20:30:00,67724.7,77815.7,67835.5,67672.8
2026-06-09 20:35:00,67517.3,77577.4,67603.2,67477.0
2026-06-09 20:40:00,67280.3,77305.1,67354.6,67245.5
2026-06-09 20:45:00,67084.7,77080.4,67123.2,67066.7
2026-06-09 20:50:00,66871.5,76835.4,66907.0,66854.9
2026-06-09 20:55:00,66633.6,76562.1,66681.4,66611.3
2026-06-09 21:00:00,66355.1,76242.0,66332.6,66365.6
2026-06-09 21:05:00,66255.2,76127.2,66198.3,66281.9
2026-06-09 21:10:00,66118.1,75969.7,66137.4,66109.1
2026-06-09 21:15:00,65940.2,75765.2,65964.9,65928.6
2026-06-09 21:20:00,65778.0,75578.9,65783.7,65775.2
2026-06-09 21:25:00,65542.3,75308.1,65612.7,65509.4
2026-06-09 21:30:00,65314.1,75045.9,65405.3,65271.4
2026-06-09 21:35:00,65124.2,74827.7,65123.5,65124.5
2026-06-09 21:40:00,64892.2,74561.1,64879.7,64898.0
2026-06-09 21:45:00,64702.6,74343.3,64678.1,64714.1
2026-06-09 21:50:00,64544.4,74161.6,64519.6,64556.1
2026-06-09 21:55:00,64363.8,73954.0,64335.9,64376.8
2026-06-09 22:00:00,64200.1,73765.9,64210.6,64195.1
2026-06-09 22:05:00,64212.4,73780.0,64183.4,64226.0
2026-06-09 22:10:00,64121.8,73675.9,64113.5,64125.6
2026-06-09 22:15:00,64009.3,73546.7,63973.7,64026.0
2026-06-09 22:20:00,63857.4,73372.1,63888.1,63843.0
2026-06-09 22:25:00,63689.1,73178.8,63699.2,63684.4
2026-06-09 22:30:00,63483.1,72942.1,63493.2,63478.4
2026-06-09 22:35:00,63311.3,72744.6,63280.2,63325.8
2026-06-09 22:40:00,63114.4,72518.4,63104.4,63119.1
2026-06-09 22:45:00,62944.7,72323.4,62914.6,62958.8
2026-06-09 22:50:00,62800.3,72157.6,62822.4,62790.0
2026-06-09 22:55:00,62680.2,72019.6,62670.1,62685.0
2026-06-09 23:00:00,62742.9,72091.6,62753.6,62737.9
2026-06-09 23:05:00,63107.3,72510.3,63125.3,63098.9
2026-06-09 23:10:00,63079.8,72478.7,63110.8,63065.3
2026-06-09 23:15:00,62930.2,72306.8,62916.3,62936.7
2026-06-09 23:20:00,62715.8,72060.5,62673.4,62735.7
2026-06-09 23:25:00,62488.5,71799.3,62445.9,62508.4
2026-06-09 23:30:00,62182.2,71447.3,62180.7,62182.9
2026-06-09 23:35:00,61793.3,71000.5,61758.0,61809.9
2026-06-09 23:40:00,61346.2,70486.8,61377.5,61331.5
2026-06-09 23:45:00,60946.8,70027.9,60999.6,60922.1
2026-06-09 23:50:00,60555.9,69578.7,60602.9,60533.9
2026-06-09 23:55:00,60143.4,69104.7,60123.1,60152.8
2026-06-10 00:00:00,59495.7,68360.5,59566.9,59462.3
2026-06-10 00:05:00,59325.3,68164.8,59307.6,59333.6
2026-06-10 00:10:00,58982.2,67770.5,58984.3,58981.2
2026-06-10 00:15:00,58657.6,67397.5,58721.8,58627.5
2026-06-10 00:20:00,58394.7,67095.5,58348.3,58416.5
2026-06-10 00:25:00,58164.3,66830.8,58108.6,58190.4
2026-06-10 00:30:00,57936.1,66568.6,57925.2,57941.2
2026-06-10 00:35:00,57743.0,66346.7,57697.0,57764.6
2026-06-10 00:40:00,57528.0,66099.6,57476.2,57552.2
2026-06-10 00:45:00,57291.9,65828.4,57295.4,57290.2
2026-06-10 00:50:00,57074.3,65578.3,57118.1,57053.7
2026-06-10 00:55:00,56881.1,65356.3,56864.0,56889.1
2026-06-10 01:00:00,56778.1,65238.0,56737.4,56797.2
2026-06-10 01:05:00,56757.3,65214.2,56720.1,56774.8
2026-06-10 01:10:00,56707.8,65157.2,56702.5,56710.2
2026-06-10 01:15:00,56559.0,64986.3,56537.8,56569.0
2026-06-10 01:20:00,56439.3,64848.8,56471.5,56424.3
2026-06-10 01:25:00,56332.6,64726.2,56311.5,56342.5
2026-06-10 01:30:00,56239.3,64619.0,56197.6,56258.9
2026-06-10 01:35:00,56176.9,64547.3,56138.2,56195.1
2026-06-10 01:40:00,56166.6,64535.5,56146.1,56176.3
2026-06-10 01:45:00,56160.6,64528.5,56131.9,56174.0
2026-06-10 01:50:00,56114.3,64475.4,56140.0,56102.3
2026-06-10 01:55:00,56084.4,64440.9,56028.4,56110.6
2026-06-10 02:00:00,56018.8,64365.5,55960.8,56045.9
2026-06-10 02:05:00,56008.7,64353.9,56026.6,56000.2
2026-06-10 02:10:00,55919.5,64251.5,55912.0,55923.0
2026-06-10 02:15:00,55874.2,64199.5,55921.6,55852.1
2026-06-10 02:20:00,55840.0,64160.2,55828.1,55845.6
2026-06-10 02:25:00,55834.4,64153.7,55813.5,55844.2
2026-06-10 02:30:00,55795.0,64108.5,55800.4,55792.5
2026-06-10 02:35:00,55705.1,64005.1,55705.6,55704.8
2026-06-10 02:40:00,55635.1,63924.8,55691.7,55608.7
2026-06-10 02:45:00,55600.2,63884.7,55582.1,55608.7
2026-06-10 02:50:00,55542.6,63818.5,55578.5,55525.8
2026-06-10 02:55:00,55493.9,63762.5,55466.7,55506.6
2026-06-10 03:00:00,55457.2,63720.3,55438.2,55466.1
2026-06-10 03:05:00,55399.3,63653.8,55381.8,55407.6
2026-06-10 03:10:00,55363.1,63612.1,55360.7,55364.1
2026-06-10 03:15:00,55290.7,63529.1,55363.8,55256.5
2026-06-10 03:20:00,55256.9,63490.2,55257.7,55256.6
2026-06-10 03:25:00,55257.8,63491.3,55256.8,55258.3
2026-06-10 03:30:00,55242.2,63473.2,55252.2,55237.5
2026-06-10 03:35:00,55206.1,63431.8,55266.0,55178.0
2026-06-10 03:40:00,55152.2,63369.8,55135.8,55159.8
2026-06-10 03:45:00,55123.1,63336.4,55138.2,55115.9
2026-06-10 03:50:00,55061.1,63265.2,55135.4,55026.3
2026-06-10 03:55:00,55028.5,63227.7,55039.3,55023.4
2026-06-10 04:00:00,55129.9,63344.2,55084.1,55151.3
2026-06-10 04:05:00,55220.3,63448.1,55256.4,55203.3
2026-06-10 04:10:00,55252.6,63485.3,55221.3,55267.3
2026-06-10 04:15:00,55352.0,63599.4,55333.8,55360.5
2026-06-10 04:20:00,55385.7,63638.2,55420.0,55369.6
2026-06-10 04:25:00,55450.7,63712.8,55426.9,55461.8
2026-06-10 04:30:00,55445.9,63707.4,55420.6,55457.8
2026-06-10 04:35:00,55493.4,63761.9,55478.6,55500.3
2026-06-10 04:40:00,55561.5,63840.2,55548.2,55567.8
2026-06-10 04:45:00,55567.7,63847.3,55545.5,55578.1
2026-06-10 04:50:00,55564.0,63843.1,55545.1,55572.9
2026-06-10 04:55:00,55563.1,63842.0,55544.8,55571.7
2026-06-10 05:00:00,55626.6,63914.9,55608.8,55634.9
2026-06-10 05:05:00,55805.6,64120.6,55807.6,55804.7
2026-06-10 05:10:00,55890.0,64217.6,55983.0,55846.4
2026-06-10 05:15:00,55948.8,64285.2,55965.0,55941.2
2026-06-10 05:20:00,56080.2,64436.1,56059.6,56089.9
2026-06-10 05:25:00,56195.2,64568.3,56171.2,56206.5
2026-06-10 05:30:00,56289.9,64677.1,56276.6,56296.1
2026-06-10 05:35:00,56451.5,64862.7,56441.5,56456.2
2026-06-10 05:40:00,56555.8,64982.6,56600.2,56534.9
2026-06-10 05:45:00,56661.2,65103.7,56720.7,56633.4
2026-06-10 05:50:00,56744.8,65199.7,56788.2,56724.4
2026-06-10 05:55:00,56850.7,65321.5,56889.7,56832.4
2026-06-10 06:00:00,57088.9,65595.1,57103.3,57082.1
2026-06-10 06:05:00,57479.4,66043.8,57433.6,57500.9
2026-06-10 06:10:00,57737.6,66340.5,57728.4,57741.8
2026-06-10 06:15:00,57893.4,66519.5,57878.0,57900.6
2026-06-10 06:20:00,58041.3,66689.5,58051.1,58036.7
2026-06-10 06:25:00,58196.8,66868.2,58145.7,58220.8
2026-06-10 06:30:00,58343.0,67036.1,58315.1,58356.0
2026-06-10 06:35:00,58540.5,67263.1,58539.8,58540.9
2026-06-10 06:40:00,58695.8,67441.4,58692.3,58697.4
2026-06-10 06:45:00,58891.2,67666.0,58894.9,58889.5
2026-06-10 06:50:00,59065.8,67866.6,59074.9,59061.5
2026-06-10 06:55:00,59225.3,68049.8,59245.5,59215.8
2026-06-10 07:00:00,59593.2,68472.6,59523.1,59626.0
2026-06-10 07:05:00,60124.9,69083.5,60070.2,60150.5
2026-06-10 07:10:00,60433.0,69437.6,60448.5,60425.8
2026-06-10 07:15:00,60682.0,69723.6,60683.9,60681.1
2026-06-10 07:20:00,60857.6,69925.4,60906.9,60834.6
2026-06-10 07:25:00,61047.7,70143.7,61092.1,61026.8
2026-06-10 07:30:00,61192.1,70309.8,61202.4,61187.3
2026-06-10 07:35:00,61402.5,70551.5,61403.0,61402.3
2026-06-10 07:40:00,61532.6,70701.0,61501.0,61547.4
2026-06-10 07:45:00,61703.2,70897.0,61679.4,61714.4
2026-06-10 07:50:00,61822.1,71033.6,61781.5,61841.2
2026-06-10 07:55:00,61968.8,71202.1,61923.0,61990.2
2026-06-10 08:00:00,62331.2,71618.5,62315.7,62338.5
2026-06-10 08:05:00,62948.9,72328.2,62904.5,62969.6
2026-06-10 08:10:00,63324.7,72760.1,63352.0,63311.9
2026-06-10 08:15:00,63646.6,73130.0,63576.8,63679.3
2026-06-10 08:20:00,63935.2,73461.5,63941.4,63932.3
2026-06-10 08:25:00,64257.0,73831.3,64208.0,64279.9
2026-06-10 08:30:00,64509.4,74121.3,64482.9,64521.8
2026-06-10 08:35:00,64799.4,74454.5,64796.0,64801.0
2026-06-10 08:40:00,64954.5,74632.7,64964.3,64949.9
2026-06-10 08:45:00,65103.4,74803.8,65125.7,65092.9
2026-06-10 08:50:00,65191.5,74905.0,65198.0,65188.4
2026-06-10 08:55:00,65274.8,75000.8,65291.3,65267.1
2026-06-10 09:00:00,65271.4,74996.8,65257.4,65278.0
2026-06-10 09:05:00,65355.8,75093.9,65406.0,65332.4
2026-06-10 09:10:00,65416.2,75163.2,65483.3,65384.8
2026-06-10 09:15:00,65456.9,75210.0,65482.2,65445.1
2026-06-10 09:20:00,65524.6,75287.8,65549.4,65513.1
2026-06-10 09:25:00,65577.5,75348.6,65665.7,65536.2
2026-06-10 09:30:00,65582.7,75354.6,65591.9,65578.4
2026-06-10 09:35:00,65597.5,75371.5,65590.2,65600.9
2026-06-10 09:40:00,65554.9,75322.6,65554.3,65555.2
2026-06-10 09:45:00,65555.7,75323.4,65556.6,65555.2
2026-06-10 09:50:00,65515.8,75277.7,65502.3,65522.1
2026-06-10 09:55:00,65389.8,75132.8,65402.4,65383.8
2026-06-10 10:00:00,65247.3,74969.2,65294.9,65225.0
2026-06-10 10:05:00,65275.0,75001.0,65380.6,65225.6
2026-06-10 10:10:00,65365.7,75105.2,65397.9,65350.6
2026-06-10 10:15:00,65564.8,75334.0,65565.8,65564.4
2026-06-10 10:20:00,65661.6,75445.1,65653.8,65665.2
2026-06-10 10:25:00,65721.6,75514.1,65739.6,65713.1
2026-06-10 10:30:00,65667.3,75451.7,65744.7,65631.0
2026-06-10 10:35:00,65666.8,75451.2,65674.7,65663.1
2026-06-10 10:40:00,65650.8,75432.7,65651.4,65650.5
2026-06-10 10:45:00,65654.3,75436.8,65662.5,65650.5
2026-06-10 10:50:00,65626.9,75405.3,65641.7,65620.0
2026-06-10 10:55:00,65513.4,75274.9,65530.2,65505.6
2026-06-10 11:00:00,65351.2,75088.5,65366.9,65343.8
2026-06-10 11:05:00,65258.1,74981.5,65343.8,65217.9
2026-06-10 11:10:00,65168.0,74878.1,65269.6,65120.5
2026-06-10 11:15:00,65124.9,74828.5,65131.5,65121.8
2026-06-10 11:20:00,65021.8,74710.1,65020.0,65022.7
2026-06-10 11:25:00,64919.8,74592.8,64908.6,64925.0
2026-06-10 11:30:00,64746.7,74394.0,64742.2,64748.8
2026-06-10 11:35:00,64591.1,74215.2,64575.3,64598.5
2026-06-10 11:40:00,64470.6,74076.7,64423.6,64492.6
2026-06-10 11:45:00,64298.4,73878.9,64315.3,64290.6
2026-06-10 11:50:00,64063.9,73609.4,63997.5,64095.0
2026-06-10 11:55:00,63700.3,73191.6,63630.5,63733.0
2026-06-10 12:00:00,63251.6,72676.1,63266.2,63244.8
2026-06-10 12:05:00,63423.1,72873.2,63346.7,63458.9
2026-06-10 12:10:00,63540.6,73008.2,63518.2,63551.1
2026-06-10 12:15:00,63654.3,73138.8,63564.0,63696.5
2026-06-10 12:20:00,63734.2,73230.6,63697.5,63751.5
2026-06-10 12:25:00,63772.5,73274.6,63738.2,63788.6
2026-06-10 12:30:00,63664.9,73151.0,63614.0,63688.8
2026-06-10 12:35:00,63688.9,73178.5,63643.9,63709.9
2026-06-10 12:40:00,63686.6,73175.9,63711.7,63674.9
2026-06-10 12:45:00,63744.4,73242.3,63750.6,63741.5
2026-06-10 12:50:00,63856.2,73370.7,63890.9,63839.9
2026-06-10 12:55:00,64112.5,73665.3,64086.3,64124.8
2026-06-10 13:00:00,64629.3,74259.1,64535.6,64673.3
2026-06-10 13:05:00,65083.1,74780.5,65027.6,65109.1
2026-06-10 13:10:00,65434.5,75184.3,65449.8,65427.4
2026-06-10 13:15:00,65580.8,75352.3,65696.6,65526.5
2026-06-10 13:20:00,65811.4,75617.3,65782.5,65824.9
2026-06-10 13:25:00,66021.9,75859.2,66003.0,66030.8
2026-06-10 13:30:00,66208.6,76073.7,66286.9,66172.0
2026-06-10 13:35:00,66451.4,76352.7,66439.6,66457.0
2026-06-10 13:40:00,66621.4,76548.0,66652.3,66606.9
2026-06-10 13:45:00,66782.8,76733.5,66744.8,66800.6
2026-06-10 13:50:00,66906.2,76875.2,66877.4,66919.6
2026-06-10 13:55:00,67042.2,77031.5,67024.4,67050.6
2026-06-10 14:00:00,67104.6,77103.2,67089.3,67111.7
2026-06-10 14:05:00,67136.1,77139.3,67186.6,67112.4
2026-06-10 14:10:00,67209.8,77224.1,67213.2,67208.3
2026-06-10 14:15:00,67255.7,77276.8,67300.6,67234.6
2026-06-10 14:20:00,67270.7,77294.0,67272.8,67269.7
2026-06-10 14:25:00,67304.9,77333.3,67369.2,67274.8
2026-06-10 14:30:00,67324.1,77355.4,67388.2,67294.1
2026-06-10 14:35:00,67322.3,77353.4,67387.9,67291.6
2026-06-10 14:40:00,67309.4,77338.5,67378.0,67277.2
2026-06-10 14:45:00,67295.9,77323.0,67370.4,67261.0
2026-06-10 14:50:00,67252.0,77272.5,67346.2,67207.8
2026-06-10 14:55:00,67214.3,77229.3,67253.9,67195.8
2026-06-10 15:00:00,67150.3,77155.7,67210.6,67122.0
2026-06-10 15:05:00,67093.2,77090.1,67123.2,67079.2
2026-06-10 15:10:00,67182.3,77192.5,67246.3,67152.4
2026-06-10 15:15:00,67349.3,77384.4,67397.8,67326.6
2026-06-10 15:20:00,67508.9,77567.7,67430.8,67545.4
2026-06-10 15:25:00,67640.5,77718.9,67674.6,67624.5
2026-06-10 15:30:00,67779.0,77878.0,67746.3,67794.3
2026-06-10 15:35:00,67888.2,78003.5,67875.1,67894.3
2026-06-10 15:40:00,67985.4,78115.2,67964.4,67995.2
2026-06-10 15:45:00,68153.4,78308.2,68103.1,68176.9
2026-06-10 15:50:00,68254.3,78424.2,68294.3,68235.6
2026-06-10 15:55:00,68341.7,78524.6,68384.4,68321.7
2026-06-10 16:00:00,68368.2,78555.1,68344.4,68379.4
2026-06-10 16:05:00,68293.7,78469.4,68367.3,68259.2
2026-06-10 16:10:00,68329.5,78510.6,68402.5,68295.4
2026-06-10 16:15:00,68420.1,78614.7,68448.1,68407.1
2026-06-10 16:20:00,68580.8,78799.4,68530.6,68604.4
2026-06-10 16:25:00,68691.5,78926.6,68732.2,68672.5
2026-06-10 16:30:00,68773.2,79020.4,68731.8,68792.6
2026-06-10 16:35:00,68914.2,79182.4,68885.2,68927.8
2026-06-10 16:40:00,69003.4,79284.9,68983.9,69012.5
2026-06-10 16:45:00,69110.0,79407.4,69109.2,69110.3
2026-06-10 16:50:00,69165.1,79470.7,69163.2,69165.9
2026-06-10 16:55:00,69200.7,79511.6,69244.5,69180.2
2026-06-10 17:00:00,69104.2,79400.7,69167.1,69074.7
2026-06-10 17:05:00,68958.7,79233.6,68941.5,68966.8
2026-06-10 17:10:00,69013.4,79296.3,69063.0,68990.1
2026-06-10 17:15:00,69092.6,79387.4,69072.4,69102.1
2026-06-10 17:20:00,69107.8,79404.9,69141.1,69092.3
2026-06-10 17:25:00,69165.2,79470.8,69141.1,69176.5
2026-06-10 17:30:00,69179.3,79487.1,69239.8,69151.0
2026-06-10 17:35:00,69197.9,79508.4,69260.9,69168.3
2026-06-10 17:40:00,69189.7,79499.0,69247.1,69162.8
2026-06-10 17:45:00,69192.2,79501.8,69252.2,69164.0
2026-06-10 17:50:00,69149.9,79453.2,69192.4,69129.9
2026-06-10 17:55:00,69119.7,79418.5,69150.4,69105.2
2026-06-10 18:00:00,69082.7,79376.0,69042.7,69101.5
2026-06-10 18:05:00,68949.2,79222.6,68966.3,68941.1
2026-06-10 18:10:00,68988.7,79268.0,69008.2,68979.5
2026-06-10 18:15:00,69065.2,79355.9,69030.3,69081.5
2026-06-10 18:20:00,69097.9,79393.5,69129.6,69083.0
2026-06-10 18:25:00,69159.9,79464.7,69113.4,69181.7
2026-06-10 18:30:00,69207.9,79519.9,69248.6,69188.9
2026-06-10 18:35:00,69191.6,79501.1,69228.8,69174.2
2026-06-10 18:40:00,69179.8,79487.6,69214.3,69163.7
2026-06-10 18:45:00,69182.3,79490.4,69219.4,69164.9
2026-06-10 18:50:00,69142.5,79444.7,69187.5,69121.4
2026-06-10 18:55:00,69079.6,79372.4,69048.0,69094.4
2026-06-10 19:00:00,69005.8,79287.7,68986.0,69015.1
2026-06-10 19:05:00,68938.7,79210.5,68850.8,68979.8
2026-06-10 19:10:00,68937.8,79209.6,68925.2,68943.7
2026-06-10 19:15:00,68935.4,79206.8,68921.2,68942.1
2026-06-10 19:20:00,68936.0,79207.5,68921.4,68942.9
2026-06-10 19:25:00,68920.3,79189.4,68885.2,68936.7
2026-06-10 19:30:00,68870.6,79132.3,68873.2,68869.3
2026-06-10 19:35:00,68883.7,79147.3,68792.6,68926.3
2026-06-10 19:40:00,68883.2,79146.8,68789.1,68927.3
2026-06-10 19:45:00,68885.8,79149.8,68794.8,68928.5
2026-06-10 19:50:00,68835.5,79092.0,68799.9,68852.2
2026-06-10 19:55:00,68738.4,78980.5,68782.3,68717.9
2026-06-10 20:00:00,68515.7,78724.6,68615.7,68468.9
2026-06-10 20:05:00,68389.3,78579.3,68374.8,68396.2
2026-06-10 20:10:00,68308.3,78486.3,68328.5,68298.9
2026-06-10 20:15:00,68269.6,78441.7,68213.3,68295.9
2026-06-10 20:20:00,68187.8,78347.7,68214.2,68175.4
2026-06-10 20:25:00,68143.6,78297.0,68103.9,68162.2
2026-06-10 20:30:00,68017.2,78151.8,68062.7,67995.9
2026-06-10 20:35:00,67811.3,77915.2,67861.8,67787.7
2026-06-10 20:40:00,67622.4,77698.1,67683.7,67593.6
2026-06-10 20:45:00,67397.3,77439.5,67490.7,67353.5
2026-06-10 20:50:00,67134.1,77137.1,67207.6,67099.7
2026-06-10 20:55:00,66921.8,76893.2,66896.7,66933.6
2026-06-10 21:00:00,66659.3,76591.5,66624.7,66675.4
2026-06-10 21:05:00,66452.5,76353.9,66494.9,66432.6
2026-06-10 21:10:00,66309.0,76189.0,66322.0,66302.8
2026-06-10 21:15:00,66149.7,76006.0,66128.1,66159.8
2026-06-10 21:20:00,65968.9,75798.3,65954.8,65975.5
2026-06-10 21:25:00,65779.7,75580.9,65778.6,65780.3
2026-06-10 21:30:00,65551.4,75318.6,65608.5,65524.7
2026-06-10 21:35:00,65380.4,75122.1,65405.6,65368.6
2026-06-10 21:40:00,65173.7,74884.6,65184.2,65168.8
2026-06-10 21:45:00,64947.3,74624.5,64971.7,64935.9
2026-06-10 21:50:00,64725.8,74370.0,64779.1,64700.9
2026-06-10 21:55:00,64541.6,74158.3,64514.9,64554.1
2026-06-10 22:00:00,64324.7,73909.0,64296.7,64337.8
2026-06-10 22:05:00,64380.7,73973.5,64302.4,64417.4
2026-06-10 22:10:00,64283.9,73862.3,64322.2,64266.0
2026-06-10 22:15:00,64119.4,73673.2,64173.4,64094.1
2026-06-10 22:20:00,64002.1,73538.4,63967.2,64018.4
2026-06-10 22:25:00,63827.6,73337.9,63849.1,63817.5
2026-06-10 22:30:00,63656.8,73141.7,63663.2,63653.8
2026-06-10 22:35:00,63483.1,72942.1,63462.2,63493.0
2026-06-10 22:40:00,63303.3,72735.5,63295.0,63307.2
2026-06-10 22:45:00,63115.3,72519.5,63103.1,63121.0
2026-06-10 22:50:00,62948.0,72327.2,62908.8,62966.3
2026-06-10 22:55:00,62800.1,72157.3,62824.1,62788.8
2026-06-10 23:00:00,62851.9,72216.8,62826.8,62863.6
2026-06-10 23:05:00,63220.2,72640.0,63203.8,63227.9
2026-06-10 23:10:00,63219.6,72639.4,63219.1,63219.9
2026-06-10 23:15:00,63055.7,72451.0,63032.8,63066.4
2026-06-10 23:20:00,62916.9,72291.5,62852.6,62947.0
2026-06-10 23:25:00,62705.6,72048.7,62625.5,62743.1
2026-06-10 23:30:00,62363.2,71655.3,62362.2,62363.6
2026-06-10 23:35:00,61973.6,71207.7,61990.7,61965.6
2026-06-10 23:40:00,61580.8,70756.3,61573.6,61584.1
2026-06-10 23:45:00,61180.2,70296.0,61200.9,61170.4
2026-06-10 23:50:00,60780.9,69837.3,60795.6,60774.0
2026-06-10 23:55:00,60360.4,69354.1,60375.4,60353.3
2026-06-11 00:00:00,59802.0,68712.5,59726.6,59837.3
2026-06-11 00:05:00,59611.3,68493.4,59620.6,59607.0
2026-06-11 00:10:00,59230.3,68055.6,59258.6,59217.1
2026-06-11 00:15:00,58899.2,67675.2,58895.0,58901.2
2026-06-11 00:20:00,58596.5,67327.3,58633.8,58579.0
2026-06-11 00:25:00,58347.9,67041.7,58364.6,58340.1
2026-06-11 00:30:00,58128.3,66789.4,58120.7,58131.8
2026-06-11 00:35:00,57943.6,66577.2,57868.2,57978.9
2026-06-11 00:40:00,57741.2,66344.6,57702.0,57759.5
2026-06-11 00:45:00,57527.5,66099.1,57475.0,57552.1
2026-06-11 00:50:00,57290.4,65826.7,57283.8,57293.5
2026-06-11 00:55:00,57081.8,65587.0,57114.6,57066.4
2026-06-11 01:00:00,56949.0,65434.4,56908.1,56968.1
2026-06-11 01:05:00,56857.8,65329.7,56884.3,56845.5
2026-06-11 01:10:00,56818.0,65283.9,56782.3,56834.8
2026-06-11 01:15:00,56759.0,65216.0,56750.0,56763.2
2026-06-11 01:20:00,56637.9,65076.9,56656.4,56629.2
2026-06-11 01:25:00,56525.0,64947.2,56538.6,56518.6
2026-06-11 01:30:00,56425.0,64832.4,56412.6,56430.9
2026-06-11 01:35:00,56349.9,64746.0,56320.7,56363.6
2026-06-11 01:40:00,56283.6,64669.8,56314.4,56269.1
2026-06-11 01:45:00,56263.4,64646.6,56239.9,56274.4
2026-06-11 01:50:00,56200.3,64574.1,56241.0,56181.2
2026-06-11 01:55:00,56184.8,64556.4,56138.1,56206.7
2026-06-11 02:00:00,56169.1,64538.3,56110.2,56196.6
2026-06-11 02:05:00,56223.5,64600.7,56175.9,56245.7
2026-06-11 02:10:00,56160.7,64528.7,56146.5,56167.4
2026-06-11 02:15:00,56081.2,64437.3,56102.8,56071.1
2026-06-11 02:20:00,56053.5,64405.5,56007.1,56075.2
2026-06-11 02:25:00,56081.4,64437.5,56037.2,56102.1
2026-06-11 02:30:00,56075.8,64431.1,56026.8,56098.7
2026-06-11 02:35:00,56059.8,64412.8,56051.1,56063.9
2026-06-11 02:40:00,56042.3,64392.6,56037.4,56044.6
2026-06-11 02:45:00,55998.3,64342.1,56038.3,55979.6
2026-06-11 02:50:00,55923.6,64256.2,55933.3,55919.1
2026-06-11 02:55:00,55871.2,64196.0,55932.3,55842.6
2026-06-11 03:00:00,55772.1,64082.1,55774.4,55771.0
2026-06-11 03:05:00,55721.5,64024.0,55717.7,55723.2
2026-06-11 03:10:00,55705.0,64005.1,55696.2,55709.1
2026-06-11 03:15:00,55640.1,63930.5,55694.1,55614.8
2026-06-11 03:20:00,55604.3,63889.4,55576.2,55617.5
2026-06-11 03:25:00,55606.4,63891.8,55579.0,55619.3
2026-06-11 03:30:00,55589.4,63872.2,55572.8,55597.2
2026-06-11 03:35:00,55561.2,63839.8,55607.6,55539.5
2026-06-11 03:40:00,55505.9,63776.3,55473.0,55521.3
2026-06-11 03:45:00,55509.1,63780.0,55482.9,55521.4
2026-06-11 03:50:00,55480.1,63746.6,55480.2,55480.1
2026-06-11 03:55:00,55404.3,63659.6,55484.8,55366.6
2026-06-11 04:00:00,55426.6,63685.2,55395.4,55441.3
2026-06-11 04:05:00,55487.7,63755.4,55476.0,55493.3
2026-06-11 04:10:00,55575.8,63856.6,55560.4,55583.0
2026-06-11 04:15:00,55611.1,63897.1,55663.8,55586.4
2026-06-11 04:20:00,55674.7,63970.2,55655.6,55683.6
2026-06-11 04:25:00,55679.5,63975.8,55662.6,55687.5
2026-06-11 04:30:00,55675.7,63971.3,55656.3,55684.7
2026-06-11 04:35:00,55720.4,64022.8,55705.9,55727.3
2026-06-11 04:40:00,55774.7,64085.2,55768.7,55777.5
2026-06-11 04:45:00,55772.8,64083.0,55766.0,55776.0
2026-06-11 04:50:00,55780.2,64091.4,55758.6,55790.3
2026-06-11 04:55:00,55799.3,64113.4,55772.4,55811.9
2026-06-11 05:00:00,55870.2,64194.9,55953.8,55831.1
2026-06-11 05:05:00,56019.4,64366.3,56038.6,56010.4
2026-06-11 05:10:00,56136.3,64500.6,56189.6,56111.4
2026-06-11 05:15:00,56211.9,64587.5,56291.0,56174.9
2026-06-11 05:20:00,56275.9,64661.0,56281.1,56273.5
2026-06-11 05:25:00,56386.6,64788.2,56380.9,56389.3
2026-06-11 05:30:00,56496.3,64914.3,56474.9,56506.3
2026-06-11 05:35:00,56657.7,65099.7,56662.0,56655.6
2026-06-11 05:40:00,56752.7,65208.8,56793.7,56733.5
2026-06-11 05:45:00,56834.6,65302.9,56895.0,56806.3
2026-06-11 05:50:00,56967.6,65455.8,56971.2,56966.0
2026-06-11 05:55:00,57103.5,65611.9,57048.3,57129.4
2026-06-11 06:00:00,57386.5,65937.1,57400.2,57380.1
2026-06-11 06:05:00,57809.8,66423.5,57809.5,57809.9
2026-06-11 06:10:00,57979.3,66618.2,58005.2,57967.2
2026-06-11 06:15:00,58168.1,66835.1,58177.3,58163.7
2026-06-11 06:20:00,58311.5,66999.9,58319.7,58307.6
2026-06-11 06:25:00,58439.6,67147.1,58408.2,58454.3
2026-06-11 06:30:00,58556.5,67281.4,58579.5,58545.7
2026-06-11 06:35:00,58813.3,67576.5,58747.1,58844.4
2026-06-11 06:40:00,58954.0,67738.2,58963.7,58949.5
2026-06-11 06:45:00,59117.0,67925.4,59073.1,59137.5
2026-06-11 06:50:00,59293.7,68128.4,59248.2,59314.9
2026-06-11 06:55:00,59456.7,68315.7,59461.0,59454.7
2026-06-11 07:00:00,59781.5,68688.9,59818.6,59764.0
2026-06-11 07:05:00,60355.5,69348.4,60283.3,60389.3
2026-06-11 07:10:00,60687.3,69729.8,60622.9,60717.5
2026-06-11 07:15:00,60969.2,70053.6,60967.8,60969.8
2026-06-11 07:20:00,61141.7,70251.9,61190.1,61119.1
2026-06-11 07:25:00,61303.1,70437.2,61361.3,61275.8
2026-06-11 07:30:00,61430.9,70584.1,61415.2,61438.2
2026-06-11 07:35:00,61679.1,70869.3,61594.3,61718.8
2026-06-11 07:40:00,61791.8,70998.7,61776.8,61798.8
2026-06-11 07:45:00,61910.5,71135.1,61903.6,61913.7
2026-06-11 07:50:00,62065.1,71312.8,61971.5,62108.9
2026-06-11 07:55:00,62174.7,71438.7,62155.5,62183.6
2026-06-11 08:00:00,62541.8,71860.5,62543.9,62540.8
2026-06-11 08:05:00,63106.6,72509.4,63062.6,63127.1
2026-06-11 08:10:00,63466.6,72923.2,63414.4,63491.1
2026-06-11 08:15:00,63802.3,73308.8,63790.0,63808.1
2026-06-11 08:20:00,64060.5,73605.5,64027.4,64076.0
2026-06-11 08:25:00,64342.6,73929.7,64305.9,64359.9
2026-06-11 08:30:00,64564.0,74184.0,64509.9,64589.3
2026-06-11 08:35:00,64820.4,74478.7,64892.3,64786.8
2026-06-11 08:40:00,64993.7,74677.7,64960.8,65009.0
2026-06-11 08:45:00,65170.7,74881.1,65117.6,65195.5
2026-06-11 08:50:00,65251.3,74973.8,65308.3,65224.6
2026-06-11 08:55:00,65307.8,75038.7,65384.8,65271.8
2026-06-11 09:00:00,65218.1,74935.7,65255.8,65200.5
2026-06-11 09:05:00,65251.2,74973.6,65296.9,65229.7
2026-06-11 09:10:00,65294.9,75023.8,65389.3,65250.7
2026-06-11 09:15:00,65365.4,75104.9,65416.0,65341.8
2026-06-11 09:20:00,65385.7,75128.2,65427.1,65366.3
2026-06-11 09:25:00,65412.1,75158.5,65419.5,65408.7
2026-06-11 09:30:00,65341.9,75077.8,65330.6,65347.1
2026-06-11 09:35:00,65322.2,75055.2,65351.1,65308.6
2026-06-11 09:40:00,65247.0,74968.8,65220.4,65259.4
2026-06-11 09:45:00,65173.0,74883.7,65215.0,65153.3
2026-06-11 09:50:00,65107.9,74809.0,65080.8,65120.6
2026-06-11 09:55:00,65009.7,74696.1,64984.3,65021.5
2026-06-11 10:00:00,64820.6,74478.9,64847.6,64808.0
2026-06-11 10:05:00,64831.9,74491.9,64850.7,64823.1
2026-06-11 10:10:00,64866.4,74531.5,64859.4,64869.7
2026-06-11 10:15:00,64999.2,74684.1,65028.8,64985.4
2026-06-11 10:20:00,65050.1,74742.6,65028.7,65060.1
2026-06-11 10:25:00,65055.5,74748.8,65131.3,65020.0
2026-06-11 10:30:00,64938.6,74614.5,65021.8,64899.7
2026-06-11 10:35:00,64876.7,74543.4,64947.5,64843.6
2026-06-11 10:40:00,64836.9,74497.6,64818.6,64845.5
2026-06-11 10:45:00,64751.5,74399.5,64748.3,64753.0
2026-06-11 10:50:00,64639.7,74271.0,64639.9,64639.5
2026-06-11 10:55:00,64555.3,74174.0,64517.5,64572.9
2026-06-11 11:00:00,64412.8,74010.3,64367.8,64433.9
2026-06-11 11:05:00,64355.1,73944.0,64341.4,64361.5
2026-06-11 11:10:00,64271.5,73848.0,64231.1,64290.4
2026-06-11 11:15:00,64187.9,73751.9,64241.8,64162.7
2026-06-11 11:20:00,64079.4,73627.3,64096.0,64071.7
2026-06-11 11:25:00,64015.3,73553.6,64008.2,64018.6
2026-06-11 11:30:00,63897.3,73418.0,63832.8,63927.6
2026-06-11 11:35:00,63780.3,73283.5,63766.5,63786.7
2026-06-11 11:40:00,63640.1,73122.5,63552.8,63681.0
2026-06-11 11:45:00,63553.5,73023.0,63478.0,63588.9
2026-06-11 11:50:00,63331.6,72768.0,63256.6,63366.7
2026-06-11 11:55:00,62966.0,72347.9,62921.0,62987.1
2026-06-11 12:00:00,62527.2,71843.8,62549.4,62516.8
2026-06-11 12:05:00,62568.5,71891.2,62543.0,62580.4
2026-06-11 12:10:00,62579.0,71903.3,62519.4,62607.0
2026-06-11 12:15:00,62652.5,71987.7,62593.9,62679.9
2026-06-11 12:20:00,62605.6,71933.9,62602.1,62607.3
2026-06-11 12:25:00,62600.6,71928.1,62579.4,62610.5
2026-06-11 12:30:00,62491.5,71802.8,62458.2,62507.2
2026-06-11 12:35:00,62522.2,71838.0,62484.6,62539.9
2026-06-11 12:40:00,62562.0,71883.8,62519.6,62581.9
2026-06-11 12:45:00,62577.9,71902.0,62556.6,62587.9
2026-06-11 12:50:00,62760.7,72112.0,62751.6,62764.9
2026-06-11 12:55:00,62975.4,72358.8,62997.6,62965.0
2026-06-11 13:00:00,63427.8,72878.5,63372.2,63453.8
2026-06-11 13:05:00,63927.9,73453.2,63892.0,63944.8
2026-06-11 13:10:00,64319.1,73902.7,64280.0,64337.5
2026-06-11 13:15:00,64548.8,74166.6,64571.9,64538.0
2026-06-11 13:20:00,64677.8,74314.8,64715.3,64660.2
2026-06-11 13:25:00,64922.0,74595.4,64955.1,64906.6
2026-06-11 13:30:00,65136.0,74841.3,65069.9,65167.0
2026-06-11 13:35:00,65388.8,75131.7,65405.9,65380.8
2026-06-11 13:40:00,65580.2,75351.6,65563.6,65587.9
2026-06-11 13:45:00,65789.3,75592.0,65789.1,65789.5
2026-06-11 13:50:00,65891.6,75709.4,65877.9,65898.0
2026-06-11 13:55:00,65989.8,75822.3,65994.6,65987.6
2026-06-11 14:00:00,66059.9,75902.8,66065.9,66057.1
2026-06-11 14:05:00,66163.6,76022.0,66155.2,66167.6
2026-06-11 14:10:00,66300.6,76179.4,66299.2,66301.3
2026-06-11 14:15:00,66413.1,76308.7,66412.4,66413.5
2026-06-11 14:20:00,66497.0,76405.1,66485.1,66502.6
2026-06-11 14:25:00,66581.3,76502.0,66591.7,66576.5
2026-06-11 14:30:00,66680.3,76615.6,66671.3,66684.5
2026-06-11 14:35:00,66769.9,76718.6,66743.4,66782.3
2026-06-11 14:40:00,66788.1,76739.5,66832.4,66767.3
2026-06-11 14:45:00,66811.8,76766.7,66818.5,66808.6
2026-06-11 14:50:00,66821.9,76778.4,66801.2,66831.6
2026-06-11 14:55:00,66794.0,76746.3,66781.0,66800.0
2026-06-11 15:00:00,66751.4,76697.3,66775.4,66740.2
2026-06-11 15:05:00,66690.0,76626.8,66767.7,66653.6
2026-06-11 15:10:00,66804.4,76758.3,66788.3,66812.0
2026-06-11 15:15:00,66984.1,76964.7,66948.2,67000.9
2026-06-11 15:20:00,67104.7,77103.3,67125.5,67095.0
2026-06-11 15:25:00,67238.1,77256.6,67270.3,67223.0
2026-06-11 15:30:00,67314.9,77344.9,67295.4,67324.1
2026-06-11 15:35:00,67401.6,77444.5,67451.1,67378.4
2026-06-11 15:40:00,67505.8,77564.2,67546.2,67486.9
2026-06-11 15:45:00,67627.0,77703.4,67681.8,67601.4
2026-06-11 15:50:00,67725.6,77816.7,67772.1,67703.8
2026-06-11 15:55:00,67813.2,77917.4,67853.9,67794.2
2026-06-11 16:00:00,67844.9,77953.7,67868.3,67833.9
2026-06-11 16:05:00,67723.7,77814.6,67794.0,67690.8
2026-06-11 16:10:00,67815.6,77920.1,67850.2,67799.4
2026-06-11 16:15:00,67931.7,78053.5,67976.2,67910.9
2026-06-11 16:20:00,68013.0,78147.0,68073.2,67984.9
2026-06-11 16:25:00,68088.4,78233.5,68068.1,68097.9
2026-06-11 16:30:00,68181.6,78340.6,68170.2,68186.9
2026-06-11 16:35:00,68228.1,78394.1,68288.0,68200.0
2026-06-11 16:40:00,68293.1,78468.7,68267.5,68305.0
2026-06-11 16:45:00,68322.1,78502.1,68375.0,68297.4
2026-06-11 16:50:00,68365.4,78551.9,68372.0,68362.3
2026-06-11 16:55:00,68407.2,78599.8,68440.6,68391.5
2026-06-11 17:00:00,68424.2,78619.4,68367.3,68450.8
2026-06-11 17:05:00,68315.4,78494.4,68262.9,68340.0
2026-06-11 17:10:00,68414.3,78608.0,68358.8,68440.3
2026-06-11 17:15:00,68525.7,78736.1,68481.3,68546.6
2026-06-11 17:20:00,68603.6,78825.5,68572.8,68618.0
2026-06-11 17:25:00,68669.7,78901.5,68694.1,68658.2
2026-06-11 17:30:00,68717.2,78956.1,68695.0,68727.6
2026-06-11 17:35:00,68768.2,79014.6,68847.9,68730.9
2026-06-11 17:40:00,68856.2,79115.8,68852.2,68858.0
2026-06-11 17:45:00,68913.7,79181.9,68968.3,68888.2
2026-06-11 17:50:00,68940.4,79212.5,68933.3,68943.7
2026-06-11 17:55:00,68942.5,79215.0,68982.8,68923.7
2026-06-11 18:00:00,68931.4,79202.2,68963.5,68916.4
2026-06-11 18:05:00,68858.4,79118.3,68904.8,68836.6
2026-06-11 18:10:00,68895.4,79160.8,68943.7,68872.8
2026-06-11 18:15:00,68960.2,79235.3,68950.9,68964.6
2026-06-11 18:20:00,68983.5,79262.0,69031.1,68961.2
2026-06-11 18:25:00,69064.9,79355.6,69063.5,69065.6
2026-06-11 18:30:00,69102.0,79398.2,69164.3,69072.8
2026-06-11 18:35:00,69139.5,79441.3,69147.0,69136.0
2026-06-11 18:40:00,69125.0,79424.6,69123.9,69125.5
2026-06-11 18:45:00,69127.4,79427.4,69129.0,69126.7
2026-06-11 18:50:00,69083.0,79376.4,69086.5,69081.4
2026-06-11 18:55:00,68994.5,79274.6,69043.4,68971.5
2026-06-11 19:00:00,68945.0,79217.8,68880.8,68975.1
2026-06-11 19:05:00,68857.3,79117.0,68870.2,68851.3
2026-06-11 19:10:00,68828.1,79083.5,68846.4,68819.5
2026-06-11 19:15:00,68823.5,79078.2,68831.5,68819.7
2026-06-11 19:20:00,68805.5,79057.5,68831.7,68793.2
2026-06-11 19:25:00,68762.5,79008.1,68710.4,68787.0
2026-06-11 19:30:00,68736.6,78978.3,68698.4,68754.5
2026-06-11 19:35:00,68683.5,78917.4,68712.4,68670.0
2026-06-11 19:40:00,68637.8,78864.9,68567.1,68670.9
2026-06-11 19:45:00,68640.5,78867.9,68572.8,68672.2
2026-06-11 19:50:00,68615.4,78839.1,68542.8,68649.4
2026-06-11 19:55:00,68527.2,78737.8,68525.3,68528.2
2026-06-11 20:00:00,68389.4,78579.5,68369.6,68398.7
2026-06-11 20:05:00,68265.8,78437.4,68287.7,68255.6
2026-06-11 20:10:00,68198.4,78359.9,68246.0,68176.0
2026-06-11 20:15:00,68151.1,78305.6,68115.6,68167.7
2026-06-11 20:20:00,68060.0,78200.9,68124.2,68029.9
2026-06-11 20:25:00,67898.3,78015.2,67995.2,67853.0
2026-06-11 20:30:00,67673.1,77756.4,67655.0,67681.5
2026-06-11 20:35:00,67489.4,77545.3,67497.2,67485.7
2026-06-11 20:40:00,67279.3,77303.9,67334.3,67253.6
2026-06-11 20:45:00,67092.4,77089.2,67130.0,67074.8
2026-06-11 20:50:00,66876.4,76841.0,66910.4,66860.5
2026-06-11 20:55:00,66634.3,76562.8,66679.2,66613.2
2026-06-11 21:00:00,66354.2,76241.0,66327.9,66366.5
2026-06-11 21:05:00,66256.8,76129.1,66201.3,66282.8
2026-06-11 21:10:00,66118.5,75970.2,66136.8,66110.0
2026-06-11 21:15:00,65943.6,75769.1,65968.1,65932.1
2026-06-11 21:20:00,65786.0,75588.1,65793.7,65782.4
2026-06-11 21:25:00,65544.6,75310.8,65612.1,65513.0
2026-06-11 21:30:00,65318.1,75050.4,65409.9,65275.0
2026-06-11 21:35:00,65126.8,74830.7,65123.9,65128.2
2026-06-11 21:40:00,64894.8,74564.1,64880.1,64901.7
2026-06-11 21:45:00,64705.2,74346.3,64678.5,64717.7
2026-06-11 21:50:00,64544.6,74161.8,64516.4,64557.9
2026-06-11 21:55:00,64364.2,73954.5,64334.9,64378.0
2026-06-11 22:00:00,64201.9,73767.9,64210.3,64197.9
2026-06-11 22:05:00,64214.3,73782.2,64183.5,64228.7
2026-06-11 22:10:00,64123.7,73678.1,64113.7,64128.4
2026-06-11 22:15:00,64011.7,73549.4,63973.7,64029.5
2026-06-11 22:20:00,63859.6,73374.7,63888.2,63846.2
2026-06-11 22:25:00,63693.0,73183.3,63703.6,63688.1
2026-06-11 22:30:00,63486.1,72945.5,63497.8,63480.6
2026-06-11 22:35:00,63313.1,72746.7,63281.4,63328.0
2026-06-11 22:40:00,63115.5,72519.7,63105.5,63120.2
2026-06-11 22:45:00,62946.5,72325.5,62915.8,62960.9
2026-06-11 22:50:00,62802.1,72159.7,62823.5,62792.1
2026-06-11 22:55:00,62681.9,72021.5,62669.2,62687.9
2026-06-11 23:00:00,62741.4,72089.9,62732.9,62745.4
2026-06-11 23:05:00,63114.3,72518.3,63124.1,63109.7
2026-06-11 23:10:00,63089.4,72489.7,63117.8,63076.1
2026-06-11 23:15:00,62934.6,72311.9,62920.1,62941.4
2026-06-11 23:20:00,62716.2,72061.0,62675.3,62735.4
2026-06-11 23:25:00,62495.1,71806.9,62453.0,62514.8
2026-06-11 23:30:00,62185.2,71450.8,62182.4,62186.5
2026-06-11 23:35:00,61796.6,71004.2,61760.3,61813.5
2026-06-11 23:40:00,61349.7,70490.8,61380.8,61335.2
2026-06-11 23:45:00,60950.9,70032.6,61004.5,60925.8
2026-06-11 23:50:00,60559.2,69582.5,60605.4,60537.5
2026-06-11 23:55:00,60153.2,69116.1,60132.2,60163.1
2026-06-12 00:00:00,59506.0,68372.4,59577.3,59472.6
2026-06-12 00:05:00,59320.8,68159.6,59306.4,59327.5
2026-06-12 00:10:00,58981.8,67770.1,58981.7,58981.9
2026-06-12 00:15:00,58656.5,67396.4,58718.9,58627.3
2026-06-12 00:20:00,58393.7,67094.4,58345.4,58416.3
2026-06-12 00:25:00,58163.4,66829.8,58106.1,58190.3
2026-06-12 00:30:00,57937.8,66570.5,57924.5,57944.0
2026-06-12 00:35:00,57742.6,66346.3,57694.4,57765.2
2026-06-12 00:40:00,57526.4,66097.9,57470.1,57552.8
2026-06-12 00:45:00,57289.8,65826.0,57289.3,57290.1
2026-06-12 00:50:00,57073.6,65577.6,57112.4,57055.5
2026-06-12 00:55:00,56879.4,65354.5,56861.1,56888.0
2026-06-12 01:00:00,56779.3,65239.4,56744.0,56795.8
2026-06-12 01:05:00,56754.4,65210.8,56721.6,56769.8
2026-06-12 01:10:00,56709.0,65158.6,56702.6,56712.0
2026-06-12 01:15:00,56560.3,64987.8,56537.7,56570.8
2026-06-12 01:20:00,56440.5,64850.1,56471.3,56426.1
2026-06-12 01:25:00,56333.9,64727.7,56311.6,56344.3
2026-06-12 01:30:00,56243.0,64623.2,56199.5,56263.4
2026-06-12 01:35:00,56209.6,64584.8,56234.2,56198.0
2026-06-12 01:40:00,56168.5,64537.7,56145.8,56179.2
2026-06-12 01:45:00,56162.5,64530.8,56131.9,56176.9
2026-06-12 01:50:00,56113.1,64474.0,56140.4,56100.4
2026-06-12 01:55:00,56082.4,64438.7,56028.7,56107.6
2026-06-12 02:00:00,56022.5,64369.9,55968.1,56048.0
2026-06-12 02:05:00,56012.5,64358.4,56028.7,56005.0
2026-06-12 02:10:00,55922.9,64255.4,55912.7,55927.6
2026-06-12 02:15:00,55877.6,64203.4,55921.9,55856.9
2026-06-12 02:20:00,55843.6,64164.3,55829.1,55850.4
2026-06-12 02:25:00,55838.2,64158.1,55815.0,55849.0
2026-06-12 02:30:00,55800.5,64114.7,55803.7,55799.0
2026-06-12 02:35:00,55746.8,64053.1,55826.2,55709.7
2026-06-12 02:40:00,55702.2,64001.8,55692.8,55706.6
2026-06-12 02:45:00,55638.5,63928.7,55691.8,55613.6
2026-06-12 02:50:00,55603.3,63888.2,55580.2,55614.1
2026-06-12 02:55:00,55590.6,63873.6,55580.0,55595.5
2026-06-12 03:00:00,55501.2,63770.8,55546.1,55480.1
2026-06-12 03:05:00,55514.6,63786.2,55500.7,55521.1
2026-06-12 03:10:00,55470.8,63736.0,55480.0,55466.6
2026-06-12 03:15:00,55403.1,63658.2,55483.0,55365.7
2026-06-12 03:20:00,55364.0,63613.3,55360.4,55365.7
2026-06-12 03:25:00,55293.7,63532.5,55363.9,55260.9
2026-06-12 03:30:00,55245.8,63477.4,55258.2,55240.0
2026-06-12 03:35:00,55213.5,63440.3,55290.4,55177.5
2026-06-12 03:40:00,55149.0,63366.2,55123.8,55160.9
2026-06-12 03:45:00,55153.5,63371.4,55137.6,55160.9
2026-06-12 03:50:00,55120.7,63333.6,55133.1,55114.9
2026-06-12 03:55:00,55066.4,63271.3,55132.7,55035.4
2026-06-12 04:00:00,55102.4,63312.6,55073.2,55116.1
2026-06-12 04:05:00,55161.3,63380.3,55146.4,55168.3
2026-06-12 04:10:00,55244.3,63475.7,55206.9,55261.9
2026-06-12 04:15:00,55287.3,63525.1,55333.8,55265.6
2026-06-12 04:20:00,55347.0,63593.7,55325.6,55357.0
2026-06-12 04:25:00,55381.6,63633.4,55427.8,55359.9
2026-06-12 04:30:00,55443.1,63704.1,55423.3,55452.3
2026-06-12 04:35:00,55491.2,63759.4,55480.4,55496.3
2026-06-12 04:40:00,55556.8,63834.8,55544.7,55562.5
2026-06-12 04:45:00,55554.7,63832.4,55541.4,55560.9
2026-06-12 04:50:00,55555.6,63833.4,55534.4,55565.5
2026-06-12 04:55:00,55553.9,63831.5,55541.2,55559.9
2026-06-12 05:00:00,55596.3,63880.2,55618.5,55586.0
2026-06-12 05:05:00,55739.7,64044.9,55798.4,55712.2
2026-06-12 05:10:00,55841.1,64161.4,55834.3,55844.3
2026-06-12 05:15:00,55947.0,64283.1,55962.7,55939.7
2026-06-12 05:20:00,56078.4,64434.1,56057.2,56088.4
2026-06-12 05:25:00,56193.7,64566.6,56169.7,56205.0
2026-06-12 05:30:00,56288.9,64676.0,56276.9,56294.6
2026-06-12 05:35:00,56454.0,64865.7,56441.0,56460.2
2026-06-12 05:40:00,56552.2,64978.5,56596.6,56531.5
2026-06-12 05:45:00,56657.6,65099.5,56716.5,56629.9
2026-06-12 05:50:00,56741.0,65195.5,56786.8,56719.6
2026-06-12 05:55:00,56843.8,65313.5,56887.1,56823.5
2026-06-12 06:00:00,57089.8,65596.2,57098.2,57085.9
2026-06-12 06:05:00,57494.6,66061.3,57505.0,57489.7
2026-06-12 06:10:00,57731.9,66334.0,57735.1,57730.5
2026-06-12 06:15:00,57886.3,66511.4,57867.0,57895.3
2026-06-12 06:20:00,58038.1,66685.8,58039.1,58037.6
2026-06-12 06:25:00,58193.9,66864.8,58133.8,58222.0
2026-06-12 06:30:00,58339.4,67031.9,58307.4,58354.3
2026-06-12 06:35:00,58530.7,67251.8,58531.4,58530.4
2026-06-12 06:40:00,58682.0,67425.6,58679.9,58683.0
2026-06-12 06:45:00,58851.1,67619.9,58799.8,58875.1
2026-06-12 06:50:00,59016.5,67809.9,58952.5,59046.4
2026-06-12 06:55:00,59119.2,67928.0,59139.9,59109.6
2026-06-12 07:00:00,59433.6,68289.2,59393.9,59452.2
2026-06-12 07:05:00,59910.1,68836.7,59872.3,59927.9
2026-06-12 07:10:00,60211.1,69182.5,60239.3,60197.9
2026-06-12 07:15:00,60502.0,69516.8,60480.2,60512.3
2026-06-12 07:20:00,60651.0,69688.0,60670.3,60642.0
2026-06-12 07:25:00,60789.6,69847.3,60739.8,60812.9
2026-06-12 07:30:00,60895.1,69968.4,60921.6,60882.7
2026-06-12 07:35:00,61124.8,70232.4,61104.8,61134.2
2026-06-12 07:40:00,61252.8,70379.5,61211.2,61272.3
2026-06-12 07:45:00,61380.8,70526.6,61348.1,61396.1
2026-06-12 07:50:00,61484.4,70645.6,61455.4,61498.0
2026-06-12 07:55:00,61593.3,70770.6,61535.8,61620.2
2026-06-12 08:00:00,61894.5,71116.8,61868.0,61907.0
2026-06-12 08:05:00,62437.7,71740.9,62399.3,62455.7
2026-06-12 08:10:00,62789.0,72144.6,62732.4,62815.6
2026-06-12 08:15:00,63134.4,72541.4,63120.0,63141.1
2026-06-12 08:20:00,63332.4,72768.9,63306.5,63344.5
2026-06-12 08:25:00,63554.8,73024.5,63538.4,63562.5
2026-06-12 08:30:00,63783.8,73287.5,63755.0,63797.2
2026-06-12 08:35:00,64014.2,73552.3,63987.0,64027.0
2026-06-12 08:40:00,64164.2,73724.7,64117.5,64186.1
2026-06-12 08:45:00,64292.8,73872.4,64272.8,64302.2
2026-06-12 08:50:00,64397.9,73993.2,64363.8,64413.9
2026-06-12 08:55:00,64492.0,74101.3,64441.5,64515.7
2026-06-12 09:00:00,64504.9,74116.1,64480.2,64516.5
2026-06-12 09:05:00,64609.8,74236.7,64588.0,64620.0
2026-06-12 09:10:00,64765.7,74415.8,64709.2,64792.2
2026-06-12 09:15:00,64855.0,74518.4,64947.1,64811.9
2026-06-12 09:20:00,64912.1,74584.0,64948.0,64895.3
2026-06-12 09:25:00,64944.5,74621.2,64935.6,64948.6
2026-06-12 09:30:00,64908.0,74579.3,64988.6,64870.3
2026-06-12 09:35:00,64892.9,74562.0,64914.6,64882.7
2026-06-12 09:40:00,64842.0,74503.5,64857.0,64835.0
2026-06-12 09:45:00,64805.3,74461.2,64868.1,64775.8
2026-06-12 09:50:00,64755.7,74404.3,64772.3,64748.0
2026-06-12 09:55:00,64690.6,74329.5,64732.4,64671.1
2026-06-12 10:00:00,64595.0,74219.6,64622.4,64582.1
2026-06-12 10:05:00,64677.2,74314.1,64684.4,64673.8
2026-06-12 10:10:00,64739.1,74385.2,64797.4,64711.7
2026-06-12 10:15:00,64889.2,74557.7,64876.0,64895.4
2026-06-12 10:20:00,64945.9,74622.8,64950.3,64943.8
2026-06-12 10:25:00,64952.3,74630.2,65031.9,64915.1
2026-06-12 10:30:00,64854.5,74517.8,64927.7,64820.2
2026-06-12 10:35:00,64812.3,74469.3,64864.3,64787.9
2026-06-12 10:40:00,64759.2,74408.3,64766.1,64755.9
2026-06-12 10:45:00,64720.9,74364.3,64777.2,64694.5
2026-06-12 10:50:00,64666.0,74301.2,64664.6,64666.6
2026-06-12 10:55:00,64597.6,74222.6,64649.3,64573.3
2026-06-12 11:00:00,64509.6,74121.5,64483.8,64521.7
2026-06-12 11:05:00,64458.0,74062.3,64459.2,64457.5
2026-06-12 11:10:00,64404.9,74001.3,64467.0,64375.9
2026-06-12 11:15:00,64365.1,73955.5,64360.0,64367.5
2026-06-12 11:20:00,64273.6,73850.4,64338.5,64243.2
2026-06-12 11:25:00,64191.8,73756.3,64247.4,64165.7
2026-06-12 11:30:00,64031.1,73571.7,64032.8,64030.3
2026-06-12 11:35:00,63947.1,73475.2,63861.7,63987.1
2026-06-12 11:40:00,63807.3,73314.6,63728.8,63844.1
2026-06-12 11:45:00,63660.3,73145.6,63651.6,63664.3
2026-06-12 11:50:00,63482.1,72940.9,63366.3,63536.3
2026-06-12 11:55:00,63163.1,72574.4,63103.6,63190.9
2026-06-12 12:00:00,62764.1,72116.0,62769.6,62761.5
2026-06-12 12:05:00,62887.0,72257.1,62829.9,62913.7
2026-06-12 12:10:00,62915.2,72289.5,62897.4,62923.5
2026-06-12 12:15:00,62904.4,72277.2,62885.6,62913.3
2026-06-12 12:20:00,62916.1,72290.6,62892.4,62927.2
2026-06-12 12:25:00,62921.0,72296.3,62882.1,62939.3
2026-06-12 12:30:00,62785.5,72140.5,62748.2,62802.9
2026-06-12 12:35:00,62767.9,72120.3,62759.6,62771.8
2026-06-12 12:40:00,62849.4,72214.0,62819.4,62863.5
2026-06-12 12:45:00,62865.2,72232.1,62841.1,62876.5
2026-06-12 12:50:00,63039.4,72432.3,63028.5,63044.5
2026-06-12 12:55:00,63208.5,72626.6,63260.4,63184.2
2026-06-12 13:00:00,63560.4,73030.9,63485.5,63595.4
2026-06-12 13:05:00,63965.9,73496.8,63906.7,63993.6
2026-06-12 13:10:00,64262.4,73837.5,64218.9,64282.7
2026-06-12 13:15:00,64497.9,74108.1,64529.6,64483.0
2026-06-12 13:20:00,64734.3,74379.7,64695.2,64752.6
2026-06-12 13:25:00,64950.1,74627.7,64923.6,64962.5
2026-06-12 13:30:00,65159.6,74868.4,65178.5,65150.7
2026-06-12 13:35:00,65367.2,75107.0,65392.7,65355.3
2026-06-12 13:40:00,65528.0,75291.7,65498.6,65541.8
2026-06-12 13:45:00,65727.3,75520.6,65747.5,65717.8
2026-06-12 13:50:00,65839.7,75649.8,65890.1,65816.0
2026-06-12 13:55:00,65921.3,75743.6,65969.0,65899.0
2026-06-12 14:00:00,65979.7,75810.7,66058.8,65942.6
2026-06-12 14:05:00,66025.0,75862.7,66049.9,66013.4
2026-06-12 14:10:00,66156.8,76014.2,66201.0,66136.2
2026-06-12 14:15:00,66295.1,76173.0,66288.3,66298.2
2026-06-12 14:20:00,66398.5,76291.9,66385.5,66404.6
2026-06-12 14:25:00,66494.6,76402.3,66482.5,66500.3
2026-06-12 14:30:00,66538.8,76453.1,66536.7,66539.8
2026-06-12 14:35:00,66621.2,76547.7,66656.9,66604.4
2026-06-12 14:40:00,66670.7,76604.6,66648.9,66680.8
2026-06-12 14:45:00,66711.1,76651.1,66722.7,66705.7
2026-06-12 14:50:00,66695.2,76632.8,66695.6,66695.0
2026-06-12 14:55:00,66712.7,76652.9,66675.4,66730.2
2026-06-12 15:00:00,66655.2,76586.8,66657.5,66654.1
2026-06-12 15:05:00,66605.3,76529.5,66642.7,66587.8
2026-06-12 15:10:00,66708.0,76647.4,66691.9,66715.5
2026-06-12 15:15:00,66852.1,76813.1,66827.8,66863.5
2026-06-12 15:20:00,66966.7,76944.7,66979.3,66960.8
2026-06-12 15:25:00,67081.6,77076.8,67129.9,67059.0
2026-06-12 15:30:00,67126.4,77128.3,67225.5,67080.0
2026-06-12 15:35:00,67190.9,77202.4,67230.7,67172.3
2026-06-12 15:40:00,67215.6,77230.7,67295.5,67178.1
2026-06-12 15:45:00,67258.4,77279.9,67304.8,67236.7
2026-06-12 15:50:00,67292.8,77319.4,67295.5,67291.6
2026-06-12 15:55:00,67317.1,77347.4,67403.2,67276.8
2026-06-12 16:00:00,67310.7,77340.0,67329.8,67301.8
2026-06-12 16:05:00,67208.0,77222.0,67278.8,67174.8
2026-06-12 16:10:00,67282.4,77307.5,67332.3,67259.1
2026-06-12 16:15:00,67324.7,77356.1,67428.6,67276.0
2026-06-12 16:20:00,67349.7,77384.8,67418.5,67317.5
2026-06-12 16:25:00,67419.7,77465.3,67412.5,67423.1
2026-06-12 16:30:00,67501.4,77559.1,67489.3,67507.1
2026-06-12 16:35:00,67546.4,77610.9,67612.8,67515.4
2026-06-12 16:40:00,67624.3,77700.3,67602.7,67634.4
2026-06-12 16:45:00,67657.2,77738.1,67703.4,67635.6
2026-06-12 16:50:00,67700.5,77787.9,67666.1,67716.6
2026-06-12 16:55:00,67754.9,77850.4,67769.8,67747.9
2026-06-12 17:00:00,67739.5,77832.7,67693.3,67761.2
2026-06-12 17:05:00,67608.0,77681.6,67618.1,67603.3
2026-06-12 17:10:00,67648.9,77728.6,67690.5,67629.4
2026-06-12 17:15:00,67742.3,77835.9,67705.5,67759.5
2026-06-12 17:20:00,67777.9,77876.8,67821.6,67757.4
2026-06-12 17:25:00,67841.3,77949.6,67822.1,67850.3
2026-06-12 17:30:00,67856.6,77967.3,67900.4,67836.2
2026-06-12 17:35:00,67932.1,78054.0,67908.2,67943.3
2026-06-12 17:40:00,67962.6,78089.1,67995.9,67947.1
2026-06-12 17:45:00,68035.3,78172.6,68001.0,68051.4
2026-06-12 17:50:00,68039.7,78177.6,68078.6,68021.4
2026-06-12 17:55:00,68021.0,78156.2,68050.1,68007.4
2026-06-12 18:00:00,68020.0,78155.0,68044.8,68008.4
2026-06-12 18:05:00,67952.7,78077.7,67978.7,67940.6
2026-06-12 18:10:00,67959.6,78085.6,67992.6,67944.1
2026-06-12 18:15:00,67973.7,78101.8,68015.8,67954.0
2026-06-12 18:20:00,68034.8,78172.0,68006.3,68048.2
2026-06-12 18:25:00,68082.5,78226.8,68124.6,68062.7
2026-06-12 18:30:00,68142.3,78295.5,68127.5,68149.2
2026-06-12 18:35:00,68165.2,78321.8,68218.1,68140.4
2026-06-12 18:40:00,68151.7,78306.3,68199.4,68129.3
2026-06-12 18:45:00,68154.7,78309.7,68206.2,68130.6
2026-06-12 18:50:00,68147.0,78301.0,68173.4,68134.7
2026-06-12 18:55:00,68128.3,78279.4,68142.5,68121.7
2026-06-12 19:00:00,68085.1,78229.8,67989.0,68130.1
2026-06-12 19:05:00,68052.9,78192.8,67972.0,68090.8
2026-06-12 19:10:00,68045.1,78183.8,68038.0,68048.4
2026-06-12 19:15:00,68045.5,78184.3,68033.5,68051.1
2026-06-12 19:20:00,68046.1,78185.0,68033.7,68052.0
2026-06-12 19:25:00,68038.8,78176.6,68024.0,68045.7
2026-06-12 19:30:00,68027.2,78163.2,68013.2,68033.7
2026-06-12 19:35:00,68033.2,78170.1,68024.2,68037.3
2026-06-12 19:40:00,68032.4,78169.2,68020.9,68037.7
2026-06-12 19:45:00,68035.0,78172.2,68026.6,68038.9
2026-06-12 19:50:00,67996.3,78127.7,67996.4,67996.3
2026-06-12 19:55:00,67918.6,78038.5,67874.1,67939.5
2026-06-12 20:00:00,67756.3,77852.0,67817.1,67727.8
2026-06-12 20:05:00,67606.2,77679.5,67588.8,67614.3
2026-06-12 20:10:00,67459.2,77510.6,67534.4,67423.9
2026-06-12 20:15:00,67317.5,77347.8,67300.1,67325.7
2026-06-12 20:20:00,67195.2,77207.3,67177.9,67203.3
2026-06-12 20:25:00,67053.7,77044.7,67063.8,67049.0
2026-06-12 20:30:00,66890.3,76857.0,66834.8,66916.3
2026-06-12 20:35:00,66780.2,76730.4,66752.3,66793.3
2026-06-12 20:40:00,66663.0,76595.8,66628.1,66679.3
2026-06-12 20:45:00,66450.6,76351.8,66520.6,66417.8
2026-06-12 20:50:00,66236.0,76105.1,66280.2,66215.2
2026-06-12 20:55:00,66030.1,75868.5,66092.6,66000.8
2026-06-12 21:00:00,65783.0,75584.6,65809.8,65770.4
2026-06-12 21:05:00,65528.6,75292.3,65591.6,65499.0
2026-06-12 21:10:00,65334.6,75069.5,65412.9,65297.9
2026-06-12 21:15:00,65148.7,74855.8,65107.9,65167.8
2026-06-12 21:20:00,64934.7,74610.0,64965.7,64920.2
2026-06-12 21:25:00,64710.1,74351.9,64670.5,64728.6
2026-06-12 21:30:00,64549.7,74167.6,64514.2,64566.4
2026-06-12 21:35:00,64367.7,73958.5,64327.6,64386.5
2026-06-12 21:40:00,64229.4,73799.6,64219.8,64234.0
2026-06-12 21:45:00,64041.9,73584.1,64028.8,64048.0
2026-06-12 21:50:00,63851.4,73365.2,63848.8,63852.6
2026-06-12 21:55:00,63690.6,73180.5,63716.0,63678.7
2026-06-12 22:00:00,63481.6,72940.4,63533.8,63457.2
2026-06-12 22:05:00,63504.0,72966.1,63490.1,63510.5
2026-06-12 22:10:00,63381.7,72825.6,63372.0,63386.2
2026-06-12 22:15:00,63251.3,72675.7,63256.9,63248.6
2026-06-12 22:20:00,63144.3,72552.8,63129.9,63151.1
2026-06-12 22:25:00,62949.8,72329.3,62898.2,62973.9
2026-06-12 22:30:00,62777.2,72131.0,62800.4,62766.3
2026-06-12 22:35:00,62679.0,72018.2,62663.7,62686.2
2026-06-12 22:40:00,62566.2,71888.5,62566.3,62566.1
2026-06-12 22:45:00,62390.1,71686.3,62376.0,62396.8
2026-06-12 22:50:00,62238.7,71512.3,62276.2,62221.1
2026-06-12 22:55:00,62092.3,71344.0,62126.0,62076.5
2026-06-12 23:00:00,62106.3,71360.1,62085.8,62115.9
2026-06-12 23:05:00,62550.4,71870.4,62445.1,62599.8
2026-06-12 23:10:00,62546.7,71866.1,62534.6,62552.3
2026-06-12 23:15:00,62344.3,71633.6,62331.1,62350.4
2026-06-12 23:20:00,62109.9,71364.3,62036.7,62144.2
2026-06-12 23:25:00,61905.7,71129.6,61859.2,61927.5
2026-06-12 23:30:00,61565.8,70739.1,61469.0,61611.1
2026-06-12 23:35:00,61201.6,70320.6,61206.9,61199.0
2026-06-12 23:40:00,60792.5,69850.5,60811.3,60783.6
2026-06-12 23:45:00,60412.9,69414.4,60441.6,60399.4
2026-06-12 23:50:00,60063.1,69012.5,60055.3,60066.7
2026-06-12 23:55:00,59665.6,68555.7,59643.3,59676.0
2026-06-13 00:00:00,59051.2,67849.8,59128.2,59015.1
2026-06-13 00:05:00,58789.3,67548.9,58806.6,58781.2
2026-06-13 00:10:00,58449.2,67158.2,58493.0,58428.7
2026-06-13 00:15:00,58147.8,66811.9,58149.0,58147.3
2026-06-13 00:20:00,57930.4,66562.0,57874.6,57956.5
2026-06-13 00:25:00,57694.1,66290.5,57619.3,57729.2
2026-06-13 00:30:00,57431.6,65988.9,57420.4,57436.9
2026-06-13 00:35:00,57123.1,65634.5,57156.2,57107.6
2026-06-13 00:40:00,56871.0,65344.8,56909.3,56853.1
2026-06-13 00:45:00,56671.1,65115.1,56660.8,56676.0
2026-06-13 00:50:00,56464.1,64877.2,56465.0,56463.7
2026-06-13 00:55:00,56269.3,64653.5,56265.6,56271.1
2026-06-13 01:00:00,56103.3,64462.7,56144.2,56084.2
2026-06-13 01:05:00,55954.0,64291.1,55953.0,55954.4
2026-06-13 01:10:00,55788.8,64101.4,55828.3,55770.3
2026-06-13 01:15:00,55604.3,63889.4,55582.3,55614.7
2026-06-13 01:20:00,55502.5,63772.4,55480.0,55513.1
2026-06-13 01:25:00,55424.1,63682.2,55384.5,55442.6
2026-06-13 01:30:00,55295.3,63534.3,55232.7,55324.7
2026-06-13 01:35:00,55210.3,63436.6,55185.8,55221.7
2026-06-13 01:40:00,55062.8,63267.1,55042.9,55072.1
2026-06-13 01:45:00,54914.8,63097.1,54944.9,54900.8
2026-06-13 01:50:00,54813.6,62980.9,54815.4,54812.8
2026-06-13 01:55:00,54671.7,62817.8,54678.4,54668.6
2026-06-13 02:00:00,54576.6,62708.5,54555.9,54586.2
2026-06-13 02:05:00,54492.1,62611.4,54483.2,54496.3
2026-06-13 02:10:00,54453.1,62566.6,54433.3,54462.3
2026-06-13 02:15:00,54380.9,62483.6,54424.1,54360.6
2026-06-13 02:20:00,54328.5,62423.4,54294.7,54344.3
2026-06-13 02:25:00,54232.0,62312.6,54292.8,54203.6
2026-06-13 02:30:00,54184.3,62257.7,54149.5,54200.5
2026-06-13 02:35:00,54085.9,62144.7,54163.4,54049.5
2026-06-13 02:40:00,54041.8,62094.0,54018.2,54052.8
2026-06-13 02:45:00,54046.0,62098.8,54021.0,54057.7
2026-06-13 02:50:00,54035.8,62087.1,54018.4,54043.9
2026-06-13 02:55:00,53930.2,61965.8,54016.6,53889.7
2026-06-13 03:00:00,53873.5,61900.7,53878.8,53871.0
2026-06-13 03:05:00,53789.3,61803.9,53890.2,53742.1
2026-06-13 03:10:00,53738.3,61745.3,53722.2,53745.8
2026-06-13 03:15:00,53721.4,61725.9,53724.6,53719.9
2026-06-13 03:20:00,53710.6,61713.5,53698.6,53716.2
2026-06-13 03:25:00,53628.5,61619.2,53701.9,53594.1
2026-06-13 03:30:00,53581.3,61564.9,53564.4,53589.2
2026-06-13 03:35:00,53608.1,61595.8,53593.9,53614.8
2026-06-13 03:40:00,53590.6,61575.6,53574.1,53598.3
2026-06-13 03:45:00,53591.6,61576.7,53577.1,53598.3
2026-06-13 03:50:00,53563.4,61544.4,53574.9,53558.0
2026-06-13 03:55:00,53557.6,61537.7,53559.1,53556.9
2026-06-13 04:00:00,53580.6,61564.1,53570.3,53585.4
2026-06-13 04:05:00,53612.2,61600.5,53604.7,53615.8
2026-06-13 04:10:00,53601.3,61587.9,53585.5,53608.7
2026-06-13 04:15:00,53617.5,61606.5,53581.9,53634.1
2026-06-13 04:20:00,53614.7,61603.3,53571.6,53634.8
2026-06-13 04:25:00,53620.7,61610.2,53582.6,53638.6
2026-06-13 04:30:00,53619.0,61608.2,53585.2,53634.8
2026-06-13 04:35:00,53650.7,61644.7,53610.9,53669.4
2026-06-13 04:40:00,53623.1,61612.9,53583.0,53641.9
2026-06-13 04:45:00,53621.4,61611.0,53580.8,53640.4
2026-06-13 04:50:00,53614.5,61603.1,53574.7,53633.2
2026-06-13 04:55:00,53610.7,61598.7,53574.4,53627.7
2026-06-13 05:00:00,53610.8,61598.8,53605.9,53613.1
2026-06-13 05:05:00,53662.4,61658.0,53642.4,53671.7
2026-06-13 05:10:00,53633.9,61625.4,53626.1,53637.6
2026-06-13 05:15:00,53632.2,61623.4,53617.6,53639.0
2026-06-13 05:20:00,53630.1,61621.0,53605.6,53641.6
2026-06-13 05:25:00,53629.6,61620.5,53608.5,53639.6
2026-06-13 05:30:00,53630.8,61621.8,53615.1,53638.1
2026-06-13 05:35:00,53681.2,61679.7,53654.6,53693.7
2026-06-13 05:40:00,53642.1,61634.8,53628.4,53648.6
2026-06-13 05:45:00,53640.3,61632.7,53622.0,53648.9
2026-06-13 05:50:00,53635.9,61627.6,53621.2,53642.7
2026-06-13 05:55:00,53630.4,61621.3,53618.4,53636.1
2026-06-13 06:00:00,53670.1,61666.9,53659.6,53675.0
2026-06-13 06:05:00,53765.4,61776.5,53726.8,53783.5
2026-06-13 06:10:00,53789.4,61804.1,53789.4,53789.5
2026-06-13 06:15:00,53772.3,61784.4,53769.2,53773.8
2026-06-13 06:20:00,53751.4,61760.4,53738.4,53757.5
2026-06-13 06:25:00,53751.5,61760.4,53742.8,53755.5
2026-06-13 06:30:00,53741.7,61749.2,53740.6,53742.2
2026-06-13 06:35:00,53770.1,61781.8,53772.5,53769.0
2026-06-13 06:40:00,53715.2,61718.7,53731.6,53707.4
2026-06-13 06:45:00,53641.2,61633.8,53735.5,53597.1
2026-06-13 06:50:00,53587.8,61572.3,53588.3,53587.5
2026-06-13 06:55:00,53581.8,61565.5,53585.4,53580.1
2026-06-13 07:00:00,53657.9,61652.9,53654.9,53659.3
2026-06-13 07:05:00,53731.3,61737.3,53725.2,53734.2
2026-06-13 07:10:00,53760.6,61770.9,53790.4,53746.6
2026-06-13 07:15:00,53745.1,61753.1,53775.0,53731.1
2026-06-13 07:20:00,53681.7,61680.2,53693.8,53676.0
2026-06-13 07:25:00,53562.3,61543.1,53550.3,53568.0
2026-06-13 07:30:00,53527.0,61502.5,53507.5,53536.1
2026-06-13 07:35:00,53421.2,61381.0,53402.4,53430.0
2026-06-13 07:40:00,53366.9,61318.5,53344.3,53377.4
2026-06-13 07:45:00,53373.7,61326.4,53353.5,53383.1
2026-06-13 07:50:00,53376.6,61329.7,53363.5,53382.7
2026-06-13 07:55:00,53364.1,61315.4,53355.8,53368.0
2026-06-13 08:00:00,53511.1,61484.3,53514.9,53509.3
2026-06-13 08:05:00,53590.0,61574.9,53594.1,53588.1
2026-06-13 08:10:00,53675.6,61673.2,53686.8,53670.3
2026-06-13 08:15:00,53671.7,61668.7,53691.0,53662.6
2026-06-13 08:20:00,53661.5,61657.1,53636.8,53673.1
2026-06-13 08:25:00,53664.3,61660.3,53639.1,53676.2
2026-06-13 08:30:00,53654.4,61648.9,53603.8,53678.1
2026-06-13 08:35:00,53670.2,61667.0,53624.6,53691.5
2026-06-13 08:40:00,53617.3,61606.2,53546.8,53650.3
2026-06-13 08:45:00,53586.6,61571.0,53555.8,53601.1
2026-06-13 08:50:00,53559.8,61540.3,53524.8,53576.3
2026-06-13 08:55:00,53578.4,61561.6,53516.7,53607.3
2026-06-13 09:00:00,53608.4,61596.1,53605.2,53609.9
2026-06-13 09:05:00,53649.3,61643.0,53660.9,53643.9
2026-06-13 09:10:00,53661.3,61656.9,53671.2,53656.7
2026-06-13 09:15:00,53673.2,61670.5,53693.9,53663.6
2026-06-13 09:20:00,53647.1,61640.6,53633.2,53653.7
2026-06-13 09:25:00,53649.9,61643.7,53639.1,53655.0
2026-06-13 09:30:00,53612.0,61600.1,53595.6,53619.6
2026-06-13 09:35:00,53631.7,61622.8,53612.3,53640.8
2026-06-13 09:40:00,53579.2,61562.5,53574.1,53581.6
2026-06-13 09:45:00,53582.4,61566.1,53583.8,53581.7
2026-06-13 09:50:00,53573.7,61556.2,53572.9,53574.1
2026-06-13 09:55:00,53564.5,61545.6,53567.0,53563.3
2026-06-13 10:00:00,53588.9,61573.7,53607.3,53580.3
2026-06-13 10:05:00,53698.1,61699.1,53717.2,53689.2
2026-06-13 10:10:00,53749.6,61758.3,53873.5,53691.6
2026-06-13 10:15:00,53867.7,61894.0,53937.0,53835.3
2026-06-13 10:20:00,53856.7,61881.3,53991.7,53793.4
2026-06-13 10:25:00,53791.9,61806.9,53838.6,53770.0
2026-06-13 10:30:00,53740.0,61747.3,53754.5,53733.2
2026-06-13 10:35:00,53757.9,61767.9,53777.4,53748.8
2026-06-13 10:40:00,53720.0,61724.3,53751.3,53705.4
2026-06-13 10:45:00,53722.9,61727.6,53760.1,53705.4
2026-06-13 10:50:00,53713.3,61716.6,53746.4,53697.8
2026-06-13 10:55:00,53644.3,61637.3,53789.3,53576.4
2026-06-13 11:00:00,53589.8,61574.7,53636.4,53568.0
2026-06-13 11:05:00,53606.4,61593.8,53644.7,53588.5
2026-06-13 11:10:00,53593.2,61578.6,53644.2,53569.3
2026-06-13 11:15:00,53578.3,61561.4,53592.4,53571.7
2026-06-13 11:20:00,53562.4,61543.2,53560.9,53563.1
2026-06-13 11:25:00,53571.3,61553.4,53566.0,53573.7
2026-06-13 11:30:00,53553.8,61533.3,53541.2,53559.7
2026-06-13 11:35:00,53570.3,61552.2,53564.0,53573.2
2026-06-13 11:40:00,53560.5,61541.0,53541.7,53569.3
2026-06-13 11:45:00,53543.4,61521.4,53539.2,53545.4
2026-06-13 11:50:00,53419.6,61379.1,53490.5,53386.4
2026-06-13 11:55:00,53311.8,61255.2,53287.7,53323.1
2026-06-13 12:00:00,53187.8,61112.8,53128.7,53215.5
2026-06-13 12:05:00,53292.3,61232.8,53278.8,53298.6
2026-06-13 12:10:00,53295.9,61236.9,53287.5,53299.8
2026-06-13 12:15:00,53294.1,61234.9,53276.9,53302.1
2026-06-13 12:20:00,53297.1,61238.4,53283.0,53303.7
2026-06-13 12:25:00,53298.0,61239.4,53282.2,53305.4
2026-06-13 12:30:00,53227.4,61158.3,53254.3,53214.8
2026-06-13 12:35:00,53256.9,61192.2,53288.8,53242.0
2026-06-13 12:40:00,53279.3,61217.9,53309.4,53265.2
2026-06-13 12:45:00,53315.8,61259.9,53314.7,53316.3
2026-06-13 12:50:00,53322.6,61267.6,53316.6,53325.4
2026-06-13 12:55:00,53357.4,61307.7,53325.0,53372.6
2026-06-13 13:00:00,53498.6,61469.9,53613.4,53444.8
2026-06-13 13:05:00,53577.1,61560.1,53619.3,53557.3
2026-06-13 13:10:00,53712.9,61716.1,53742.2,53699.2
2026-06-13 13:15:00,53742.9,61750.6,53876.5,53680.3
2026-06-13 13:20:00,53851.4,61875.3,53839.6,53856.9
2026-06-13 13:25:00,53864.9,61890.7,53854.9,53869.6
2026-06-13 13:30:00,53908.3,61940.7,54009.4,53861.0
2026-06-13 13:35:00,54050.2,62103.7,54025.0,54062.0
2026-06-13 13:40:00,54167.0,62237.9,54141.3,54179.0
2026-06-13 13:45:00,54205.0,62281.6,54282.0,54169.0
2026-06-13 13:50:00,54337.4,62433.7,54303.3,54353.4
2026-06-13 13:55:00,54376.8,62478.9,54424.4,54354.5
2026-06-13 14:00:00,54471.2,62587.4,54443.2,54484.3
2026-06-13 14:05:00,54473.2,62589.7,54539.6,54442.1
2026-06-13 14:10:00,54614.7,62752.3,54574.0,54633.8
2026-06-13 14:15:00,54733.3,62888.5,54732.7,54733.5
2026-06-13 14:20:00,54771.7,62932.7,54838.1,54740.6
2026-06-13 14:25:00,54854.7,63028.0,54833.8,54864.5
2026-06-13 14:30:00,54881.4,63058.8,54963.4,54843.1
2026-06-13 14:35:00,54971.6,63162.4,54966.5,54974.0
2026-06-13 14:40:00,54961.3,63150.6,54969.3,54957.6
2026-06-13 14:45:00,54990.4,63183.9,54981.6,54994.5
2026-06-13 14:50:00,55004.2,63199.8,55096.4,54960.9
2026-06-13 14:55:00,55065.2,63270.0,55074.0,55061.1
2026-06-13 15:00:00,55096.3,63305.6,55108.8,55090.4
2026-06-13 15:05:00,55093.8,63302.8,55071.5,55104.2
2026-06-13 15:10:00,55193.2,63417.0,55178.0,55200.3
2026-06-13 15:15:00,55304.3,63544.7,55322.3,55295.9
2026-06-13 15:20:00,55402.1,63657.0,55417.7,55394.8
2026-06-13 15:25:00,55502.1,63771.9,55533.8,55487.2
2026-06-13 15:30:00,55578.4,63859.5,55622.1,55557.9
2026-06-13 15:35:00,55681.0,63977.4,55763.8,55642.2
2026-06-13 15:40:00,55759.2,64067.3,55766.0,55756.0
2026-06-13 15:45:00,55863.4,64187.0,55876.1,55857.4
2026-06-13 15:50:00,55976.5,64317.0,55984.0,55972.9
2026-06-13 15:55:00,56114.8,64475.9,56067.8,56136.8
2026-06-13 16:00:00,56192.3,64564.9,56153.4,56210.4
2026-06-13 16:05:00,56230.4,64608.7,56200.5,56244.4
2026-06-13 16:10:00,56286.9,64673.7,56295.5,56282.9
2026-06-13 16:15:00,56393.7,64796.4,56418.1,56382.3
2026-06-13 16:20:00,56524.3,64946.4,56489.6,56540.6
2026-06-13 16:25:00,56640.9,65080.4,56630.6,56645.7
2026-06-13 16:30:00,56759.4,65216.6,56808.5,56736.4
2026-06-13 16:35:00,56866.3,65339.4,56923.4,56839.6
2026-06-13 16:40:00,57014.4,65509.6,56985.4,57028.0
2026-06-13 16:45:00,57134.6,65647.6,57203.7,57102.2
2026-06-13 16:50:00,57189.0,65710.2,57237.2,57166.5
2026-06-13 16:55:00,57296.7,65833.9,57331.4,57280.4
2026-06-13 17:00:00,57376.9,65926.0,57411.5,57360.6
2026-06-13 17:05:00,57440.0,65998.6,57412.2,57453.0
2026-06-13 17:10:00,57564.9,66142.1,57524.1,57584.0
2026-06-13 17:15:00,57711.3,66310.3,57766.4,57685.5
2026-06-13 17:20:00,57794.3,66405.6,57846.0,57770.1
2026-06-13 17:25:00,57864.5,66486.3,57928.1,57834.6
2026-06-13 17:30:00,57977.4,66616.0,58051.3,57942.7
2026-06-13 17:35:00,58052.6,66702.5,58131.0,58015.9
2026-06-13 17:40:00,58162.1,66828.2,58199.6,58144.5
2026-06-13 17:45:00,58284.5,66968.9,58347.0,58255.3
2026-06-13 17:50:00,58402.5,67104.4,58380.4,58412.8
2026-06-13 17:55:00,58448.1,67156.8,58454.4,58445.1
2026-06-13 18:00:00,58507.2,67224.7,58556.2,58484.2
2026-06-13 18:05:00,58590.4,67320.3,58607.2,58582.5
2026-06-13 18:10:00,58671.6,67413.6,58664.6,58674.8
2026-06-13 18:15:00,58779.9,67538.1,58767.8,58785.6
2026-06-13 18:20:00,58849.3,67617.9,58825.5,58860.5
2026-06-13 18:25:00,58982.0,67770.3,58946.2,58998.8
2026-06-13 18:30:00,59097.5,67903.0,59143.5,59075.9
2026-06-13 18:35:00,59157.7,67972.2,59210.0,59133.2
2026-06-13 18:40:00,59222.4,68046.5,59284.0,59193.5
2026-06-13 18:45:00,59361.4,68206.2,59288.7,59395.4
2026-06-13 18:50:00,59460.5,68320.1,59477.8,59452.4
2026-06-13 18:55:00,59524.8,68394.0,59572.5,59502.5
2026-06-13 19:00:00,59593.9,68473.4,59560.2,59609.7
2026-06-13 19:05:00,59634.6,68520.1,59610.5,59645.8
2026-06-13 19:10:00,59687.3,68580.7,59729.0,59667.8
2026-06-13 19:15:00,59717.2,68615.0,59698.0,59726.1
2026-06-13 19:20:00,59760.0,68664.3,59680.7,59797.2
2026-06-13 19:25:00,59793.2,68702.4,59799.8,59790.1
2026-06-13 19:30:00,59854.7,68773.1,59811.4,59875.0
2026-06-13 19:35:00,59875.9,68797.4,59886.1,59871.1
2026-06-13 19:40:00,59927.9,68857.2,59877.4,59951.6
2026-06-13 19:45:00,59941.6,68872.9,59967.2,59929.6
2026-06-13 19:50:00,59965.7,68900.6,59935.0,59980.1
2026-06-13 19:55:00,60023.8,68967.4,59954.6,60056.3
2026-06-13 20:00:00,60061.9,69011.1,60029.7,60076.9
2026-06-13 20:05:00,60081.4,69033.5,60012.6,60113.7
2026-06-13 20:10:00,60110.3,69066.7,60034.9,60145.6
2026-06-13 20:15:00,60087.5,69040.6,60113.7,60075.3
2026-06-13 20:20:00,60071.4,69022.1,60097.7,60059.1
2026-06-13 20:25:00,60040.9,68987.0,60004.6,60057.8
2026-06-13 20:30:00,59914.4,68841.7,59957.4,59894.3
2026-06-13 20:35:00,59851.0,68768.8,59900.6,59827.7
2026-06-13 20:40:00,59764.8,68669.8,59802.5,59747.2
2026-06-13 20:45:00,59683.0,68575.7,59715.1,59667.9
2026-06-13 20:50:00,59590.3,68469.2,59612.4,59579.9
2026-06-13 20:55:00,59526.9,68396.4,59534.8,59523.2
2026-06-13 21:00:00,59406.2,68257.7,59351.1,59432.0
2026-06-13 21:05:00,59320.0,68158.7,59282.7,59337.4
2026-06-13 21:10:00,59274.6,68106.5,59214.3,59302.9
2026-06-13 21:15:00,59156.7,67971.1,59183.3,59144.3
2026-06-13 21:20:00,59040.3,67837.3,59092.8,59015.7
2026-06-13 21:25:00,58907.9,67685.1,58893.5,58914.6
2026-06-13 21:30:00,58806.3,67568.4,58838.6,58791.1
2026-06-13 21:35:00,58665.0,67406.1,58711.0,58643.4
2026-06-13 21:40:00,58551.6,67275.8,58524.4,58564.4
2026-06-13 21:45:00,58413.5,67117.1,58457.7,58392.8
2026-06-13 21:50:00,58319.8,67009.4,58353.1,58304.2
2026-06-13 21:55:00,58245.0,66923.6,58285.2,58226.3
2026-06-13 22:00:00,58122.6,66782.9,58164.4,58103.0
2026-06-13 22:05:00,58141.5,66804.6,58087.9,58166.7
2026-06-13 22:10:00,58099.7,66756.6,58124.6,58088.1
2026-06-13 22:15:00,57963.9,66600.5,57966.1,57962.9
2026-06-13 22:20:00,57877.0,66500.7,57874.0,57878.4
2026-06-13 22:25:00,57768.6,66376.1,57750.7,57776.9
2026-06-13 22:30:00,57632.4,66219.6,57638.3,57629.6
2026-06-13 22:35:00,57570.6,66148.6,57499.1,57604.1
2026-06-13 22:40:00,57476.5,66040.6,57492.0,57469.3
2026-06-13 22:45:00,57365.3,65912.7,57391.0,57353.2
2026-06-13 22:50:00,57258.8,65790.4,57228.5,57273.0
2026-06-13 22:55:00,57192.3,65714.0,57135.1,57219.1
2026-06-13 23:00:00,57260.2,65792.0,57291.8,57245.4
2026-06-13 23:05:00,57457.9,66019.2,57480.4,57447.4
2026-06-13 23:10:00,57425.4,65981.7,57421.2,57427.3
2026-06-13 23:15:00,57217.8,65743.2,57218.4,57217.5
2026-06-13 23:20:00,57035.8,65534.1,57058.5,57025.2
2026-06-13 23:25:00,56809.8,65274.4,56834.2,56798.3
2026-06-13 23:30:00,56557.0,64984.0,56508.1,56579.9
2026-06-13 23:35:00,56314.9,64705.9,56357.0,56295.3
2026-06-13 23:40:00,56089.3,64446.6,56077.7,56094.7
2026-06-13 23:45:00,55888.8,64216.3,55858.2,55903.2
2026-06-13 23:50:00,55656.0,63948.8,55641.9,55662.6
2026-06-13 23:55:00,55393.1,63646.7,55347.3,55414.6
2026-06-14 00:00:00,55085.0,63292.7,55000.1,55124.8
2026-06-14 00:05:00,54875.4,63051.9,54838.6,54892.7
2026-06-14 00:10:00,54627.6,62767.1,54612.9,54634.4
2026-06-14 00:15:00,54353.5,62452.2,54362.4,54349.4
2026-06-14 00:20:00,54121.0,62185.1,54095.6,54133.0
2026-06-14 00:25:00,53873.6,61900.8,53809.4,53903.7
2026-06-14 00:30:00,53609.2,61596.9,53681.7,53575.2
2026-06-14 00:35:00,53393.1,61348.7,53364.7,53406.5
2026-06-14 00:40:00,53196.1,61122.3,53209.3,53189.9
2026-06-14 00:45:00,52962.1,60853.4,53011.9,52938.7
2026-06-14 00:50:00,52680.6,60530.0,52701.3,52670.9
2026-06-14 00:55:00,52508.7,60332.5,52502.9,52511.5
2026-06-14 01:00:00,52363.9,60166.1,52350.2,52370.3
2026-06-14 01:05:00,52145.0,59914.6,52123.9,52154.9
2026-06-14 01:10:00,51967.8,59710.9,51919.6,51990.3
2026-06-14 01:15:00,51787.0,59503.3,51911.8,51728.5
2026-06-14 01:20:00,51717.1,59422.9,51697.6,51726.2
2026-06-14 01:25:00,51522.7,59199.6,51491.8,51537.3
2026-06-14 01:30:00,51406.6,59066.2,51469.4,51377.2
2026-06-14 01:35:00,51320.8,58967.6,51287.3,51336.4
2026-06-14 01:40:00,51270.8,58910.2,51267.8,51272.2
2026-06-14 01:45:00,51078.8,58689.6,51084.6,51076.1
2026-06-14 01:50:00,50980.0,58576.0,51083.4,50931.5
2026-06-14 01:55:00,50838.0,58412.8,50842.4,50835.9
2026-06-14 02:00:00,50711.7,58267.8,50844.8,50649.4
2026-06-14 02:05:00,50681.0,58232.5,50643.5,50698.6
2026-06-14 02:10:00,50657.8,58205.8,50606.0,50682.1
2026-06-14 02:15:00,50656.9,58204.8,50608.7,50679.5
2026-06-14 02:20:00,50652.6,58199.9,50613.9,50670.8
2026-06-14 02:25:00,50653.9,58201.3,50612.9,50673.1
2026-06-14 02:30:00,50640.1,58185.4,50612.8,50652.8
2026-06-14 02:35:00,50652.8,58200.1,50626.1,50665.3
2026-06-14 02:40:00,50647.5,58194.0,50615.3,50662.6
2026-06-14 02:45:00,50644.8,58190.9,50606.8,50662.7
2026-06-14 02:50:00,50657.0,58204.9,50619.0,50674.8
2026-06-14 02:55:00,50594.2,58132.7,50605.4,50588.9
2026-06-14 03:00:00,50624.2,58167.2,50606.6,50632.5
2026-06-14 03:05:00,50651.7,58198.8,50623.6,50664.8
2026-06-14 03:10:00,50646.3,58192.6,50621.4,50658.0
2026-06-14 03:15:00,50645.4,58191.6,50620.8,50657.0
2026-06-14 03:20:00,50644.2,58190.1,50620.3,50655.3
2026-06-14 03:25:00,50648.9,58195.6,50623.6,50660.8
2026-06-14 03:30:00,50647.5,58193.9,50625.1,50658.0
2026-06-14 03:35:00,50672.1,58222.3,50647.7,50683.5
2026-06-14 03:40:00,50652.6,58199.8,50628.0,50664.1
2026-06-14 03:45:00,50653.6,58200.9,50630.9,50664.2
2026-06-14 03:50:00,50652.9,58200.1,50629.2,50664.0
2026-06-14 03:55:00,50651.7,58198.9,50628.2,50662.8
2026-06-14 04:00:00,50665.3,58214.5,50645.2,50674.8
2026-06-14 04:05:00,50692.0,58245.2,50668.9,50702.9
2026-06-14 04:10:00,50684.3,58236.3,50656.9,50697.1
2026-06-14 04:15:00,50682.9,58234.6,50651.5,50697.6
2026-06-14 04:20:00,50682.7,58234.4,50645.1,50700.3
2026-06-14 04:25:00,50687.8,58240.3,50652.6,50704.4
2026-06-14 04:30:00,50686.8,58239.1,50655.2,50701.5
2026-06-14 04:35:00,50713.8,58270.2,50679.9,50729.7
2026-06-14 04:40:00,50690.3,58243.2,50652.0,50708.3
2026-06-14 04:45:00,50688.6,58241.2,50649.9,50706.8
2026-06-14 04:50:00,50682.6,58234.3,50644.2,50700.5
2026-06-14 04:55:00,50681.9,58233.5,50644.3,50699.5
2026-06-14 05:00:00,50675.2,58225.9,50653.1,50685.6
2026-06-14 05:05:00,50719.1,58276.2,50680.7,50737.1
2026-06-14 05:10:00,50696.0,58249.7,50669.9,50708.2
2026-06-14 05:15:00,50693.5,58246.8,50664.5,50707.1
2026-06-14 05:20:00,50691.8,58244.9,50657.5,50707.9
2026-06-14 05:25:00,50691.5,58244.6,50660.4,50706.2
2026-06-14 05:30:00,50693.1,58246.4,50666.3,50705.7
2026-06-14 05:35:00,50739.1,58299.3,50705.6,50754.8
2026-06-14 05:40:00,50700.9,58255.4,50669.2,50715.8
2026-06-14 05:45:00,50699.1,58253.3,50662.8,50716.1
2026-06-14 05:50:00,50695.0,58248.6,50662.5,50710.3
2026-06-14 05:55:00,50693.8,58247.2,50661.0,50709.2
2026-06-14 06:00:00,50716.6,58273.3,50687.6,50730.1
2026-06-14 06:05:00,50787.4,58354.7,50743.9,50807.7
2026-06-14 06:10:00,50715.1,58271.6,50677.0,50732.9
2026-06-14 06:15:00,50703.5,58258.4,50662.9,50722.6
2026-06-14 06:20:00,50685.9,58238.2,50638.0,50708.4
2026-06-14 06:25:00,50686.0,58238.3,50641.9,50706.7
2026-06-14 06:30:00,50674.9,58225.5,50637.8,50692.3
2026-06-14 06:35:00,50698.9,58253.0,50669.4,50712.6
2026-06-14 06:40:00,50649.5,58196.2,50629.1,50659.0
2026-06-14 06:45:00,50650.9,58197.9,50632.9,50659.3
2026-06-14 06:50:00,50641.8,58187.4,50625.4,50649.4
2026-06-14 06:55:00,50640.6,58186.0,50623.9,50648.4
2026-06-14 07:00:00,50683.5,58235.3,50659.4,50694.7
2026-06-14 07:05:00,50755.0,58317.4,50733.2,50765.1
2026-06-14 07:10:00,50701.8,58256.4,50675.6,50714.1
2026-06-14 07:15:00,50693.0,58246.3,50669.7,50703.9
2026-06-14 07:20:00,50635.4,58180.1,50596.5,50653.6
2026-06-14 07:25:00,50626.9,58170.3,50587.7,50645.2
2026-06-14 07:30:00,50590.4,58128.3,50550.1,50609.2
2026-06-14 07:35:00,50628.5,58172.1,50603.2,50640.3
2026-06-14 07:40:00,50562.9,58096.8,50538.5,50574.3
2026-06-14 07:45:00,50419.7,57932.2,50537.1,50364.7
2026-06-14 07:50:00,50337.3,57837.5,50280.6,50363.8
2026-06-14 07:55:00,50332.9,57832.5,50274.3,50360.4
2026-06-14 08:00:00,50423.8,57937.0,50422.2,50424.6
2026-06-14 08:05:00,50498.7,58023.0,50501.1,50497.6
2026-06-14 08:10:00,50463.8,57982.9,50449.2,50470.7
2026-06-14 08:15:00,50463.0,57982.0,50458.2,50465.3
2026-06-14 08:20:00,50436.2,57951.2,50393.6,50456.2
2026-06-14 08:25:00,50440.0,57955.5,50405.6,50456.1
2026-06-14 08:30:00,50393.9,57902.6,50361.7,50409.0
2026-06-14 08:35:00,50408.1,57918.9,50382.0,50420.3
2026-06-14 08:40:00,50343.7,57845.0,50302.6,50363.0
2026-06-14 08:45:00,50350.6,57852.9,50324.0,50363.1
2026-06-14 08:50:00,50324.2,57822.5,50293.4,50338.6
2026-06-14 08:55:00,50317.4,57814.7,50287.1,50331.5
2026-06-14 09:00:00,50400.5,57910.2,50382.5,50408.9
2026-06-14 09:05:00,50456.2,57974.2,50428.7,50469.2
2026-06-14 09:10:00,50466.0,57985.5,50447.1,50474.9
2026-06-14 09:15:00,50471.6,57991.9,50466.4,50474.1
2026-06-14 09:20:00,50452.7,57970.2,50418.6,50468.7
2026-06-14 09:25:00,50453.7,57971.4,50424.0,50467.7
2026-06-14 09:30:00,50418.8,57931.2,50383.7,50435.3
2026-06-14 09:35:00,50438.1,57953.4,50402.2,50455.0
2026-06-14 09:40:00,50389.8,57897.8,50364.4,50401.7
2026-06-14 09:45:00,50392.9,57901.4,50374.0,50401.7
2026-06-14 09:50:00,50386.6,57894.3,50363.6,50397.4
2026-06-14 09:55:00,50385.2,57892.6,50359.5,50397.2
2026-06-14 10:00:00,50412.8,57924.3,50400.2,50418.6
2026-06-14 10:05:00,50528.4,58057.1,50484.8,50548.8
2026-06-14 10:10:00,50526.1,58054.5,50498.4,50539.0
2026-06-14 10:15:00,50538.7,58068.9,50540.0,50538.1
2026-06-14 10:20:00,50499.7,58024.1,50476.3,50510.6
2026-06-14 10:25:00,50482.4,58004.3,50472.4,50487.1
2026-06-14 10:30:00,50424.9,57938.2,50393.7,50439.5
2026-06-14 10:35:00,50443.1,57959.1,50417.6,50455.1
2026-06-14 10:40:00,50405.3,57915.7,50391.8,50411.6
2026-06-14 10:45:00,50408.1,57919.0,50400.5,50411.7
2026-06-14 10:50:00,50400.9,57910.6,50386.8,50407.4
2026-06-14 10:55:00,50398.9,57908.4,50381.3,50407.2
2026-06-14 11:00:00,50405.0,57915.3,50372.5,50420.2
2026-06-14 11:05:00,50415.1,57926.9,50382.4,50430.4
2026-06-14 11:10:00,50416.8,57928.9,50385.6,50431.4
2026-06-14 11:15:00,50418.0,57930.3,50390.4,50431.0
2026-06-14 11:20:00,50403.9,57914.1,50361.1,50423.9
2026-06-14 11:25:00,50413.9,57925.5,50365.7,50436.4
2026-06-14 11:30:00,50400.7,57910.4,50346.4,50426.2
2026-06-14 11:35:00,50417.5,57929.7,50370.1,50439.7
2026-06-14 11:40:00,50392.9,57901.4,50347.6,50414.0
2026-06-14 11:45:00,50390.6,57898.8,50345.2,50411.9
2026-06-14 11:50:00,50380.2,57886.9,50344.3,50397.1
2026-06-14 11:55:00,50386.3,57893.8,50335.5,50410.1
2026-06-14 12:00:00,50370.9,57876.2,50342.4,50384.3
2026-06-14 12:05:00,50448.6,57965.4,50415.8,50463.9
2026-06-14 12:10:00,50453.0,57970.5,50432.6,50462.6
2026-06-14 12:15:00,50449.4,57966.4,50422.2,50462.1
2026-06-14 12:20:00,50452.1,57969.5,50424.2,50465.2
2026-06-14 12:25:00,50454.4,57972.1,50423.8,50468.8
2026-06-14 12:30:00,50447.5,57964.2,50421.0,50459.9
2026-06-14 12:35:00,50457.5,57975.6,50429.4,50470.6
2026-06-14 12:40:00,50483.5,58005.5,50461.5,50493.8
2026-06-14 12:45:00,50492.1,58015.4,50469.4,50502.7
2026-06-14 12:50:00,50501.1,58025.8,50471.3,50515.1
2026-06-14 12:55:00,50507.1,58032.6,50474.5,50522.3
2026-06-14 13:00:00,50613.8,58155.3,50582.6,50628.5
2026-06-14 13:05:00,50832.7,58406.8,50843.8,50827.6
2026-06-14 13:10:00,50896.5,58480.1,51050.5,50824.4
2026-06-14 13:15:00,50986.9,58584.0,51044.7,50959.8
2026-06-14 13:20:00,51033.5,58637.5,51017.7,51040.9
2026-06-14 13:25:00,51089.0,58701.3,51031.8,51115.8
2026-06-14 13:30:00,51154.5,58776.5,51252.2,51108.8
2026-06-14 13:35:00,51309.4,58954.6,51267.5,51329.1
2026-06-14 13:40:00,51364.2,59017.4,51490.9,51304.8
2026-06-14 13:45:00,51495.2,59168.0,51482.6,51501.1
2026-06-14 13:50:00,51498.9,59172.2,51472.0,51511.5
2026-06-14 13:55:00,51502.0,59175.8,51484.4,51510.2
2026-06-14 14:00:00,51541.0,59220.6,51478.6,51570.3
2026-06-14 14:05:00,51559.4,59241.7,51655.5,51514.4
2026-06-14 14:10:00,51727.7,59435.1,51698.5,51741.3
2026-06-14 14:15:00,51748.2,59458.7,51735.2,51754.3
2026-06-14 14:20:00,51813.8,59534.0,51945.0,51752.3
2026-06-14 14:25:00,51945.3,59685.2,51941.0,51947.4
2026-06-14 14:30:00,51937.3,59675.9,51932.4,51939.5
2026-06-14 14:35:00,51910.7,59645.4,51927.6,51902.8
2026-06-14 14:40:00,51910.1,59644.7,51930.8,51900.3
2026-06-14 14:45:00,51912.7,59647.7,51940.6,51899.7
2026-06-14 14:50:00,51905.6,59639.5,51925.0,51896.5
2026-06-14 14:55:00,51900.4,59633.6,51922.6,51890.0
2026-06-14 15:00:00,51984.0,59729.6,51960.9,51994.8
2026-06-14 15:05:00,52188.8,59965.0,52151.4,52206.3
2026-06-14 15:10:00,52310.0,60104.1,52451.8,52243.5
2026-06-14 15:15:00,52441.3,60255.0,52451.2,52436.6
2026-06-14 15:20:00,52602.6,60440.4,52659.8,52575.8
2026-06-14 15:25:00,52617.3,60457.3,52679.5,52588.2
2026-06-14 15:30:00,52600.0,60437.5,52653.6,52575.0
2026-06-14 15:35:00,52601.4,60439.0,52650.6,52578.3
2026-06-14 15:40:00,52677.4,60526.3,52700.5,52666.5
2026-06-14 15:45:00,52868.0,60745.4,52884.7,52860.2
2026-06-14 15:50:00,53014.3,60913.5,53034.8,53004.8
2026-06-14 15:55:00,53269.9,61207.2,53237.4,53285.2
2026-06-14 16:00:00,53427.5,61388.2,53348.0,53464.8
2026-06-14 16:05:00,53552.6,61531.9,53491.9,53581.0
2026-06-14 16:10:00,53753.8,61763.1,53753.1,53754.1
2026-06-14 16:15:00,53892.6,61922.6,53918.5,53880.5
2026-06-14 16:20:00,54071.5,62128.2,54108.4,54054.2
2026-06-14 16:25:00,54225.0,62304.5,54287.8,54195.5
2026-06-14 16:30:00,54422.3,62531.3,54427.1,54420.1
2026-06-14 16:35:00,54622.4,62761.1,54576.3,54644.0
2026-06-14 16:40:00,54850.4,63023.2,54830.6,54859.7
2026-06-14 16:45:00,55058.3,63262.0,55133.4,55023.1
2026-06-14 16:50:00,55212.0,63438.5,55213.8,55211.1
2026-06-14 16:55:00,55363.0,63612.0,55325.5,55380.5
2026-06-14 17:00:00,55529.9,63803.9,55563.0,55514.5
2026-06-14 17:05:00,55641.6,63932.2,55609.6,55656.6
2026-06-14 17:10:00,55804.7,64119.6,55820.9,55797.1
2026-06-14 17:15:00,55961.0,64299.2,56043.9,55922.2
2026-06-14 17:20:00,56167.9,64537.0,56125.5,56187.8
2026-06-14 17:25:00,56398.9,64802.3,56383.9,56406.0
2026-06-14 17:30:00,56608.0,65042.6,56567.6,56626.9
2026-06-14 17:35:00,56801.0,65264.4,56802.2,56800.5
2026-06-14 17:40:00,56961.0,65448.2,56954.1,56964.3
2026-06-14 17:45:00,57150.0,65665.3,57127.4,57160.6
2026-06-14 17:50:00,57317.7,65858.1,57278.5,57336.1
2026-06-14 17:55:00,57471.2,66034.4,57463.9,57474.6
2026-06-14 18:00:00,57668.3,66260.9,57698.3,57654.3
2026-06-14 18:05:00,57783.5,66393.3,57822.0,57765.5
2026-06-14 18:10:00,57945.6,66579.5,57970.8,57933.7
2026-06-14 18:15:00,58037.8,66685.4,58056.5,58029.0
2026-06-14 18:20:00,58159.5,66825.3,58136.1,58170.5
2026-06-14 18:25:00,58293.2,66978.9,58329.0,58276.5
2026-06-14 18:30:00,58443.1,67151.1,58398.3,58464.0
2026-06-14 18:35:00,58565.8,67292.2,58577.8,58560.2
2026-06-14 18:40:00,58709.0,67456.7,58657.2,58733.3
2026-06-14 18:45:00,58846.3,67614.4,58872.0,58834.3
2026-06-14 18:50:00,58973.5,67760.5,58915.6,59000.6
2026-06-14 18:55:00,59070.7,67872.2,59095.5,59059.0
2026-06-14 19:00:00,59133.6,67944.5,59160.9,59120.8
2026-06-14 19:05:00,59150.9,67964.4,59151.5,59150.6
2026-06-14 19:10:00,59175.4,67992.6,59190.3,59168.5
2026-06-14 19:15:00,59226.6,68051.4,59267.8,59207.4
2026-06-14 19:20:00,59327.0,68166.8,59275.4,59351.3
2026-06-14 19:25:00,59408.4,68260.2,59383.5,59420.0
2026-06-14 19:30:00,59481.5,68344.2,59484.1,59480.3
2026-06-14 19:35:00,59499.5,68364.9,59564.2,59469.2
2026-06-14 19:40:00,59517.4,68385.5,59530.4,59511.4
2026-06-14 19:45:00,59561.3,68436.0,59529.4,59576.3
2026-06-14 19:50:00,59554.6,68428.3,59551.3,59556.2
2026-06-14 19:55:00,59556.1,68430.0,59551.7,59558.2
2026-06-14 20:00:00,59549.7,68422.6,59538.9,59554.8
2026-06-14 20:05:00,59482.2,68345.1,59541.5,59454.5
2026-06-14 20:10:00,59493.8,68358.3,59477.0,59501.6
2026-06-14 20:15:00,59475.4,68337.3,59454.6,59485.2
2026-06-14 20:20:00,59462.2,68322.0,59445.6,59469.9
2026-06-14 20:25:00,59454.3,68313.0,59423.7,59468.7
2026-06-14 20:30:00,59437.8,68294.1,59394.9,59458.0
2026-06-14 20:35:00,59420.6,68274.2,59308.9,59472.9
2026-06-14 20:40:00,59363.4,68208.6,59303.9,59391.3
2026-06-14 20:45:00,59312.4,68150.0,59308.7,59314.2
2026-06-14 20:50:00,59268.0,68099.0,59208.1,59296.1
2026-06-14 20:55:00,59223.1,68047.3,59207.6,59230.3
2026-06-14 21:00:00,59014.8,67808.0,59070.8,58988.5
2026-06-14 21:05:00,58846.4,67614.6,58920.7,58811.6
2026-06-14 21:10:00,58735.0,67486.5,58726.5,58739.0
2026-06-14 21:15:00,58577.4,67305.5,58617.2,58558.8
2026-06-14 21:20:00,58454.8,67164.6,58439.3,58462.1
2026-06-14 21:25:00,58308.6,66996.5,58339.8,58293.9
2026-06-14 21:30:00,58212.5,66886.1,58170.3,58232.2
2026-06-14 21:35:00,58078.6,66732.3,58090.8,58072.9
2026-06-14 21:40:00,57939.3,66572.2,57965.8,57926.8
2026-06-14 21:45:00,57837.8,66455.6,57809.9,57850.9
2026-06-14 21:50:00,57739.6,66342.8,57677.9,57768.5
2026-06-14 21:55:00,57619.7,66205.0,57584.9,57635.9
2026-06-14 22:00:00,57514.0,66083.5,57509.3,57516.1
2026-06-14 22:05:00,57461.3,66023.0,57518.4,57434.6
2026-06-14 22:10:00,57358.6,65905.0,57352.8,57361.3
2026-06-14 22:15:00,57230.9,65758.3,57195.4,57247.5
2026-06-14 22:20:00,57094.9,65602.1,57098.1,57093.4
2026-06-14 22:25:00,57011.1,65505.7,56991.2,57020.4
2026-06-14 22:30:00,56887.8,65364.1,56883.1,56890.1
2026-06-14 22:35:00,56772.8,65232.0,56710.8,56801.9
2026-06-14 22:40:00,56674.9,65119.5,56623.9,56698.8
2026-06-14 22:45:00,56560.5,64988.0,56524.2,56577.5
2026-06-14 22:50:00,56406.8,64811.5,56460.4,56381.7
2026-06-14 22:55:00,56283.9,64670.2,56253.9,56298.0
2026-06-14 23:00:00,56301.2,64690.1,56321.0,56291.9
2026-06-14 23:05:00,56459.8,64872.3,56485.8,56447.7
2026-06-14 23:10:00,56416.6,64822.7,56515.3,56370.3
2026-06-14 23:15:00,56253.3,64635.1,56214.5,56271.5
2026-06-14 23:20:00,56067.5,64421.5,56107.7,56048.7
2026-06-14 23:25:00,55923.7,64256.3,55881.5,55943.5
2026-06-14 23:30:00,55712.7,64013.9,55720.9,55708.8
2026-06-14 23:35:00,55478.6,63745.0,55469.3,55483.0
2026-06-14 23:40:00,55266.0,63500.6,55282.9,55258.1
2026-06-14 23:45:00,55082.2,63289.5,55048.0,55098.2
2026-06-14 23:50:00,54829.4,62999.0,54800.2,54843.1
2026-06-14 23:55:00,54490.3,62609.4,54464.4,54502.5
2026-06-15 00:00:00,54150.7,62219.2,54077.1,54185.3
2026-06-15 00:05:00,54012.6,62060.4,53967.0,54033.9
2026-06-15 00:10:00,53810.1,61827.8,53869.9,53782.1
2026-06-15 00:15:00,53530.8,61506.9,53499.8,53545.4
2026-06-15 00:20:00,53261.0,61196.9,53361.5,53213.9
2026-06-15 00:25:00,53066.4,60973.3,53022.5,53087.0
2026-06-15 00:30:00,52837.8,60710.6,52884.6,52815.9
2026-06-15 00:35:00,52705.6,60558.7,52724.0,52696.9
2026-06-15 00:40:00,52546.7,60376.2,52548.0,52546.1
2026-06-15 00:45:00,52341.4,60140.3,52330.5,52346.5
2026-06-15 00:50:00,52158.8,59930.4,52114.0,52179.7
2026-06-15 00:55:00,51966.5,59709.5,51929.0,51984.1
2026-06-15 01:00:00,51810.8,59530.6,51916.1,51761.5
2026-06-15 01:05:00,51758.3,59470.3,51733.6,51769.9
2026-06-15 01:10:00,51756.3,59468.0,51726.2,51770.5
2026-06-15 01:15:00,51642.3,59337.0,51731.1,51600.7
2026-06-15 01:20:00,51568.6,59252.3,51546.4,51579.0
2026-06-15 01:25:00,51522.5,59199.3,51543.5,51512.6
2026-06-15 01:30:00,51407.9,59067.7,51518.3,51356.2
2026-06-15 01:35:00,51350.2,59001.4,51349.9,51350.3
2026-06-15 01:40:00,51375.8,59030.8,51332.2,51396.2
2026-06-15 01:45:00,51335.3,58984.2,51333.4,51336.2
2026-06-15 01:50:00,51375.3,59030.2,51379.6,51373.3
2026-06-15 01:55:00,51375.3,59030.2,51378.4,51373.8
2026-06-15 02:00:00,51352.6,59004.1,51355.1,51351.4
2026-06-15 02:05:00,51392.2,59049.6,51395.5,51390.6
2026-06-15 02:10:00,51377.3,59032.5,51383.9,51374.2
2026-06-15 02:15:00,51375.9,59030.9,51384.7,51371.8
2026-06-15 02:20:00,51374.7,59029.5,51386.9,51368.9
2026-06-15 02:25:00,51376.0,59031.0,51390.0,51369.5
2026-06-15 02:30:00,51355.4,59007.4,51376.4,51345.6
2026-06-15 02:35:00,51372.5,59027.0,51401.9,51358.7
2026-06-15 02:40:00,51364.4,59017.7,51386.4,51354.1
2026-06-15 02:45:00,51365.6,59019.1,51390.1,51354.2
2026-06-15 02:50:00,51365.2,59018.6,51387.1,51354.9
2026-06-15 02:55:00,51360.4,59013.1,51386.3,51348.3
2026-06-15 03:00:00,51378.7,59034.1,51393.4,51371.8
2026-06-15 03:05:00,51424.0,59086.2,51428.0,51422.1
2026-06-15 03:10:00,51414.9,59075.7,51425.9,51409.7
2026-06-15 03:15:00,51414.5,59075.3,51426.2,51409.1
2026-06-15 03:20:00,51413.1,59073.6,51426.4,51406.9
2026-06-15 03:25:00,51416.5,59077.6,51429.1,51410.6
2026-06-15 03:30:00,51411.5,59071.8,51420.9,51407.0
2026-06-15 03:35:00,51442.4,59107.4,51457.0,51435.6
2026-06-15 03:40:00,51419.9,59081.4,51430.2,51415.0
2026-06-15 03:45:00,51420.7,59082.4,51432.7,51415.0
2026-06-15 03:50:00,51419.8,59081.3,51430.3,51414.8
2026-06-15 03:55:00,51418.9,59080.3,51432.4,51412.5
2026-06-15 04:00:00,51452.3,59118.7,51476.2,51441.1
2026-06-15 04:05:00,51500.2,59173.7,51527.7,51487.2
2026-06-15 04:10:00,51499.7,59173.1,51503.2,51498.0
2026-06-15 04:15:00,51499.4,59172.8,51498.7,51499.7
2026-06-15 04:20:00,51499.0,59172.4,51493.0,51501.9
2026-06-15 04:25:00,51502.7,59176.5,51499.9,51503.9
2026-06-15 04:30:00,51497.7,59170.9,51492.1,51500.4
2026-06-15 04:35:00,51535.4,59214.2,51542.9,51531.9
2026-06-15 04:40:00,51568.1,59251.7,51701.5,51505.6
2026-06-15 04:45:00,51708.1,59412.6,51698.8,51712.5
2026-06-15 04:50:00,51702.3,59406.0,51691.8,51707.3
2026-06-15 04:55:00,51702.4,59406.0,51696.1,51705.3
2026-06-15 05:00:00,51761.7,59474.2,51775.6,51755.1
2026-06-15 05:05:00,52031.4,59784.1,52078.0,52009.6
2026-06-15 05:10:00,52208.9,59988.1,52248.2,52190.6
2026-06-15 05:15:00,52384.8,60190.1,52425.5,52365.7
2026-06-15 05:20:00,52385.4,60190.8,52418.6,52369.8
2026-06-15 05:25:00,52460.8,60277.4,52437.6,52471.6
2026-06-15 05:30:00,52663.8,60510.7,52640.5,52674.7
2026-06-15 05:35:00,52929.6,60816.1,52900.1,52943.4
2026-06-15 05:40:00,53116.2,61030.5,53061.1,53142.0
2026-06-15 05:45:00,53341.0,61288.8,53282.5,53368.4
2026-06-15 05:50:00,53497.5,61468.6,53476.2,53507.5
2026-06-15 05:55:00,53724.4,61729.3,53682.7,53743.9
2026-06-15 06:00:00,54122.3,62186.5,54133.5,54117.1
2026-06-15 06:05:00,54569.9,62700.8,54628.3,54542.5
2026-06-15 06:10:00,54798.6,62963.6,54851.4,54773.9
2026-06-15 06:15:00,55064.5,63269.1,55059.3,55067.0
2026-06-15 06:20:00,55332.9,63577.5,55303.1,55346.8
2026-06-15 06:25:00,55574.9,63855.5,55541.2,55590.6
2026-06-15 06:30:00,55804.9,64119.8,55854.7,55781.6
2026-06-15 06:35:00,56076.3,64431.6,56150.1,56041.7
2026-06-15 06:40:00,56321.0,64712.9,56307.4,56327.4
2026-06-15 06:45:00,56552.4,64978.7,56529.5,56563.1
2026-06-15 06:50:00,56784.4,65245.3,56807.8,56773.5
2026-06-15 06:55:00,57115.6,65625.8,57054.2,57144.3
2026-06-15 07:00:00,57540.0,66113.4,57573.3,57524.3
2026-06-15 07:05:00,58129.4,66790.7,58160.0,58115.1
2026-06-15 07:10:00,58510.6,67228.7,58458.9,58534.9
2026-06-15 07:15:00,58885.5,67659.5,58893.4,58881.9
2026-06-15 07:20:00,59142.7,67954.9,59147.3,59140.5
2026-06-15 07:25:00,59331.7,68172.1,59310.6,59341.5
2026-06-15 07:30:00,59577.8,68454.8,59500.0,59614.2
2026-06-15 07:35:00,59935.5,68865.9,59898.5,59952.8
2026-06-15 07:40:00,60190.4,69158.8,60181.9,60194.4
2026-06-15 07:45:00,60474.2,69484.8,60451.0,60485.0
2026-06-15 07:50:00,60731.8,69780.8,60717.7,60738.4
2026-06-15 07:55:00,60982.6,70069.0,60946.7,60999.4
2026-06-15 08:00:00,61405.8,70555.3,61421.8,61398.3
2026-06-15 08:05:00,62055.3,71301.5,62013.1,62075.1
2026-06-15 08:10:00,62456.5,71762.5,62464.7,62452.6
2026-06-15 08:15:00,62797.8,72154.7,62829.1,62783.2
2026-06-15 08:20:00,63089.2,72489.5,63118.6,63075.5
2026-06-15 08:25:00,63396.6,72842.7,63413.9,63388.5
2026-06-15 08:30:00,63655.4,73140.1,63668.7,63649.2
2026-06-15 08:35:00,63960.5,73490.6,63968.9,63956.6
2026-06-15 08:40:00,64180.3,73743.1,64131.0,64203.3
2026-06-15 08:45:00,64416.3,74014.3,64389.4,64428.8
2026-06-15 08:50:00,64575.7,74197.5,64550.5,64587.5
2026-06-15 08:55:00,64680.9,74318.3,64728.7,64658.5
2026-06-15 09:00:00,64786.2,74439.4,64815.9,64772.3
2026-06-15 09:05:00,64926.0,74600.0,64908.1,64934.4
2026-06-15 09:10:00,65078.5,74775.2,65005.2,65112.8
2026-06-15 09:15:00,65293.6,75022.4,65248.3,65314.8
2026-06-15 09:20:00,65406.3,75151.9,65398.8,65409.9
2026-06-15 09:25:00,65489.3,75247.2,65464.6,65500.8
2026-06-15 09:30:00,65517.9,75280.1,65506.5,65523.2
2026-06-15 09:35:00,65553.3,75320.7,65533.1,65562.8
2026-06-15 09:40:00,65613.6,75390.0,65605.8,65617.3
2026-06-15 09:45:00,65597.3,75371.3,65608.0,65592.4
2026-06-15 09:50:00,65563.4,75332.4,65568.4,65561.1
2026-06-15 09:55:00,65541.1,75306.8,65538.4,65542.4
2026-06-15 10:00:00,65400.8,75145.5,65540.2,65335.5
2026-06-15 10:05:00,65420.2,75167.8,65461.4,65401.0
2026-06-15 10:10:00,65497.4,75256.5,65578.1,65459.6
2026-06-15 10:15:00,65659.1,75442.3,65656.8,65660.1
2026-06-15 10:20:00,65770.2,75569.9,65763.6,65773.2
2026-06-15 10:25:00,65831.9,75640.9,65847.1,65824.8
2026-06-15 10:30:00,65772.6,75572.7,65842.8,65739.6
2026-06-15 10:35:00,65776.9,75577.7,65786.1,65772.6
2026-06-15 10:40:00,65751.2,75548.1,65764.4,65745.0
2026-06-15 10:45:00,65754.9,75552.3,65775.8,65745.0
2026-06-15 10:50:00,65727.6,75521.0,65755.5,65714.5
2026-06-15 10:55:00,65662.7,75446.4,65735.9,65628.4
2026-06-15 11:00:00,65553.2,75320.7,65578.4,65541.4
2026-06-15 11:05:00,65485.0,75242.2,65517.1,65469.9
2026-06-15 11:10:00,65396.9,75141.0,65411.8,65389.9
2026-06-15 11:15:00,65312.9,75044.6,65333.4,65303.4
2026-06-15 11:20:00,65225.9,74944.5,65231.9,65223.0
2026-06-15 11:25:00,65152.3,74860.0,65197.1,65131.3
2026-06-15 11:30:00,65016.7,74704.2,65039.0,65006.3
2026-06-15 11:35:00,64905.4,74576.3,64879.8,64917.4
2026-06-15 11:40:00,64761.7,74411.2,64759.6,64762.8
2026-06-15 11:45:00,64611.7,74238.8,64664.3,64587.0
2026-06-15 11:50:00,64371.4,73962.8,64341.2,64385.6
2026-06-15 11:55:00,64022.0,73561.3,64058.5,64004.9
2026-06-15 12:00:00,63567.7,73039.3,63592.9,63555.9
2026-06-15 12:05:00,63617.6,73096.6,63603.2,63624.3
2026-06-15 12:10:00,63672.1,73159.2,63667.6,63674.2
2026-06-15 12:15:00,63757.1,73256.9,63671.0,63797.3
2026-06-15 12:20:00,63854.4,73368.7,63748.4,63904.0
2026-06-15 12:25:00,63915.5,73438.9,63840.8,63950.5
2026-06-15 12:30:00,63883.4,73402.0,63816.9,63914.5
2026-06-15 12:35:00,63888.6,73408.0,63887.1,63889.3
2026-06-15 12:40:00,63939.0,73465.9,63956.9,63930.6
2026-06-15 12:45:00,64020.7,73559.8,63997.6,64031.5
2026-06-15 12:50:00,64249.5,73822.7,64177.2,64283.4
2026-06-15 12:55:00,64487.4,74096.1,64422.3,64517.9
2026-06-15 13:00:00,64944.6,74621.3,64859.2,64984.6
2026-06-15 13:05:00,65370.4,75110.6,65365.4,65372.8
2026-06-15 13:10:00,65678.4,75464.5,65698.0,65669.3
2026-06-15 13:15:00,65948.7,75775.1,65919.3,65962.6
2026-06-15 13:20:00,66196.0,76059.2,66198.4,66194.8
2026-06-15 13:25:00,66453.1,76354.6,66442.2,66458.2
2026-06-15 13:30:00,66683.0,76618.7,66727.5,66662.1
2026-06-15 13:35:00,66991.6,76973.3,66953.3,67009.5
2026-06-15 13:40:00,67240.9,77259.8,67214.7,67253.2
2026-06-15 13:45:00,67430.8,77478.0,67416.7,67437.4
2026-06-15 13:50:00,67605.2,77678.3,67620.2,67598.1
2026-06-15 13:55:00,67759.8,77856.0,67821.6,67730.8
2026-06-15 14:00:00,67899.0,78015.9,67903.0,67897.1
2026-06-15 14:05:00,67957.2,78082.8,67961.0,67955.4
2026-06-15 14:10:00,68061.2,78202.3,68123.9,68031.8
2026-06-15 14:15:00,68156.3,78311.6,68249.9,68112.5
2026-06-15 14:20:00,68227.0,78392.8,68312.5,68186.9
2026-06-15 14:25:00,68325.0,78505.4,68307.3,68333.3
2026-06-15 14:30:00,68384.2,78573.4,68396.3,68378.5
2026-06-15 14:35:00,68479.0,78682.4,68513.0,68463.1
2026-06-15 14:40:00,68537.0,78749.1,68587.1,68513.6
2026-06-15 14:45:00,68628.0,78853.6,68616.2,68633.5
2026-06-15 14:50:00,68659.4,78889.6,68679.3,68650.0
2026-06-15 14:55:00,68713.6,78952.0,68675.1,68731.7
2026-06-15 15:00:00,68678.6,78911.7,68768.4,68636.5
2026-06-15 15:05:00,68639.7,78867.0,68612.9,68652.2
2026-06-15 15:10:00,68801.6,79053.0,68755.2,68823.3
2026-06-15 15:15:00,69024.4,79309.0,68958.8,69055.1
2026-06-15 15:20:00,69205.7,79517.4,69156.8,69228.6
2026-06-15 15:25:00,69350.1,79683.2,69376.4,69337.7
2026-06-15 15:30:00,69445.9,79793.3,69444.4,69446.6
2026-06-15 15:35:00,69507.3,79863.9,69536.4,69493.7
2026-06-15 15:40:00,69654.6,80033.1,69654.6,69654.6
2026-06-15 15:45:00,69813.0,80215.2,69824.2,69807.8
2026-06-15 15:50:00,69975.0,80401.3,69941.5,69990.7
2026-06-15 15:55:00,70063.4,80502.9,70012.3,70087.4
2026-06-15 16:00:00,70138.5,80589.1,70064.8,70173.0
2026-06-15 16:05:00,70085.1,80527.7,70154.8,70052.4
2026-06-15 16:10:00,70197.2,80656.6,70156.2,70216.5
2026-06-15 16:15:00,70371.9,80857.3,70334.2,70389.5
2026-06-15 16:20:00,70454.0,80951.6,70412.0,70473.7
2026-06-15 16:25:00,70503.0,81008.0,70549.8,70481.1
2026-06-15 16:30:00,70582.5,81099.3,70548.4,70598.5
2026-06-15 16:35:00,70665.7,81194.9,70738.6,70631.6
2026-06-15 16:40:00,70780.1,81326.3,70684.2,70825.0
2026-06-15 16:45:00,70927.4,81495.5,70827.2,70974.2
2026-06-15 16:50:00,71027.0,81610.1,70954.2,71061.1
2026-06-15 16:55:00,71048.6,81634.8,71060.6,71043.0
2026-06-15 17:00:00,70922.8,81490.3,70968.9,70901.2
2026-06-15 17:05:00,70756.1,81298.8,70694.9,70784.8
2026-06-15 17:10:00,70746.6,81287.8,70793.2,70724.7
2026-06-15 17:15:00,70759.0,81302.1,70817.2,70731.8
2026-06-15 17:20:00,70782.2,81328.8,70799.8,70774.0
2026-06-15 17:25:00,70874.2,81434.5,70802.3,70907.9
2026-06-15 17:30:00,70899.2,81463.1,70933.9,70882.9
2026-06-15 17:35:00,70917.6,81484.3,70955.5,70899.8
2026-06-15 17:40:00,71000.6,81579.7,70945.7,71026.3
2026-06-15 17:45:00,71049.4,81635.7,71097.8,71026.7
2026-06-15 17:50:00,71008.8,81589.1,71053.4,70987.9
2026-06-15 17:55:00,70981.5,81557.8,71008.7,70968.8
2026-06-15 18:00:00,70922.9,81490.5,70849.6,70957.3
2026-06-15 18:05:00,70829.5,81383.1,70762.6,70860.8
2026-06-15 18:10:00,70862.6,81421.1,70805.4,70889.3
2026-06-15 18:15:00,70927.4,81495.5,70977.3,70904.0
2026-06-15 18:20:00,71011.0,81591.7,70960.2,71034.9
2026-06-15 18:25:00,71070.9,81660.5,71119.9,71047.9
2026-06-15 18:30:00,71076.2,81666.6,71133.5,71049.4
2026-06-15 18:35:00,71117.4,81713.9,71104.2,71123.7
2026-06-15 18:40:00,71103.3,81697.7,71082.0,71113.3
2026-06-15 18:45:00,71105.8,81700.6,71087.2,71114.5
2026-06-15 18:50:00,71064.2,81652.8,71049.4,71071.2
2026-06-15 18:55:00,70973.7,81548.7,71004.8,70959.0
2026-06-15 19:00:00,70889.4,81451.9,70812.8,70925.2
2026-06-15 19:05:00,70756.6,81299.4,70757.4,70756.3
2026-06-15 19:10:00,70664.6,81193.6,70727.2,70635.2
2026-06-15 19:15:00,70616.5,81138.3,70571.0,70637.8
2026-06-15 19:20:00,70615.9,81137.7,70566.1,70639.2
2026-06-15 19:25:00,70608.8,81129.5,70560.4,70631.5
2026-06-15 19:30:00,70504.4,81009.5,70540.9,70487.3
2026-06-15 19:35:00,70462.8,80961.8,70401.1,70491.7
2026-06-15 19:40:00,70364.1,80848.4,70385.5,70354.1
2026-06-15 19:45:00,70310.1,80786.3,70240.4,70342.8
2026-06-15 19:50:00,70192.8,80651.5,70214.9,70182.4
2026-06-15 19:55:00,70056.9,80495.4,70081.9,70045.2
2026-06-15 20:00:00,69752.6,80145.7,69855.6,69704.3
2026-06-15 20:05:00,69525.4,79884.6,69603.8,69488.6
2026-06-15 20:10:00,69367.0,79702.7,69433.6,69335.9
2026-06-15 20:15:00,69210.9,79523.3,69157.4,69235.9
2026-06-15 20:20:00,69003.5,79285.1,69038.6,68987.1
2026-06-15 20:25:00,68836.7,79093.4,68801.4,68853.3
2026-06-15 20:30:00,68633.3,78859.7,68645.4,68627.7
2026-06-15 20:35:00,68480.5,78684.1,68442.6,68498.3
2026-06-15 20:40:00,68286.6,78461.3,68334.2,68264.3
2026-06-15 20:45:00,68042.4,78180.8,68069.8,68029.6
2026-06-15 20:50:00,67844.8,77953.7,67825.7,67853.7
2026-06-15 20:55:00,67566.2,77633.5,67605.3,67547.8
2026-06-15 21:00:00,67250.1,77270.4,67236.2,67256.7
2026-06-15 21:05:00,66994.8,76977.0,67001.8,66991.5
2026-06-15 21:10:00,66863.3,76825.9,66817.1,66884.9
2026-06-15 21:15:00,66666.0,76599.2,66684.0,66657.5
2026-06-15 21:20:00,66448.8,76349.6,66487.1,66430.8
2026-06-15 21:25:00,66271.2,76145.6,66284.8,66264.9
2026-06-15 21:30:00,66109.2,75959.5,66099.8,66113.6
2026-06-15 21:35:00,65870.4,75685.1,65855.6,65877.4
2026-06-15 21:40:00,65670.8,75455.8,65630.2,65689.9
2026-06-15 21:45:00,65462.6,75216.6,65486.2,65451.6
2026-06-15 21:50:00,65270.2,74995.4,65280.2,65265.5
2026-06-15 21:55:00,65097.7,74797.3,65097.6,65097.8
2026-06-15 22:00:00,64852.0,74514.9,64848.7,64853.6
2026-06-15 22:05:00,64809.6,74466.3,64828.0,64801.0
2026-06-15 22:10:00,64699.4,74339.6,64668.3,64713.9
2026-06-15 22:15:00,64569.1,74189.9,64536.8,64584.2
2026-06-15 22:20:00,64411.5,74008.9,64435.2,64400.5
2026-06-15 22:25:00,64254.0,73827.8,64231.0,64264.8
2026-06-15 22:30:00,64009.5,73546.9,63988.8,64019.2
2026-06-15 22:35:00,63821.0,73330.4,63858.0,63803.7
2026-06-15 22:40:00,63680.2,73168.6,63699.9,63671.0
2026-06-15 22:45:00,63480.2,72938.7,63482.2,63479.2
2026-06-15 22:50:00,63294.5,72725.3,63288.8,63297.1
2026-06-15 22:55:00,63132.9,72539.7,63086.4,63154.6
2026-06-15 23:00:00,63094.5,72495.6,63087.8,63097.7
2026-06-15 23:05:00,63465.4,72921.7,63458.2,63468.8
2026-06-15 23:10:00,63445.7,72899.1,63444.5,63446.3
2026-06-15 23:15:00,63313.8,72747.5,63288.4,63325.7
2026-06-15 23:20:00,63093.3,72494.2,63032.0,63122.0
2026-06-15 23:25:00,62871.0,72238.8,62819.6,62895.2
2026-06-15 23:30:00,62575.4,71899.2,62536.6,62593.6
2026-06-15 23:35:00,62270.7,71549.1,62239.9,62285.2
2026-06-15 23:40:00,61875.5,71095.0,61913.4,61857.8
2026-06-15 23:45:00,61485.3,70646.7,61476.3,61489.6
2026-06-15 23:50:00,61085.0,70186.6,61134.1,61062.0
2026-06-15 23:55:00,60633.8,69668.2,60655.3,60623.7
2026-06-16 00:00:00,60028.6,68972.9,60024.3,60030.6
2026-06-16 00:05:00,59921.0,68849.2,59893.5,59933.9
2026-06-16 00:10:00,59582.6,68460.4,59592.1,59578.1
2026-06-16 00:15:00,59182.7,68000.9,59244.9,59153.5
2026-06-16 00:20:00,58825.2,67590.1,58903.5,58788.4
2026-06-16 00:25:00,58501.8,67218.5,58544.9,58481.6
2026-06-16 00:30:00,58263.1,66944.3,58218.4,58284.0
2026-06-16 00:35:00,58082.9,66737.2,58076.3,58085.9
2026-06-16 00:40:00,57890.8,66516.5,57882.0,57894.9
2026-06-16 00:45:00,57673.3,66266.6,57659.2,57679.9
2026-06-16 00:50:00,57485.7,66051.1,57462.5,57496.6
2026-06-16 00:55:00,57247.7,65777.6,57288.8,57228.4
2026-06-16 01:00:00,57104.5,65613.0,57081.8,57115.1
2026-06-16 01:05:00,57013.1,65508.0,57033.1,57003.7
2026-06-16 01:10:00,56909.1,65388.5,56943.6,56892.9
2026-06-16 01:15:00,56825.0,65292.0,56818.6,56828.0
2026-06-16 01:20:00,56760.2,65217.5,56769.3,56755.9
2026-06-16 01:25:00,56636.1,65074.9,56662.8,56623.6
2026-06-16 01:30:00,56537.1,64961.1,56511.3,56549.2
2026-06-16 01:35:00,56441.9,64851.8,56444.5,56440.7
2026-06-16 01:40:00,56341.7,64736.6,56310.3,56356.4
2026-06-16 01:45:00,56249.6,64630.8,56216.3,56265.2
2026-06-16 01:50:00,56209.2,64584.3,56240.8,56194.4
2026-06-16 01:55:00,56166.7,64535.5,56144.3,56177.2
2026-06-16 02:00:00,56152.7,64519.4,56109.2,56173.1
2026-06-16 02:05:00,56142.1,64507.3,56173.7,56127.3
2026-06-16 02:10:00,56120.7,64482.7,56146.5,56108.6
2026-06-16 02:15:00,56044.8,64395.4,56029.4,56052.0
2026-06-16 02:20:00,55977.6,64318.2,55990.4,55971.6
2026-06-16 02:25:00,55921.4,64253.6,55922.0,55921.0
2026-06-16 02:30:00,55864.1,64187.8,55922.9,55836.5
2026-06-16 02:35:00,55843.0,64163.6,55828.7,55849.7
2026-06-16 02:40:00,55837.3,64157.1,55815.5,55847.5
2026-06-16 02:45:00,55805.2,64120.1,55817.1,55799.5
2026-06-16 02:50:00,55735.6,64040.3,55812.9,55699.4
2026-06-16 02:55:00,55696.5,63995.3,55693.6,55697.8
2026-06-16 03:00:00,55596.5,63880.4,55648.8,55572.0
2026-06-16 03:05:00,55561.4,63840.0,55603.8,55541.5
2026-06-16 03:10:00,55499.4,63768.8,55474.4,55511.1
2026-06-16 03:15:00,55491.0,63759.2,55471.9,55500.0
2026-06-16 03:20:00,55491.9,63760.2,55474.6,55500.1
2026-06-16 03:25:00,55466.5,63731.0,55477.5,55461.4
2026-06-16 03:30:00,55394.2,63647.9,55476.2,55355.7
2026-06-16 03:35:00,55382.1,63634.1,55392.7,55377.2
2026-06-16 03:40:00,55362.3,63611.3,55369.4,55359.0
2026-06-16 03:45:00,55285.5,63523.0,55374.1,55243.9
2026-06-16 03:50:00,55252.4,63485.0,55270.9,55243.7
2026-06-16 03:55:00,55244.3,63475.7,55243.8,55244.5
2026-06-16 04:00:00,55273.7,63509.5,55281.6,55270.0
2026-06-16 04:05:00,55386.3,63638.8,55362.5,55397.4
2026-06-16 04:10:00,55431.9,63691.2,55424.8,55435.2
2026-06-16 04:15:00,55430.7,63689.9,55420.3,55435.6
2026-06-16 04:20:00,55428.9,63687.8,55412.6,55436.6
2026-06-16 04:25:00,55446.8,63708.4,55419.7,55459.5
2026-06-16 04:30:00,55446.0,63707.4,55427.9,55454.4
2026-06-16 04:35:00,55483.0,63750.0,55476.8,55485.9
2026-06-16 04:40:00,55489.4,63757.3,55545.0,55463.3
2026-06-16 04:45:00,55555.8,63833.6,55541.8,55562.3
2026-06-16 04:50:00,55587.4,63870.0,55534.8,55612.1
2026-06-16 04:55:00,55627.2,63915.6,55639.0,55621.6
2026-06-16 05:00:00,55725.8,64029.0,55704.3,55735.9
2026-06-16 05:05:00,55911.7,64242.5,55936.6,55900.0
2026-06-16 05:10:00,55998.6,64342.4,56089.4,55956.1
2026-06-16 05:15:00,56087.3,64444.3,56075.5,56092.8
2026-06-16 05:20:00,56203.8,64578.2,56174.9,56217.4
2026-06-16 05:25:00,56301.9,64690.8,56288.8,56308.0
2026-06-16 05:30:00,56388.5,64790.4,56377.7,56393.6
2026-06-16 05:35:00,56600.6,65034.1,56543.7,56627.2
2026-06-16 05:40:00,56758.8,65215.9,56733.8,56770.5
2026-06-16 05:45:00,56836.9,65305.6,56904.0,56805.5
2026-06-16 05:50:00,56965.1,65452.9,56980.9,56957.7
2026-06-16 05:55:00,57122.5,65633.8,57068.1,57148.0
2026-06-16 06:00:00,57368.5,65916.4,57419.3,57344.7
2026-06-16 06:05:00,57834.2,66451.5,57753.1,57872.3
2026-06-16 06:10:00,58020.0,66665.0,58018.6,58020.7
2026-06-16 06:15:00,58259.8,66940.5,58190.7,58292.1
2026-06-16 06:20:00,58401.7,67103.6,58413.6,58396.1
2026-06-16 06:25:00,58528.7,67249.5,58505.6,58539.5
2026-06-16 06:30:00,58714.5,67463.0,58707.3,58717.9
2026-06-16 06:35:00,58971.3,67758.1,58995.8,58959.9
2026-06-16 06:40:00,59150.2,67963.6,59171.8,59140.1
2026-06-16 06:45:00,59304.3,68140.6,59275.6,59317.8
2026-06-16 06:50:00,59490.3,68354.3,59500.1,59485.6
2026-06-16 06:55:00,59635.2,68520.9,59681.6,59613.5
2026-06-16 07:00:00,59989.6,68928.1,60011.3,59979.5
2026-06-16 07:05:00,60569.1,69593.9,60493.7,60604.4
2026-06-16 07:10:00,60912.9,69988.9,60924.7,60907.3
2026-06-16 07:15:00,61158.9,70271.6,61163.3,61156.9
2026-06-16 07:20:00,61322.3,70459.3,61380.0,61295.2
2026-06-16 07:25:00,61523.4,70690.4,61482.5,61542.6
2026-06-16 07:30:00,61687.8,70879.3,61601.0,61728.5
2026-06-16 07:35:00,61892.1,71114.1,61882.7,61896.6
2026-06-16 07:40:00,61982.0,71217.4,61993.2,61976.8
2026-06-16 07:45:00,62116.4,71371.7,62098.8,62124.6
2026-06-16 07:50:00,62327.3,71614.1,62340.0,62321.4
2026-06-16 07:55:00,62498.8,71811.1,62486.5,62504.5
2026-06-16 08:00:00,62894.9,72266.2,62877.6,62903.0
2026-06-16 08:05:00,63517.6,72981.7,63456.9,63546.0
2026-06-16 08:10:00,63910.0,73432.6,63920.4,63905.1
2026-06-16 08:15:00,64312.6,73895.1,64269.9,64332.5
2026-06-16 08:20:00,64644.8,74276.9,64579.4,64675.4
2026-06-16 08:25:00,64952.3,74630.2,64942.8,64956.7
2026-06-16 08:30:00,65178.9,74890.6,65255.3,65143.1
2026-06-16 08:35:00,65491.4,75249.6,65481.9,65495.8
2026-06-16 08:40:00,65682.9,75469.6,65657.0,65695.0
2026-06-16 08:45:00,65858.1,75670.9,65838.7,65867.2
2026-06-16 08:50:00,66010.9,75846.5,66000.2,66015.9
2026-06-16 08:55:00,66096.0,75944.4,66094.8,66096.6
2026-06-16 09:00:00,66090.7,75938.2,66113.2,66080.2
2026-06-16 09:05:00,66185.3,76046.9,66169.4,66192.8
2026-06-16 09:10:00,66341.7,76226.6,66348.8,66338.4
2026-06-16 09:15:00,66474.1,76378.7,66544.7,66441.0
2026-06-16 09:20:00,66583.2,76504.1,66588.9,66580.5
2026-06-16 09:25:00,66705.7,76644.9,66686.0,66714.9
2026-06-16 09:30:00,66709.1,76648.8,66691.4,66717.4
2026-06-16 09:35:00,66721.6,76663.2,66709.1,66727.5
2026-06-16 09:40:00,66659.4,76591.7,66644.2,66666.5
2026-06-16 09:45:00,66651.3,76582.4,66644.6,66654.5
2026-06-16 09:50:00,66614.3,76539.8,66630.7,66606.6
2026-06-16 09:55:00,66564.5,76482.6,66507.9,66591.1
2026-06-16 10:00:00,66503.2,76412.2,66492.1,66508.4
2026-06-16 10:05:00,66582.8,76503.6,66558.0,66594.4
2026-06-16 10:10:00,66716.4,76657.1,66662.8,66741.5
2026-06-16 10:15:00,66909.9,76879.5,66849.3,66938.3
2026-06-16 10:20:00,67013.9,76999.0,66989.0,67025.5
2026-06-16 10:25:00,67060.6,77052.7,67053.4,67064.1
2026-06-16 10:30:00,67004.1,76987.8,67072.9,66971.9
2026-06-16 10:35:00,67000.1,76983.1,66989.8,67004.9
2026-06-16 10:40:00,66976.3,76955.8,66965.2,66981.6
2026-06-16 10:45:00,66920.1,76891.2,66976.2,66893.9
2026-06-16 10:50:00,66869.4,76833.0,66882.5,66863.3
2026-06-16 10:55:00,66784.0,76734.8,66858.8,66748.9
2026-06-16 11:00:00,66665.6,76598.7,66683.6,66657.1
2026-06-16 11:05:00,66576.5,76496.4,66636.0,66548.7
2026-06-16 11:10:00,66567.3,76485.8,66525.4,66586.9
2026-06-16 11:15:00,66570.6,76489.6,66534.1,66587.6
2026-06-16 11:20:00,66549.3,76465.1,66511.6,66567.0
2026-06-16 11:25:00,66484.6,76390.8,66513.8,66470.9
2026-06-16 11:30:00,66424.4,76321.6,66329.2,66469.0
2026-06-16 11:35:00,66359.1,76246.6,66272.2,66399.8
2026-06-16 11:40:00,66343.1,76228.3,66261.4,66381.4
2026-06-16 11:45:00,66278.7,76154.2,66261.2,66286.8
2026-06-16 11:50:00,66084.7,75931.4,66003.5,66122.8
2026-06-16 11:55:00,65797.8,75601.7,65723.3,65832.7
2026-06-16 12:00:00,65415.2,75162.1,65293.2,65472.4
2026-06-16 12:05:00,65369.9,75110.0,65357.6,65375.7
2026-06-16 12:10:00,65398.0,75142.3,65380.0,65406.4
2026-06-16 12:15:00,65308.3,75039.3,65365.9,65281.4
2026-06-16 12:20:00,65242.1,74963.2,65290.2,65219.6
2026-06-16 12:25:00,65149.1,74856.3,65270.9,65092.0
2026-06-16 12:30:00,64965.4,74645.2,65008.6,64945.1
2026-06-16 12:35:00,64915.5,74587.9,64953.2,64897.8
2026-06-16 12:40:00,64884.6,74552.5,64935.5,64860.8
2026-06-16 12:45:00,64918.4,74591.2,64972.4,64893.1
2026-06-16 12:50:00,65023.8,74712.3,65032.0,65019.9
2026-06-16 12:55:00,65191.0,74904.5,65193.7,65189.8
2026-06-16 13:00:00,65603.7,75378.7,65576.8,65616.3
2026-06-16 13:05:00,66001.2,75835.3,65976.9,66012.5
2026-06-16 13:10:00,66246.8,76117.6,66279.3,66231.6
2026-06-16 13:15:00,66484.0,76390.1,66494.4,66479.1
2026-06-16 13:20:00,66682.8,76618.6,66668.4,66689.6
2026-06-16 13:25:00,66940.4,76914.6,66896.2,66961.2
2026-06-16 13:30:00,67156.7,77163.0,67121.7,67173.0
2026-06-16 13:35:00,67377.1,77416.3,67358.0,67386.0
2026-06-16 13:40:00,67602.3,77675.1,67629.1,67589.8
2026-06-16 13:45:00,67774.8,77873.3,67814.2,67756.4
2026-06-16 13:50:00,67885.5,78000.4,67888.4,67884.1
2026-06-16 13:55:00,68000.8,78132.9,68020.0,67991.8
2026-06-16 14:00:00,68081.2,78225.3,68077.1,68083.1
2026-06-16 14:05:00,68144.9,78298.5,68152.2,68141.5
2026-06-16 14:10:00,68230.6,78397.0,68287.0,68204.2
2026-06-16 14:15:00,68325.0,78505.4,68297.4,68337.9
2026-06-16 14:20:00,68391.9,78582.3,68393.6,68391.1
2026-06-16 14:25:00,68485.3,78689.6,68505.7,68475.7
2026-06-16 14:30:00,68535.7,78747.6,68561.2,68523.8
2026-06-16 14:35:00,68628.8,78854.5,68585.8,68649.0
2026-06-16 14:40:00,68669.3,78901.0,68674.6,68666.8
2026-06-16 14:45:00,68744.2,78987.0,68704.2,68762.9
2026-06-16 14:50:00,68774.5,79021.9,68822.5,68752.1
2026-06-16 14:55:00,68834.6,79090.9,68792.1,68854.5
2026-06-16 15:00:00,68806.5,79058.7,68898.8,68763.3
2026-06-16 15:05:00,68786.3,79035.5,68772.7,68792.7
2026-06-16 15:10:00,68939.8,79211.8,68914.5,68951.6
2026-06-16 15:15:00,69141.2,79443.3,69168.4,69128.5
2026-06-16 15:20:00,69292.2,79616.7,69246.2,69313.7
2026-06-16 15:25:00,69432.3,79777.7,69455.8,69421.3
2026-06-16 15:30:00,69494.1,79848.8,69535.3,69474.9
2026-06-16 15:35:00,69610.5,79982.4,69540.9,69643.0
2026-06-16 15:40:00,69755.6,80149.1,69717.3,69773.5
2026-06-16 15:45:00,69938.3,80359.1,69963.8,69926.4
2026-06-16 15:50:00,70087.4,80530.4,70053.4,70103.3
2026-06-16 15:55:00,70209.9,80671.1,70141.8,70241.8
2026-06-16 16:00:00,70289.9,80763.0,70222.1,70321.6
2026-06-16 16:05:00,70223.3,80686.6,70284.1,70194.9
2026-06-16 16:10:00,70358.6,80842.1,70299.8,70386.2
2026-06-16 16:15:00,70475.6,80976.4,70447.7,70488.6
2026-06-16 16:20:00,70593.0,81111.4,70542.1,70616.8
2026-06-16 16:25:00,70691.8,81224.9,70754.8,70662.3
2026-06-16 16:30:00,70828.5,81382.0,70860.2,70813.7
2026-06-16 16:35:00,70939.4,81509.4,70864.8,70974.3
2026-06-16 16:40:00,71065.5,81654.2,70990.8,71100.5
2026-06-16 16:45:00,71114.2,81710.3,71141.1,71101.7
2026-06-16 16:50:00,71149.6,81750.9,71097.3,71174.1
2026-06-16 16:55:00,71165.6,81769.3,71196.7,71151.1
2026-06-16 17:00:00,71043.8,81629.3,71119.6,71008.3
2026-06-16 17:05:00,70824.2,81377.0,70831.5,70820.7
2026-06-16 17:10:00,70869.9,81429.5,70808.2,70898.8
2026-06-16 17:15:00,70929.6,81498.1,70978.0,70907.0
2026-06-16 17:20:00,71010.9,81591.6,70961.7,71034.0
2026-06-16 17:25:00,71060.4,81648.4,71109.0,71037.6
2026-06-16 17:30:00,71034.8,81618.9,71082.2,71012.5
2026-06-16 17:35:00,71052.7,81639.5,71104.2,71028.5
2026-06-16 17:40:00,71046.9,81632.9,71089.1,71027.1
2026-06-16 17:45:00,71049.3,81635.7,71094.2,71028.3
2026-06-16 17:50:00,71010.6,81591.2,71057.7,70988.6
2026-06-16 17:55:00,70983.2,81559.7,71012.5,70969.5
2026-06-16 18:00:00,70927.0,81495.2,70859.0,70958.9
2026-06-16 18:05:00,70831.8,81385.7,70766.3,70862.5
2026-06-16 18:10:00,70864.8,81423.7,70809.0,70891.0
2026-06-16 18:15:00,70930.3,81498.9,70983.0,70905.6
2026-06-16 18:20:00,71012.8,81593.7,70961.9,71036.6
2026-06-16 18:25:00,71072.1,81661.9,71120.1,71049.7
2026-06-16 18:30:00,71137.5,81736.9,71128.9,71141.5
2026-06-16 18:35:00,71163.8,81767.2,71245.9,71125.3
2026-06-16 18:40:00,71151.5,81753.0,71229.5,71114.9
2026-06-16 18:45:00,71153.9,81755.9,71234.6,71116.1
2026-06-16 18:50:00,71112.6,81708.3,71199.4,71071.9
2026-06-16 18:55:00,71034.5,81618.7,71011.2,71045.4
2026-06-16 19:00:00,70940.2,81510.3,70966.1,70928.1
2026-06-16 19:05:00,70855.1,81412.5,70763.8,70897.9
2026-06-16 19:10:00,70834.0,81388.3,70884.8,70810.3
2026-06-16 19:15:00,70834.0,81388.3,70879.2,70812.8
2026-06-16 19:20:00,70833.7,81387.9,70875.1,70814.3
2026-06-16 19:25:00,70779.6,81325.7,70721.8,70806.6
2026-06-16 19:30:00,70754.4,81296.8,70698.1,70780.7
2026-06-16 19:35:00,70645.0,81171.1,70713.0,70613.1
2026-06-16 19:40:00,70595.7,81114.5,70555.3,70614.6
2026-06-16 19:45:00,70516.7,81023.7,70560.2,70496.4
2026-06-16 19:50:00,70428.8,80922.7,70378.5,70452.4
2026-06-16 19:55:00,70312.6,80789.2,70346.1,70296.9
2026-06-16 20:00:00,70016.0,80448.4,70128.5,69963.3
2026-06-16 20:05:00,69771.8,80167.9,69861.4,69729.9
2026-06-16 20:10:00,69571.4,79937.6,69677.2,69521.9
2026-06-16 20:15:00,69412.5,79755.0,69414.3,69411.7
2026-06-16 20:20:00,69244.9,79562.4,69306.3,69216.2
2026-06-16 20:25:00,69068.9,79360.2,69026.7,69088.7
2026-06-16 20:30:00,68832.7,79088.8,68859.0,68820.5
2026-06-16 20:35:00,68643.2,78871.1,68687.3,68622.6
2026-06-16 20:40:00,68465.5,78666.8,68437.8,68478.4
2026-06-16 20:45:00,68290.9,78466.3,68352.7,68262.0
2026-06-16 20:50:00,68008.5,78141.8,68048.3,67989.9
2026-06-16 20:55:00,67701.8,77789.3,67727.8,67689.6
2026-06-16 21:00:00,67394.7,77436.5,67462.3,67363.0
2026-06-16 21:05:00,67145.8,77150.5,67205.1,67118.0
2026-06-16 21:10:00,66944.1,76918.8,66938.6,66946.7
2026-06-16 21:15:00,66732.0,76675.1,66710.2,66742.2
2026-06-16 21:20:00,66505.8,76415.1,66513.2,66502.3
2026-06-16 21:25:00,66318.3,76199.7,66270.1,66340.8
2026-06-16 21:30:00,66099.2,75948.0,66085.8,66105.5
2026-06-16 21:35:00,65869.1,75683.6,65841.0,65882.2
2026-06-16 21:40:00,65655.8,75438.5,65615.0,65674.9
2026-06-16 21:45:00,65466.5,75221.0,65481.4,65459.5
2026-06-16 21:50:00,65281.7,75008.7,65283.2,65281.0
2026-06-16 21:55:00,65101.2,74801.2,65094.4,65104.4
2026-06-16 22:00:00,64827.4,74486.7,64824.9,64828.6
2026-06-16 22:05:00,64759.9,74409.2,64698.9,64788.5
2026-06-16 22:10:00,64634.0,74264.4,64638.2,64632.0
2026-06-16 22:15:00,64490.1,74099.1,64442.9,64512.2
2026-06-16 22:20:00,64391.8,73986.2,64353.0,64410.0
2026-06-16 22:25:00,64248.8,73821.9,64233.2,64256.1
2026-06-16 22:30:00,64016.9,73555.4,63995.9,64026.8
2026-06-16 22:35:00,63857.9,73372.8,63869.0,63852.8
2026-06-16 22:40:00,63687.3,73176.7,63707.9,63677.6
2026-06-16 22:45:00,63508.6,72971.4,63557.3,63485.8
2026-06-16 22:50:00,63301.5,72733.5,63296.7,63303.8
2026-06-16 22:55:00,63139.5,72547.3,63098.6,63158.6
2026-06-16 23:00:00,63119.6,72524.4,63087.4,63134.7
2026-06-16 23:05:00,63484.2,72943.4,63471.2,63490.3
2026-06-16 23:10:00,63476.2,72934.2,63459.1,63484.2
2026-06-16 23:15:00,63324.5,72759.8,63299.0,63336.4
2026-06-16 23:20:00,63100.5,72502.5,63045.7,63126.1
2026-06-16 23:25:00,62876.1,72244.6,62828.2,62898.5
2026-06-16 23:30:00,62584.3,71909.3,62545.8,62602.3
2026-06-16 23:35:00,62276.7,71555.9,62252.1,62288.2
2026-06-16 23:40:00,61880.3,71100.5,61923.0,61860.3
2026-06-16 23:45:00,61492.7,70655.1,61487.1,61495.2
2026-06-16 23:50:00,61090.1,70192.5,61144.8,61064.5
2026-06-16 23:55:00,60636.8,69671.7,60659.4,60626.2
2026-06-17 00:00:00,60090.1,69043.5,60029.4,60118.5
2026-06-17 00:05:00,60014.2,68956.3,60006.2,60018.0
2026-06-17 00:10:00,59691.0,68585.0,59727.5,59674.0
2026-06-17 00:15:00,59317.7,68156.0,59340.8,59306.8
2026-06-17 00:20:00,58994.7,67784.9,58998.2,58993.0
2026-06-17 00:25:00,58681.6,67425.2,58758.7,58645.5
2026-06-17 00:30:00,58438.0,67145.2,58411.1,58450.6
2026-06-17 00:35:00,58244.2,66922.6,58257.0,58238.1
2026-06-17 00:40:00,58052.5,66702.3,58083.7,58037.9
2026-06-17 00:45:00,57855.2,66475.6,57886.0,57840.8
2026-06-17 00:50:00,57674.6,66268.1,57666.4,57678.4
2026-06-17 00:55:00,57510.0,66078.9,57480.4,57523.8
2026-06-17 01:00:00,57311.5,65851.0,57354.5,57291.4
2026-06-17 01:05:00,57200.1,65722.9,57247.6,57177.8
2026-06-17 01:10:00,57118.6,65629.3,57147.2,57105.2
2026-06-17 01:15:00,57027.8,65524.9,57046.6,57019.0
2026-06-17 01:20:00,56941.1,65425.3,56963.3,56930.7
2026-06-17 01:25:00,56869.9,65343.5,56858.6,56875.2
2026-06-17 01:30:00,56785.9,65247.0,56743.0,56806.0
2026-06-17 01:35:00,56744.8,65199.8,56729.8,56751.9
2026-06-17 01:40:00,56669.3,65113.1,56710.1,56650.3
2026-06-17 01:45:00,56554.8,64981.5,56599.9,56533.7
2026-06-17 01:50:00,56468.8,64882.7,56520.9,56444.4
2026-06-17 01:55:00,56399.0,64802.4,56447.6,56376.2
2026-06-17 02:00:00,56367.3,64766.1,56317.4,56390.7
2026-06-17 02:05:00,56331.2,64724.6,56390.1,56303.6
2026-06-17 02:10:00,56277.1,64662.4,56264.9,56282.8
2026-06-17 02:15:00,56279.7,64665.3,56243.5,56296.6
2026-06-17 02:20:00,56277.0,64662.3,56240.3,56294.2
2026-06-17 02:25:00,56276.3,64661.5,56241.1,56292.8
2026-06-17 02:30:00,56271.5,64656.0,56230.1,56290.9
2026-06-17 02:35:00,56253.0,64634.7,56260.8,56249.4
2026-06-17 02:40:00,56197.2,64570.6,56218.5,56187.2
2026-06-17 02:45:00,56184.5,64556.0,56142.1,56204.4
2026-06-17 02:50:00,56188.2,64560.3,56152.1,56205.2
2026-06-17 02:55:00,56185.5,64557.1,56151.8,56201.2
2026-06-17 03:00:00,56149.7,64516.1,56114.1,56166.4
2026-06-17 03:05:00,56143.5,64508.9,56178.6,56127.1
2026-06-17 03:10:00,56115.1,64476.3,56156.3,56095.8
2026-06-17 03:15:00,56078.2,64433.9,56042.8,56094.8
2026-06-17 03:20:00,56047.2,64398.2,56038.4,56051.3
2026-06-17 03:25:00,55993.2,64336.2,56040.0,55971.3
2026-06-17 03:30:00,55912.8,64243.8,55929.9,55904.8
2026-06-17 03:35:00,55907.1,64237.2,55965.6,55879.7
2026-06-17 03:40:00,55887.0,64214.1,55941.3,55861.5
2026-06-17 03:45:00,55827.5,64145.8,55840.8,55821.3
2026-06-17 03:50:00,55751.6,64058.6,55818.7,55720.2
2026-06-17 03:55:00,55711.8,64012.8,55700.0,55717.3
2026-06-17 04:00:00,55737.4,64042.3,55722.8,55744.3
2026-06-17 04:05:00,55863.0,64186.5,55804.7,55890.2
2026-06-17 04:10:00,55948.7,64285.0,55887.7,55977.2
2026-06-17 04:15:00,56033.5,64382.5,55988.3,56054.7
2026-06-17 04:20:00,56067.0,64421.0,56093.4,56054.7
2026-06-17 04:25:00,56126.6,64489.5,56099.3,56139.4
2026-06-17 04:30:00,56135.6,64499.8,56094.4,56154.8
2026-06-17 04:35:00,56217.3,64593.7,56259.8,56197.4
2026-06-17 04:40:00,56241.3,64621.3,56208.5,56256.7
2026-06-17 04:45:00,56273.8,64658.6,56305.0,56259.2
2026-06-17 04:50:00,56315.8,64706.9,56306.2,56320.3
2026-06-17 04:55:00,56339.4,64734.0,56305.4,56355.3
2026-06-17 05:00:00,56399.3,64802.8,56380.3,56408.2
2026-06-17 05:05:00,56565.5,64993.8,56561.8,56567.3
2026-06-17 05:10:00,56669.2,65112.9,56726.7,56642.2
2026-06-17 05:15:00,56775.2,65234.7,56774.7,56775.4
2026-06-17 05:20:00,56896.9,65374.6,56874.7,56907.3
2026-06-17 05:25:00,56990.1,65481.7,56991.6,56989.5
2026-06-17 05:30:00,57100.8,65608.8,57055.9,57121.8
2026-06-17 05:35:00,57288.8,65824.8,57319.6,57274.4
2026-06-17 05:40:00,57415.7,65970.7,57440.4,57404.2
2026-06-17 05:45:00,57500.9,66068.5,57512.4,57495.5
2026-06-17 05:50:00,57628.7,66215.3,57634.2,57626.0
2026-06-17 05:55:00,57801.6,66414.0,57744.6,57828.3
2026-06-17 06:00:00,58019.6,66664.6,58047.6,58006.5
2026-06-17 06:05:00,58463.7,67174.8,58410.3,58488.7
2026-06-17 06:10:00,58601.1,67332.7,58644.6,58580.7
2026-06-17 06:15:00,58797.4,67558.2,58831.4,58781.4
2026-06-17 06:20:00,58963.3,67748.9,58964.4,58962.8
2026-06-17 06:25:00,59134.9,67946.0,59089.9,59156.0
2026-06-17 06:30:00,59285.8,68119.3,59239.3,59307.5
2026-06-17 06:35:00,59535.3,68406.0,59552.7,59527.1
2026-06-17 06:40:00,59722.6,68621.2,59728.3,59719.9
2026-06-17 06:45:00,59902.9,68828.4,59892.1,59907.9
2026-06-17 06:50:00,60054.0,69002.1,60012.0,60073.7
2026-06-17 06:55:00,60177.1,69143.5,60196.6,60168.0
2026-06-17 07:00:00,60499.1,69513.4,60490.1,60503.2
2026-06-17 07:05:00,61056.5,70153.9,61048.4,61060.3
2026-06-17 07:10:00,61380.6,70526.3,61373.7,61383.8
2026-06-17 07:15:00,61703.5,70897.3,61652.5,61727.3
2026-06-17 07:20:00,61892.5,71114.5,61859.9,61907.8
2026-06-17 07:25:00,62035.9,71279.2,62047.7,62030.4
2026-06-17 07:30:00,62182.3,71447.5,62193.9,62176.9
2026-06-17 07:35:00,62422.5,71723.5,62418.2,62424.5
2026-06-17 07:40:00,62577.1,71901.1,62569.6,62580.7
2026-06-17 07:45:00,62755.6,72106.2,62750.6,62757.9
2026-06-17 07:50:00,62877.0,72245.7,62947.9,62843.8
2026-06-17 07:55:00,63038.1,72430.7,63042.4,63036.0
2026-06-17 08:00:00,63393.0,72838.6,63365.4,63406.0
2026-06-17 08:05:00,64008.1,73545.3,63930.8,64044.3
2026-06-17 08:10:00,64446.4,74048.9,64403.8,64466.4
2026-06-17 08:15:00,64768.3,74418.7,64741.4,64780.8
2026-06-17 08:20:00,65009.5,74695.9,65049.7,64990.7
2026-06-17 08:25:00,65363.2,75102.4,65310.4,65388.0
2026-06-17 08:30:00,65592.4,75365.7,65620.8,65579.1
2026-06-17 08:35:00,65888.4,75705.8,65898.5,65883.7
2026-06-17 08:40:00,66019.5,75856.5,66036.0,66011.8
2026-06-17 08:45:00,66167.7,76026.7,66209.6,66148.0
2026-06-17 08:50:00,66299.7,76178.4,66303.7,66297.9
2026-06-17 08:55:00,66400.4,76294.0,66398.9,66401.0
2026-06-17 09:00:00,66348.3,76234.2,66382.6,66332.3
2026-06-17 09:05:00,66402.8,76296.9,66486.9,66363.5
2026-06-17 09:10:00,66514.4,76425.0,66514.8,66514.1
2026-06-17 09:15:00,66609.2,76534.0,66628.9,66600.0
2026-06-17 09:20:00,66704.7,76643.8,66682.3,66715.3
2026-06-17 09:25:00,66751.8,76697.8,66736.6,66758.8
2026-06-17 09:30:00,66716.4,76657.1,66767.4,66692.5
2026-06-17 09:35:00,66737.2,76681.0,66672.4,66767.5
2026-06-17 09:40:00,66686.5,76622.8,66630.6,66712.7
2026-06-17 09:45:00,66688.3,76624.8,66652.8,66704.9
2026-06-17 09:50:00,66656.9,76588.7,66622.0,66673.2
2026-06-17 09:55:00,66586.4,76507.7,66591.0,66584.2
2026-06-17 10:00:00,66494.3,76401.9,66457.9,66511.3
2026-06-17 10:05:00,66576.1,76495.9,66526.9,66599.1
2026-06-17 10:10:00,66713.2,76653.4,66657.4,66739.3
2026-06-17 10:15:00,66927.1,76899.3,66854.2,66961.3
2026-06-17 10:20:00,67010.4,76994.9,66964.0,67032.1
2026-06-17 10:25:00,67058.8,77050.6,67044.3,67065.6
2026-06-17 10:30:00,67000.2,76983.2,67064.8,66969.9
2026-06-17 10:35:00,66997.7,76980.4,66986.1,67003.1
2026-06-17 10:40:00,66972.7,76951.6,66958.4,66979.4
2026-06-17 10:45:00,66916.5,76887.1,66969.5,66891.7
2026-06-17 10:50:00,66859.0,76821.0,66855.4,66860.7
2026-06-17 10:55:00,66775.0,76724.4,66847.8,66740.8
2026-06-17 11:00:00,66665.9,76599.1,66685.3,66656.9
2026-06-17 11:05:00,66575.7,76495.5,66640.6,66545.3
2026-06-17 11:10:00,66564.2,76482.2,66527.5,66581.3
2026-06-17 11:15:00,66567.8,76486.4,66536.5,66582.4
2026-06-17 11:20:00,66546.4,76461.8,66513.7,66561.7
2026-06-17 11:25:00,66481.3,76387.0,66514.8,66465.6
2026-06-17 11:30:00,66423.4,76320.5,66331.0,66466.8
2026-06-17 11:35:00,66356.4,76243.5,66275.1,66394.4
2026-06-17 11:40:00,66339.4,76224.0,66261.2,66376.1
2026-06-17 11:45:00,66275.0,76149.9,66261.0,66281.5
2026-06-17 11:50:00,66080.4,75926.4,66002.4,66117.0
2026-06-17 11:55:00,65786.4,75588.6,65711.4,65821.6
2026-06-17 12:00:00,65419.4,75166.9,65289.7,65480.1
2026-06-17 12:05:00,65401.1,75145.8,65445.2,65380.4
2026-06-17 12:10:00,65395.4,75139.3,65380.6,65402.4
2026-06-17 12:15:00,65304.4,75034.8,65366.4,65275.4
2026-06-17 12:20:00,65240.3,74961.1,65290.8,65216.7
2026-06-17 12:25:00,65146.9,74853.8,65270.3,65089.2
2026-06-17 12:30:00,64965.6,74645.5,65008.8,64945.4
2026-06-17 12:35:00,64910.4,74582.1,64952.0,64891.0
2026-06-17 12:40:00,64878.1,74545.0,64929.2,64854.2
2026-06-17 12:45:00,64915.3,74587.7,64966.1,64891.5
2026-06-17 12:50:00,65022.1,74710.4,65029.0,65018.8
2026-06-17 12:55:00,65210.9,74927.3,65231.9,65201.1
2026-06-17 13:00:00,65604.6,75379.7,65565.3,65623.0
2026-06-17 13:05:00,66005.2,75840.0,65969.4,66022.0
2026-06-17 13:10:00,66246.6,76117.3,66274.4,66233.6
2026-06-17 13:15:00,66427.5,76325.2,66489.6,66398.4
2026-06-17 13:20:00,66590.4,76512.3,66555.0,66607.0
2026-06-17 13:25:00,66855.0,76816.4,66817.4,66872.6
2026-06-17 13:30:00,67060.7,77052.7,67073.8,67054.5
2026-06-17 13:35:00,67307.8,77336.6,67342.3,67291.6
2026-06-17 13:40:00,67490.0,77546.1,67506.5,67482.3
2026-06-17 13:45:00,67644.6,77723.6,67701.7,67617.8
2026-06-17 13:50:00,67779.3,77878.4,67753.8,67791.3
2026-06-17 13:55:00,67915.9,78035.4,67905.4,67920.8
2026-06-17 14:00:00,67984.0,78113.6,68072.7,67942.4
2026-06-17 14:05:00,68038.3,78176.0,68038.9,68037.9
2026-06-17 14:10:00,68124.6,78275.2,68183.4,68097.1
2026-06-17 14:15:00,68212.1,78375.7,68191.1,68221.9
2026-06-17 14:20:00,68301.4,78478.3,68278.8,68312.0
2026-06-17 14:25:00,68383.5,78572.6,68363.0,68393.1
2026-06-17 14:30:00,68458.9,78659.3,68470.2,68453.6
2026-06-17 14:35:00,68507.5,78715.1,68484.5,68518.2
2026-06-17 14:40:00,68561.1,78776.7,68574.3,68554.9
2026-06-17 14:45:00,68607.5,78830.0,68573.6,68623.4
2026-06-17 14:50:00,68654.2,78883.7,68661.7,68650.7
2026-06-17 14:55:00,68701.0,78937.4,68645.5,68727.0
2026-06-17 15:00:00,68688.3,78922.8,68766.8,68651.4
2026-06-17 15:05:00,68649.0,78877.7,68622.0,68661.6
2026-06-17 15:10:00,68807.7,79060.0,68762.8,68828.7
2026-06-17 15:15:00,69060.3,79350.3,69077.9,69052.0
2026-06-17 15:20:00,69238.3,79554.9,69252.7,69231.6
2026-06-17 15:25:00,69416.5,79759.6,69374.7,69436.2
2026-06-17 15:30:00,69506.0,79862.4,69549.5,69485.6
2026-06-17 15:35:00,69618.9,79992.1,69540.9,69655.4
2026-06-17 15:40:00,69761.3,80155.7,69713.5,69783.6
2026-06-17 15:45:00,69941.9,80363.2,69960.2,69933.3
2026-06-17 15:50:00,70091.5,80535.1,70056.9,70107.7
2026-06-17 15:55:00,70208.0,80668.9,70143.6,70238.1
2026-06-17 16:00:00,70298.5,80773.0,70237.2,70327.2
2026-06-17 16:05:00,70227.4,80691.2,70287.2,70199.3
2026-06-17 16:10:00,70371.7,80857.1,70310.4,70400.4
2026-06-17 16:15:00,70489.6,80992.6,70459.0,70504.0
2026-06-17 16:20:00,70591.1,81109.2,70539.2,70615.4
2026-06-17 16:25:00,70690.7,81223.6,70754.2,70660.9
2026-06-17 16:30:00,70826.3,81379.4,70856.2,70812.3
2026-06-17 16:35:00,70938.7,81508.6,70865.6,70972.9
2026-06-17 16:40:00,71063.8,81652.3,70988.6,71099.0
2026-06-17 16:45:00,71112.6,81708.4,71139.1,71100.3
2026-06-17 16:50:00,71148.4,81749.5,71095.3,71173.3
2026-06-17 16:55:00,71161.3,81764.3,71191.3,71147.3
2026-06-17 17:00:00,71047.0,81633.0,71117.0,71014.2
2026-06-17 17:05:00,70818.1,81370.1,70823.3,70815.7
2026-06-17 17:10:00,70866.0,81425.0,70804.6,70894.8
2026-06-17 17:15:00,70925.3,81493.2,70971.7,70903.6
2026-06-17 17:20:00,71007.9,81588.1,70958.2,71031.2
2026-06-17 17:25:00,71058.2,81645.9,71108.1,71034.8
2026-06-17 17:30:00,71031.9,81615.6,71079.0,71009.8
2026-06-17 17:35:00,71050.5,81637.0,71103.2,71025.7
2026-06-17 17:40:00,71044.1,81629.7,71086.3,71024.3
2026-06-17 17:45:00,71046.5,81632.5,71091.4,71025.5
2026-06-17 17:50:00,71008.3,81588.5,71054.8,70986.4
2026-06-17 17:55:00,70976.6,81552.1,71002.8,70964.3
2026-06-17 18:00:00,70930.4,81499.0,70860.1,70963.4
2026-06-17 18:05:00,70832.8,81386.8,70761.9,70866.0
2026-06-17 18:10:00,70861.3,81419.6,70805.2,70887.5
2026-06-17 18:15:00,70926.6,81494.6,70976.6,70903.2
2026-06-17 18:20:00,71010.1,81590.6,70958.1,71034.4
2026-06-17 18:25:00,71070.3,81659.8,71119.0,71047.5
2026-06-17 18:30:00,71073.6,81663.6,71126.4,71048.9
2026-06-17 18:35:00,71116.5,81712.8,71102.4,71123.1
2026-06-17 18:40:00,71103.6,81698.0,71084.0,71112.7
2026-06-17 18:45:00,71106.0,81700.8,71089.2,71114.0
2026-06-17 18:50:00,71065.1,81653.8,71053.9,71070.3
2026-06-17 18:55:00,70972.2,81547.1,71006.0,70956.4
2026-06-17 19:00:00,70894.8,81458.1,70823.3,70928.3
2026-06-17 19:05:00,70761.4,81304.8,70760.6,70761.7
2026-06-17 19:10:00,70669.3,81199.0,70737.6,70637.2
2026-06-17 19:15:00,70620.8,81143.2,70581.0,70639.4
2026-06-17 19:20:00,70620.5,81143.0,70576.5,70641.1
2026-06-17 19:25:00,70614.3,81135.8,70571.8,70634.2
2026-06-17 19:30:00,70589.3,81107.1,70546.4,70609.4
2026-06-17 19:35:00,70516.0,81022.9,70562.3,70494.3
2026-06-17 19:40:00,70466.6,80966.2,70405.3,70495.4
2026-06-17 19:45:00,70363.0,80847.1,70399.0,70346.2
2026-06-17 19:50:00,70284.1,80756.5,70216.2,70316.0
2026-06-17 19:55:00,70176.1,80632.3,70206.5,70161.8
2026-06-17 20:00:00,69916.9,80334.5,70025.9,69865.8
2026-06-17 20:05:00,69643.7,80020.6,69718.5,69608.7
2026-06-17 20:10:00,69462.7,79812.6,69552.9,69420.4
2026-06-17 20:15:00,69335.3,79666.2,69320.6,69342.1
2026-06-17 20:20:00,69216.8,79530.1,69167.1,69240.1
2026-06-17 20:25:00,69077.8,79370.4,69041.9,69094.7
2026-06-17 20:30:00,68842.4,79099.9,68876.4,68826.5
2026-06-17 20:35:00,68665.2,78896.3,68684.3,68656.2
2026-06-17 20:40:00,68477.4,78680.6,68438.6,68495.6
2026-06-17 20:45:00,68294.6,78470.5,68348.2,68269.4
2026-06-17 20:50:00,68015.0,78149.3,68048.2,67999.5
2026-06-17 20:55:00,67712.8,77802.0,67724.7,67707.3
2026-06-17 21:00:00,67400.4,77443.1,67473.5,67366.2
2026-06-17 21:05:00,67159.0,77165.7,67231.6,67125.0
2026-06-17 21:10:00,66963.6,76941.2,66951.4,66969.3
2026-06-17 21:15:00,66776.3,76726.0,66811.8,66759.7
2026-06-17 21:20:00,66635.4,76564.0,66602.0,66651.0
2026-06-17 21:25:00,66422.4,76319.3,66405.2,66430.4
2026-06-17 21:30:00,66252.2,76123.8,66204.4,66274.6
2026-06-17 21:35:00,66083.6,75930.1,66107.8,66072.3
2026-06-17 21:40:00,65864.5,75678.3,65844.0,65874.1
2026-06-17 21:45:00,65693.3,75481.6,65660.3,65708.8
2026-06-17 21:50:00,65472.7,75228.2,65486.3,65466.3
2026-06-17 21:55:00,65266.3,74991.0,65290.0,65255.2
2026-06-17 22:00:00,65035.9,74726.3,65046.6,65031.0
2026-06-17 22:05:00,64949.2,74626.6,64921.0,64962.5
2026-06-17 22:10:00,64812.8,74469.9,64847.4,64796.6
2026-06-17 22:15:00,64667.4,74302.9,64613.1,64692.9
2026-06-17 22:20:00,64515.6,74128.4,64535.9,64506.0
2026-06-17 22:25:00,64366.1,73956.7,64320.9,64387.3
2026-06-17 22:30:00,64176.3,73738.6,64199.1,64165.7
2026-06-17 22:35:00,64009.2,73546.6,64053.5,63988.5
2026-06-17 22:40:00,63826.3,73336.4,63861.8,63809.7
2026-06-17 22:45:00,63693.8,73184.1,63715.6,63683.6
2026-06-17 22:50:00,63512.6,72976.0,63550.9,63494.7
2026-06-17 22:55:00,63310.9,72744.2,63299.2,63316.4
2026-06-17 23:00:00,63293.9,72724.7,63243.0,63317.7
2026-06-17 23:05:00,63661.5,73147.1,63637.1,63673.0
2026-06-17 23:10:00,63676.8,73164.6,63674.2,63678.0
2026-06-17 23:15:00,63542.3,73010.1,63516.3,63554.5
2026-06-17 23:20:00,63370.5,72812.7,63350.8,63379.8
2026-06-17 23:25:00,63154.2,72564.2,63133.7,63163.8
2026-06-17 23:30:00,62844.8,72208.6,62822.9,62855.0
2026-06-17 23:35:00,62491.3,71802.5,62470.2,62501.2
2026-06-17 23:40:00,62187.3,71453.2,62184.1,62188.8
2026-06-17 23:45:00,61820.7,71032.0,61787.7,61836.1
2026-06-17 23:50:00,61411.7,70562.1,61459.4,61389.4
2026-06-17 23:55:00,60890.3,69962.9,60940.6,60866.7
2026-06-18 00:00:00,60259.7,69238.4,60282.4,60249.0
2026-06-18 00:05:00,60159.9,69123.7,60103.9,60186.1
2026-06-18 00:10:00,59912.2,68839.1,59867.1,59933.4
2026-06-18 00:15:00,59586.6,68465.0,59604.8,59578.0
2026-06-18 00:20:00,59209.7,68032.0,59279.0,59177.3
2026-06-18 00:25:00,58917.8,67696.5,58941.6,58906.6
2026-06-18 00:30:00,58653.2,67392.5,58692.4,58634.8
2026-06-18 00:35:00,58471.9,67184.2,58453.1,58480.7
2026-06-18 00:40:00,58303.1,66990.3,58265.9,58320.6
2026-06-18 00:45:00,58149.0,66813.2,58087.9,58177.6
2026-06-18 00:50:00,57954.1,66589.2,57970.5,57946.3
2026-06-18 00:55:00,57781.8,66391.2,57792.9,57776.5
2026-06-18 01:00:00,57623.3,66209.2,57603.8,57632.5
2026-06-18 01:05:00,57556.8,66132.8,57516.6,57575.6
2026-06-18 01:10:00,57481.7,66046.5,57426.0,57507.8
2026-06-18 01:15:00,57384.1,65934.3,57423.3,57365.7
2026-06-18 01:20:00,57323.6,65864.8,57353.0,57309.8
2026-06-18 01:25:00,57226.0,65752.7,57285.1,57198.3
2026-06-18 01:30:00,57141.0,65655.0,57163.5,57130.4
2026-06-18 01:35:00,57091.4,65598.1,57091.7,57091.3
2026-06-18 01:40:00,57034.4,65532.5,57062.2,57021.3
2026-06-18 01:45:00,56947.9,65433.2,56982.0,56932.0
2026-06-18 01:50:00,56853.9,65325.1,56876.8,56843.1
2026-06-18 01:55:00,56773.9,65233.2,56795.2,56763.9
2026-06-18 02:00:00,56737.0,65190.9,56701.8,56753.6
2026-06-18 02:05:00,56741.7,65196.2,56774.4,56726.4
2026-06-18 02:10:00,56708.9,65158.5,56724.5,56701.6
2026-06-18 02:15:00,56646.6,65086.9,56618.3,56659.9
2026-06-18 02:20:00,56595.6,65028.3,56615.3,56586.3
2026-06-18 02:25:00,56560.0,64987.5,56539.8,56569.5
2026-06-18 02:30:00,56487.1,64903.7,56529.0,56467.5
2026-06-18 02:35:00,56463.8,64876.9,56460.0,56465.6
2026-06-18 02:40:00,56405.7,64810.1,56443.4,56388.0
2026-06-18 02:45:00,56372.4,64771.9,56338.8,56388.1
2026-06-18 02:50:00,56315.9,64707.0,56333.8,56307.6
2026-06-18 02:55:00,56290.9,64678.3,56243.5,56313.1
2026-06-18 03:00:00,56260.8,64643.6,56231.3,56274.6
2026-06-18 03:05:00,56272.2,64656.7,56295.7,56261.2
2026-06-18 03:10:00,56304.9,64694.3,56286.3,56313.6
2026-06-18 03:15:00,56266.6,64650.3,56280.3,56260.1
2026-06-18 03:20:00,56225.7,64603.3,56289.8,56195.6
2026-06-18 03:25:00,56196.3,64569.5,56157.3,56214.5
2026-06-18 03:30:00,56196.0,64569.2,56167.5,56209.4
2026-06-18 03:35:00,56226.9,64604.7,56203.2,56238.0
2026-06-18 03:40:00,56200.5,64574.3,56159.2,56219.8
2026-06-18 03:45:00,56202.1,64576.2,56164.2,56219.9
2026-06-18 03:50:00,56200.5,64574.3,56158.0,56220.3
2026-06-18 03:55:00,56185.8,64557.4,56158.4,56198.6
2026-06-18 04:00:00,56286.0,64672.6,56176.4,56337.3
2026-06-18 04:05:00,56411.3,64816.6,56360.2,56435.2
2026-06-18 04:10:00,56492.4,64909.8,56434.2,56519.7
2026-06-18 04:15:00,56581.7,65012.4,56521.4,56609.9
2026-06-18 04:20:00,56678.2,65123.2,56632.2,56699.7
2026-06-18 04:25:00,56748.3,65203.8,56699.7,56771.1
2026-06-18 04:30:00,56777.6,65237.5,56803.6,56765.4
2026-06-18 04:35:00,56877.3,65352.0,56897.0,56868.0
2026-06-18 04:40:00,56962.7,65450.1,56925.9,56979.9
2026-06-18 04:45:00,57036.1,65534.5,57001.6,57052.3
2026-06-18 04:50:00,57062.6,65565.0,57094.4,57047.8
2026-06-18 04:55:00,57120.8,65631.7,57094.0,57133.3
2026-06-18 05:00:00,57168.0,65686.0,57218.4,57144.3
2026-06-18 05:05:00,57344.8,65889.2,57311.5,57360.4
2026-06-18 05:10:00,57497.7,66064.8,57459.5,57515.5
2026-06-18 05:15:00,57610.6,66194.6,57640.1,57596.9
2026-06-18 05:20:00,57689.1,66284.8,57720.7,57674.3
2026-06-18 05:25:00,57764.9,66371.8,57816.9,57740.5
2026-06-18 05:30:00,57862.5,66484.1,57899.6,57845.2
2026-06-18 05:35:00,58034.2,66681.3,58084.3,58010.8
2026-06-18 05:40:00,58133.3,66795.1,58118.6,58140.1
2026-06-18 05:45:00,58234.8,66911.8,58190.2,58255.7
2026-06-18 05:50:00,58370.9,67068.2,58395.0,58359.7
2026-06-18 05:55:00,58491.9,67207.2,58509.4,58483.7
2026-06-18 06:00:00,58742.1,67494.6,58738.6,58743.7
2026-06-18 06:05:00,59172.4,67989.0,59175.5,59170.9
2026-06-18 06:10:00,59403.1,68254.1,59445.2,59383.3
2026-06-18 06:15:00,59629.6,68514.4,59611.1,59638.3
2026-06-18 06:20:00,59797.2,68707.0,59816.9,59787.9
2026-06-18 06:25:00,59968.9,68904.2,59942.1,59981.4
2026-06-18 06:30:00,60172.6,69138.4,60118.8,60197.9
2026-06-18 06:35:00,60381.2,69378.0,60368.1,60387.3
2026-06-18 06:40:00,60565.2,69589.4,60587.3,60554.9
2026-06-18 06:45:00,60733.0,69782.2,60775.6,60713.0
2026-06-18 06:50:00,60894.8,69968.2,60876.3,60903.5
2026-06-18 06:55:00,61083.5,70184.9,61070.6,61089.5
2026-06-18 07:00:00,61441.4,70596.2,61408.9,61456.7
2026-06-18 07:05:00,62050.3,71295.8,61979.3,62083.5
2026-06-18 07:10:00,62398.9,71696.3,62396.4,62400.0
2026-06-18 07:15:00,62773.0,72126.2,62731.7,62792.3
2026-06-18 07:20:00,63020.4,72410.4,63039.7,63011.3
2026-06-18 07:25:00,63184.3,72598.8,63205.8,63174.2
2026-06-18 07:30:00,63344.4,72782.7,63335.0,63348.7
2026-06-18 07:35:00,63655.5,73140.2,63639.1,63663.2
2026-06-18 07:40:00,63836.1,73347.7,63819.5,63843.9
2026-06-18 07:45:00,64031.0,73571.6,64010.4,64040.7
2026-06-18 07:50:00,64210.9,73778.3,64205.6,64213.4
2026-06-18 07:55:00,64401.2,73997.0,64352.7,64423.9
2026-06-18 08:00:00,64844.0,74505.7,64764.5,64881.2
2026-06-18 08:05:00,65439.6,75190.2,65404.9,65455.9
2026-06-18 08:10:00,65818.2,75625.1,65834.7,65810.5
2026-06-18 08:15:00,66168.9,76028.0,66197.4,66155.5
2026-06-18 08:20:00,66530.3,76443.3,66479.9,66553.9
2026-06-18 08:25:00,66896.5,76864.1,66828.7,66928.3
2026-06-18 08:30:00,67207.9,77221.9,67196.1,67213.4
2026-06-18 08:35:00,67517.5,77577.6,67542.8,67505.7
2026-06-18 08:40:00,67706.5,77794.8,67737.5,67692.1
2026-06-18 08:45:00,67919.8,78039.9,67947.4,67906.9
2026-06-18 08:50:00,68070.8,78213.4,68150.4,68033.6
2026-06-18 08:55:00,68286.6,78461.3,68247.2,68305.1
2026-06-18 09:00:00,68254.8,78424.7,68340.7,68214.5
2026-06-18 09:05:00,68312.3,78490.8,68421.3,68261.3
2026-06-18 09:10:00,68427.1,78622.7,68437.0,68422.5
2026-06-18 09:15:00,68633.2,78859.5,68605.0,68646.4
2026-06-18 09:20:00,68784.5,79033.3,68722.0,68813.7
2026-06-18 09:25:00,68877.6,79140.3,68842.0,68894.2
2026-06-18 09:30:00,68940.4,79212.5,68892.5,68962.8
2026-06-18 09:35:00,68995.2,79275.4,69020.2,68983.4
2026-06-18 09:40:00,68996.7,79277.2,68990.0,68999.8
2026-06-18 09:45:00,68998.1,79278.9,68989.9,69002.0
2026-06-18 09:50:00,68972.0,79248.9,68978.1,68969.2
2026-06-18 09:55:00,68872.1,79134.0,68945.2,68837.8
2026-06-18 10:00:00,68802.4,79054.0,68843.4,68783.2
2026-06-18 10:05:00,68869.1,79130.6,68892.9,68857.9
2026-06-18 10:10:00,69017.6,79301.2,69032.0,69010.9
2026-06-18 10:15:00,69221.3,79535.3,69194.3,69234.0
2026-06-18 10:20:00,69336.9,79668.1,69296.1,69356.0
2026-06-18 10:25:00,69391.2,79730.4,69402.0,69386.1
2026-06-18 10:30:00,69362.1,79697.1,69410.9,69339.3
2026-06-18 10:35:00,69364.1,79699.4,69347.4,69372.0
2026-06-18 10:40:00,69336.6,79667.7,69312.4,69347.9
2026-06-18 10:45:00,69340.2,79671.8,69323.4,69348.0
2026-06-18 10:50:00,69309.5,79636.6,69297.2,69315.3
2026-06-18 10:55:00,69228.5,79543.6,69276.2,69206.2
2026-06-18 11:00:00,69106.0,79402.8,69076.8,69119.6
2026-06-18 11:05:00,69066.0,79356.8,69049.7,69073.6
2026-06-18 11:10:00,69012.5,79295.4,69048.5,68995.6
2026-06-18 11:15:00,68954.0,79228.2,68935.4,68962.7
2026-06-18 11:20:00,68835.1,79091.6,68900.8,68804.4
2026-06-18 11:25:00,68712.6,78950.8,68773.5,68684.1
2026-06-18 11:30:00,68536.0,78747.9,68587.1,68512.1
2026-06-18 11:35:00,68407.1,78599.8,68385.9,68417.1
2026-06-18 11:40:00,68267.5,78439.4,68234.6,68282.9
2026-06-18 11:45:00,68119.2,78269.0,68143.1,68108.0
2026-06-18 11:50:00,67825.5,77931.5,67779.5,67847.1
2026-06-18 11:55:00,67452.9,77503.4,67432.3,67462.6
2026-06-18 12:00:00,67001.5,76984.7,66949.2,67026.0
2026-06-18 12:05:00,67048.4,77038.6,67065.2,67040.6
2026-06-18 12:10:00,67106.7,77105.6,67085.0,67116.9
2026-06-18 12:15:00,67159.5,77166.3,67168.5,67155.3
2026-06-18 12:20:00,67156.9,77163.3,67181.7,67145.3
2026-06-18 12:25:00,67148.7,77153.8,67150.0,67148.0
2026-06-18 12:30:00,67043.7,77033.2,67038.1,67046.3
2026-06-18 12:35:00,67030.5,77018.1,67004.2,67042.8
2026-06-18 12:40:00,67036.4,77024.8,67057.0,67026.7
2026-06-18 12:45:00,67091.3,77087.9,67116.4,67079.5
2026-06-18 12:50:00,67247.8,77267.7,67323.6,67212.3
2026-06-18 12:55:00,67486.3,77541.7,67464.1,67496.7
2026-06-18 13:00:00,67906.3,78024.3,67976.7,67873.3
2026-06-18 13:05:00,68316.7,78495.9,68271.7,68337.8
2026-06-18 13:10:00,68634.0,78860.5,68631.9,68635.0
2026-06-18 13:15:00,68876.6,79139.2,68830.3,68898.2
2026-06-18 13:20:00,69103.1,79399.4,69056.4,69124.9
2026-06-18 13:25:00,69352.8,79686.4,69336.8,69360.3
2026-06-18 13:30:00,69544.9,79907.1,69546.4,69544.2
2026-06-18 13:35:00,69819.7,80222.9,69845.7,69807.6
2026-06-18 13:40:00,70022.6,80456.0,69984.6,70040.4
2026-06-18 13:45:00,70179.6,80636.3,70195.8,70172.0
2026-06-18 13:50:00,70243.6,80709.9,70265.8,70233.2
2026-06-18 13:55:00,70339.3,80819.8,70290.5,70362.1
2026-06-18 14:00:00,70386.5,80874.1,70370.4,70394.0
2026-06-18 14:05:00,70387.8,80875.6,70374.7,70393.9
2026-06-18 14:10:00,70470.9,80971.1,70409.5,70499.7
2026-06-18 14:15:00,70602.0,81121.7,70553.9,70624.5
2026-06-18 14:20:00,70652.1,81179.2,70713.9,70623.1
2026-06-18 14:25:00,70717.6,81254.5,70684.2,70733.2
2026-06-18 14:30:00,70772.0,81317.1,70793.8,70761.8
2026-06-18 14:35:00,70877.3,81438.0,70774.8,70925.3
2026-06-18 14:40:00,70928.1,81496.4,70942.8,70921.3
2026-06-18 14:45:00,71010.1,81590.6,70944.2,71041.0
2026-06-18 14:50:00,71042.6,81627.9,71065.5,71031.8
2026-06-18 14:55:00,71007.2,81587.3,71030.8,70996.2
2026-06-18 15:00:00,70955.1,81527.4,71025.1,70922.3
2026-06-18 15:05:00,70946.6,81517.7,70873.3,70981.0
2026-06-18 15:10:00,71109.4,81704.8,71033.9,71144.8
2026-06-18 15:15:00,71316.0,81942.1,71242.7,71350.4
2026-06-18 15:20:00,71466.4,82114.8,71511.7,71445.1
2026-06-18 15:25:00,71612.5,82282.7,71671.9,71584.6
2026-06-18 15:30:00,71710.1,82394.9,71753.8,71689.6
2026-06-18 15:35:00,71803.9,82502.7,71762.5,71823.3
2026-06-18 15:40:00,71871.4,82580.3,71938.8,71839.9
2026-06-18 15:45:00,72018.5,82749.3,71951.9,72049.7
2026-06-18 15:50:00,72185.0,82940.5,72116.2,72217.2
2026-06-18 15:55:00,72282.5,83052.6,72220.3,72311.7
2026-06-18 16:00:00,72275.1,83044.0,72335.7,72246.6
2026-06-18 16:05:00,72166.0,82918.7,72270.8,72116.9
2026-06-18 16:10:00,72190.8,82947.2,72262.7,72157.1
2026-06-18 16:15:00,72344.3,83123.6,72291.4,72369.0
2026-06-18 16:20:00,72412.8,83202.3,72436.6,72401.6
2026-06-18 16:25:00,72508.5,83312.2,72424.8,72547.6
2026-06-18 16:30:00,72533.2,83340.7,72564.1,72518.8
2026-06-18 16:35:00,72546.5,83355.9,72581.8,72529.9
2026-06-18 16:40:00,72650.4,83475.3,72558.3,72693.5
2026-06-18 16:45:00,72747.1,83586.5,72753.8,72744.0
2026-06-18 16:50:00,72824.7,83675.6,72745.8,72861.7
2026-06-18 16:55:00,72878.1,83736.9,72886.7,72874.1
2026-06-18 17:00:00,72755.0,83595.5,72815.9,72726.5
2026-06-18 17:05:00,72571.8,83385.0,72491.2,72609.6
2026-06-18 17:10:00,72625.8,83447.0,72568.8,72652.5
2026-06-18 17:15:00,72718.4,83553.4,72786.1,72686.7
2026-06-18 17:20:00,72710.5,83544.4,72775.5,72680.0
2026-06-18 17:25:00,72710.9,83544.9,72774.1,72681.3
2026-06-18 17:30:00,72685.2,83515.2,72742.2,72658.4
2026-06-18 17:35:00,72696.8,83528.7,72766.4,72664.2
2026-06-18 17:40:00,72687.2,83517.6,72739.3,72662.8
2026-06-18 17:45:00,72677.2,83506.1,72744.4,72645.7
2026-06-18 17:50:00,72639.7,83463.0,72707.8,72607.8
2026-06-18 17:55:00,72599.5,83416.9,72655.8,72573.2
2026-06-18 18:00:00,72500.5,83303.1,72416.4,72539.9
2026-06-18 18:05:00,72309.5,83083.6,72344.0,72293.3
2026-06-18 18:10:00,72291.3,83062.7,72319.4,72278.1
2026-06-18 18:15:00,72299.0,83071.5,72344.5,72277.7
2026-06-18 18:20:00,72305.3,83078.8,72331.7,72293.0
2026-06-18 18:25:00,72316.7,83091.9,72344.5,72303.8
2026-06-18 18:30:00,72320.0,83095.6,72346.9,72307.4
2026-06-18 18:35:00,72301.3,83074.2,72322.9,72291.2
2026-06-18 18:40:00,72289.4,83060.5,72307.6,72280.8
2026-06-18 18:45:00,72291.8,83063.3,72312.7,72282.1
2026-06-18 18:50:00,72247.4,83012.3,72264.2,72239.5
2026-06-18 18:55:00,72132.5,82880.3,72077.4,72158.4
2026-06-18 19:00:00,71972.7,82696.6,72029.7,71946.0
2026-06-18 19:05:00,71785.2,82481.2,71796.3,71780.0
2026-06-18 19:10:00,71702.8,82386.5,71761.7,71675.2
2026-06-18 19:15:00,71656.4,82333.2,71607.1,71679.5
2026-06-18 19:20:00,71570.9,82234.9,71607.8,71553.6
2026-06-18 19:25:00,71512.2,82167.5,71440.4,71545.8
2026-06-18 19:30:00,71393.6,82031.2,71411.6,71385.1
2026-06-18 19:35:00,71334.5,81963.4,71266.3,71366.5
2026-06-18 19:40:00,71234.2,81848.1,71262.0,71221.2
2026-06-18 19:45:00,71183.2,81789.5,71099.5,71222.4
2026-06-18 19:50:00,71037.7,81622.3,71084.4,71015.9
2026-06-18 19:55:00,70863.2,81421.8,70906.2,70843.0
2026-06-18 20:00:00,70687.7,81220.1,70694.8,70684.4
2026-06-18 20:05:00,70532.7,81042.0,70553.8,70522.8
2026-06-18 20:10:00,70355.8,80838.8,70328.3,70368.7
2026-06-18 20:15:00,70206.4,80667.1,70154.4,70230.7
2026-06-18 20:20:00,70084.5,80527.1,70045.4,70102.9
2026-06-18 20:25:00,69952.7,80375.7,69878.2,69987.6
2026-06-18 20:30:00,69700.6,80086.0,69697.2,69702.3
2026-06-18 20:35:00,69476.8,79828.8,69471.7,69479.2
2026-06-18 20:40:00,69277.0,79599.2,69251.8,69288.8
2026-06-18 20:45:00,69084.7,79378.3,69119.3,69068.5
2026-06-18 20:50:00,68820.6,79074.9,68858.0,68803.1
2026-06-18 20:55:00,68584.1,78803.1,68639.7,68558.0
2026-06-18 21:00:00,68310.5,78488.7,68348.4,68292.7
2026-06-18 21:05:00,68052.3,78192.1,68046.7,68054.9
2026-06-18 21:10:00,67866.9,77979.1,67861.0,67869.7
2026-06-18 21:15:00,67653.6,77734.0,67635.5,67662.1
2026-06-18 21:20:00,67438.6,77486.9,67438.7,67438.5
2026-06-18 21:25:00,67228.9,77246.0,67234.3,67226.4
2026-06-18 21:30:00,66999.4,76982.3,67006.6,66996.0
2026-06-18 21:35:00,66834.9,76793.3,66797.4,66852.4
