날짜시간,앙상블예측(MW),발전량기준(MW),XGB예측(MW),LGB예측(MW)
2026-05-19 21:40:00,66223.9,76091.3,66166.5,66250.8
2026-05-19 21:45:00,66037.8,75877.4,66077.9,66019.0
2026-05-19 21:50:00,65842.0,75652.5,65833.6,65846.0
2026-05-19 21:55:00,65611.1,75387.1,65631.5,65601.5
2026-05-19 22:00:00,65327.0,75060.7,65324.3,65328.2
2026-05-19 22:05:00,65268.0,74993.0,65252.1,65275.5
2026-05-19 22:10:00,65178.0,74889.5,65145.1,65193.3
2026-05-19 22:15:00,64973.6,74654.7,64981.6,64969.9
2026-05-19 22:20:00,64796.4,74451.0,64823.0,64783.9
2026-05-19 22:25:00,64589.1,74212.8,64547.4,64608.6
2026-05-19 22:30:00,64430.9,74031.1,64383.8,64452.9
2026-05-19 22:35:00,64303.6,73884.8,64264.5,64321.9
2026-05-19 22:40:00,64136.7,73693.0,64162.5,64124.6
2026-05-19 22:45:00,63987.1,73521.1,63971.6,63994.3
2026-05-19 22:50:00,63795.8,73301.4,63878.2,63757.2
2026-05-19 22:55:00,63619.3,73098.5,63625.7,63616.3
2026-05-19 23:00:00,63544.3,73012.4,63624.2,63506.8
2026-05-19 23:05:00,63863.8,73379.5,63932.6,63831.6
2026-05-19 23:10:00,63778.1,73281.1,63827.0,63755.2
2026-05-19 23:15:00,63576.3,73049.2,63592.1,63568.9
2026-05-19 23:20:00,63376.0,72819.0,63363.9,63381.6
2026-05-19 23:25:00,63182.4,72596.6,63162.4,63191.7
2026-05-19 23:30:00,62841.8,72205.2,62808.8,62857.2
2026-05-19 23:35:00,62503.1,71816.1,62483.1,62512.5
2026-05-19 23:40:00,62194.7,71461.7,62196.3,62193.9
2026-05-19 23:45:00,61830.7,71043.5,61793.4,61848.2
2026-05-19 23:50:00,61451.4,70607.6,61438.6,61457.3
2026-05-19 23:55:00,60986.1,70073.1,61051.9,60955.3
2026-05-20 00:00:00,60338.1,69328.5,60363.1,60326.4
2026-05-20 00:05:00,60173.1,69138.8,60153.7,60182.1
2026-05-20 00:10:00,59913.5,68840.6,59858.8,59939.2
2026-05-20 00:15:00,59588.9,68467.7,59591.7,59587.7
2026-05-20 00:20:00,59207.6,68029.5,59264.6,59180.8
2026-05-20 00:25:00,58913.5,67691.6,58928.1,58906.7
2026-05-20 00:30:00,58644.0,67381.9,58680.7,58626.7
2026-05-20 00:35:00,58405.4,67107.8,58434.7,58391.7
2026-05-20 00:40:00,58220.8,66895.7,58172.7,58243.3
2026-05-20 00:45:00,58018.0,66662.6,57987.4,58032.3
2026-05-20 00:50:00,57826.2,66442.3,57791.1,57842.7
2026-05-20 00:55:00,57635.5,66223.1,57558.3,57671.6
2026-05-20 01:00:00,57515.5,66085.3,57431.9,57554.6
2026-05-20 01:05:00,57364.3,65911.6,57414.3,57340.9
2026-05-20 01:10:00,57249.7,65779.9,57211.7,57267.4
2026-05-20 01:15:00,57167.4,65685.4,57125.4,57187.1
2026-05-20 01:20:00,57097.4,65605.0,57075.9,57107.5
2026-05-20 01:25:00,57039.6,65538.4,57045.3,57036.9
2026-05-20 01:30:00,56950.8,65436.4,56959.0,56946.9
2026-05-20 01:35:00,56830.0,65297.7,56861.6,56815.2
2026-05-20 01:40:00,56757.9,65214.8,56785.8,56744.8
2026-05-20 01:45:00,56682.1,65127.8,56702.4,56672.6
2026-05-20 01:50:00,56602.2,65036.0,56594.9,56605.7
2026-05-20 01:55:00,56532.5,64955.8,56520.3,56538.2
2026-05-20 02:00:00,56449.3,64860.3,56420.3,56463.0
2026-05-20 02:05:00,56448.7,64859.5,56493.8,56427.5
2026-05-20 02:10:00,56412.2,64817.6,56452.8,56393.2
2026-05-20 02:15:00,56363.2,64761.3,56349.2,56369.8
2026-05-20 02:20:00,56296.9,64685.1,56346.4,56273.7
2026-05-20 02:25:00,56274.3,64659.2,56245.4,56287.8
2026-05-20 02:30:00,56268.0,64652.0,56229.1,56286.3
2026-05-20 02:35:00,56235.2,64614.3,56254.9,56226.0
2026-05-20 02:40:00,56204.3,64578.8,56140.5,56234.2
2026-05-20 02:45:00,56169.7,64539.0,56165.1,56171.8
2026-05-20 02:50:00,56166.9,64535.8,56133.5,56182.6
2026-05-20 02:55:00,56181.0,64551.9,56145.7,56197.5
2026-05-20 03:00:00,56158.5,64526.2,56139.5,56167.5
2026-05-20 03:05:00,56149.3,64515.5,56200.5,56125.3
2026-05-20 03:10:00,56133.5,64497.4,56180.4,56111.6
2026-05-20 03:15:00,56128.1,64491.2,56159.7,56113.3
2026-05-20 03:20:00,56086.5,64443.4,56157.6,56053.2
2026-05-20 03:25:00,56053.7,64405.7,56048.0,56056.4
2026-05-20 03:30:00,56057.2,64409.8,56034.2,56068.0
2026-05-20 03:35:00,56083.2,64439.5,56064.8,56091.8
2026-05-20 03:40:00,56066.9,64420.8,56044.6,56077.3
2026-05-20 03:45:00,56068.1,64422.3,56048.4,56077.4
2026-05-20 03:50:00,56066.9,64420.9,56045.0,56077.2
2026-05-20 03:55:00,56069.7,64424.1,56044.6,56081.5
2026-05-20 04:00:00,56170.8,64540.3,56081.2,56212.8
2026-05-20 04:05:00,56327.9,64720.8,56274.4,56353.0
2026-05-20 04:10:00,56397.9,64801.2,56343.1,56423.6
2026-05-20 04:15:00,56480.6,64896.2,56419.5,56509.2
2026-05-20 04:20:00,56568.5,64997.3,56537.2,56583.2
2026-05-20 04:25:00,56643.1,65082.9,56658.3,56636.0
2026-05-20 04:30:00,56713.7,65164.0,56708.3,56716.2
2026-05-20 04:35:00,56800.8,65264.2,56754.0,56822.8
2026-05-20 04:40:00,56839.9,65309.0,56815.1,56851.5
2026-05-20 04:45:00,56917.3,65398.0,56932.3,56910.3
2026-05-20 04:50:00,56995.9,65488.2,57007.4,56990.5
2026-05-20 04:55:00,57053.3,65554.2,57005.9,57075.5
2026-05-20 05:00:00,57175.5,65694.7,57171.2,57177.6
2026-05-20 05:05:00,57340.1,65883.8,57333.4,57343.3
2026-05-20 05:10:00,57444.9,66004.2,57466.1,57435.0
2026-05-20 05:15:00,57582.6,66162.4,57544.2,57600.6
2026-05-20 05:20:00,57712.2,66311.4,57738.0,57700.2
2026-05-20 05:25:00,57768.3,66375.8,57812.7,57747.5
2026-05-20 05:30:00,57862.6,66484.1,57897.3,57846.3
2026-05-20 05:35:00,58033.9,66681.0,58067.2,58018.3
2026-05-20 05:40:00,58131.8,66793.4,58099.6,58146.9
2026-05-20 05:45:00,58228.7,66904.8,58185.8,58248.8
2026-05-20 05:50:00,58365.5,67062.0,58391.2,58353.5
2026-05-20 05:55:00,58490.1,67205.1,58478.4,58495.5
2026-05-20 06:00:00,58722.2,67471.8,58712.0,58727.0
2026-05-20 06:05:00,59143.4,67955.8,59143.8,59143.3
2026-05-20 06:10:00,59349.7,68192.8,59302.0,59372.0
2026-05-20 06:15:00,59559.1,68433.4,59592.3,59543.5
2026-05-20 06:20:00,59685.6,68578.7,59714.7,59671.9
2026-05-20 06:25:00,59820.9,68734.3,59807.8,59827.1
2026-05-20 06:30:00,59987.0,68925.1,59986.6,59987.2
2026-05-20 06:35:00,60193.3,69162.1,60155.2,60211.1
2026-05-20 06:40:00,60372.2,69367.6,60379.6,60368.7
2026-05-20 06:45:00,60524.5,69542.6,60566.7,60504.7
2026-05-20 06:50:00,60624.2,69657.2,60677.8,60599.1
2026-05-20 06:55:00,60727.8,69776.3,60756.1,60714.6
2026-05-20 07:00:00,61029.1,70122.4,61026.5,61030.3
2026-05-20 07:05:00,61585.6,70761.9,61451.9,61648.3
2026-05-20 07:10:00,61848.3,71063.7,61798.0,61871.8
2026-05-20 07:15:00,62115.1,71370.3,62125.1,62110.5
2026-05-20 07:20:00,62317.7,71603.0,62372.8,62291.8
2026-05-20 07:25:00,62537.1,71855.1,62527.0,62541.8
2026-05-20 07:30:00,62632.1,71964.3,62655.7,62621.1
2026-05-20 07:35:00,62813.8,72173.0,62832.7,62804.9
2026-05-20 07:40:00,62891.7,72262.5,62953.0,62862.9
2026-05-20 07:45:00,62999.7,72386.7,63038.8,62981.4
2026-05-20 07:50:00,63084.6,72484.2,63104.7,63075.2
2026-05-20 07:55:00,63158.8,72569.4,63192.7,63142.9
2026-05-20 08:00:00,63510.1,72973.1,63490.1,63519.4
2026-05-20 08:05:00,64005.5,73542.4,63928.5,64041.6
2026-05-20 08:10:00,64373.2,73964.8,64305.7,64404.9
2026-05-20 08:15:00,64669.9,74305.7,64669.0,64670.3
2026-05-20 08:20:00,64934.1,74609.2,64929.9,64936.0
2026-05-20 08:25:00,65172.6,74883.3,65083.5,65214.3
2026-05-20 08:30:00,65342.0,75077.9,65349.3,65338.5
2026-05-20 08:35:00,65536.3,75301.2,65553.9,65528.1
2026-05-20 08:40:00,65638.8,75419.0,65726.4,65597.8
2026-05-20 08:45:00,65730.6,75524.4,65790.9,65702.3
2026-05-20 08:50:00,65783.8,75585.6,65877.7,65739.9
2026-05-20 08:55:00,65810.2,75615.9,65838.0,65797.2
2026-05-20 09:00:00,65622.9,75400.8,65658.4,65606.3
2026-05-20 09:05:00,65523.7,75286.8,65565.5,65504.2
2026-05-20 09:10:00,65530.2,75294.1,65624.0,65486.2
2026-05-20 09:15:00,65534.3,75298.9,65627.1,65490.8
2026-05-20 09:20:00,65498.6,75257.9,65569.0,65465.7
2026-05-20 09:25:00,65449.1,75201.0,65405.8,65469.4
2026-05-20 09:30:00,65340.2,75075.9,65369.5,65326.5
2026-05-20 09:35:00,65285.2,75012.7,65314.5,65271.5
2026-05-20 09:40:00,65219.0,74936.6,65186.7,65234.1
2026-05-20 09:45:00,65104.8,74805.4,65055.4,65127.9
2026-05-20 09:50:00,64993.0,74676.9,64957.1,65009.8
2026-05-20 09:55:00,64858.0,74521.9,64825.6,64873.2
2026-05-20 10:00:00,64610.9,74237.9,64700.2,64569.0
2026-05-20 10:05:00,64576.6,74198.5,64572.6,64578.4
2026-05-20 10:10:00,64555.0,74173.7,64601.4,64533.3
2026-05-20 10:15:00,64654.2,74287.7,64597.8,64680.6
2026-05-20 10:20:00,64698.0,74338.0,64707.3,64693.6
2026-05-20 10:25:00,64724.5,74368.4,64696.6,64737.5
2026-05-20 10:30:00,64598.7,74223.9,64566.7,64613.7
2026-05-20 10:35:00,64538.9,74155.2,64490.5,64561.5
2026-05-20 10:40:00,64432.9,74033.4,64377.8,64458.7
2026-05-20 10:45:00,64315.5,73898.5,64284.1,64330.2
2026-05-20 10:50:00,64216.8,73785.1,64208.6,64220.7
2026-05-20 10:55:00,64100.0,73650.9,64046.2,64125.3
2026-05-20 11:00:00,63922.3,73446.7,63894.5,63935.3
2026-05-20 11:05:00,63810.0,73317.7,63811.7,63809.2
2026-05-20 11:10:00,63705.8,73198.0,63736.3,63691.5
2026-05-20 11:15:00,63640.1,73122.5,63644.0,63638.3
2026-05-20 11:20:00,63590.8,73065.8,63531.5,63618.6
2026-05-20 11:25:00,63459.5,72915.0,63419.9,63478.1
2026-05-20 11:30:00,63311.5,72744.9,63263.2,63334.2
2026-05-20 11:35:00,63164.8,72576.3,63109.2,63190.8
2026-05-20 11:40:00,62970.1,72352.7,62976.0,62967.4
2026-05-20 11:45:00,62781.4,72135.9,62782.4,62781.0
2026-05-20 11:50:00,62525.6,71841.9,62480.3,62546.8
2026-05-20 11:55:00,62088.3,71339.5,62113.9,62076.3
2026-05-20 12:00:00,61442.7,70597.6,61472.8,61428.5
2026-05-20 12:05:00,61480.7,70641.4,61499.1,61472.1
2026-05-20 12:10:00,61458.8,70616.1,61447.5,61464.1
2026-05-20 12:15:00,61433.3,70586.8,61418.8,61440.1
2026-05-20 12:20:00,61397.4,70545.6,61323.1,61432.2
2026-05-20 12:25:00,61363.3,70506.4,61343.1,61372.7
2026-05-20 12:30:00,61254.1,70381.0,61251.2,61255.5
2026-05-20 12:35:00,61267.3,70396.1,61254.3,61273.3
2026-05-20 12:40:00,61331.2,70469.6,61326.5,61333.4
2026-05-20 12:45:00,61368.9,70512.9,61360.9,61372.6
2026-05-20 12:50:00,61464.7,70622.9,61511.2,61442.9
2026-05-20 12:55:00,61685.5,70876.6,61698.5,61679.4
2026-05-20 13:00:00,62056.0,71302.4,62073.1,62048.0
2026-05-20 13:05:00,62470.8,71778.9,62482.6,62465.2
2026-05-20 13:10:00,62726.9,72073.2,62760.6,62711.1
2026-05-20 13:15:00,62886.5,72256.6,62926.4,62867.9
2026-05-20 13:20:00,63088.0,72488.1,63080.4,63091.5
2026-05-20 13:25:00,63286.4,72716.1,63298.0,63281.0
2026-05-20 13:30:00,63523.0,72987.9,63453.0,63555.8
2026-05-20 13:35:00,63778.4,73281.4,63780.9,63777.2
2026-05-20 13:40:00,63935.7,73462.1,63901.0,63951.9
2026-05-20 13:45:00,64075.5,73622.7,64055.6,64084.8
2026-05-20 13:50:00,64131.2,73686.8,64195.0,64101.3
2026-05-20 13:55:00,64279.8,73857.5,64221.4,64307.1
2026-05-20 14:00:00,64368.6,73959.5,64393.9,64356.7
2026-05-20 14:05:00,64436.9,74038.0,64508.3,64403.5
2026-05-20 14:10:00,64536.3,74152.2,64514.7,64546.4
2026-05-20 14:15:00,64662.9,74297.6,64651.6,64668.1
2026-05-20 14:20:00,64749.1,74396.8,64846.3,64703.6
2026-05-20 14:25:00,64790.2,74444.0,64822.9,64774.9
2026-05-20 14:30:00,64911.1,74582.8,64863.0,64933.6
2026-05-20 14:35:00,64955.3,74633.6,64929.7,64967.2
2026-05-20 14:40:00,64969.6,74650.1,65036.7,64938.2
2026-05-20 14:45:00,65020.5,74708.6,65039.1,65011.8
2026-05-20 14:50:00,65034.7,74724.9,65019.1,65042.1
2026-05-20 14:55:00,65011.9,74698.7,65003.4,65015.9
2026-05-20 15:00:00,64962.3,74641.7,64989.2,64949.7
2026-05-20 15:05:00,64909.4,74580.9,64990.5,64871.4
2026-05-20 15:10:00,65030.1,74719.6,65006.8,65041.0
2026-05-20 15:15:00,65196.4,74910.6,65145.5,65220.2
2026-05-20 15:20:00,65353.3,75090.9,65292.9,65381.6
2026-05-20 15:25:00,65472.1,75227.4,65503.7,65457.3
2026-05-20 15:30:00,65628.7,75407.4,65580.2,65651.4
2026-05-20 15:35:00,65742.7,75538.3,65708.4,65758.8
2026-05-20 15:40:00,65871.3,75686.2,65897.8,65858.9
2026-05-20 15:45:00,66034.6,75873.7,66001.2,66050.2
2026-05-20 15:50:00,66178.3,76038.8,66201.1,66167.5
2026-05-20 15:55:00,66294.5,76172.3,66255.3,66312.8
2026-05-20 16:00:00,66371.8,76261.2,66336.3,66388.5
2026-05-20 16:05:00,66339.0,76223.5,66380.9,66319.4
2026-05-20 16:10:00,66426.3,76323.8,66516.9,66383.8
2026-05-20 16:15:00,66503.4,76412.4,66509.3,66500.6
2026-05-20 16:20:00,66577.6,76497.7,66606.7,66564.0
2026-05-20 16:25:00,66721.6,76663.2,66718.7,66723.0
2026-05-20 16:30:00,66790.9,76742.7,66782.9,66794.6
2026-05-20 16:35:00,66866.1,76829.1,66872.6,66863.0
2026-05-20 16:40:00,66907.0,76876.1,66941.8,66890.7
2026-05-20 16:45:00,66976.9,76956.5,66990.2,66970.7
2026-05-20 16:50:00,66968.1,76946.4,67054.8,66927.5
2026-05-20 16:55:00,66935.3,76908.7,67017.2,66897.0
2026-05-20 17:00:00,66830.9,76788.7,66856.3,66819.0
2026-05-20 17:05:00,66600.7,76524.3,66695.8,66556.2
2026-05-20 17:10:00,66653.9,76585.4,66649.3,66656.1
2026-05-20 17:15:00,66705.2,76644.3,66767.1,66676.2
2026-05-20 17:20:00,66743.4,76688.2,66756.6,66737.2
2026-05-20 17:25:00,66777.2,76727.0,66847.5,66744.2
2026-05-20 17:30:00,66825.7,76782.7,66831.8,66822.8
2026-05-20 17:35:00,66842.6,76802.2,66851.3,66838.6
2026-05-20 17:40:00,66836.6,76795.2,66841.5,66834.3
2026-05-20 17:45:00,66839.1,76798.1,66846.6,66835.5
2026-05-20 17:50:00,66811.1,76766.0,66818.6,66807.7
2026-05-20 17:55:00,66787.5,76738.9,66783.6,66789.3
2026-05-20 18:00:00,66775.7,76725.3,66762.7,66781.7
2026-05-20 18:05:00,66698.6,76636.7,66708.3,66694.1
2026-05-20 18:10:00,66721.5,76663.0,66712.4,66725.8
2026-05-20 18:15:00,66743.8,76688.6,66736.8,66747.0
2026-05-20 18:20:00,66772.2,76721.2,66829.9,66745.1
2026-05-20 18:25:00,66788.7,76740.2,66845.7,66762.0
2026-05-20 18:30:00,66857.1,76818.8,66856.3,66857.5
2026-05-20 18:35:00,66870.4,76834.1,66929.3,66842.8
2026-05-20 18:40:00,66851.1,76811.9,66908.6,66824.2
2026-05-20 18:45:00,66853.6,76814.8,66913.7,66825.4
2026-05-20 18:50:00,66817.7,76773.5,66884.4,66786.4
2026-05-20 18:55:00,66763.8,76711.6,66759.8,66765.7
2026-05-20 19:00:00,66688.3,76624.9,66702.8,66681.5
2026-05-20 19:05:00,66632.0,76560.1,66592.0,66650.7
2026-05-20 19:10:00,66601.0,76524.6,66550.6,66624.7
2026-05-20 19:15:00,66602.2,76525.9,66538.8,66631.9
2026-05-20 19:20:00,66608.6,76533.3,66537.3,66642.0
2026-05-20 19:25:00,66602.4,76526.1,66532.0,66635.3
2026-05-20 19:30:00,66591.2,76513.3,66534.0,66618.0
2026-05-20 19:35:00,66595.8,76518.6,66548.7,66617.9
2026-05-20 19:40:00,66592.7,76515.0,66541.9,66616.5
2026-05-20 19:45:00,66595.3,76518.0,66547.6,66617.7
2026-05-20 19:50:00,66555.2,76471.9,66518.0,66572.6
2026-05-20 19:55:00,66486.3,76392.8,66501.8,66479.1
2026-05-20 20:00:00,66418.8,76315.2,66383.5,66435.3
2026-05-20 20:05:00,66325.1,76207.6,66290.0,66341.6
2026-05-20 20:10:00,66296.8,76175.0,66343.0,66275.1
2026-05-20 20:15:00,66254.0,76125.9,66200.5,66279.1
2026-05-20 20:20:00,66249.7,76121.0,66193.2,66276.3
2026-05-20 20:25:00,66242.9,76113.1,66188.5,66268.4
2026-05-20 20:30:00,66157.6,76015.0,66159.6,66156.6
2026-05-20 20:35:00,66146.2,76002.0,66088.1,66173.4
2026-05-20 20:40:00,66138.6,75993.3,66079.7,66166.2
2026-05-20 20:45:00,66043.3,75883.7,66085.4,66023.5
2026-05-20 20:50:00,65981.1,75812.3,65970.2,65986.2
2026-05-20 20:55:00,65867.9,75682.2,65841.4,65880.3
2026-05-20 21:00:00,65613.0,75389.3,65634.6,65602.9
2026-05-20 21:05:00,65367.4,75107.1,65403.6,65350.4
2026-05-20 21:10:00,65211.5,74928.1,65218.6,65208.3
2026-05-20 21:15:00,65027.5,74716.7,64991.1,65044.6
2026-05-20 21:20:00,64839.8,74500.9,64808.5,64854.5
2026-05-20 21:25:00,64651.0,74284.0,64627.0,64662.3
2026-05-20 21:30:00,64510.4,74122.4,64556.5,64488.7
2026-05-20 21:35:00,64388.5,73982.4,64371.7,64396.4
2026-05-20 21:40:00,64260.5,73835.4,64268.0,64257.0
2026-05-20 21:45:00,64098.3,73648.9,64168.7,64065.3
2026-05-20 21:50:00,63931.6,73457.4,63970.5,63913.3
2026-05-20 21:55:00,63770.5,73272.3,63794.8,63759.0
2026-05-20 22:00:00,63602.4,73079.1,63598.6,63604.2
2026-05-20 22:05:00,63600.3,73076.7,63588.1,63605.9
2026-05-20 22:10:00,63470.5,72927.7,63474.0,63468.9
2026-05-20 22:15:00,63336.5,72773.6,63335.3,63337.0
2026-05-20 22:20:00,63203.9,72621.3,63253.4,63180.7
2026-05-20 22:25:00,63061.4,72457.6,63047.8,63067.8
2026-05-20 22:30:00,62912.0,72285.9,62879.6,62927.2
2026-05-20 22:35:00,62785.2,72140.1,62759.0,62797.4
2026-05-20 22:40:00,62687.9,72028.5,62665.9,62698.3
2026-05-20 22:45:00,62584.7,71909.8,62580.2,62586.8
2026-05-20 22:50:00,62479.7,71789.2,62458.8,62489.5
2026-05-20 22:55:00,62368.8,71661.7,62375.3,62365.7
2026-05-20 23:00:00,62388.9,71684.8,62411.5,62378.3
2026-05-20 23:05:00,62896.6,72268.1,62890.1,62899.6
2026-05-20 23:10:00,62972.4,72355.3,62966.1,62975.4
2026-05-20 23:15:00,62853.3,72218.4,62870.2,62845.4
2026-05-20 23:20:00,62594.7,71921.4,62590.4,62596.8
2026-05-20 23:25:00,62363.1,71655.2,62356.5,62366.2
2026-05-20 23:30:00,61958.1,71189.8,61978.9,61948.3
2026-05-20 23:35:00,61601.3,70779.8,61583.5,61609.6
2026-05-20 23:40:00,61174.9,70289.9,61206.0,61160.3
2026-05-20 23:45:00,60799.3,69858.4,60806.1,60796.1
2026-05-20 23:50:00,60442.5,69448.5,60440.2,60443.6
2026-05-20 23:55:00,60050.5,68998.0,60010.1,60069.4
2026-05-21 00:00:00,59402.7,68253.7,59470.7,59370.8
2026-05-21 00:05:00,59166.3,67982.1,59210.4,59145.7
2026-05-21 00:10:00,58828.4,67593.8,58915.1,58787.7
2026-05-21 00:15:00,58493.2,67208.7,58529.2,58476.3
2026-05-21 00:20:00,58237.1,66914.4,58180.4,58263.6
2026-05-21 00:25:00,58029.7,66676.1,58011.8,58038.1
2026-05-21 00:30:00,57828.6,66445.0,57768.8,57856.5
2026-05-21 00:35:00,57635.2,66222.9,57564.3,57668.5
2026-05-21 00:40:00,57453.8,66014.5,57380.0,57488.4
2026-05-21 00:45:00,57213.5,65738.4,57205.7,57217.2
2026-05-21 00:50:00,57001.6,65494.8,57037.4,56984.8
2026-05-21 00:55:00,56823.4,65290.1,56866.4,56803.3
2026-05-21 01:00:00,56738.2,65192.2,56746.2,56734.5
2026-05-21 01:05:00,56715.5,65166.1,56710.3,56717.9
2026-05-21 01:10:00,56590.5,65022.5,56564.9,56602.6
2026-05-21 01:15:00,56501.5,64920.2,56479.9,56511.6
2026-05-21 01:20:00,56428.6,64836.4,56417.2,56433.9
2026-05-21 01:25:00,56347.4,64743.2,56308.4,56365.7
2026-05-21 01:30:00,56278.9,64664.4,56301.0,56268.5
2026-05-21 01:35:00,56266.6,64650.3,56241.9,56278.2
2026-05-21 01:40:00,56201.1,64575.1,56244.0,56181.0
2026-05-21 01:45:00,56169.6,64538.9,56134.4,56186.1
2026-05-21 01:50:00,56190.4,64562.8,56139.3,56214.3
2026-05-21 01:55:00,56197.5,64570.9,56140.1,56224.3
2026-05-21 02:00:00,56148.1,64514.2,56121.4,56160.7
2026-05-21 02:05:00,56119.9,64481.8,56167.4,56097.6
2026-05-21 02:10:00,56072.3,64427.1,56034.4,56090.1
2026-05-21 02:15:00,56094.5,64452.6,56045.0,56117.7
2026-05-21 02:20:00,56090.4,64447.8,56042.3,56112.9
2026-05-21 02:25:00,56059.4,64412.2,56045.3,56066.0
2026-05-21 02:30:00,56040.2,64390.2,56030.7,56044.6
2026-05-21 02:35:00,56008.6,64353.9,56051.0,55988.7
2026-05-21 02:40:00,55929.7,64263.2,55935.4,55927.0
2026-05-21 02:45:00,55881.0,64207.2,55941.1,55852.8
2026-05-21 02:50:00,55819.5,64136.6,55829.0,55815.0
2026-05-21 02:55:00,55743.6,64049.4,55811.2,55711.9
2026-05-21 03:00:00,55680.8,63977.2,55670.9,55685.4
2026-05-21 03:05:00,55635.1,63924.7,55621.0,55641.7
2026-05-21 03:10:00,55617.0,63904.0,55593.7,55628.0
2026-05-21 03:15:00,55614.8,63901.4,55590.4,55626.3
2026-05-21 03:20:00,55604.4,63889.4,55588.0,55612.1
2026-05-21 03:25:00,55608.0,63893.6,55591.1,55616.0
2026-05-21 03:30:00,55598.4,63882.6,55579.6,55607.2
2026-05-21 03:35:00,55564.1,63843.1,55605.5,55544.7
2026-05-21 03:40:00,55487.7,63755.3,55484.7,55489.0
2026-05-21 03:45:00,55481.6,63748.4,55495.3,55475.2
2026-05-21 03:50:00,55395.3,63649.2,55490.0,55350.9
2026-05-21 03:55:00,55359.1,63607.7,55367.6,55355.2
2026-05-21 04:00:00,55378.4,63629.8,55420.9,55358.5
2026-05-21 04:05:00,55503.7,63773.7,55499.6,55505.6
2026-05-21 04:10:00,55588.0,63870.6,55577.2,55593.1
2026-05-21 04:15:00,55622.2,63909.9,55673.4,55598.2
2026-05-21 04:20:00,55683.5,63980.4,55669.1,55690.2
2026-05-21 04:25:00,55690.0,63987.8,55677.2,55696.0
2026-05-21 04:30:00,55716.1,64017.8,55772.6,55689.6
2026-05-21 04:35:00,55811.8,64127.8,55814.4,55810.6
2026-05-21 04:40:00,55815.9,64132.5,55890.8,55780.9
2026-05-21 04:45:00,55828.2,64146.6,55889.6,55799.5
2026-05-21 04:50:00,55825.5,64143.5,55892.9,55793.9
2026-05-21 04:55:00,55840.0,64160.2,55891.5,55815.9
2026-05-21 05:00:00,55950.8,64287.5,55974.8,55939.5
2026-05-21 05:05:00,56156.4,64523.7,56156.0,56156.6
2026-05-21 05:10:00,56234.5,64613.4,56310.1,56199.1
2026-05-21 05:15:00,56281.1,64666.9,56295.6,56274.3
2026-05-21 05:20:00,56390.4,64792.6,56386.6,56392.2
2026-05-21 05:25:00,56502.6,64921.5,56485.3,56510.7
2026-05-21 05:30:00,56587.4,65019.0,56595.6,56583.6
2026-05-21 05:35:00,56771.8,65230.8,56761.9,56776.5
2026-05-21 05:40:00,56866.3,65339.4,56890.0,56855.2
2026-05-21 05:45:00,57008.1,65502.3,56963.8,57028.8
2026-05-21 05:50:00,57135.6,65648.8,57148.8,57129.4
2026-05-21 05:55:00,57264.8,65797.2,57269.6,57262.6
2026-05-21 06:00:00,57478.8,66043.1,57487.9,57474.5
2026-05-21 06:05:00,57866.2,66488.3,57897.6,57851.5
2026-05-21 06:10:00,58079.8,66733.7,58068.8,58085.0
2026-05-21 06:15:00,58256.0,66936.1,58254.9,58256.4
2026-05-21 06:20:00,58370.9,67068.2,58402.0,58356.3
2026-05-21 06:25:00,58471.0,67183.2,58502.5,58456.3
2026-05-21 06:30:00,58594.9,67325.6,58576.6,58603.5
2026-05-21 06:35:00,58864.4,67635.2,58855.5,58868.6
2026-05-21 06:40:00,59007.1,67799.2,58946.1,59035.7
2026-05-21 06:45:00,59117.1,67925.5,59145.6,59103.8
2026-05-21 06:50:00,59269.8,68101.0,59239.2,59284.1
2026-05-21 06:55:00,59419.3,68272.8,59451.7,59404.1
2026-05-21 07:00:00,59694.8,68589.3,59687.0,59698.5
2026-05-21 07:05:00,60171.7,69137.2,60105.0,60202.9
2026-05-21 07:10:00,60420.7,69423.4,60383.0,60438.3
2026-05-21 07:15:00,60639.6,69674.9,60643.2,60637.8
2026-05-21 07:20:00,60791.2,69849.1,60770.5,60800.9
2026-05-21 07:25:00,60898.1,69972.0,60942.7,60877.3
2026-05-21 07:30:00,61013.8,70104.9,61006.0,61017.5
2026-05-21 07:35:00,61184.9,70301.5,61159.7,61196.7
2026-05-21 07:40:00,61250.4,70376.7,61284.8,61234.2
2026-05-21 07:45:00,61354.0,70495.7,61384.1,61339.8
2026-05-21 07:50:00,61399.4,70547.9,61483.9,61359.8
2026-05-21 07:55:00,61410.5,70560.7,61454.4,61389.9
2026-05-21 08:00:00,61693.2,70885.5,61653.6,61711.8
2026-05-21 08:05:00,62152.4,71413.1,62103.1,62175.5
2026-05-21 08:10:00,62487.1,71797.7,62440.6,62508.9
2026-05-21 08:15:00,62811.9,72170.9,62769.3,62831.9
2026-05-21 08:20:00,63017.7,72407.4,62979.7,63035.5
2026-05-21 08:25:00,63223.6,72644.0,63197.4,63235.9
2026-05-21 08:30:00,63283.4,72712.6,63293.8,63278.5
2026-05-21 08:35:00,63481.3,72940.1,63440.4,63500.5
2026-05-21 08:40:00,63523.0,72987.9,63554.9,63508.1
2026-05-21 08:45:00,63515.1,72978.8,63606.1,63472.4
2026-05-21 08:50:00,63447.5,72901.2,63507.0,63419.7
2026-05-21 08:55:00,63418.6,72868.0,63472.2,63393.5
2026-05-21 09:00:00,63231.4,72652.9,63260.8,63217.7
2026-05-21 09:05:00,63214.5,72633.5,63311.5,63169.1
2026-05-21 09:10:00,63256.7,72681.9,63221.7,63273.1
2026-05-21 09:15:00,63321.8,72756.7,63316.7,63324.2
2026-05-21 09:20:00,63235.9,72658.0,63251.6,63228.5
2026-05-21 09:25:00,63158.9,72569.6,63248.0,63117.2
2026-05-21 09:30:00,63044.2,72437.7,63047.3,63042.7
2026-05-21 09:35:00,62918.3,72293.1,62968.7,62894.6
2026-05-21 09:40:00,62773.3,72126.5,62755.9,62781.4
2026-05-21 09:45:00,62652.3,71987.5,62644.1,62656.2
2026-05-21 09:50:00,62441.0,71744.7,62445.8,62438.8
2026-05-21 09:55:00,62254.8,71530.7,62253.0,62255.6
2026-05-21 10:00:00,61983.5,71219.0,62008.0,61972.0
2026-05-21 10:05:00,61900.4,71123.6,61984.0,61861.2
2026-05-21 10:10:00,61910.2,71134.8,61868.6,61929.7
2026-05-21 10:15:00,62040.7,71284.8,61979.0,62069.6
2026-05-21 10:20:00,62069.7,71318.1,62048.7,62079.5
2026-05-21 10:25:00,62035.1,71278.4,62041.4,62032.2
2026-05-21 10:30:00,61923.0,71149.5,61905.5,61931.2
2026-05-21 10:35:00,61880.8,71101.0,61859.1,61891.0
2026-05-21 10:40:00,61689.9,70881.7,61718.2,61676.6
2026-05-21 10:45:00,61580.9,70756.4,61592.7,61575.3
2026-05-21 10:50:00,61503.7,70667.8,61491.5,61509.4
2026-05-21 10:55:00,61440.2,70594.8,61388.7,61464.4
2026-05-21 11:00:00,61363.9,70507.1,61349.5,61370.6
2026-05-21 11:05:00,61273.2,70402.9,61345.1,61239.5
2026-05-21 11:10:00,61222.3,70344.4,61236.8,61215.5
2026-05-21 11:15:00,61124.5,70232.0,61120.9,61126.1
2026-05-21 11:20:00,60952.1,70034.0,60940.5,60957.6
2026-05-21 11:25:00,60775.8,69831.4,60840.1,60745.7
2026-05-21 11:30:00,60522.4,69540.2,60569.1,60500.5
2026-05-21 11:35:00,60283.0,69265.1,60327.9,60261.9
2026-05-21 11:40:00,60065.7,69015.4,60070.4,60063.4
2026-05-21 11:45:00,59830.0,68744.6,59812.8,59838.0
2026-05-21 11:50:00,59534.6,68405.2,59564.9,59520.4
2026-05-21 11:55:00,59131.8,67942.4,59192.4,59103.4
2026-05-21 12:00:00,58647.7,67386.3,58647.7,58647.8
2026-05-21 12:05:00,58627.5,67363.0,58587.8,58646.1
2026-05-21 12:10:00,58546.5,67269.9,58555.2,58542.4
2026-05-21 12:15:00,58451.5,67160.7,58463.4,58445.9
2026-05-21 12:20:00,58316.1,67005.2,58348.2,58301.1
2026-05-21 12:25:00,58210.4,66883.7,58266.0,58184.3
2026-05-21 12:30:00,58004.5,66647.1,58034.4,57990.4
2026-05-21 12:35:00,57909.8,66538.4,58001.2,57867.1
2026-05-21 12:40:00,57984.8,66624.5,57934.4,58008.4
2026-05-21 12:45:00,58019.1,66664.0,58077.3,57991.9
2026-05-21 12:50:00,58140.0,66802.8,58112.6,58152.8
2026-05-21 12:55:00,58363.9,67060.1,58373.4,58359.4
2026-05-21 13:00:00,58759.6,67514.8,58693.0,58790.8
2026-05-21 13:05:00,59102.7,67909.0,59022.8,59140.2
2026-05-21 13:10:00,59332.6,68173.1,59337.4,59330.3
2026-05-21 13:15:00,59539.3,68410.7,59490.6,59562.1
2026-05-21 13:20:00,59726.9,68626.2,59738.3,59721.5
2026-05-21 13:25:00,59944.6,68876.3,59928.5,59952.1
2026-05-21 13:30:00,60159.4,69123.1,60168.8,60154.9
2026-05-21 13:35:00,60400.7,69400.4,60372.0,60414.1
2026-05-21 13:40:00,60571.7,69596.8,60582.8,60566.4
2026-05-21 13:45:00,60709.5,69755.2,60798.8,60667.6
2026-05-21 13:50:00,60773.0,69828.2,60819.2,60751.3
2026-05-21 13:55:00,60951.0,70032.7,60940.2,60956.1
2026-05-21 14:00:00,61107.5,70212.5,61103.8,61109.3
2026-05-21 14:05:00,61181.9,70298.1,61197.3,61174.8
2026-05-21 14:10:00,61294.7,70427.6,61339.5,61273.7
2026-05-21 14:15:00,61384.3,70530.6,61440.0,61358.2
2026-05-21 14:20:00,61476.9,70637.0,61489.7,61470.9
2026-05-21 14:25:00,61631.7,70814.8,61596.7,61648.0
2026-05-21 14:30:00,61717.2,70913.0,61744.9,61704.2
2026-05-21 14:35:00,61829.1,71041.6,61849.2,61819.7
2026-05-21 14:40:00,61955.2,71186.5,61954.8,61955.3
2026-05-21 14:45:00,62030.3,71272.8,62050.0,62021.1
2026-05-21 14:50:00,62129.6,71386.9,62114.5,62136.7
2026-05-21 14:55:00,62182.0,71447.1,62220.5,62163.9
2026-05-21 15:00:00,62154.1,71415.1,62213.9,62126.1
2026-05-21 15:05:00,62157.6,71419.0,62226.1,62125.5
2026-05-21 15:10:00,62290.2,71571.5,62338.5,62267.6
2026-05-21 15:15:00,62525.8,71842.1,62494.3,62540.5
2026-05-21 15:20:00,62691.1,72032.1,62694.6,62689.5
2026-05-21 15:25:00,62951.2,72330.9,62922.1,62964.8
2026-05-21 15:30:00,63101.7,72503.9,63135.6,63085.8
2026-05-21 15:35:00,63253.7,72678.5,63263.7,63249.0
2026-05-21 15:40:00,63471.6,72928.9,63434.1,63489.2
2026-05-21 15:45:00,63705.7,73197.9,63662.9,63725.8
2026-05-21 15:50:00,63893.9,73414.1,63909.3,63886.6
2026-05-21 15:55:00,64080.2,73628.1,64091.6,64074.9
2026-05-21 16:00:00,64193.4,73758.2,64212.4,64184.5
2026-05-21 16:05:00,64263.3,73838.5,64261.1,64264.3
2026-05-21 16:10:00,64420.4,74019.1,64480.5,64392.3
2026-05-21 16:15:00,64588.8,74212.6,64581.6,64592.2
2026-05-21 16:20:00,64791.7,74445.6,64762.9,64805.2
2026-05-21 16:25:00,64999.7,74684.6,64973.8,65011.8
2026-05-21 16:30:00,65158.0,74866.5,65154.5,65159.6
2026-05-21 16:35:00,65309.4,75040.5,65348.0,65291.3
2026-05-21 16:40:00,65430.3,75179.4,65419.2,65435.5
2026-05-21 16:45:00,65537.8,75302.9,65598.1,65509.5
2026-05-21 16:50:00,65640.7,75421.1,65691.1,65617.0
2026-05-21 16:55:00,65698.1,75487.1,65760.4,65668.9
2026-05-21 17:00:00,65711.2,75502.2,65709.4,65712.1
2026-05-21 17:05:00,65587.2,75359.7,65629.8,65567.2
2026-05-21 17:10:00,65655.2,75437.8,65692.3,65637.8
2026-05-21 17:15:00,65784.2,75586.1,65789.8,65781.6
2026-05-21 17:20:00,65858.7,75671.7,65855.3,65860.3
2026-05-21 17:25:00,65948.6,75775.0,65955.5,65945.4
2026-05-21 17:30:00,66005.8,75840.7,66016.8,66000.7
2026-05-21 17:35:00,66018.9,75855.7,66054.4,66002.3
2026-05-21 17:40:00,66045.6,75886.4,66143.6,65999.7
2026-05-21 17:45:00,66162.6,76020.8,66139.3,66173.5
2026-05-21 17:50:00,66208.8,76074.0,66176.2,66224.1
2026-05-21 17:55:00,66188.5,76050.6,66177.5,66193.6
2026-05-21 18:00:00,66187.4,76049.4,66166.6,66197.2
2026-05-21 18:05:00,66114.9,75966.0,66135.4,66105.2
2026-05-21 18:10:00,66124.2,75976.7,66140.7,66116.5
2026-05-21 18:15:00,66166.2,76024.9,66260.9,66121.8
2026-05-21 18:20:00,66213.8,76079.6,66232.4,66205.1
2026-05-21 18:25:00,66221.0,76087.9,66248.4,66208.2
2026-05-21 18:30:00,66307.2,76186.9,66359.0,66282.9
2026-05-21 18:35:00,66375.8,76265.8,66344.3,66390.5
2026-05-21 18:40:00,66453.8,76355.5,66428.1,66465.9
2026-05-21 18:45:00,66474.1,76378.8,66530.7,66447.6
2026-05-21 18:50:00,66498.4,76406.6,66497.5,66498.8
2026-05-21 18:55:00,66474.7,76379.4,66468.5,66477.6
2026-05-21 19:00:00,66451.8,76353.1,66400.3,66475.9
2026-05-21 19:05:00,66360.9,76248.6,66394.9,66344.9
2026-05-21 19:10:00,66374.6,76264.4,66352.4,66384.9
2026-05-21 19:15:00,66410.8,76306.0,66350.7,66438.9
2026-05-21 19:20:00,66405.5,76299.9,66343.9,66434.3
2026-05-21 19:25:00,66398.8,76292.2,66324.0,66433.8
2026-05-21 19:30:00,66387.0,76278.6,66317.8,66419.3
2026-05-21 19:35:00,66390.9,76283.1,66330.4,66419.2
2026-05-21 19:40:00,66389.1,76281.1,66324.4,66419.4
2026-05-21 19:45:00,66391.7,76284.1,66330.1,66420.6
2026-05-21 19:50:00,66355.5,76242.4,66299.5,66381.7
2026-05-21 19:55:00,66339.5,76224.1,66278.4,66368.1
2026-05-21 20:00:00,66237.1,76106.4,66258.9,66226.9
2026-05-21 20:05:00,66142.2,75997.4,66147.7,66139.6
2026-05-21 20:10:00,66087.2,75934.2,66102.0,66080.3
2026-05-21 20:15:00,66029.3,75867.6,66003.7,66041.2
2026-05-21 20:20:00,65961.0,75789.2,65995.8,65944.7
2026-05-21 20:25:00,65921.6,75743.9,65878.8,65941.6
2026-05-21 20:30:00,65838.3,75648.2,65851.4,65832.1
2026-05-21 20:35:00,65773.4,75573.6,65768.7,65775.6
2026-05-21 20:40:00,65701.3,75490.8,65663.3,65719.1
2026-05-21 20:45:00,65623.3,75401.1,65573.5,65646.6
2026-05-21 20:50:00,65481.1,75237.8,65447.4,65496.9
2026-05-21 20:55:00,65343.7,75079.9,65309.8,65359.6
2026-05-21 21:00:00,65083.4,74780.9,65127.5,65062.8
2026-05-21 21:05:00,64937.5,74613.2,64915.3,64947.9
2026-05-21 21:10:00,64791.5,74445.4,64838.6,64769.4
2026-05-21 21:15:00,64686.5,74324.8,64656.4,64700.6
2026-05-21 21:20:00,64596.9,74221.9,64574.9,64607.3
2026-05-21 21:25:00,64469.5,74075.5,64466.7,64470.9
2026-05-21 21:30:00,64320.1,73903.8,64376.8,64293.5
2026-05-21 21:35:00,64202.3,73768.4,64182.0,64211.7
2026-05-21 21:40:00,64060.3,73605.3,64061.0,64060.0
2026-05-21 21:45:00,63871.8,73388.7,63895.8,63860.6
2026-05-21 21:50:00,63704.4,73196.3,63730.3,63692.2
2026-05-21 21:55:00,63548.0,73016.7,63612.6,63517.8
2026-05-21 22:00:00,63380.8,72824.5,63363.4,63389.0
2026-05-21 22:05:00,63503.8,72965.8,63456.4,63525.9
2026-05-21 22:10:00,63377.9,72821.3,63388.8,63372.9
2026-05-21 22:15:00,63280.3,72709.1,63263.3,63288.3
2026-05-21 22:20:00,63177.8,72591.3,63160.1,63186.1
2026-05-21 22:25:00,63038.4,72431.1,63040.1,63037.6
2026-05-21 22:30:00,62841.4,72204.7,62807.6,62857.2
2026-05-21 22:35:00,62682.1,72021.8,62661.0,62692.0
2026-05-21 22:40:00,62573.8,71897.3,62563.8,62578.5
2026-05-21 22:45:00,62481.7,71791.4,62460.6,62491.5
2026-05-21 22:50:00,62374.4,71668.2,62382.8,62370.5
2026-05-21 22:55:00,62173.1,71436.9,62202.4,62159.4
2026-05-21 23:00:00,62241.5,71515.5,62212.2,62255.3
2026-05-21 23:05:00,62704.5,72047.4,62674.7,62718.4
2026-05-21 23:10:00,62745.8,72094.9,62721.6,62757.1
2026-05-21 23:15:00,62546.3,71865.7,62516.8,62560.1
2026-05-21 23:20:00,62296.3,71578.5,62250.6,62317.7
2026-05-21 23:25:00,62061.9,71309.1,62021.6,62080.8
2026-05-21 23:30:00,61689.6,70881.3,61662.4,61702.3
2026-05-21 23:35:00,61321.6,70458.5,61303.3,61330.1
2026-05-21 23:40:00,60945.0,70025.7,60901.0,60965.5
2026-05-21 23:45:00,60589.4,69617.2,60602.5,60583.3
2026-05-21 23:50:00,60203.5,69173.8,60256.7,60178.6
2026-05-21 23:55:00,59756.7,68660.4,59813.6,59730.0
2026-05-22 00:00:00,59100.1,67906.0,59187.2,59059.3
2026-05-22 00:05:00,58857.5,67627.3,58937.0,58820.3
2026-05-22 00:10:00,58557.6,67282.6,58521.1,58574.6
2026-05-22 00:15:00,58305.2,66992.6,58269.7,58321.8
2026-05-22 00:20:00,58082.9,66737.3,58003.9,58119.9
2026-05-22 00:25:00,57828.6,66445.1,57803.9,57840.2
2026-05-22 00:30:00,57604.5,66187.5,57528.8,57639.9
2026-05-22 00:35:00,57354.2,65900.0,57374.0,57345.0
2026-05-22 00:40:00,57134.2,65647.1,57110.1,57145.4
2026-05-22 00:45:00,56907.5,65386.8,56940.4,56892.2
2026-05-22 00:50:00,56727.0,65179.4,56751.3,56715.6
2026-05-22 00:55:00,56583.1,65014.0,56588.4,56580.6
2026-05-22 01:00:00,56529.9,64952.8,56472.6,56556.7
2026-05-22 01:05:00,56403.5,64807.6,56416.0,56397.6
2026-05-22 01:10:00,56304.0,64693.3,56308.6,56301.9
2026-05-22 01:15:00,56200.7,64574.6,56204.6,56198.9
2026-05-22 01:20:00,56152.6,64519.4,56095.8,56179.3
2026-05-22 01:25:00,56084.5,64441.0,56102.4,56076.0
2026-05-22 01:30:00,56050.1,64401.6,56007.7,56069.9
2026-05-22 01:35:00,56004.8,64349.5,56035.5,55990.4
2026-05-22 01:40:00,55932.0,64265.9,55923.7,55935.9
2026-05-22 01:45:00,55846.0,64167.0,55885.5,55827.5
2026-05-22 01:50:00,55822.3,64139.8,55776.0,55844.0
2026-05-22 01:55:00,55737.6,64042.5,55802.8,55707.0
2026-05-22 02:00:00,55711.5,64012.5,55672.5,55729.8
2026-05-22 02:05:00,55677.2,63973.1,55738.5,55648.5
2026-05-22 02:10:00,55609.1,63894.8,55594.6,55615.8
2026-05-22 02:15:00,55604.5,63889.6,55582.7,55614.7
2026-05-22 02:20:00,55600.8,63885.3,55579.6,55610.7
2026-05-22 02:25:00,55589.9,63872.8,55583.0,55593.1
2026-05-22 02:30:00,55527.1,63800.6,55570.3,55506.8
2026-05-22 02:35:00,55505.8,63776.1,55488.0,55514.1
2026-05-22 02:40:00,55473.4,63738.9,55473.4,55473.3
2026-05-22 02:45:00,55401.6,63656.4,55484.2,55362.9
2026-05-22 02:50:00,55343.4,63589.5,55347.9,55341.2
2026-05-22 02:55:00,55273.1,63508.8,55343.4,55240.2
2026-05-22 03:00:00,55223.4,63451.7,55248.2,55211.8
2026-05-22 03:05:00,55175.5,63396.6,55187.7,55169.8
2026-05-22 03:10:00,55152.3,63370.0,55141.5,55157.3
2026-05-22 03:15:00,55153.2,63371.0,55138.6,55160.0
2026-05-22 03:20:00,55120.7,63333.7,55136.2,55113.5
2026-05-22 03:25:00,55071.5,63277.1,55137.0,55040.8
2026-05-22 03:30:00,55025.2,63223.9,55031.8,55022.1
2026-05-22 03:35:00,55048.2,63250.4,55056.8,55044.2
2026-05-22 03:40:00,55053.2,63256.1,55037.9,55060.4
2026-05-22 03:45:00,55059.3,63263.1,55056.7,55060.4
2026-05-22 03:50:00,55012.6,63209.5,55052.6,54993.9
2026-05-22 03:55:00,55003.0,63198.4,55012.2,54998.7
2026-05-22 04:00:00,55089.4,63297.7,55066.3,55100.2
2026-05-22 04:05:00,55142.8,63359.1,55134.6,55146.7
2026-05-22 04:10:00,55204.6,63430.1,55193.0,55210.1
2026-05-22 04:15:00,55207.7,63433.6,55185.6,55218.0
2026-05-22 04:20:00,55216.5,63443.8,55181.7,55232.8
2026-05-22 04:25:00,55224.8,63453.3,55195.3,55238.6
2026-05-22 04:30:00,55217.2,63444.6,55184.5,55232.5
2026-05-22 04:35:00,55255.4,63488.5,55224.2,55270.1
2026-05-22 04:40:00,55334.4,63579.2,55347.0,55328.5
2026-05-22 04:45:00,55380.1,63631.7,55345.3,55396.4
2026-05-22 04:50:00,55471.7,63736.9,55435.8,55488.5
2026-05-22 04:55:00,55504.4,63774.5,55548.4,55483.7
2026-05-22 05:00:00,55607.5,63893.0,55637.0,55593.7
2026-05-22 05:05:00,55773.7,64084.0,55807.9,55757.7
2026-05-22 05:10:00,55817.1,64133.8,55847.7,55802.7
2026-05-22 05:15:00,55878.1,64203.9,55943.8,55847.2
2026-05-22 05:20:00,55944.3,64280.0,55937.8,55947.3
2026-05-22 05:25:00,56034.3,64383.5,56063.7,56020.6
2026-05-22 05:30:00,56109.8,64470.1,56160.3,56086.1
2026-05-22 05:35:00,56248.1,64629.1,56215.9,56263.2
2026-05-22 05:40:00,56329.2,64722.2,56376.5,56307.0
2026-05-22 05:45:00,56410.1,64815.2,56373.4,56427.3
2026-05-22 05:50:00,56531.8,64955.1,56478.3,56556.9
2026-05-22 05:55:00,56609.0,65043.8,56600.8,56612.9
2026-05-22 06:00:00,56818.5,65284.4,56816.0,56819.6
2026-05-22 06:05:00,57183.5,65703.8,57198.1,57176.6
2026-05-22 06:10:00,57377.2,65926.4,57371.7,57379.8
2026-05-22 06:15:00,57590.5,66171.5,57543.8,57612.5
2026-05-22 06:20:00,57696.9,66293.7,57744.4,57674.7
2026-05-22 06:25:00,57816.9,66431.7,57855.7,57798.8
2026-05-22 06:30:00,57973.7,66611.8,57926.3,57995.9
2026-05-22 06:35:00,58148.9,66813.1,58162.7,58142.4
2026-05-22 06:40:00,58290.0,66975.2,58308.6,58281.3
2026-05-22 06:45:00,58426.5,67132.1,58385.3,58445.8
2026-05-22 06:50:00,58542.7,67265.5,58551.5,58538.5
2026-05-22 06:55:00,58744.3,67497.2,58701.7,58764.3
2026-05-22 07:00:00,59040.9,67838.0,59013.6,59053.7
2026-05-22 07:05:00,59474.0,68335.6,59413.0,59502.5
2026-05-22 07:10:00,59700.2,68595.5,59713.5,59694.0
2026-05-22 07:15:00,59885.2,68808.1,59858.0,59897.9
2026-05-22 07:20:00,59994.4,68933.6,60004.5,59989.7
2026-05-22 07:25:00,60144.4,69105.9,60104.2,60163.3
2026-05-22 07:30:00,60200.0,69169.8,60219.6,60190.8
2026-05-22 07:35:00,60401.2,69400.9,60396.1,60403.5
2026-05-22 07:40:00,60480.3,69491.9,60529.5,60457.3
2026-05-22 07:45:00,60571.1,69596.2,60624.0,60546.4
2026-05-22 07:50:00,60705.9,69751.1,60721.4,60698.7
2026-05-22 07:55:00,60782.8,69839.4,60794.6,60777.2
2026-05-22 08:00:00,61066.4,70165.2,61084.4,61057.9
2026-05-22 08:05:00,61518.7,70685.0,61508.6,61523.5
2026-05-22 08:10:00,61810.1,71019.8,61713.4,61855.4
2026-05-22 08:15:00,62067.6,71315.7,62052.1,62074.9
2026-05-22 08:20:00,62265.2,71542.7,62222.9,62285.0
2026-05-22 08:25:00,62457.0,71763.1,62489.6,62441.7
2026-05-22 08:30:00,62567.3,71889.8,62571.6,62565.3
2026-05-22 08:35:00,62695.8,72037.5,62718.8,62685.0
2026-05-22 08:40:00,62774.4,72127.7,62799.1,62762.8
2026-05-22 08:45:00,62855.9,72221.4,62849.6,62858.8
2026-05-22 08:50:00,62815.9,72175.5,62851.3,62799.4
2026-05-22 08:55:00,62807.8,72166.1,62822.9,62800.7
2026-05-22 09:00:00,62725.2,72071.2,62729.7,62723.0
2026-05-22 09:05:00,62725.1,72071.1,62767.3,62705.3
2026-05-22 09:10:00,62754.3,72104.6,62779.2,62742.6
2026-05-22 09:15:00,62801.7,72159.1,62892.8,62759.0
2026-05-22 09:20:00,62837.1,72199.9,62830.0,62840.5
2026-05-22 09:25:00,62782.8,72137.4,62794.4,62777.4
2026-05-22 09:30:00,62699.4,72041.6,62707.9,62695.4
2026-05-22 09:35:00,62637.3,71970.3,62628.6,62641.4
2026-05-22 09:40:00,62481.0,71790.6,62448.2,62496.3
2026-05-22 09:45:00,62385.5,71681.0,62374.5,62390.7
2026-05-22 09:50:00,62268.1,71546.1,62265.3,62269.4
2026-05-22 09:55:00,62111.0,71365.6,62091.5,62120.2
2026-05-22 10:00:00,61932.7,71160.7,61959.2,61920.3
2026-05-22 10:05:00,61928.0,71155.2,61994.5,61896.8
2026-05-22 10:10:00,61967.6,71200.8,61991.9,61956.3
2026-05-22 10:15:00,62050.0,71295.5,62093.0,62029.9
2026-05-22 10:20:00,62064.3,71311.9,62049.2,62071.4
2026-05-22 10:25:00,62036.9,71280.4,62032.3,62039.1
2026-05-22 10:30:00,61951.0,71181.7,61938.7,61956.8
2026-05-22 10:35:00,61830.6,71043.3,61875.5,61809.5
2026-05-22 10:40:00,61715.7,70911.3,61739.8,61704.4
2026-05-22 10:45:00,61643.8,70828.7,61600.4,61664.1
2026-05-22 10:50:00,61596.4,70774.3,61586.8,61600.9
2026-05-22 10:55:00,61511.0,70676.1,61474.6,61528.0
2026-05-22 11:00:00,61370.5,70514.7,61355.2,61377.6
2026-05-22 11:05:00,61250.4,70376.7,61335.6,61210.4
2026-05-22 11:10:00,61207.8,70327.8,61228.2,61198.3
2026-05-22 11:15:00,61080.4,70181.4,61118.4,61062.7
2026-05-22 11:20:00,60879.4,69950.5,60941.7,60850.3
2026-05-22 11:25:00,60683.8,69725.7,60741.2,60656.9
2026-05-22 11:30:00,60446.2,69452.7,60486.9,60427.1
2026-05-22 11:35:00,60263.9,69243.2,60235.0,60277.4
2026-05-22 11:40:00,60048.0,68995.1,59996.0,60072.3
2026-05-22 11:45:00,59776.8,68683.5,59807.6,59762.3
2026-05-22 11:50:00,59493.0,68357.5,59449.4,59513.4
2026-05-22 11:55:00,59092.7,67897.5,59107.2,59085.9
2026-05-22 12:00:00,58624.6,67359.7,58662.6,58606.8
2026-05-22 12:05:00,58603.2,67335.0,58584.5,58611.9
2026-05-22 12:10:00,58547.6,67271.2,58553.2,58544.9
2026-05-22 12:15:00,58451.9,67161.2,58461.1,58447.5
2026-05-22 12:20:00,58321.6,67011.5,58346.5,58309.9
2026-05-22 12:25:00,58215.7,66889.9,58280.9,58185.2
2026-05-22 12:30:00,58032.0,66678.7,58052.7,58022.2
2026-05-22 12:35:00,57976.5,66615.1,57996.5,57967.2
2026-05-22 12:40:00,57999.9,66641.9,58030.4,57985.6
2026-05-22 12:45:00,57996.9,66638.5,58077.6,57959.1
2026-05-22 12:50:00,58070.8,66723.4,58110.3,58052.3
2026-05-22 12:55:00,58218.3,66892.9,58258.2,58199.6
2026-05-22 13:00:00,58540.8,67263.3,58488.1,58565.4
2026-05-22 13:05:00,58796.6,67557.3,58825.0,58783.2
2026-05-22 13:10:00,58981.7,67770.0,59011.0,58968.0
2026-05-22 13:15:00,59110.9,67918.4,59140.0,59097.2
2026-05-22 13:20:00,59171.8,67988.4,59210.1,59153.9
2026-05-22 13:25:00,59300.8,68136.7,59346.0,59279.7
2026-05-22 13:30:00,59437.4,68293.6,59473.6,59420.5
2026-05-22 13:35:00,59598.4,68478.5,59596.7,59599.2
2026-05-22 13:40:00,59767.5,68672.8,59709.3,59794.8
2026-05-22 13:45:00,59888.7,68812.2,59911.3,59878.2
2026-05-22 13:50:00,59979.7,68916.7,59960.3,59988.8
2026-05-22 13:55:00,60079.8,69031.7,60088.7,60075.7
2026-05-22 14:00:00,60154.7,69117.8,60147.6,60158.1
2026-05-22 14:05:00,60187.9,69155.9,60250.7,60158.5
2026-05-22 14:10:00,60352.5,69345.0,60355.3,60351.1
2026-05-22 14:15:00,60540.4,69561.0,60466.0,60575.3
2026-05-22 14:20:00,60692.3,69735.5,60613.3,60729.4
2026-05-22 14:25:00,60825.6,69888.6,60841.9,60818.0
2026-05-22 14:30:00,60944.6,70025.4,60885.8,60972.2
2026-05-22 14:35:00,61076.1,70176.4,61088.4,61070.3
2026-05-22 14:40:00,61170.2,70284.6,61183.1,61164.2
2026-05-22 14:45:00,61214.7,70335.7,61291.2,61178.8
2026-05-22 14:50:00,61264.2,70392.6,61261.5,61265.5
2026-05-22 14:55:00,61281.4,70412.3,61351.4,61248.5
2026-05-22 15:00:00,61305.1,70439.6,61336.6,61290.4
2026-05-22 15:05:00,61312.2,70447.8,61343.7,61297.5
2026-05-22 15:10:00,61441.1,70595.8,61449.5,61437.2
2026-05-22 15:15:00,61641.7,70826.3,61705.4,61611.9
2026-05-22 15:20:00,61794.8,71002.3,61803.7,61790.7
2026-05-22 15:25:00,61985.1,71220.9,61967.1,61993.6
2026-05-22 15:30:00,62071.9,71320.6,62087.3,62064.7
2026-05-22 15:35:00,62175.2,71439.3,62177.4,62174.2
2026-05-22 15:40:00,62280.1,71559.8,62296.4,62272.5
2026-05-22 15:45:00,62427.0,71728.6,62420.5,62430.1
2026-05-22 15:50:00,62560.2,71881.7,62566.6,62557.2
2026-05-22 15:55:00,62596.5,71923.4,62622.2,62584.5
2026-05-22 16:00:00,62674.6,72013.2,62672.7,62675.5
2026-05-22 16:05:00,62735.8,72083.4,62757.2,62725.8
2026-05-22 16:10:00,62845.8,72209.8,62866.2,62836.2
2026-05-22 16:15:00,62944.0,72322.6,63003.7,62916.0
2026-05-22 16:20:00,63059.6,72455.5,63147.8,63018.3
2026-05-22 16:25:00,63213.1,72631.9,63257.6,63192.3
2026-05-22 16:30:00,63310.1,72743.3,63309.6,63310.3
2026-05-22 16:35:00,63416.3,72865.4,63401.4,63423.4
2026-05-22 16:40:00,63534.5,73001.1,63515.2,63543.5
2026-05-22 16:45:00,63601.0,73077.6,63694.0,63557.4
2026-05-22 16:50:00,63616.2,73095.0,63650.9,63600.0
2026-05-22 16:55:00,63641.1,73123.6,63743.9,63592.9
2026-05-22 17:00:00,63708.7,73201.3,63687.4,63718.7
2026-05-22 17:05:00,63647.6,73131.1,63685.1,63630.0
2026-05-22 17:10:00,63740.6,73238.0,63754.8,63734.0
2026-05-22 17:15:00,63864.7,73380.6,63888.1,63853.7
2026-05-22 17:20:00,63943.2,73470.7,63956.9,63936.8
2026-05-22 17:25:00,64025.9,73565.8,64050.8,64014.3
2026-05-22 17:30:00,64083.9,73632.4,64096.2,64078.1
2026-05-22 17:35:00,64119.6,73673.4,64223.1,64071.0
2026-05-22 17:40:00,64216.8,73785.1,64209.2,64220.3
2026-05-22 17:45:00,64313.7,73896.4,64302.6,64318.9
2026-05-22 17:50:00,64387.8,73981.5,64357.6,64401.9
2026-05-22 17:55:00,64408.5,74005.4,64441.4,64393.1
2026-05-22 18:00:00,64479.5,74087.0,64438.3,64498.9
2026-05-22 18:05:00,64446.0,74048.5,64504.5,64418.7
2026-05-22 18:10:00,64480.4,74087.9,64498.4,64471.9
2026-05-22 18:15:00,64582.0,74204.7,64596.8,64575.0
2026-05-22 18:20:00,64654.6,74288.1,64674.2,64645.5
2026-05-22 18:25:00,64754.3,74402.7,64804.3,64730.9
2026-05-22 18:30:00,64795.5,74450.0,64784.2,64800.8
2026-05-22 18:35:00,64896.9,74566.6,64862.4,64913.1
2026-05-22 18:40:00,64937.1,74612.7,64918.5,64945.8
2026-05-22 18:45:00,64968.9,74649.3,65015.6,64947.0
2026-05-22 18:50:00,64995.2,74679.5,65023.8,64981.8
2026-05-22 18:55:00,65002.9,74688.3,65001.8,65003.4
2026-05-22 19:00:00,64992.0,74675.8,64938.9,65016.9
2026-05-22 19:05:00,64968.5,74648.8,64972.4,64966.7
2026-05-22 19:10:00,65000.3,74685.4,64984.0,65008.0
2026-05-22 19:15:00,64999.3,74684.2,64969.0,65013.6
2026-05-22 19:20:00,64994.2,74678.3,64965.9,65007.4
2026-05-22 19:25:00,64991.2,74674.9,64958.5,65006.6
2026-05-22 19:30:00,64979.6,74661.6,64950.8,64993.1
2026-05-22 19:35:00,64979.3,74661.2,64949.6,64993.2
2026-05-22 19:40:00,64975.4,74656.7,64941.7,64991.1
2026-05-22 19:45:00,64978.0,74659.7,64947.5,64992.3
2026-05-22 19:50:00,64920.3,74593.4,64917.1,64921.8
2026-05-22 19:55:00,64835.5,74496.0,64814.1,64845.6
2026-05-22 20:00:00,64697.7,74337.6,64715.0,64689.5
2026-05-22 20:05:00,64652.5,74285.7,64647.0,64655.0
2026-05-22 20:10:00,64605.5,74231.7,64675.0,64572.9
2026-05-22 20:15:00,64573.1,74194.5,64558.5,64580.0
2026-05-22 20:20:00,64499.4,74109.8,64556.9,64472.5
2026-05-22 20:25:00,64464.1,74069.2,64452.7,64469.4
2026-05-22 20:30:00,64333.1,73918.7,64420.1,64292.3
2026-05-22 20:35:00,64223.6,73792.9,64250.2,64211.1
2026-05-22 20:40:00,64116.0,73669.3,64127.3,64110.7
2026-05-22 20:45:00,64041.7,73583.9,64043.5,64040.9
2026-05-22 20:50:00,63943.2,73470.8,63887.3,63969.5
2026-05-22 20:55:00,63825.3,73335.3,63787.3,63843.1
2026-05-22 21:00:00,63615.5,73094.2,63645.3,63601.6
2026-05-22 21:05:00,63423.4,72873.5,63445.5,63413.1
2026-05-22 21:10:00,63293.6,72724.3,63373.7,63256.1
2026-05-22 21:15:00,63168.8,72581.0,63171.3,63167.7
2026-05-22 21:20:00,63084.7,72484.3,63079.9,63087.0
2026-05-22 21:25:00,62959.8,72340.8,62961.8,62958.8
2026-05-22 21:30:00,62867.8,72235.1,62858.3,62872.3
2026-05-22 21:35:00,62773.3,72126.5,62785.2,62767.7
2026-05-22 21:40:00,62689.7,72030.5,62679.6,62694.5
2026-05-22 21:45:00,62579.4,71903.8,62581.2,62578.6
2026-05-22 21:50:00,62481.0,71790.7,62473.3,62484.7
2026-05-22 21:55:00,62373.4,71667.1,62382.4,62369.2
2026-05-22 22:00:00,62201.3,71469.3,62224.6,62190.4
2026-05-22 22:05:00,62339.4,71628.0,62313.2,62351.7
2026-05-22 22:10:00,62257.0,71533.3,62207.9,62280.0
2026-05-22 22:15:00,62125.7,71382.4,62090.2,62142.3
2026-05-22 22:20:00,61983.5,71219.0,61976.7,61986.6
2026-05-22 22:25:00,61777.6,70982.5,61768.9,61781.7
2026-05-22 22:30:00,61550.6,70721.7,61571.0,61541.1
2026-05-22 22:35:00,61352.2,70493.6,61371.0,61343.3
2026-05-22 22:40:00,61153.6,70265.5,61201.9,61130.9
2026-05-22 22:45:00,60995.2,70083.5,61006.1,60990.1
2026-05-22 22:50:00,60814.7,69876.0,60799.0,60822.0
2026-05-22 22:55:00,60635.8,69670.6,60667.5,60621.0
2026-05-22 23:00:00,60659.0,69697.1,60651.4,60662.5
2026-05-22 23:05:00,61065.1,70163.8,60956.0,61116.2
2026-05-22 23:10:00,61130.3,70238.7,61103.6,61142.8
2026-05-22 23:15:00,61014.0,70105.1,60933.5,61051.7
2026-05-22 23:20:00,60791.1,69849.0,60782.2,60795.3
2026-05-22 23:25:00,60565.2,69589.4,60556.6,60569.3
2026-05-22 23:30:00,60282.3,69264.3,60306.1,60271.1
2026-05-22 23:35:00,60056.2,69004.6,60033.4,60066.9
2026-05-22 23:40:00,59755.0,68658.6,59770.3,59747.9
2026-05-22 23:45:00,59442.6,68299.6,59462.6,59433.3
2026-05-22 23:50:00,59174.1,67991.0,59212.1,59156.2
2026-05-22 23:55:00,58804.4,67566.3,58878.1,58769.9
2026-05-23 00:00:00,58325.7,67016.3,58389.1,58296.1
2026-05-23 00:05:00,58147.4,66811.4,58158.7,58142.1
2026-05-23 00:10:00,57890.7,66516.4,57870.6,57900.1
2026-05-23 00:15:00,57577.7,66156.7,57554.0,57588.7
2026-05-23 00:20:00,57274.1,65808.0,57279.6,57271.6
2026-05-23 00:25:00,56957.5,65444.2,56943.3,56964.2
2026-05-23 00:30:00,56717.8,65168.8,56708.2,56722.3
2026-05-23 00:35:00,56497.6,64915.7,56462.1,56514.2
2026-05-23 00:40:00,56336.5,64730.6,56288.5,56359.0
2026-05-23 00:45:00,56123.3,64485.6,56102.1,56133.2
2026-05-23 00:50:00,55874.1,64199.3,55864.3,55878.7
2026-05-23 00:55:00,55658.7,63951.8,55659.3,55658.4
2026-05-23 01:00:00,55495.9,63764.7,55480.2,55503.2
2026-05-23 01:05:00,55416.7,63673.8,55408.6,55420.6
2026-05-23 01:10:00,55306.7,63547.4,55264.8,55326.3
2026-05-23 01:15:00,55189.2,63412.4,55137.7,55213.3
2026-05-23 01:20:00,55030.0,63229.5,55010.6,55039.2
2026-05-23 01:25:00,54905.4,63086.3,54902.2,54906.9
2026-05-23 01:30:00,54798.3,62963.2,54800.2,54797.3
2026-05-23 01:35:00,54684.6,62832.6,54690.4,54681.9
2026-05-23 01:40:00,54556.0,62684.8,54536.3,54565.2
2026-05-23 01:45:00,54402.4,62508.4,54416.1,54396.0
2026-05-23 01:50:00,54249.3,62332.5,54243.4,54252.1
2026-05-23 01:55:00,54148.8,62217.0,54125.0,54160.0
2026-05-23 02:00:00,54050.6,62104.2,54011.6,54068.9
2026-05-23 02:05:00,54069.0,62125.2,54042.3,54081.4
2026-05-23 02:10:00,54045.4,62098.1,54026.4,54054.3
2026-05-23 02:15:00,54043.9,62096.4,54024.9,54052.8
2026-05-23 02:20:00,54042.8,62095.2,54020.0,54053.5
2026-05-23 02:25:00,54033.7,62084.7,54022.9,54038.8
2026-05-23 02:30:00,53933.8,61969.9,54018.7,53894.0
2026-05-23 02:35:00,53885.5,61914.5,53886.5,53885.1
2026-05-23 02:40:00,53865.0,61890.9,53874.8,53860.5
2026-05-23 02:45:00,53778.8,61791.8,53872.6,53734.8
2026-05-23 02:50:00,53704.0,61705.9,53695.0,53708.2
2026-05-23 02:55:00,53619.1,61608.4,53694.7,53583.7
2026-05-23 03:00:00,53573.6,61556.1,53569.7,53575.4
2026-05-23 03:05:00,53600.4,61586.9,53590.9,53604.9
2026-05-23 03:10:00,53592.6,61577.9,53581.0,53598.1
2026-05-23 03:15:00,53594.0,61579.5,53579.7,53600.7
2026-05-23 03:20:00,53589.3,61574.1,53575.8,53595.7
2026-05-23 03:25:00,53566.3,61547.6,53579.3,53560.1
2026-05-23 03:30:00,53555.6,61535.3,53560.6,53553.2
2026-05-23 03:35:00,53573.3,61555.7,53578.1,53571.1
2026-05-23 03:40:00,53575.4,61558.1,53563.4,53581.0
2026-05-23 03:45:00,53576.9,61559.9,53568.2,53581.0
2026-05-23 03:50:00,53589.5,61574.3,53564.9,53600.9
2026-05-23 03:55:00,53595.1,61580.7,53568.6,53607.5
2026-05-23 04:00:00,53617.5,61606.5,53592.6,53629.2
2026-05-23 04:05:00,53644.8,61637.9,53623.1,53655.0
2026-05-23 04:10:00,53634.0,61625.4,53601.3,53649.3
2026-05-23 04:15:00,53635.7,61627.4,53595.4,53654.6
2026-05-23 04:20:00,53630.6,61621.5,53590.1,53649.5
2026-05-23 04:25:00,53636.3,61628.1,53596.5,53655.0
2026-05-23 04:30:00,53630.6,61621.5,53593.3,53648.0
2026-05-23 04:35:00,53652.2,61646.4,53612.8,53670.7
2026-05-23 04:40:00,53631.2,61622.3,53591.4,53649.9
2026-05-23 04:45:00,53630.0,61620.8,53590.6,53648.4
2026-05-23 04:50:00,53623.4,61613.3,53587.1,53640.4
2026-05-23 04:55:00,53620.0,61609.4,53586.1,53635.9
2026-05-23 05:00:00,53630.8,61621.8,53625.0,53633.6
2026-05-23 05:05:00,53677.1,61675.0,53653.7,53688.1
2026-05-23 05:10:00,53648.2,61641.8,53633.1,53655.2
2026-05-23 05:15:00,53646.3,61639.6,53620.8,53658.3
2026-05-23 05:20:00,53641.9,61634.5,53613.6,53655.1
2026-05-23 05:25:00,53642.2,61634.9,53615.4,53654.8
2026-05-23 05:30:00,53639.4,61631.7,53616.3,53650.2
2026-05-23 05:35:00,53671.7,61668.8,53644.5,53684.5
2026-05-23 05:40:00,53642.1,61634.8,53614.6,53655.0
2026-05-23 05:45:00,53641.6,61634.2,53612.4,53655.3
2026-05-23 05:50:00,53636.4,61628.2,53610.7,53648.4
2026-05-23 05:55:00,53631.6,61622.7,53608.0,53642.6
2026-05-23 06:00:00,53651.6,61645.7,53646.7,53653.9
2026-05-23 06:05:00,53732.5,61738.6,53699.7,53747.8
2026-05-23 06:10:00,53781.1,61794.4,53777.8,53782.6
2026-05-23 06:15:00,53773.3,61785.5,53765.7,53776.9
2026-05-23 06:20:00,53756.1,61765.8,53750.7,53758.6
2026-05-23 06:25:00,53757.2,61767.0,53754.8,53758.3
2026-05-23 06:30:00,53745.2,61753.2,53748.8,53743.5
2026-05-23 06:35:00,53764.3,61775.2,53771.8,53760.8
2026-05-23 06:40:00,53733.1,61739.3,53742.9,53728.4
2026-05-23 06:45:00,53734.6,61741.1,53747.1,53728.8
2026-05-23 06:50:00,53741.6,61749.1,53791.0,53718.5
2026-05-23 06:55:00,53736.1,61742.8,53787.4,53712.0
2026-05-23 07:00:00,53750.5,61759.3,53810.2,53722.6
2026-05-23 07:05:00,53867.8,61894.1,53853.2,53874.7
2026-05-23 07:10:00,53848.3,61871.7,53936.8,53806.8
2026-05-23 07:15:00,53799.3,61815.4,53796.4,53800.6
2026-05-23 07:20:00,53761.4,61771.9,53750.5,53766.6
2026-05-23 07:25:00,53753.0,61762.2,53738.9,53759.6
2026-05-23 07:30:00,53712.4,61715.6,53693.8,53721.2
2026-05-23 07:35:00,53680.1,61678.5,53741.1,53651.6
2026-05-23 07:40:00,53591.6,61576.8,53568.1,53602.7
2026-05-23 07:45:00,53595.5,61581.2,53567.9,53608.4
2026-05-23 07:50:00,53534.4,61511.0,53572.2,53516.7
2026-05-23 07:55:00,53403.5,61360.7,53513.1,53352.2
2026-05-23 08:00:00,53447.6,61411.3,53448.4,53447.3
2026-05-23 08:05:00,53529.7,61505.6,53509.2,53539.3
2026-05-23 08:10:00,53536.7,61513.7,53619.8,53497.8
2026-05-23 08:15:00,53542.3,61520.1,53640.6,53496.3
2026-05-23 08:20:00,53519.8,61494.3,53590.8,53486.6
2026-05-23 08:25:00,53476.7,61444.7,53447.0,53490.6
2026-05-23 08:30:00,53437.9,61400.2,53397.9,53456.7
2026-05-23 08:35:00,53458.4,61423.7,53429.8,53471.8
2026-05-23 08:40:00,53389.3,61344.4,53367.7,53399.5
2026-05-23 08:45:00,53392.4,61347.9,53377.1,53399.6
2026-05-23 08:50:00,53392.8,61348.3,53344.2,53415.6
2026-05-23 08:55:00,53375.4,61328.3,53341.6,53391.2
2026-05-23 09:00:00,53390.1,61345.2,53331.9,53417.3
2026-05-23 09:05:00,53463.3,61429.4,53399.4,53493.3
2026-05-23 09:10:00,53493.7,61464.2,53437.2,53520.1
2026-05-23 09:15:00,53507.8,61480.5,53466.5,53527.1
2026-05-23 09:20:00,53489.8,61459.8,53424.1,53520.6
2026-05-23 09:25:00,53494.3,61465.0,53434.6,53522.3
2026-05-23 09:30:00,53452.7,61417.1,53391.6,53481.3
2026-05-23 09:35:00,53472.9,61440.3,53410.1,53502.3
2026-05-23 09:40:00,53435.4,61397.3,53381.2,53460.8
2026-05-23 09:45:00,53438.7,61401.0,53391.3,53460.8
2026-05-23 09:50:00,53429.2,61390.2,53378.5,53453.0
2026-05-23 09:55:00,53419.9,61379.5,53370.3,53443.1
2026-05-23 10:00:00,53406.7,61364.3,53366.5,53425.6
2026-05-23 10:05:00,53534.6,61511.3,53486.6,53557.1
2026-05-23 10:10:00,53595.4,61581.1,53669.2,53560.8
2026-05-23 10:15:00,53738.2,61745.2,53758.7,53728.6
2026-05-23 10:20:00,53807.1,61824.3,53805.4,53807.8
2026-05-23 10:25:00,53792.6,61807.7,53804.2,53787.1
2026-05-23 10:30:00,53727.7,61733.1,53717.7,53732.3
2026-05-23 10:35:00,53744.9,61752.9,53739.7,53747.3
2026-05-23 10:40:00,53722.0,61726.6,53721.4,53722.3
2026-05-23 10:45:00,53725.0,61730.0,53730.6,53722.3
2026-05-23 10:50:00,53714.8,61718.3,53715.4,53714.5
2026-05-23 10:55:00,53629.8,61620.6,53706.4,53593.9
2026-05-23 11:00:00,53562.9,61543.8,53549.4,53569.3
2026-05-23 11:05:00,53592.5,61577.8,53565.2,53605.4
2026-05-23 11:10:00,53562.4,61543.2,53571.3,53558.2
2026-05-23 11:15:00,53547.7,61526.3,53564.7,53539.8
2026-05-23 11:20:00,53435.0,61396.8,53530.1,53390.4
2026-05-23 11:25:00,53395.5,61351.5,53378.9,53403.3
2026-05-23 11:30:00,53367.8,61319.7,53352.7,53375.0
2026-05-23 11:35:00,53385.3,61339.7,53374.6,53390.3
2026-05-23 11:40:00,53367.7,61319.4,53347.5,53377.1
2026-05-23 11:45:00,53351.3,61300.6,53347.1,53353.2
2026-05-23 11:50:00,53222.8,61153.0,53295.3,53188.8
2026-05-23 11:55:00,53076.3,60984.6,53051.6,53087.8
2026-05-23 12:00:00,52961.5,60852.8,52901.6,52989.6
2026-05-23 12:05:00,52904.0,60786.7,52867.2,52921.2
2026-05-23 12:10:00,52907.5,60790.8,52879.3,52920.8
2026-05-23 12:15:00,52926.2,60812.2,52869.4,52952.7
2026-05-23 12:20:00,52876.5,60755.1,52887.5,52871.3
2026-05-23 12:25:00,52876.9,60755.6,52880.3,52875.3
2026-05-23 12:30:00,52852.3,60727.3,52846.4,52855.0
2026-05-23 12:35:00,52874.2,60752.5,52886.8,52868.3
2026-05-23 12:40:00,52915.4,60799.8,52916.2,52915.1
2026-05-23 12:45:00,52922.0,60807.4,52917.8,52924.0
2026-05-23 12:50:00,52928.8,60815.2,52900.2,52942.2
2026-05-23 12:55:00,52937.1,60824.8,52903.9,52952.7
2026-05-23 13:00:00,53025.5,60926.3,53030.7,53023.1
2026-05-23 13:05:00,53166.7,61088.5,53212.7,53145.1
2026-05-23 13:10:00,53148.3,61067.4,53168.1,53139.0
2026-05-23 13:15:00,53131.0,61047.5,53154.1,53120.1
2026-05-23 13:20:00,53118.8,61033.5,53130.0,53113.6
2026-05-23 13:25:00,53133.6,61050.5,53147.0,53127.4
2026-05-23 13:30:00,53119.4,61034.2,53140.0,53109.8
2026-05-23 13:35:00,53135.1,61052.2,53161.4,53122.8
2026-05-23 13:40:00,53101.5,61013.6,53123.8,53091.0
2026-05-23 13:45:00,53092.9,61003.7,53118.3,53081.0
2026-05-23 13:50:00,53065.8,60972.6,53088.5,53055.2
2026-05-23 13:55:00,53060.7,60966.8,53092.5,53045.8
2026-05-23 14:00:00,53094.9,61006.0,53080.0,53101.8
2026-05-23 14:05:00,53088.1,60998.3,53083.3,53090.4
2026-05-23 14:10:00,53108.2,61021.4,53115.1,53105.0
2026-05-23 14:15:00,53112.6,61026.4,53124.6,53107.1
2026-05-23 14:20:00,53106.2,61019.1,53115.1,53102.1
2026-05-23 14:25:00,53117.4,61031.8,53125.4,53113.6
2026-05-23 14:30:00,53103.9,61016.4,53113.4,53099.5
2026-05-23 14:35:00,53109.7,61023.0,53117.5,53106.0
2026-05-23 14:40:00,53106.7,61019.6,53119.5,53100.7
2026-05-23 14:45:00,53109.3,61022.6,53129.3,53100.0
2026-05-23 14:50:00,53101.5,61013.7,53111.6,53096.8
2026-05-23 14:55:00,53093.4,61004.4,53103.0,53089.0
2026-05-23 15:00:00,53091.8,61002.5,53094.0,53090.8
2026-05-23 15:05:00,53100.4,61012.4,53083.9,53108.1
2026-05-23 15:10:00,53158.1,61078.7,53165.7,53154.6
2026-05-23 15:15:00,53184.0,61108.4,53213.9,53170.0
2026-05-23 15:20:00,53224.7,61155.2,53351.8,53165.2
2026-05-23 15:25:00,53345.6,61294.2,53372.3,53333.2
2026-05-23 15:30:00,53327.0,61272.7,53352.1,53315.3
2026-05-23 15:35:00,53330.5,61276.8,53352.1,53320.4
2026-05-23 15:40:00,53333.2,61279.9,53354.3,53323.4
2026-05-23 15:45:00,53340.7,61288.5,53372.5,53325.8
2026-05-23 15:50:00,53395.4,61351.3,53361.7,53411.2
2026-05-23 15:55:00,53553.9,61533.5,53543.8,53558.7
2026-05-23 16:00:00,53707.1,61709.4,53656.6,53730.7
2026-05-23 16:05:00,53688.0,61687.5,53781.7,53644.1
2026-05-23 16:10:00,53704.2,61706.1,53711.4,53700.9
2026-05-23 16:15:00,53809.3,61826.9,53892.1,53770.5
2026-05-23 16:20:00,53878.1,61905.9,53868.9,53882.4
2026-05-23 16:25:00,53970.4,62012.0,54042.0,53936.9
2026-05-23 16:30:00,54059.8,62114.7,54031.4,54073.1
2026-05-23 16:35:00,54212.1,62289.7,54188.7,54223.0
2026-05-23 16:40:00,54336.1,62432.1,54325.5,54341.0
2026-05-23 16:45:00,54468.2,62583.9,54519.0,54444.4
2026-05-23 16:50:00,54534.1,62659.6,54602.2,54502.2
2026-05-23 16:55:00,54583.8,62716.8,54580.6,54585.3
2026-05-23 17:00:00,54619.3,62757.6,54566.6,54644.0
2026-05-23 17:05:00,54717.1,62870.0,54671.0,54738.8
2026-05-23 17:10:00,54825.1,62994.1,54884.4,54797.4
2026-05-23 17:15:00,54884.1,63061.9,54902.3,54875.6
2026-05-23 17:20:00,55028.5,63227.7,55007.6,55038.3
2026-05-23 17:25:00,55167.5,63387.4,55177.0,55163.0
2026-05-23 17:30:00,55263.5,63497.8,55286.6,55252.8
2026-05-23 17:35:00,55406.6,63662.1,55433.1,55394.1
2026-05-23 17:40:00,55523.5,63796.5,55528.4,55521.2
2026-05-23 17:45:00,55632.3,63921.5,55619.1,55638.5
2026-05-23 17:50:00,55735.4,64040.0,55712.2,55746.3
2026-05-23 17:55:00,55831.2,64150.1,55809.9,55841.2
2026-05-23 18:00:00,56008.8,64354.1,55991.2,56017.1
2026-05-23 18:05:00,56072.2,64427.0,55990.8,56110.4
2026-05-23 18:10:00,56189.4,64561.7,56147.0,56209.3
2026-05-23 18:15:00,56300.2,64688.9,56301.0,56299.8
2026-05-23 18:20:00,56393.8,64796.5,56383.7,56398.5
2026-05-23 18:25:00,56482.6,64898.5,56492.2,56478.1
2026-05-23 18:30:00,56637.2,65076.1,56621.8,56644.4
2026-05-23 18:35:00,56717.2,65168.1,56726.6,56712.8
2026-05-23 18:40:00,56766.7,65224.9,56770.5,56764.9
2026-05-23 18:45:00,56826.3,65293.4,56886.0,56798.3
2026-05-23 18:50:00,56905.2,65384.0,56932.6,56892.3
2026-05-23 18:55:00,56999.6,65492.6,56965.6,57015.5
2026-05-23 19:00:00,57069.1,65572.4,57108.4,57050.8
2026-05-23 19:05:00,57129.4,65641.7,57092.6,57146.7
2026-05-23 19:10:00,57153.9,65669.9,57197.4,57133.5
2026-05-23 19:15:00,57191.1,65712.6,57177.1,57197.7
2026-05-23 19:20:00,57236.3,65764.5,57267.2,57221.8
2026-05-23 19:25:00,57245.6,65775.2,57271.1,57233.6
2026-05-23 19:30:00,57316.4,65856.5,57273.1,57336.7
2026-05-23 19:35:00,57340.0,65883.7,57348.9,57335.8
2026-05-23 19:40:00,57337.6,65880.9,57344.0,57334.5
2026-05-23 19:45:00,57343.2,65887.3,57359.1,57335.7
2026-05-23 19:50:00,57326.9,65868.6,57336.6,57322.3
2026-05-23 19:55:00,57322.7,65863.8,57335.7,57316.6
2026-05-23 20:00:00,57327.0,65868.7,57327.9,57326.5
2026-05-23 20:05:00,57351.4,65896.7,57328.0,57362.3
2026-05-23 20:10:00,57399.9,65952.4,57349.4,57423.5
2026-05-23 20:15:00,57413.6,65968.2,57398.2,57420.7
2026-05-23 20:20:00,57403.1,65956.2,57395.3,57406.8
2026-05-23 20:25:00,57402.3,65955.2,57394.4,57406.0
2026-05-23 20:30:00,57380.3,65930.0,57375.8,57382.4
2026-05-23 20:35:00,57397.9,65950.1,57399.3,57397.2
2026-05-23 20:40:00,57391.3,65942.6,57393.7,57390.1
2026-05-23 20:45:00,57392.9,65944.5,57396.4,57391.3
2026-05-23 20:50:00,57372.8,65921.4,57376.3,57371.2
2026-05-23 20:55:00,57344.3,65888.6,57299.1,57365.5
2026-05-23 21:00:00,57179.7,65699.4,57242.8,57150.1
2026-05-23 21:05:00,57090.3,65596.8,57074.5,57097.7
2026-05-23 21:10:00,57037.8,65536.5,57080.0,57018.1
2026-05-23 21:15:00,56941.2,65425.4,56973.8,56925.9
2026-05-23 21:20:00,56857.9,65329.7,56877.5,56848.7
2026-05-23 21:25:00,56816.4,65282.0,56806.2,56821.1
2026-05-23 21:30:00,56758.8,65215.9,56804.0,56737.6
2026-05-23 21:35:00,56666.9,65110.2,56712.4,56645.5
2026-05-23 21:40:00,56550.4,64976.4,56599.0,56527.6
2026-05-23 21:45:00,56469.5,64883.5,56544.6,56434.3
2026-05-23 21:50:00,56383.2,64784.3,56442.1,56355.6
2026-05-23 21:55:00,56354.3,64751.1,56351.1,56355.9
2026-05-23 22:00:00,56251.0,64632.4,56314.9,56221.0
2026-05-23 22:05:00,56302.2,64691.2,56359.7,56275.3
2026-05-23 22:10:00,56258.3,64640.8,56248.0,56263.2
2026-05-23 22:15:00,56181.6,64552.7,56202.9,56171.6
2026-05-23 22:20:00,56143.8,64509.2,56104.2,56162.3
2026-05-23 22:25:00,56053.7,64405.8,56075.1,56043.7
2026-05-23 22:30:00,55948.0,64284.2,55897.8,55971.5
2026-05-23 22:35:00,55845.5,64166.5,55840.1,55848.0
2026-05-23 22:40:00,55788.9,64101.5,55747.8,55808.2
2026-05-23 22:45:00,55658.0,63951.0,55645.0,55664.1
2026-05-23 22:50:00,55565.3,63844.5,55530.7,55581.5
2026-05-23 22:55:00,55444.7,63706.0,55421.9,55455.5
2026-05-23 23:00:00,55414.9,63671.7,55422.7,55411.3
2026-05-23 23:05:00,55579.9,63861.3,55606.2,55567.5
2026-05-23 23:10:00,55565.7,63845.0,55634.4,55533.6
2026-05-23 23:15:00,55414.9,63671.7,55371.3,55435.3
2026-05-23 23:20:00,55247.7,63479.6,55224.0,55258.8
2026-05-23 23:25:00,55028.3,63227.5,55098.0,54995.6
2026-05-23 23:30:00,54804.5,62970.3,54811.3,54801.3
2026-05-23 23:35:00,54594.0,62728.5,54531.4,54623.3
2026-05-23 23:40:00,54334.6,62430.5,54420.8,54294.3
2026-05-23 23:45:00,54104.5,62166.0,54150.7,54082.8
2026-05-23 23:50:00,53863.2,61888.8,53827.1,53880.1
2026-05-23 23:55:00,53580.1,61563.6,53631.4,53556.1
2026-05-24 00:00:00,53294.7,61235.6,53233.7,53323.3
2026-05-24 00:05:00,53046.4,60950.3,53014.5,53061.4
2026-05-24 00:10:00,52785.9,60650.9,52823.8,52768.1
2026-05-24 00:15:00,52484.5,60304.7,52464.1,52494.1
2026-05-24 00:20:00,52289.2,60080.3,52259.8,52303.0
2026-05-24 00:25:00,52043.2,59797.6,52023.4,52052.5
2026-05-24 00:30:00,51876.6,59606.2,51841.8,51892.9
2026-05-24 00:35:00,51623.9,59315.8,51649.4,51611.9
2026-05-24 00:40:00,51464.3,59132.5,51459.2,51466.7
2026-05-24 00:45:00,51275.4,58915.5,51232.3,51295.6
2026-05-24 00:50:00,51106.3,58721.1,51034.2,51140.0
2026-05-24 00:55:00,51087.6,58699.7,51024.3,51117.3
2026-05-24 01:00:00,50928.2,58516.5,51053.2,50869.6
2026-05-24 01:05:00,50874.7,58455.0,50854.8,50883.9
2026-05-24 01:10:00,50800.3,58369.6,50842.5,50780.5
2026-05-24 01:15:00,50608.0,58148.6,50600.4,50611.5
2026-05-24 01:20:00,50609.7,58150.5,50605.7,50611.6
2026-05-24 01:25:00,50644.8,58190.9,50605.0,50663.4
2026-05-24 01:30:00,50623.6,58166.5,50608.4,50630.7
2026-05-24 01:35:00,50651.7,58198.8,50624.6,50664.4
2026-05-24 01:40:00,50647.8,58194.4,50613.8,50663.8
2026-05-24 01:45:00,50633.0,58177.3,50610.0,50643.7
2026-05-24 01:50:00,50630.1,58174.0,50592.2,50647.9
2026-05-24 01:55:00,50630.1,58174.0,50592.1,50647.9
2026-05-24 02:00:00,50637.8,58182.8,50604.8,50653.2
2026-05-24 02:05:00,50599.7,58139.1,50621.7,50589.4
2026-05-24 02:10:00,50623.1,58165.9,50609.1,50629.6
2026-05-24 02:15:00,50621.2,58163.7,50605.3,50628.6
2026-05-24 02:20:00,50619.5,58161.8,50605.8,50625.9
2026-05-24 02:25:00,50622.5,58165.2,50610.2,50628.2
2026-05-24 02:30:00,50621.9,58164.6,50609.0,50627.9
2026-05-24 02:35:00,50627.9,58171.4,50617.2,50632.9
2026-05-24 02:40:00,50623.5,58166.4,50609.5,50630.1
2026-05-24 02:45:00,50625.0,58168.1,50614.0,50630.1
2026-05-24 02:50:00,50624.7,58167.8,50612.0,50630.7
2026-05-24 02:55:00,50620.7,58163.2,50609.9,50625.8
2026-05-24 03:00:00,50631.9,58176.1,50620.1,50637.5
2026-05-24 03:05:00,50654.3,58201.8,50634.5,50663.6
2026-05-24 03:10:00,50650.1,58197.0,50631.1,50659.0
2026-05-24 03:15:00,50649.8,58196.6,50628.8,50659.7
2026-05-24 03:20:00,50648.4,58195.0,50629.9,50657.0
2026-05-24 03:25:00,50653.8,58201.3,50632.4,50663.9
2026-05-24 03:30:00,50650.9,58197.9,50633.5,50659.0
2026-05-24 03:35:00,50666.3,58215.6,50643.7,50676.9
2026-05-24 03:40:00,50652.9,58200.2,50635.3,50661.2
2026-05-24 03:45:00,50654.4,58201.9,50639.7,50661.2
2026-05-24 03:50:00,50653.6,58201.0,50637.7,50661.0
2026-05-24 03:55:00,50657.9,58205.9,50637.2,50667.6
2026-05-24 04:00:00,50679.1,58230.3,50661.2,50687.5
2026-05-24 04:05:00,50701.9,58256.5,50684.9,50709.9
2026-05-24 04:10:00,50694.8,58248.3,50670.0,50706.4
2026-05-24 04:15:00,50693.4,58246.7,50663.3,50707.5
2026-05-24 04:20:00,50691.1,58244.1,50661.8,50704.8
2026-05-24 04:25:00,50696.5,58250.3,50667.1,50710.3
2026-05-24 04:30:00,50693.9,58247.3,50669.4,50705.4
2026-05-24 04:35:00,50711.8,58267.8,50681.7,50725.9
2026-05-24 04:40:00,50694.2,58247.7,50666.5,50707.2
2026-05-24 04:45:00,50693.0,58246.2,50665.8,50705.7
2026-05-24 04:50:00,50688.1,58240.6,50663.3,50699.7
2026-05-24 04:55:00,50688.1,58240.6,50663.5,50699.6
2026-05-24 05:00:00,50690.5,58243.4,50671.4,50699.5
2026-05-24 05:05:00,50729.0,58287.6,50693.2,50745.7
2026-05-24 05:10:00,50704.7,58259.7,50679.6,50716.5
2026-05-24 05:15:00,50702.2,58256.9,50673.0,50715.9
2026-05-24 05:20:00,50697.4,58251.3,50667.6,50711.4
2026-05-24 05:25:00,50697.4,58251.4,50668.4,50711.0
2026-05-24 05:30:00,50697.5,58251.4,50674.0,50708.6
2026-05-24 05:35:00,50726.3,58284.5,50695.8,50740.6
2026-05-24 05:40:00,50700.1,58254.4,50672.1,50713.3
2026-05-24 05:45:00,50699.6,58253.9,50669.9,50713.6
2026-05-24 05:50:00,50695.6,58249.2,50669.2,50708.0
2026-05-24 05:55:00,50695.1,58248.7,50667.8,50707.8
2026-05-24 06:00:00,50708.4,58264.0,50683.9,50719.9
2026-05-24 06:05:00,50770.6,58335.4,50730.1,50789.5
2026-05-24 06:10:00,50713.8,58270.1,50671.2,50733.7
2026-05-24 06:15:00,50708.7,58264.3,50664.6,50729.4
2026-05-24 06:20:00,50693.7,58247.0,50652.7,50712.9
2026-05-24 06:25:00,50692.0,58245.1,50655.4,50709.1
2026-05-24 06:30:00,50683.0,58234.8,50654.0,50696.6
2026-05-24 06:35:00,50698.6,58252.7,50670.6,50711.7
2026-05-24 06:40:00,50671.9,58222.0,50647.3,50683.4
2026-05-24 06:45:00,50673.4,58223.7,50651.5,50683.7
2026-05-24 06:50:00,50665.1,58214.2,50646.3,50674.0
2026-05-24 06:55:00,50664.3,58213.3,50643.9,50673.9
2026-05-24 07:00:00,50651.8,58198.9,50626.7,50663.6
2026-05-24 07:05:00,50716.0,58272.7,50680.5,50732.7
2026-05-24 07:10:00,50671.4,58221.5,50635.0,50688.5
2026-05-24 07:15:00,50672.9,58223.2,50648.9,50684.2
2026-05-24 07:20:00,50636.9,58181.8,50606.0,50651.4
2026-05-24 07:25:00,50628.8,58172.5,50595.5,50644.4
2026-05-24 07:30:00,50594.7,58133.3,50560.5,50610.7
2026-05-24 07:35:00,50626.5,58169.8,50601.4,50638.3
2026-05-24 07:40:00,50584.6,58121.6,50565.0,50593.7
2026-05-24 07:45:00,50589.5,58127.3,50568.4,50599.4
2026-05-24 07:50:00,50589.7,58127.5,50570.2,50598.8
2026-05-24 07:55:00,50588.3,58125.9,50563.0,50600.1
2026-05-24 08:00:00,50655.3,58202.9,50641.3,50661.8
2026-05-24 08:05:00,50719.8,58277.1,50696.4,50730.8
2026-05-24 08:10:00,50693.5,58246.8,50657.0,50710.5
2026-05-24 08:15:00,50698.8,58252.9,50679.5,50707.8
2026-05-24 08:20:00,50679.2,58230.4,50634.7,50700.1
2026-05-24 08:25:00,50686.1,58238.4,50647.8,50704.1
2026-05-24 08:30:00,50641.7,58187.3,50609.5,50656.8
2026-05-24 08:35:00,50654.5,58202.0,50620.6,50670.4
2026-05-24 08:40:00,50594.7,58133.4,50570.1,50606.3
2026-05-24 08:45:00,50597.8,58136.9,50579.5,50606.4
2026-05-24 08:50:00,50566.7,58101.1,50547.6,50575.6
2026-05-24 08:55:00,50416.2,57928.2,50540.5,50357.9
2026-05-24 09:00:00,50349.9,57852.1,50267.3,50388.7
2026-05-24 09:05:00,50397.0,57906.2,50317.7,50434.2
2026-05-24 09:10:00,50386.9,57894.5,50362.6,50398.2
2026-05-24 09:15:00,50395.6,57904.5,50387.3,50399.4
2026-05-24 09:20:00,50382.6,57889.7,50350.6,50397.7
2026-05-24 09:25:00,50386.7,57894.3,50359.7,50399.4
2026-05-24 09:30:00,50354.2,57856.9,50327.5,50366.6
2026-05-24 09:35:00,50371.1,57876.4,50338.9,50386.1
2026-05-24 09:40:00,50335.6,57835.6,50311.4,50346.9
2026-05-24 09:45:00,50338.9,57839.4,50321.5,50347.0
2026-05-24 09:50:00,50346.1,57847.6,50308.8,50363.5
2026-05-24 09:55:00,50351.0,57853.3,50314.7,50368.0
2026-05-24 10:00:00,50347.7,57849.6,50315.6,50362.8
2026-05-24 10:05:00,50461.2,57980.0,50409.6,50485.4
2026-05-24 10:10:00,50471.9,57992.2,50432.6,50490.3
2026-05-24 10:15:00,50495.6,58019.4,50498.8,50494.0
2026-05-24 10:20:00,50457.3,57975.5,50422.0,50473.9
2026-05-24 10:25:00,50442.7,57958.7,50420.5,50453.2
2026-05-24 10:30:00,50378.4,57884.8,50347.1,50393.0
2026-05-24 10:35:00,50392.4,57900.8,50362.0,50406.6
2026-05-24 10:40:00,50371.1,57876.4,50344.0,50383.8
2026-05-24 10:45:00,50374.1,57879.8,50353.2,50383.9
2026-05-24 10:50:00,50366.4,57871.0,50339.3,50379.1
2026-05-24 10:55:00,50367.0,57871.6,50331.3,50383.6
2026-05-24 11:00:00,50353.9,57856.6,50324.7,50367.5
2026-05-24 11:05:00,50372.6,57878.2,50337.5,50389.1
2026-05-24 11:10:00,50375.2,57881.1,50346.8,50388.5
2026-05-24 11:15:00,50378.2,57884.6,50355.0,50389.1
2026-05-24 11:20:00,50365.2,57869.6,50326.9,50383.1
2026-05-24 11:25:00,50376.2,57882.2,50333.8,50396.0
2026-05-24 11:30:00,50359.2,57862.8,50320.7,50377.3
2026-05-24 11:35:00,50373.2,57878.8,50335.8,50390.7
2026-05-24 11:40:00,50343.1,57844.2,50311.0,50358.1
2026-05-24 11:45:00,50341.5,57842.4,50310.6,50355.9
2026-05-24 11:50:00,50331.3,57830.7,50308.0,50342.2
2026-05-24 11:55:00,50338.4,57838.8,50294.5,50359.0
2026-05-24 12:00:00,50314.8,57811.7,50277.6,50332.3
2026-05-24 12:05:00,50408.0,57918.8,50367.1,50427.2
2026-05-24 12:10:00,50412.2,57923.7,50386.9,50424.1
2026-05-24 12:15:00,50409.5,57920.5,50376.8,50424.8
2026-05-24 12:20:00,50413.7,57925.4,50381.7,50428.8
2026-05-24 12:25:00,50417.2,57929.4,50384.1,50432.7
2026-05-24 12:30:00,50400.3,57909.9,50352.3,50422.7
2026-05-24 12:35:00,50418.5,57930.8,50389.6,50432.0
2026-05-24 12:40:00,50448.5,57965.3,50421.4,50461.2
2026-05-24 12:45:00,50457.1,57975.2,50429.3,50470.1
2026-05-24 12:50:00,50472.1,57992.5,50446.2,50484.3
2026-05-24 12:55:00,50480.3,58001.8,50456.1,50491.6
2026-05-24 13:00:00,50570.9,58105.9,50534.1,50588.1
2026-05-24 13:05:00,50646.4,58192.7,50787.0,50580.5
2026-05-24 13:10:00,50776.6,58342.3,50751.1,50788.6
2026-05-24 13:15:00,50757.3,58320.2,50736.6,50767.0
2026-05-24 13:20:00,50749.9,58311.6,50723.9,50762.1
2026-05-24 13:25:00,50764.9,58328.9,50741.6,50775.8
2026-05-24 13:30:00,50758.9,58322.0,50740.3,50767.6
2026-05-24 13:35:00,50811.6,58382.5,50752.8,50839.1
2026-05-24 13:40:00,50856.9,58434.5,50957.7,50809.6
2026-05-24 13:45:00,50958.7,58551.6,50952.2,50961.8
2026-05-24 13:50:00,51011.2,58611.8,50953.0,51038.4
2026-05-24 13:55:00,51017.2,58618.8,50964.2,51042.0
2026-05-24 14:00:00,51048.2,58654.4,50964.5,51087.5
2026-05-24 14:05:00,51021.0,58623.2,50948.6,51054.9
2026-05-24 14:10:00,51039.4,58644.3,50977.2,51068.5
2026-05-24 14:15:00,51036.3,58640.7,50987.7,51059.0
2026-05-24 14:20:00,51031.6,58635.3,50976.9,51057.2
2026-05-24 14:25:00,51042.8,58648.2,50987.6,51068.7
2026-05-24 14:30:00,51032.7,58636.6,50981.3,51056.8
2026-05-24 14:35:00,51035.0,58639.2,50981.1,51060.2
2026-05-24 14:40:00,51017.8,58619.5,50982.4,51034.5
2026-05-24 14:45:00,51019.3,58621.1,50988.3,51033.8
2026-05-24 14:50:00,51015.5,58616.8,50975.8,51034.1
2026-05-24 14:55:00,51010.1,58610.6,50968.2,51029.7
2026-05-24 15:00:00,51072.2,58681.9,51020.0,51096.6
2026-05-24 15:05:00,51136.4,58755.7,51226.4,51094.2
2026-05-24 15:10:00,51318.8,58965.3,51312.7,51321.6
2026-05-24 15:15:00,51413.2,59073.8,51596.0,51327.6
2026-05-24 15:20:00,51548.9,59229.7,51585.0,51532.0
2026-05-24 15:25:00,51801.7,59520.2,51813.6,51796.2
2026-05-24 15:30:00,51989.3,59735.7,52007.3,51980.8
2026-05-24 15:35:00,52219.5,60000.2,52220.0,52219.3
2026-05-24 15:40:00,52436.3,60249.3,52456.9,52426.6
2026-05-24 15:45:00,52659.7,60506.0,52714.6,52634.0
2026-05-24 15:50:00,52848.0,60722.4,52873.9,52835.9
2026-05-24 15:55:00,52993.6,60889.7,53041.1,52971.4
2026-05-24 16:00:00,53163.0,61084.3,53206.5,53142.6
2026-05-24 16:05:00,53223.3,61153.6,53166.2,53250.0
2026-05-24 16:10:00,53449.9,61414.0,53442.6,53453.4
2026-05-24 16:15:00,53672.3,61669.5,53651.3,53682.1
2026-05-24 16:20:00,53807.8,61825.1,53787.4,53817.3
2026-05-24 16:25:00,53941.8,61979.1,53951.0,53937.5
2026-05-24 16:30:00,54117.6,62181.1,54125.7,54113.8
2026-05-24 16:35:00,54287.7,62376.5,54269.3,54296.3
2026-05-24 16:40:00,54409.9,62517.0,54384.2,54422.0
2026-05-24 16:45:00,54589.9,62723.8,54533.3,54616.4
2026-05-24 16:50:00,54673.1,62819.4,54636.1,54690.4
2026-05-24 16:55:00,54819.6,62987.7,54779.4,54838.4
2026-05-24 17:00:00,54929.7,63114.2,54901.0,54943.1
2026-05-24 17:05:00,55024.3,63222.9,54980.3,55044.9
2026-05-24 17:10:00,55204.6,63430.1,55202.0,55205.9
2026-05-24 17:15:00,55324.4,63567.7,55316.2,55328.2
2026-05-24 17:20:00,55420.0,63677.5,55438.9,55411.1
2026-05-24 17:25:00,55535.9,63810.8,55542.7,55532.7
2026-05-24 17:30:00,55653.4,63945.7,55655.2,55652.5
2026-05-24 17:35:00,55793.5,64106.7,55757.1,55810.5
2026-05-24 17:40:00,55859.1,64182.2,55825.5,55874.9
2026-05-24 17:45:00,56011.5,64357.2,55994.3,56019.6
2026-05-24 17:50:00,56119.7,64481.5,56068.6,56143.6
2026-05-24 17:55:00,56200.3,64574.1,56139.5,56228.7
2026-05-24 18:00:00,56300.5,64689.2,56285.6,56307.4
2026-05-24 18:05:00,56353.7,64750.4,56323.3,56367.9
2026-05-24 18:10:00,56392.5,64794.9,56460.8,56360.4
2026-05-24 18:15:00,56490.2,64907.3,56465.1,56502.0
2026-05-24 18:20:00,56592.0,65024.2,56585.4,56595.1
2026-05-24 18:25:00,56718.2,65169.2,56731.2,56712.1
2026-05-24 18:30:00,56817.0,65282.8,56813.0,56818.9
2026-05-24 18:35:00,56928.8,65411.2,56972.0,56908.6
2026-05-24 18:40:00,56991.5,65483.2,57059.3,56959.7
2026-05-24 18:45:00,57035.5,65533.8,57050.7,57028.4
2026-05-24 18:50:00,57073.3,65577.2,57127.6,57047.9
2026-05-24 18:55:00,57122.7,65634.0,57117.7,57125.1
2026-05-24 19:00:00,57130.8,65643.3,57157.4,57118.4
2026-05-24 19:05:00,57136.7,65650.0,57139.4,57135.4
2026-05-24 19:10:00,57143.2,65657.5,57170.9,57130.2
2026-05-24 19:15:00,57137.0,65650.4,57158.5,57126.9
2026-05-24 19:20:00,57130.4,65642.9,57142.2,57124.9
2026-05-24 19:25:00,57131.7,65644.3,57143.1,57126.4
2026-05-24 19:30:00,57138.1,65651.7,57149.9,57132.6
2026-05-24 19:35:00,57128.6,65640.8,57142.4,57122.2
2026-05-24 19:40:00,57126.6,65638.5,57134.0,57123.1
2026-05-24 19:45:00,57129.3,65641.5,57139.7,57124.3
2026-05-24 19:50:00,57116.0,65626.3,57128.6,57110.1
2026-05-24 19:55:00,57124.1,65635.6,57161.2,57106.7
2026-05-24 20:00:00,57122.4,65633.6,57126.1,57120.6
2026-05-24 20:05:00,57102.6,65610.9,57128.6,57090.5
2026-05-24 20:10:00,57111.7,65621.4,57131.8,57102.4
2026-05-24 20:15:00,57098.6,65606.3,57111.1,57092.7
2026-05-24 20:20:00,57101.8,65610.0,57112.3,57096.9
2026-05-24 20:25:00,57098.7,65606.4,57104.4,57096.0
2026-05-24 20:30:00,57063.6,65566.1,57086.3,57053.0
2026-05-24 20:35:00,57064.7,65567.3,57015.0,57088.0
2026-05-24 20:40:00,57058.6,65560.3,57006.1,57083.1
2026-05-24 20:45:00,57061.2,65563.3,57011.8,57084.3
2026-05-24 20:50:00,57044.5,65544.2,56990.0,57070.1
2026-05-24 20:55:00,56984.0,65474.6,56991.6,56980.4
2026-05-24 21:00:00,56853.1,65324.2,56855.6,56851.9
2026-05-24 21:05:00,56731.2,65184.2,56788.8,56704.3
2026-05-24 21:10:00,56660.4,65102.8,56709.9,56637.3
2026-05-24 21:15:00,56566.7,64995.1,56589.7,56555.9
2026-05-24 21:20:00,56479.9,64895.4,56521.0,56460.6
2026-05-24 21:25:00,56447.9,64858.6,56423.6,56459.2
2026-05-24 21:30:00,56408.0,64812.8,56426.5,56399.3
2026-05-24 21:35:00,56307.1,64696.9,56328.2,56297.2
2026-05-24 21:40:00,56221.5,64598.5,56229.4,56217.8
2026-05-24 21:45:00,56138.4,64503.0,56130.2,56142.2
2026-05-24 21:50:00,56071.2,64425.9,56127.9,56044.7
2026-05-24 21:55:00,56039.1,64388.9,56022.2,56047.0
2026-05-24 22:00:00,55936.1,64270.6,55986.9,55912.3
2026-05-24 22:05:00,55920.8,64253.0,55980.6,55892.8
2026-05-24 22:10:00,55841.0,64161.3,55892.5,55816.8
2026-05-24 22:15:00,55755.9,64063.6,55750.2,55758.6
2026-05-24 22:20:00,55650.6,63942.6,55637.9,55656.6
2026-05-24 22:25:00,55518.2,63790.5,55505.6,55524.2
2026-05-24 22:30:00,55404.0,63659.2,55363.6,55422.9
2026-05-24 22:35:00,55277.7,63514.0,55252.1,55289.7
2026-05-24 22:40:00,55168.9,63389.1,55149.0,55178.2
2026-05-24 22:45:00,55066.3,63271.2,55044.2,55076.7
2026-05-24 22:50:00,54925.1,63108.9,54921.8,54926.7
2026-05-24 22:55:00,54799.1,62964.2,54783.6,54806.4
2026-05-24 23:00:00,54769.9,62930.7,54730.5,54788.4
2026-05-24 23:05:00,54903.5,63084.1,54880.7,54914.2
2026-05-24 23:10:00,54868.1,63043.5,54867.6,54868.3
2026-05-24 23:15:00,54665.5,62810.6,54710.0,54644.6
2026-05-24 23:20:00,54424.9,62534.3,54430.5,54422.3
2026-05-24 23:25:00,54161.1,62231.1,54150.2,54166.2
2026-05-24 23:30:00,53861.0,61886.3,53840.4,53870.7
2026-05-24 23:35:00,53615.4,61604.1,53697.6,53576.8
2026-05-24 23:40:00,53382.3,61336.2,53377.3,53384.6
2026-05-24 23:45:00,53226.9,61157.7,53178.9,53249.4
2026-05-24 23:50:00,52942.7,60831.1,52973.6,52928.2
2026-05-24 23:55:00,52572.4,60405.7,52574.4,52571.5
2026-05-25 00:00:00,52266.3,60053.9,52195.3,52299.5
2026-05-25 00:05:00,52116.8,59882.3,52112.8,52118.8
2026-05-25 00:10:00,51873.2,59602.3,51817.8,51899.1
2026-05-25 00:15:00,51663.4,59361.2,51598.3,51693.9
2026-05-25 00:20:00,51445.6,59111.0,51416.0,51459.5
2026-05-25 00:25:00,51263.0,58901.2,51209.6,51288.0
2026-05-25 00:30:00,51096.5,58709.8,51011.4,51136.3
2026-05-25 00:35:00,51075.0,58685.2,51031.0,51095.7
2026-05-25 00:40:00,50911.8,58497.6,51007.7,50866.8
2026-05-25 00:45:00,50815.9,58387.4,50770.1,50837.3
2026-05-25 00:50:00,50663.8,58212.7,50804.7,50597.7
2026-05-25 00:55:00,50562.0,58095.7,50545.3,50569.8
2026-05-25 01:00:00,50429.8,57943.9,50556.2,50370.7
2026-05-25 01:05:00,50408.0,57918.8,50350.3,50435.1
2026-05-25 01:10:00,50380.9,57887.7,50345.2,50397.6
2026-05-25 01:15:00,50385.9,57893.3,50346.2,50404.4
2026-05-25 01:20:00,50388.7,57896.6,50350.4,50406.6
2026-05-25 01:25:00,50392.1,57900.6,50354.7,50409.7
2026-05-25 01:30:00,50385.4,57892.9,50332.2,50410.3
2026-05-25 01:35:00,50350.6,57852.9,50345.5,50353.0
2026-05-25 01:40:00,50314.8,57811.7,50342.6,50301.7
2026-05-25 01:45:00,50352.7,57855.2,50329.9,50363.3
2026-05-25 01:50:00,50359.8,57863.4,50338.0,50369.9
2026-05-25 01:55:00,50372.7,57878.3,50341.0,50387.6
2026-05-25 02:00:00,50368.1,57872.9,50348.2,50377.4
2026-05-25 02:05:00,50393.3,57901.9,50380.8,50399.2
2026-05-25 02:10:00,50382.3,57889.3,50365.5,50390.2
2026-05-25 02:15:00,50381.6,57888.5,50362.2,50390.7
2026-05-25 02:20:00,50379.8,57886.4,50362.7,50387.9
2026-05-25 02:25:00,50381.5,57888.3,50366.6,50388.4
2026-05-25 02:30:00,50379.5,57886.0,50364.5,50386.5
2026-05-25 02:35:00,50386.9,57894.6,50373.9,50393.0
2026-05-25 02:40:00,50381.9,57888.8,50361.4,50391.5
2026-05-25 02:45:00,50383.4,57890.5,50365.9,50391.5
2026-05-25 02:50:00,50383.0,57890.1,50363.5,50392.2
2026-05-25 02:55:00,50378.1,57884.4,50361.7,50385.8
2026-05-25 03:00:00,50397.5,57906.8,50377.9,50406.8
2026-05-25 03:05:00,50421.3,57934.1,50395.6,50433.4
2026-05-25 03:10:00,50417.0,57929.1,50395.3,50427.2
2026-05-25 03:15:00,50417.5,57929.7,50393.3,50428.8
2026-05-25 03:20:00,50415.9,57927.8,50394.5,50425.9
2026-05-25 03:25:00,50420.0,57932.6,50396.5,50431.0
2026-05-25 03:30:00,50415.6,57927.6,50396.6,50424.6
2026-05-25 03:35:00,50432.5,57947.0,50408.0,50444.0
2026-05-25 03:40:00,50417.7,57930.0,50392.6,50429.5
2026-05-25 03:45:00,50419.2,57931.7,50397.0,50429.6
2026-05-25 03:50:00,50418.4,57930.8,50394.5,50429.6
2026-05-25 03:55:00,50422.5,57935.5,50396.8,50434.6
2026-05-25 04:00:00,50476.5,57997.5,50442.8,50492.4
2026-05-25 04:05:00,50500.8,58025.4,50469.8,50515.4
2026-05-25 04:10:00,50492.5,58015.9,50454.5,50510.3
2026-05-25 04:15:00,50492.3,58015.7,50447.8,50513.2
2026-05-25 04:20:00,50489.8,58012.8,50446.2,50510.3
2026-05-25 04:25:00,50494.2,58017.9,50452.6,50513.7
2026-05-25 04:30:00,50490.2,58013.3,50453.9,50507.3
2026-05-25 04:35:00,50508.9,58034.8,50469.0,50527.7
2026-05-25 04:40:00,50486.9,58009.4,50443.0,50507.4
2026-05-25 04:45:00,50486.7,58009.2,50442.3,50507.5
2026-05-25 04:50:00,50482.7,58004.6,50439.8,50502.7
2026-05-25 04:55:00,50483.0,58004.9,50443.9,50501.3
2026-05-25 05:00:00,50525.8,58054.2,50484.5,50545.2
2026-05-25 05:05:00,50571.9,58107.2,50531.7,50590.8
2026-05-25 05:10:00,50624.7,58167.8,50765.1,50558.9
2026-05-25 05:15:00,50759.1,58322.2,50750.3,50763.3
2026-05-25 05:20:00,50755.3,58317.8,50744.3,50760.4
2026-05-25 05:25:00,50755.6,58318.2,50747.1,50759.6
2026-05-25 05:30:00,50745.9,58307.1,50752.4,50742.9
2026-05-25 05:35:00,50786.0,58353.1,50793.0,50782.7
2026-05-25 05:40:00,50795.7,58364.2,50745.3,50819.3
2026-05-25 05:45:00,50795.4,58363.9,50743.7,50819.6
2026-05-25 05:50:00,50794.8,58363.3,50746.2,50817.6
2026-05-25 05:55:00,50797.8,58366.7,50753.1,50818.7
2026-05-25 06:00:00,50853.0,58430.1,50808.9,50873.7
2026-05-25 06:05:00,51008.4,58608.7,51131.1,50950.9
2026-05-25 06:10:00,51108.7,58723.9,51043.8,51139.1
2026-05-25 06:15:00,51296.7,58939.9,51266.0,51311.1
2026-05-25 06:20:00,51281.4,58922.3,51267.2,51288.0
2026-05-25 06:25:00,51282.1,58923.2,51271.9,51287.0
2026-05-25 06:30:00,51262.0,58900.0,51267.2,51259.5
2026-05-25 06:35:00,51316.1,58962.2,51305.3,51321.1
2026-05-25 06:40:00,51333.0,58981.6,51487.7,51260.5
2026-05-25 06:45:00,51472.0,59141.3,51492.5,51462.3
2026-05-25 06:50:00,51509.9,59184.9,51492.0,51518.3
2026-05-25 06:55:00,51528.2,59205.9,51509.0,51537.2
2026-05-25 07:00:00,51588.6,59275.3,51734.8,51520.0
2026-05-25 07:05:00,51827.8,59550.2,51841.1,51821.7
2026-05-25 07:10:00,51963.4,59706.0,51943.7,51972.6
2026-05-25 07:15:00,52007.6,59756.8,52161.6,51935.5
2026-05-25 07:20:00,52120.9,59886.9,52109.6,52126.2
2026-05-25 07:25:00,52114.4,59879.5,52110.6,52116.2
2026-05-25 07:30:00,52074.3,59833.3,52066.8,52077.8
2026-05-25 07:35:00,52101.9,59865.0,52124.1,52091.4
2026-05-25 07:40:00,52106.2,59870.0,52078.4,52119.2
2026-05-25 07:45:00,52106.3,59870.1,52082.3,52117.6
2026-05-25 07:50:00,52111.0,59875.5,52090.4,52120.7
2026-05-25 07:55:00,52126.6,59893.4,52089.8,52143.8
2026-05-25 08:00:00,52207.8,59986.8,52175.4,52223.0
2026-05-25 08:05:00,52400.3,60208.0,52408.9,52396.3
2026-05-25 08:10:00,52350.0,60150.1,52331.8,52358.5
2026-05-25 08:15:00,52344.6,60143.9,52359.1,52337.8
2026-05-25 08:20:00,52316.3,60111.5,52305.8,52321.3
2026-05-25 08:25:00,52328.4,60125.3,52324.9,52330.1
2026-05-25 08:30:00,52295.8,60087.9,52331.6,52279.0
2026-05-25 08:35:00,52373.4,60177.0,52349.0,52384.8
2026-05-25 08:40:00,52289.6,60080.8,52287.7,52290.5
2026-05-25 08:45:00,52281.4,60071.3,52289.5,52277.6
2026-05-25 08:50:00,52256.8,60043.1,52265.3,52252.9
2026-05-25 08:55:00,52265.4,60053.0,52266.5,52264.9
2026-05-25 09:00:00,52169.6,59942.9,52170.9,52169.0
2026-05-25 09:05:00,52049.4,59804.8,52015.6,52065.3
2026-05-25 09:10:00,52086.4,59847.3,52047.9,52104.4
2026-05-25 09:15:00,52102.2,59865.4,52081.6,52111.8
2026-05-25 09:20:00,52081.4,59841.5,52036.3,52102.5
2026-05-25 09:25:00,52026.9,59778.9,52045.3,52018.3
2026-05-25 09:30:00,51972.7,59716.6,51965.1,51976.2
2026-05-25 09:35:00,51873.9,59603.2,51979.5,51824.5
2026-05-25 09:40:00,51775.1,59489.5,51741.4,51790.8
2026-05-25 09:45:00,51779.1,59494.1,51753.8,51790.9
2026-05-25 09:50:00,51770.2,59483.9,51739.4,51784.6
2026-05-25 09:55:00,51740.3,59449.6,51730.1,51745.0
2026-05-25 10:00:00,51606.2,59295.5,51584.6,51616.2
2026-05-25 10:05:00,51724.7,59431.7,51676.2,51747.4
2026-05-25 10:10:00,51749.7,59460.4,51707.3,51769.5
2026-05-25 10:15:00,51884.3,59615.1,51983.2,51838.0
2026-05-25 10:20:00,51924.7,59661.5,51884.4,51943.5
2026-05-25 10:25:00,51898.2,59631.1,51879.0,51907.2
2026-05-25 10:30:00,51834.6,59558.0,51810.9,51845.7
2026-05-25 10:35:00,51858.2,59585.1,51833.3,51869.9
2026-05-25 10:40:00,51843.5,59568.1,51815.9,51856.4
2026-05-25 10:45:00,51847.2,59572.4,51827.4,51856.5
2026-05-25 10:50:00,51837.1,59560.9,51810.9,51849.5
2026-05-25 10:55:00,51856.8,59583.4,51823.2,51872.5
2026-05-25 11:00:00,51805.1,59524.0,51793.0,51810.7
2026-05-25 11:05:00,51831.4,59554.3,51817.5,51837.9
2026-05-25 11:10:00,51834.3,59557.6,51813.5,51844.0
2026-05-25 11:15:00,51822.6,59544.1,51825.8,51821.0
2026-05-25 11:20:00,51808.2,59527.6,51794.0,51814.9
2026-05-25 11:25:00,51819.9,59541.1,51800.2,51829.2
2026-05-25 11:30:00,51794.0,59511.3,51780.0,51800.6
2026-05-25 11:35:00,51813.7,59533.9,51798.4,51820.9
2026-05-25 11:40:00,51782.4,59497.9,51772.2,51787.1
2026-05-25 11:45:00,51781.5,59497.0,51774.1,51785.0
2026-05-25 11:50:00,51740.2,59449.5,51725.0,51747.3
2026-05-25 11:55:00,51521.1,59197.8,51493.9,51533.9
2026-05-25 12:00:00,51289.2,58931.3,51448.1,51214.7
2026-05-25 12:05:00,51206.7,58836.5,51193.8,51212.7
2026-05-25 12:10:00,51215.7,58846.8,51219.1,51214.1
2026-05-25 12:15:00,51212.4,58843.1,51205.0,51215.9
2026-05-25 12:20:00,51217.4,58848.8,51212.3,51219.8
2026-05-25 12:25:00,51216.5,58847.8,51198.3,51225.1
2026-05-25 12:30:00,51175.6,58800.8,51162.0,51182.0
2026-05-25 12:35:00,51228.0,58861.0,51206.3,51238.2
2026-05-25 12:40:00,51268.8,58907.8,51243.9,51280.5
2026-05-25 12:45:00,51284.6,58926.0,51264.1,51294.3
2026-05-25 12:50:00,51286.8,58928.6,51250.6,51303.8
2026-05-25 12:55:00,51298.1,58941.5,51230.0,51330.0
2026-05-25 13:00:00,51351.5,59002.9,51327.0,51363.0
2026-05-25 13:05:00,51543.3,59223.3,51538.6,51545.5
2026-05-25 13:10:00,51745.0,59455.0,51732.8,51750.6
2026-05-25 13:15:00,51801.6,59520.1,51967.4,51724.0
2026-05-25 13:20:00,51949.4,59689.8,51947.2,51950.3
2026-05-25 13:25:00,51965.2,59708.0,51963.8,51965.9
2026-05-25 13:30:00,52025.0,59776.7,52174.6,51954.9
2026-05-25 13:35:00,52194.5,59971.5,52203.6,52190.3
2026-05-25 13:40:00,52207.4,59986.3,52366.9,52132.7
2026-05-25 13:45:00,52318.5,60113.9,52363.8,52297.2
2026-05-25 13:50:00,52369.4,60172.4,52341.9,52382.3
2026-05-25 13:55:00,52388.2,60194.1,52347.5,52407.3
2026-05-25 14:00:00,52378.5,60182.9,52344.9,52394.2
2026-05-25 14:05:00,52369.1,60172.1,52330.7,52387.1
2026-05-25 14:10:00,52401.5,60209.3,52373.2,52414.7
2026-05-25 14:15:00,52339.3,60137.8,52389.0,52316.0
2026-05-25 14:20:00,52405.7,60214.2,52419.2,52399.4
2026-05-25 14:25:00,52483.8,60303.9,52636.5,52412.3
2026-05-25 14:30:00,52594.1,60430.6,52620.4,52581.8
2026-05-25 14:35:00,52553.6,60384.1,52600.5,52531.6
2026-05-25 14:40:00,52552.9,60383.3,52602.6,52529.7
2026-05-25 14:45:00,52556.1,60386.9,52613.8,52529.0
2026-05-25 14:50:00,52589.3,60425.1,52598.7,52584.9
2026-05-25 14:55:00,52583.0,60417.9,52587.6,52580.8
2026-05-25 15:00:00,52563.3,60395.2,52566.9,52561.6
2026-05-25 15:05:00,52563.8,60395.9,52552.4,52569.2
2026-05-25 15:10:00,52650.6,60495.5,52652.9,52649.5
2026-05-25 15:15:00,52862.3,60738.8,52874.9,52856.4
2026-05-25 15:20:00,53018.6,60918.3,53008.6,53023.2
2026-05-25 15:25:00,53220.8,61150.7,53252.3,53206.1
2026-05-25 15:30:00,53360.7,61311.5,53380.0,53351.7
2026-05-25 15:35:00,53428.4,61389.2,53580.9,53356.9
2026-05-25 15:40:00,53566.6,61548.0,53581.5,53559.6
2026-05-25 15:45:00,53764.1,61774.9,53764.0,53764.1
2026-05-25 15:50:00,53919.8,61953.9,53923.0,53918.3
2026-05-25 15:55:00,54100.2,62161.1,54107.1,54096.9
2026-05-25 16:00:00,54260.6,62345.5,54201.8,54288.2
2026-05-25 16:05:00,54372.4,62473.8,54304.4,54404.2
2026-05-25 16:10:00,54587.3,62720.8,54539.4,54609.7
2026-05-25 16:15:00,54705.1,62856.2,54708.1,54703.7
2026-05-25 16:20:00,54841.2,63012.6,54838.8,54842.3
2026-05-25 16:25:00,54937.3,63123.0,54962.9,54925.3
2026-05-25 16:30:00,55131.5,63346.1,55085.6,55153.0
2026-05-25 16:35:00,55274.3,63510.2,55342.1,55242.5
2026-05-25 16:40:00,55480.1,63746.7,55463.8,55487.8
2026-05-25 16:45:00,55587.8,63870.4,55697.1,55536.6
2026-05-25 16:50:00,55737.1,64041.9,55755.7,55728.4
2026-05-25 16:55:00,55913.5,64244.6,55851.8,55942.4
2026-05-25 17:00:00,55986.3,64328.2,56039.6,55961.3
2026-05-25 17:05:00,56052.0,64403.8,55983.2,56084.3
2026-05-25 17:10:00,56151.5,64518.1,56208.9,56124.6
2026-05-25 17:15:00,56309.6,64699.7,56352.8,56289.4
2026-05-25 17:20:00,56436.4,64845.5,56412.7,56447.6
2026-05-25 17:25:00,56539.9,64964.3,56525.2,56546.8
2026-05-25 17:30:00,56647.2,65087.6,56610.9,56664.2
2026-05-25 17:35:00,56770.2,65228.9,56800.4,56756.0
2026-05-25 17:40:00,56898.7,65376.6,56901.3,56897.5
2026-05-25 17:45:00,57029.9,65527.4,56982.0,57052.4
2026-05-25 17:50:00,57113.3,65623.2,57140.7,57100.5
2026-05-25 17:55:00,57235.3,65763.4,57230.9,57237.4
2026-05-25 18:00:00,57277.6,65811.9,57328.9,57253.5
2026-05-25 18:05:00,57308.4,65847.4,57284.9,57319.5
2026-05-25 18:10:00,57431.5,65988.8,57441.5,57426.8
2026-05-25 18:15:00,57493.4,66059.9,57518.3,57481.8
2026-05-25 18:20:00,57575.9,66154.7,57635.2,57548.1
2026-05-25 18:25:00,57699.8,66297.1,57764.9,57669.3
2026-05-25 18:30:00,57778.6,66387.6,57858.0,57741.4
2026-05-25 18:35:00,57868.4,66490.8,57922.8,57842.9
2026-05-25 18:40:00,57920.9,66551.1,58002.6,57882.6
2026-05-25 18:45:00,58010.2,66653.8,58010.4,58010.2
2026-05-25 18:50:00,58112.1,66770.8,58089.6,58122.6
2026-05-25 18:55:00,58161.1,66827.1,58146.0,58168.2
2026-05-25 19:00:00,58219.6,66894.3,58206.1,58226.0
2026-05-25 19:05:00,58229.7,66906.0,58186.4,58250.1
2026-05-25 19:10:00,58282.1,66966.1,58307.8,58270.1
2026-05-25 19:15:00,58331.1,67022.5,58283.5,58353.4
2026-05-25 19:20:00,58341.3,67034.2,58394.8,58316.3
2026-05-25 19:25:00,58344.1,67037.4,58399.2,58318.3
2026-05-25 19:30:00,58342.8,67035.9,58395.0,58318.3
2026-05-25 19:35:00,58335.6,67027.6,58390.8,58309.7
2026-05-25 19:40:00,58331.7,67023.1,58383.4,58307.4
2026-05-25 19:45:00,58317.4,67006.7,58373.9,58291.0
2026-05-25 19:50:00,58291.3,66976.7,58347.7,58264.8
2026-05-25 19:55:00,58252.7,66932.3,58235.0,58261.0
2026-05-25 20:00:00,58157.7,66823.2,58208.3,58133.9
2026-05-25 20:05:00,58092.9,66748.7,58107.2,58086.2
2026-05-25 20:10:00,58005.5,66648.3,58031.5,57993.4
2026-05-25 20:15:00,57930.8,66562.5,57933.4,57929.6
2026-05-25 20:20:00,57891.9,66517.8,57840.5,57916.0
2026-05-25 20:25:00,57829.7,66446.4,57839.7,57825.0
2026-05-25 20:30:00,57782.1,66391.6,57739.9,57801.8
2026-05-25 20:35:00,57746.6,66350.8,57759.7,57740.4
2026-05-25 20:40:00,57715.4,66315.0,57675.3,57734.2
2026-05-25 20:45:00,57675.5,66269.2,57681.0,57673.0
2026-05-25 20:50:00,57659.8,66251.1,57648.7,57665.0
2026-05-25 20:55:00,57656.4,66247.2,57647.5,57660.5
2026-05-25 21:00:00,57510.4,66079.4,57460.0,57534.0
2026-05-25 21:05:00,57380.6,65930.3,57383.1,57379.4
2026-05-25 21:10:00,57327.8,65869.6,57331.7,57326.0
2026-05-25 21:15:00,57260.2,65792.0,57248.5,57265.7
2026-05-25 21:20:00,57201.5,65724.5,57166.5,57217.8
2026-05-25 21:25:00,57141.6,65655.7,57142.0,57141.5
2026-05-25 21:30:00,57035.3,65533.5,57046.6,57029.9
2026-05-25 21:35:00,56919.9,65401.0,56944.6,56908.4
2026-05-25 21:40:00,56836.1,65304.7,56850.4,56829.5
2026-05-25 21:45:00,56752.2,65208.2,56776.4,56740.8
2026-05-25 21:50:00,56659.6,65101.9,56693.2,56643.9
2026-05-25 21:55:00,56542.7,64967.5,56583.4,56523.6
2026-05-25 22:00:00,56445.9,64856.3,56491.3,56424.6
2026-05-25 22:05:00,56475.1,64889.9,56535.6,56446.8
2026-05-25 22:10:00,56388.6,64790.5,56432.9,56367.8
2026-05-25 22:15:00,56324.3,64716.7,56290.6,56340.1
2026-05-25 22:20:00,56210.4,64585.8,56197.4,56216.5
2026-05-25 22:25:00,56103.3,64462.7,56065.6,56121.0
2026-05-25 22:30:00,55989.3,64331.7,55932.8,56015.7
2026-05-25 22:35:00,55874.2,64199.5,55852.6,55884.3
2026-05-25 22:40:00,55763.8,64072.6,55762.2,55764.6
2026-05-25 22:45:00,55649.8,63941.6,55598.2,55674.0
2026-05-25 22:50:00,55570.3,63850.3,55501.6,55602.5
2026-05-25 22:55:00,55466.1,63730.6,55413.7,55490.7
2026-05-25 23:00:00,55434.6,63694.3,55533.5,55388.2
2026-05-25 23:05:00,55570.0,63849.9,55592.3,55559.6
2026-05-25 23:10:00,55499.5,63768.9,55484.7,55506.5
2026-05-25 23:15:00,55392.6,63646.1,55343.1,55415.8
2026-05-25 23:20:00,55241.9,63473.0,55204.2,55259.6
2026-05-25 23:25:00,55028.0,63227.2,55080.4,55003.5
2026-05-25 23:30:00,54808.9,62975.4,54808.8,54808.9
2026-05-25 23:35:00,54594.4,62729.0,54521.9,54628.5
2026-05-25 23:40:00,54338.3,62434.8,54414.9,54302.5
2026-05-25 23:45:00,54183.2,62256.5,54144.7,54201.2
2026-05-25 23:50:00,53903.5,61935.2,53962.8,53875.8
2026-05-25 23:55:00,53666.1,61662.4,53608.7,53693.0
2026-05-26 00:00:00,53249.2,61183.4,53179.2,53282.0
2026-05-26 00:05:00,53110.4,61023.9,53100.4,53115.2
2026-05-26 00:10:00,52864.6,60741.4,52883.0,52856.0
2026-05-26 00:15:00,52675.2,60523.8,52692.3,52667.2
2026-05-26 00:20:00,52507.1,60330.7,52498.8,52511.0
2026-05-26 00:25:00,52350.9,60151.1,52330.7,52360.3
2026-05-26 00:30:00,52104.3,59867.8,52076.6,52117.3
2026-05-26 00:35:00,51935.5,59673.9,51915.3,51944.9
2026-05-26 00:40:00,51722.4,59429.0,51702.0,51731.9
2026-05-26 00:45:00,51546.7,59227.1,51512.2,51562.8
2026-05-26 00:50:00,51529.6,59207.5,51488.8,51548.8
2026-05-26 00:55:00,51382.3,59038.3,51498.0,51328.1
2026-05-26 01:00:00,51353.3,59004.9,51297.3,51379.5
2026-05-26 01:05:00,51335.7,58984.8,51333.9,51336.6
2026-05-26 01:10:00,51315.4,58961.4,51340.5,51303.7
2026-05-26 01:15:00,51201.2,58830.2,51343.7,51134.4
2026-05-26 01:20:00,51094.4,58707.4,51115.7,51084.4
2026-05-26 01:25:00,51136.2,58755.5,51123.8,51142.0
2026-05-26 01:30:00,51164.5,58788.0,51146.1,51173.1
2026-05-26 01:35:00,51179.3,58805.0,51175.0,51181.3
2026-05-26 01:40:00,51167.4,58791.3,51160.4,51170.7
2026-05-26 01:45:00,51159.3,58782.0,51131.4,51172.4
2026-05-26 01:50:00,51162.8,58786.1,51128.2,51179.0
2026-05-26 01:55:00,51145.1,58765.8,51127.8,51153.3
2026-05-26 02:00:00,51127.2,58745.2,51104.9,51137.7
2026-05-26 02:05:00,51166.7,58790.6,51152.2,51173.6
2026-05-26 02:10:00,51151.3,58772.8,51135.2,51158.8
2026-05-26 02:15:00,51150.1,58771.5,51132.8,51158.3
2026-05-26 02:20:00,51147.6,58768.6,51134.0,51154.0
2026-05-26 02:25:00,51149.5,58770.8,51138.8,51154.5
2026-05-26 02:30:00,51144.6,58765.1,51129.0,51151.9
2026-05-26 02:35:00,51156.9,58779.2,51148.5,51160.8
2026-05-26 02:40:00,51150.9,58772.4,51133.2,51159.2
2026-05-26 02:45:00,51152.8,58774.6,51138.9,51159.3
2026-05-26 02:50:00,51151.8,58773.4,51134.2,51160.1
2026-05-26 02:55:00,51146.7,58767.6,51132.4,51153.4
2026-05-26 03:00:00,51161.5,58784.5,51143.8,51169.7
2026-05-26 03:05:00,51203.2,58832.4,51176.2,51215.8
2026-05-26 03:10:00,51192.5,58820.2,51174.1,51201.1
2026-05-26 03:15:00,51194.9,58822.9,51173.1,51205.1
2026-05-26 03:20:00,51192.5,58820.2,51174.9,51200.8
2026-05-26 03:25:00,51197.0,58825.3,51178.1,51205.9
2026-05-26 03:30:00,51189.7,58816.9,51170.5,51198.7
2026-05-26 03:35:00,51211.3,58841.8,51193.5,51219.7
2026-05-26 03:40:00,51194.6,58822.5,51175.9,51203.3
2026-05-26 03:45:00,51196.1,58824.3,51180.6,51203.4
2026-05-26 03:50:00,51194.9,58822.9,51176.7,51203.4
2026-05-26 03:55:00,51198.1,58826.6,51176.6,51208.2
2026-05-26 04:00:00,51232.3,58865.9,51209.1,51243.1
2026-05-26 04:05:00,51277.9,58918.3,51261.3,51285.6
2026-05-26 04:10:00,51263.1,58901.4,51239.9,51274.0
2026-05-26 04:15:00,51262.5,58900.7,51234.5,51275.7
2026-05-26 04:20:00,51259.8,58897.5,51235.1,51271.4
2026-05-26 04:25:00,51265.6,58904.2,51242.7,51276.4
2026-05-26 04:30:00,51258.4,58895.9,51235.5,51269.2
2026-05-26 04:35:00,51289.1,58931.2,51273.5,51296.4
2026-05-26 04:40:00,51263.4,58901.7,51232.7,51277.8
2026-05-26 04:45:00,51262.0,58900.1,51231.7,51276.3
2026-05-26 04:50:00,51257.5,58894.9,51227.6,51271.5
2026-05-26 04:55:00,51256.5,58893.7,51227.9,51269.9
2026-05-26 05:00:00,51300.1,58943.9,51277.2,51310.9
2026-05-26 05:05:00,51437.0,59101.1,51570.0,51374.6
2026-05-26 05:10:00,51528.6,59206.3,51531.7,51527.1
2026-05-26 05:15:00,51602.8,59291.6,51728.5,51543.9
2026-05-26 05:20:00,51750.8,59461.7,51754.5,51749.1
2026-05-26 05:25:00,51829.9,59552.6,51966.0,51766.2
2026-05-26 05:30:00,51971.5,59715.3,51965.2,51974.5
2026-05-26 05:35:00,52094.7,59856.8,52233.0,52030.0
2026-05-26 05:40:00,52206.4,59985.2,52179.5,52219.0
2026-05-26 05:45:00,52408.6,60217.5,52404.9,52410.4
2026-05-26 05:50:00,52475.3,60294.1,52618.4,52408.2
2026-05-26 05:55:00,52686.5,60536.8,52626.6,52714.5
2026-05-26 06:00:00,52944.1,60832.8,52891.6,52968.7
2026-05-26 06:05:00,53286.1,61225.8,53218.4,53317.8
2026-05-26 06:10:00,53508.0,61480.7,53458.5,53531.2
2026-05-26 06:15:00,53678.9,61677.1,53651.0,53692.0
2026-05-26 06:20:00,53840.5,61862.8,53779.4,53869.2
2026-05-26 06:25:00,53983.5,62027.0,53976.6,53986.7
2026-05-26 06:30:00,54164.9,62235.5,54139.8,54176.7
2026-05-26 06:35:00,54380.2,62482.9,54483.1,54332.1
2026-05-26 06:40:00,54604.2,62740.2,54573.7,54618.4
2026-05-26 06:45:00,54802.8,62968.5,54812.8,54798.2
2026-05-26 06:50:00,54975.2,63166.5,54925.6,54998.5
2026-05-26 06:55:00,55160.6,63379.5,55107.7,55185.3
2026-05-26 07:00:00,55488.3,63756.0,55431.9,55514.7
2026-05-26 07:05:00,55920.6,64252.8,55931.0,55915.7
2026-05-26 07:10:00,56103.1,64462.5,56139.4,56086.1
2026-05-26 07:15:00,56297.5,64685.8,56283.7,56304.0
2026-05-26 07:20:00,56449.5,64860.4,56438.1,56454.8
2026-05-26 07:25:00,56636.2,65075.0,56657.9,56626.1
2026-05-26 07:30:00,56775.3,65234.8,56684.3,56817.9
2026-05-26 07:35:00,57010.9,65505.6,56964.7,57032.6
2026-05-26 07:40:00,57170.8,65689.2,57181.8,57165.6
2026-05-26 07:45:00,57288.6,65824.6,57240.3,57311.2
2026-05-26 07:50:00,57451.5,66011.8,57424.8,57464.1
2026-05-26 07:55:00,57642.3,66231.0,57552.3,57684.5
2026-05-26 08:00:00,57886.8,66511.9,57828.1,57914.3
2026-05-26 08:05:00,58215.6,66889.7,58218.8,58214.1
2026-05-26 08:10:00,58423.8,67129.0,58365.3,58451.2
2026-05-26 08:15:00,58637.7,67374.8,58626.9,58642.8
2026-05-26 08:20:00,58785.7,67544.7,58783.0,58786.9
2026-05-26 08:25:00,58998.3,67789.0,58987.7,59003.2
2026-05-26 08:30:00,59088.2,67892.3,59112.6,59076.8
2026-05-26 08:35:00,59243.7,68071.0,59248.7,59241.3
2026-05-26 08:40:00,59327.0,68166.7,59294.6,59342.2
2026-05-26 08:45:00,59396.2,68246.2,59377.7,59404.8
2026-05-26 08:50:00,59384.8,68233.1,59447.3,59355.5
2026-05-26 08:55:00,59393.7,68243.3,59436.7,59373.5
2026-05-26 09:00:00,59275.7,68107.8,59323.6,59253.2
2026-05-26 09:05:00,59285.7,68119.3,59336.4,59262.0
2026-05-26 09:10:00,59330.5,68170.8,59366.0,59313.9
2026-05-26 09:15:00,59395.8,68245.8,59372.1,59406.9
2026-05-26 09:20:00,59385.3,68233.7,59386.4,59384.7
2026-05-26 09:25:00,59375.5,68222.4,59355.9,59384.6
2026-05-26 09:30:00,59327.1,68166.9,59306.0,59337.0
2026-05-26 09:35:00,59315.1,68153.0,59248.0,59346.5
2026-05-26 09:40:00,59278.2,68110.7,59232.4,59299.7
2026-05-26 09:45:00,59237.6,68063.9,59236.0,59238.3
2026-05-26 09:50:00,59136.4,67947.7,59096.9,59154.9
2026-05-26 09:55:00,59032.8,67828.7,58993.2,59051.4
2026-05-26 10:00:00,58850.0,67618.6,58862.3,58844.2
2026-05-26 10:05:00,58839.4,67606.5,58847.3,58835.8
2026-05-26 10:10:00,58880.5,67653.7,58858.9,58890.6
2026-05-26 10:15:00,59010.2,67802.7,59038.8,58996.8
2026-05-26 10:20:00,59003.1,67794.6,59018.8,58995.8
2026-05-26 10:25:00,58979.3,67767.2,59013.2,58963.4
2026-05-26 10:30:00,58896.3,67671.9,58914.8,58887.7
2026-05-26 10:35:00,58856.3,67625.8,58865.0,58852.2
2026-05-26 10:40:00,58806.6,67568.8,58745.9,58835.1
2026-05-26 10:45:00,58737.0,67488.8,58757.4,58727.4
2026-05-26 10:50:00,58660.8,67401.3,58637.8,58671.6
2026-05-26 10:55:00,58636.7,67373.6,58553.5,58675.7
2026-05-26 11:00:00,58472.5,67184.9,58517.2,58451.6
2026-05-26 11:05:00,58358.9,67054.4,58356.7,58359.9
2026-05-26 11:10:00,58264.4,66945.7,58295.5,58249.8
2026-05-26 11:15:00,58162.9,66829.2,58201.1,58145.0
2026-05-26 11:20:00,58027.2,66673.2,58090.4,57997.6
2026-05-26 11:25:00,57906.1,66534.2,57922.0,57898.7
2026-05-26 11:30:00,57761.1,66367.5,57785.3,57749.8
2026-05-26 11:35:00,57693.4,66289.7,57712.4,57684.5
2026-05-26 11:40:00,57577.6,66156.7,57582.2,57575.5
2026-05-26 11:45:00,57511.2,66080.4,57483.0,57524.4
2026-05-26 11:50:00,57360.7,65907.5,57308.3,57385.3
2026-05-26 11:55:00,57144.6,65659.1,57068.6,57180.1
2026-05-26 12:00:00,56707.4,65156.8,56736.7,56693.7
2026-05-26 12:05:00,56764.8,65222.8,56646.1,56820.4
2026-05-26 12:10:00,56806.1,65270.2,56764.1,56825.8
2026-05-26 12:15:00,56800.3,65263.5,56781.3,56809.2
2026-05-26 12:20:00,56809.5,65274.1,56795.3,56816.1
2026-05-26 12:25:00,56790.8,65252.6,56797.8,56787.5
2026-05-26 12:30:00,56720.3,65171.6,56713.7,56723.4
2026-05-26 12:35:00,56721.1,65172.5,56701.0,56730.5
2026-05-26 12:40:00,56851.1,65321.9,56766.8,56890.6
2026-05-26 12:45:00,56993.0,65484.9,57010.5,56984.8
2026-05-26 12:50:00,57178.6,65698.3,57103.4,57213.9
2026-05-26 12:55:00,57376.6,65925.7,57314.5,57405.7
2026-05-26 13:00:00,57785.8,66395.9,57768.7,57793.8
2026-05-26 13:05:00,58085.4,66740.2,58135.2,58062.1
2026-05-26 13:10:00,58356.0,67051.1,58359.1,58354.6
2026-05-26 13:15:00,58527.2,67247.8,58562.4,58510.8
2026-05-26 13:20:00,58706.2,67453.4,58736.4,58692.1
2026-05-26 13:25:00,58900.5,67676.6,58925.5,58888.8
2026-05-26 13:30:00,59140.7,67952.6,59123.1,59148.9
2026-05-26 13:35:00,59384.8,68233.2,59324.2,59413.3
2026-05-26 13:40:00,59566.2,68441.6,59574.3,59562.4
2026-05-26 13:45:00,59712.2,68609.3,59737.8,59700.2
2026-05-26 13:50:00,59823.9,68737.6,59794.7,59837.6
2026-05-26 13:55:00,59987.7,68925.9,60018.6,59973.3
2026-05-26 14:00:00,60109.2,69065.5,60081.5,60122.2
2026-05-26 14:05:00,60216.5,69188.7,60273.6,60189.7
2026-05-26 14:10:00,60403.0,69403.1,60404.3,60402.5
2026-05-26 14:15:00,60549.3,69571.2,60589.2,60530.7
2026-05-26 14:20:00,60672.7,69712.9,60625.5,60694.7
2026-05-26 14:25:00,60877.2,69947.9,60848.5,60890.7
2026-05-26 14:30:00,61014.0,70105.0,61003.9,61018.7
2026-05-26 14:35:00,61101.8,70206.0,61099.2,61103.1
2026-05-26 14:40:00,61175.9,70291.1,61187.2,61170.6
2026-05-26 14:45:00,61260.9,70388.8,61298.3,61243.4
2026-05-26 14:50:00,61316.1,70452.1,61380.7,61285.8
2026-05-26 14:55:00,61334.6,70473.4,61359.2,61323.0
2026-05-26 15:00:00,61351.2,70492.5,61342.9,61355.0
2026-05-26 15:05:00,61371.2,70515.5,61448.9,61334.8
2026-05-26 15:10:00,61530.5,70698.6,61568.4,61512.8
2026-05-26 15:15:00,61778.8,70983.8,61814.4,61762.1
2026-05-26 15:20:00,62021.0,71262.1,61975.2,62042.4
2026-05-26 15:25:00,62282.7,71562.8,62233.3,62305.8
2026-05-26 15:30:00,62418.8,71719.2,62404.7,62425.3
2026-05-26 15:35:00,62577.1,71901.1,62570.6,62580.1
2026-05-26 15:40:00,62780.3,72134.6,62791.5,62775.1
2026-05-26 15:45:00,62998.8,72385.7,63006.8,62995.1
2026-05-26 15:50:00,63126.5,72532.4,63177.0,63102.8
2026-05-26 15:55:00,63263.1,72689.3,63249.6,63269.5
2026-05-26 16:00:00,63411.3,72859.5,63362.0,63434.3
2026-05-26 16:05:00,63427.4,72878.1,63471.8,63406.7
2026-05-26 16:10:00,63570.1,73042.1,63643.5,63535.8
2026-05-26 16:15:00,63737.4,73234.3,63758.1,63727.7
2026-05-26 16:20:00,63934.1,73460.3,63939.0,63931.8
2026-05-26 16:25:00,64111.6,73664.2,64115.6,64109.7
2026-05-26 16:30:00,64318.4,73901.8,64277.2,64337.6
2026-05-26 16:35:00,64503.6,74114.6,64465.7,64521.3
2026-05-26 16:40:00,64686.0,74324.2,64646.1,64704.7
2026-05-26 16:45:00,64844.2,74506.0,64892.1,64821.8
2026-05-26 16:50:00,64945.7,74622.6,65001.0,64919.8
2026-05-26 16:55:00,65019.9,74707.9,65092.9,64985.7
2026-05-26 17:00:00,65066.2,74761.1,65023.7,65086.1
2026-05-26 17:05:00,65042.0,74733.2,65057.7,65034.6
2026-05-26 17:10:00,65134.4,74839.4,65207.9,65100.0
2026-05-26 17:15:00,65223.8,74942.1,65308.7,65183.9
2026-05-26 17:20:00,65270.1,74995.4,65287.1,65262.2
2026-05-26 17:25:00,65368.6,75108.5,65392.8,65357.3
2026-05-26 17:30:00,65420.6,75168.2,65454.8,65404.6
2026-05-26 17:35:00,65494.6,75253.3,65544.7,65471.2
2026-05-26 17:40:00,65575.5,75346.2,65545.0,65589.8
2026-05-26 17:45:00,65678.2,75464.3,65667.2,65683.4
2026-05-26 17:50:00,65754.8,75552.2,65741.3,65761.0
2026-05-26 17:55:00,65826.3,75634.4,65810.9,65833.6
2026-05-26 18:00:00,65844.7,75655.6,65888.4,65824.3
2026-05-26 18:05:00,65811.8,75617.7,65839.4,65798.8
2026-05-26 18:10:00,65838.7,75648.6,65843.8,65836.3
2026-05-26 18:15:00,65887.8,75705.1,65948.7,65859.3
2026-05-26 18:20:00,65929.3,75752.8,65948.5,65920.4
2026-05-26 18:25:00,65979.2,75810.1,66065.0,65939.0
2026-05-26 18:30:00,66036.6,75876.0,66066.8,66022.4
2026-05-26 18:35:00,66114.8,75965.9,66152.6,66097.1
2026-05-26 18:40:00,66146.6,76002.4,66133.6,66152.7
2026-05-26 18:45:00,66214.8,76080.8,66196.6,66223.3
2026-05-26 18:50:00,66178.0,76038.6,66200.9,66167.4
2026-05-26 18:55:00,66151.8,76008.4,66159.2,66148.3
2026-05-26 19:00:00,66125.8,75978.5,66092.5,66141.4
2026-05-26 19:05:00,66043.5,75884.0,66103.1,66015.6
2026-05-26 19:10:00,66056.7,75899.1,66053.4,66058.2
2026-05-26 19:15:00,66060.5,75903.5,66048.4,66066.2
2026-05-26 19:20:00,66054.7,75896.8,66040.7,66061.3
2026-05-26 19:25:00,66041.0,75881.1,66034.4,66044.1
2026-05-26 19:30:00,65972.2,75802.1,66027.5,65946.3
2026-05-26 19:35:00,65924.9,75747.7,65932.1,65921.5
2026-05-26 19:40:00,65864.8,75678.7,65911.2,65843.1
2026-05-26 19:45:00,65830.6,75639.3,65801.3,65844.3
2026-05-26 19:50:00,65737.0,75531.8,65743.4,65734.0
2026-05-26 19:55:00,65640.2,75420.6,65624.7,65647.5
2026-05-26 20:00:00,65491.5,75249.7,65511.9,65481.9
2026-05-26 20:05:00,65390.3,75133.4,65313.9,65426.0
2026-05-26 20:10:00,65338.8,75074.3,65280.3,65366.3
2026-05-26 20:15:00,65293.2,75021.9,65264.6,65306.6
2026-05-26 20:20:00,65263.3,74987.6,65176.3,65304.1
2026-05-26 20:25:00,65220.6,74938.5,65178.3,65240.5
2026-05-26 20:30:00,65088.0,74786.1,65027.3,65116.4
2026-05-26 20:35:00,65030.5,74720.1,64979.8,65054.3
2026-05-26 20:40:00,64912.4,74584.4,64872.1,64931.4
2026-05-26 20:45:00,64819.4,74477.5,64790.4,64833.0
2026-05-26 20:50:00,64685.5,74323.7,64703.6,64677.1
2026-05-26 20:55:00,64579.3,74201.6,64600.9,64569.2
2026-05-26 21:00:00,64343.2,73930.3,64427.8,64303.5
2026-05-26 21:05:00,64199.4,73765.1,64175.0,64210.8
2026-05-26 21:10:00,64083.1,73631.4,64072.8,64087.9
2026-05-26 21:15:00,63916.5,73440.1,63965.0,63893.8
2026-05-26 21:20:00,63792.1,73297.1,63798.0,63789.3
2026-05-26 21:25:00,63651.6,73135.7,63642.4,63655.9
2026-05-26 21:30:00,63527.6,72993.2,63484.6,63547.7
2026-05-26 21:35:00,63352.6,72792.1,63389.6,63335.2
2026-05-26 21:40:00,63224.5,72644.9,63226.0,63223.7
2026-05-26 21:45:00,63054.5,72449.6,63047.6,63057.8
2026-05-26 21:50:00,62959.9,72340.9,62924.0,62976.7
2026-05-26 21:55:00,62860.4,72226.5,62843.7,62868.1
2026-05-26 22:00:00,62780.5,72134.8,62774.4,62783.4
2026-05-26 22:05:00,62930.6,72307.2,62906.0,62942.1
2026-05-26 22:10:00,62891.1,72261.9,62864.7,62903.5
2026-05-26 22:15:00,62828.0,72189.4,62785.6,62847.9
2026-05-26 22:20:00,62712.8,72057.0,62686.4,62725.1
2026-05-26 22:25:00,62564.6,71886.8,62565.9,62564.1
2026-05-26 22:30:00,62355.7,71646.7,62357.2,62355.0
2026-05-26 22:35:00,62156.3,71417.5,62183.7,62143.4
2026-05-26 22:40:00,61984.5,71220.2,61951.2,62000.1
2026-05-26 22:45:00,61765.3,70968.3,61766.8,61764.6
2026-05-26 22:50:00,61568.3,70741.9,61576.2,61564.6
2026-05-26 22:55:00,61363.6,70506.8,61394.2,61349.3
2026-05-26 23:00:00,61374.6,70519.5,61392.3,61366.4
2026-05-26 23:05:00,61692.9,70885.2,61746.2,61668.0
2026-05-26 23:10:00,61603.4,70782.3,61651.0,61581.1
2026-05-26 23:15:00,61331.6,70470.1,61378.4,61309.8
2026-05-26 23:20:00,61068.3,70167.5,61003.8,61098.5
2026-05-26 23:25:00,60786.1,69843.2,60770.9,60793.2
2026-05-26 23:30:00,60441.2,69446.9,60471.9,60426.8
2026-05-26 23:35:00,60151.2,69113.7,60113.7,60168.7
2026-05-26 23:40:00,59812.5,68724.6,59855.9,59792.2
2026-05-26 23:45:00,59545.2,68417.5,59531.8,59551.5
2026-05-26 23:50:00,59233.0,68058.7,59268.2,59216.5
2026-05-26 23:55:00,58852.5,67621.6,58823.7,58866.0
2026-05-27 00:00:00,58309.9,66998.0,58318.8,58305.7
2026-05-27 00:05:00,58170.5,66837.9,58111.7,58198.0
2026-05-27 00:10:00,57910.2,66538.8,57888.0,57920.6
2026-05-27 00:15:00,57664.4,66256.4,57581.7,57703.1
2026-05-27 00:20:00,57411.2,65965.5,57389.6,57421.4
2026-05-27 00:25:00,57095.9,65603.2,57125.6,57082.0
2026-05-27 00:30:00,56859.8,65331.9,56888.4,56846.4
2026-05-27 00:35:00,56683.8,65129.7,56672.1,56689.3
2026-05-27 00:40:00,56529.0,64951.8,56481.1,56551.4
2026-05-27 00:45:00,56345.1,64740.5,56294.2,56368.9
2026-05-27 00:50:00,56143.0,64508.3,56197.4,56117.5
2026-05-27 00:55:00,55936.9,64271.5,56009.0,55903.1
2026-05-27 01:00:00,55761.2,64069.6,55828.8,55729.5
2026-05-27 01:05:00,55687.6,63985.1,55676.3,55692.9
2026-05-27 01:10:00,55615.0,63901.6,55659.2,55594.3
2026-05-27 01:15:00,55594.6,63878.2,55545.9,55617.4
2026-05-27 01:20:00,55506.8,63777.4,55531.4,55495.3
2026-05-27 01:25:00,55454.4,63717.1,55446.3,55458.2
2026-05-27 01:30:00,55324.5,63567.8,55308.2,55332.1
2026-05-27 01:35:00,55252.3,63484.9,55231.7,55261.9
2026-05-27 01:40:00,55221.8,63449.8,55221.2,55222.0
2026-05-27 01:45:00,55117.5,63330.0,55108.0,55121.9
2026-05-27 01:50:00,55044.8,63246.4,55092.2,55022.6
2026-05-27 01:55:00,54984.7,63177.4,54959.6,54996.5
2026-05-27 02:00:00,54913.5,63095.6,54971.7,54886.3
2026-05-27 02:05:00,54924.8,63108.6,54898.7,54937.1
2026-05-27 02:10:00,54906.4,63087.5,54880.0,54918.8
2026-05-27 02:15:00,54905.2,63086.1,54877.1,54918.4
2026-05-27 02:20:00,54838.5,63009.5,54835.0,54840.2
2026-05-27 02:25:00,54739.8,62896.1,54724.0,54747.2
2026-05-27 02:30:00,54732.6,62887.8,54710.4,54743.0
2026-05-27 02:35:00,54692.8,62842.0,54734.2,54673.4
2026-05-27 02:40:00,54652.0,62795.1,54607.1,54673.0
2026-05-27 02:45:00,54632.2,62772.4,54612.8,54641.3
2026-05-27 02:50:00,54633.0,62773.3,54613.7,54642.0
2026-05-27 02:55:00,54634.0,62774.5,54612.6,54644.1
2026-05-27 03:00:00,54619.4,62757.7,54621.1,54618.6
2026-05-27 03:05:00,54654.2,62797.6,54666.5,54648.4
2026-05-27 03:10:00,54638.1,62779.2,54645.4,54634.7
2026-05-27 03:15:00,54638.7,62779.9,54643.6,54636.4
2026-05-27 03:20:00,54638.8,62779.9,54642.3,54637.1
2026-05-27 03:25:00,54642.6,62784.3,54645.9,54641.0
2026-05-27 03:30:00,54633.0,62773.3,54634.5,54632.3
2026-05-27 03:35:00,54649.9,62792.7,54661.9,54644.3
2026-05-27 03:40:00,54633.7,62774.1,54643.6,54629.1
2026-05-27 03:45:00,54635.5,62776.2,54649.1,54629.1
2026-05-27 03:50:00,54633.5,62773.9,54643.3,54629.0
2026-05-27 03:55:00,54637.7,62778.7,54643.8,54634.8
2026-05-27 04:00:00,54697.5,62847.4,54687.6,54702.1
2026-05-27 04:05:00,54751.4,62909.4,54752.6,54750.9
2026-05-27 04:10:00,54838.0,63008.8,54844.7,54834.8
2026-05-27 04:15:00,54838.8,63009.7,54838.4,54838.9
2026-05-27 04:20:00,54833.9,63004.1,54835.4,54833.2
2026-05-27 04:25:00,54842.5,63014.0,54844.6,54841.5
2026-05-27 04:30:00,54832.3,63002.4,54831.4,54832.8
2026-05-27 04:35:00,54869.8,63045.4,54877.3,54866.3
2026-05-27 04:40:00,54879.9,63057.1,54964.4,54840.4
2026-05-27 04:45:00,55001.8,63197.0,54962.6,55020.1
2026-05-27 04:50:00,55104.1,63314.6,55091.1,55110.2
2026-05-27 04:55:00,55102.8,63313.2,55088.9,55109.4
2026-05-27 05:00:00,55150.1,63367.5,55180.6,55135.8
2026-05-27 05:05:00,55351.9,63599.3,55363.0,55346.7
2026-05-27 05:10:00,55436.0,63696.0,55500.5,55405.9
2026-05-27 05:15:00,55488.5,63756.3,55482.5,55491.3
2026-05-27 05:20:00,55584.6,63866.7,55593.1,55580.6
2026-05-27 05:25:00,55638.8,63928.9,55737.7,55592.4
2026-05-27 05:30:00,55746.5,64052.7,55724.0,55757.0
2026-05-27 05:35:00,55899.0,64228.0,55893.5,55901.6
2026-05-27 05:40:00,55970.6,64310.3,55963.8,55973.8
2026-05-27 05:45:00,56117.7,64479.2,56045.2,56151.6
2026-05-27 05:50:00,56195.5,64568.6,56180.6,56202.5
2026-05-27 05:55:00,56314.3,64705.2,56294.4,56323.6
2026-05-27 06:00:00,56510.8,64930.9,56510.3,56511.0
2026-05-27 06:05:00,56862.9,65335.5,56836.9,56875.1
2026-05-27 06:10:00,57077.2,65581.7,57028.7,57099.9
2026-05-27 06:15:00,57256.8,65788.1,57201.0,57283.0
2026-05-27 06:20:00,57416.2,65971.2,57386.2,57430.2
2026-05-27 06:25:00,57540.0,66113.4,57585.2,57518.8
2026-05-27 06:30:00,57737.8,66340.8,57691.5,57759.5
2026-05-27 06:35:00,57955.3,66590.6,57908.8,57977.0
2026-05-27 06:40:00,58069.7,66722.0,58131.2,58040.8
2026-05-27 06:45:00,58189.7,66859.9,58217.7,58176.5
2026-05-27 06:50:00,58286.5,66971.2,58316.3,58272.5
2026-05-27 06:55:00,58441.3,67149.1,58398.8,58461.2
2026-05-27 07:00:00,58726.1,67476.3,58745.9,58716.9
2026-05-27 07:05:00,59157.4,67971.9,59167.2,59152.9
2026-05-27 07:10:00,59408.5,68260.4,59405.3,59410.0
2026-05-27 07:15:00,59672.2,68563.3,59629.1,59692.4
2026-05-27 07:20:00,59776.6,68683.3,59801.7,59764.8
2026-05-27 07:25:00,59934.9,68865.2,59916.0,59943.8
2026-05-27 07:30:00,60044.2,68990.7,60050.6,60041.1
2026-05-27 07:35:00,60200.0,69169.7,60203.0,60198.5
2026-05-27 07:40:00,60315.8,69302.8,60338.5,60305.2
2026-05-27 07:45:00,60382.9,69379.9,60420.8,60365.1
2026-05-27 07:50:00,60482.8,69494.8,60539.0,60456.5
2026-05-27 07:55:00,60564.9,69589.1,60621.9,60538.2
2026-05-27 08:00:00,60911.8,69987.6,60904.7,60915.1
2026-05-27 08:05:00,61396.8,70545.0,61378.3,61405.5
2026-05-27 08:10:00,61698.2,70891.2,61629.6,61730.3
2026-05-27 08:15:00,61969.9,71203.5,61922.3,61992.3
2026-05-27 08:20:00,62165.6,71428.3,62143.4,62176.1
2026-05-27 08:25:00,62426.3,71727.8,62406.8,62435.5
2026-05-27 08:30:00,62589.4,71915.2,62579.8,62593.9
2026-05-27 08:35:00,62825.7,72186.8,62829.2,62824.1
2026-05-27 08:40:00,62860.7,72226.9,62927.4,62829.4
2026-05-27 08:45:00,62951.4,72331.1,62980.1,62937.9
2026-05-27 08:50:00,62958.1,72338.9,63062.3,62909.3
2026-05-27 08:55:00,62999.1,72386.0,63045.5,62977.4
2026-05-27 09:00:00,62867.2,72234.4,62912.6,62845.9
2026-05-27 09:05:00,62895.1,72266.5,62960.8,62864.4
2026-05-27 09:10:00,62951.5,72331.3,62979.7,62938.3
2026-05-27 09:15:00,62979.2,72363.1,63078.0,62933.0
2026-05-27 09:20:00,63003.2,72390.7,63022.9,62994.0
2026-05-27 09:25:00,62952.3,72332.2,62999.2,62930.4
2026-05-27 09:30:00,62814.2,72173.6,62909.3,62769.7
2026-05-27 09:35:00,62698.4,72040.5,62701.2,62697.1
2026-05-27 09:40:00,62575.0,71898.7,62550.2,62586.6
2026-05-27 09:45:00,62459.1,71765.5,62464.3,62456.6
2026-05-27 09:50:00,62262.7,71539.8,62265.6,62261.4
2026-05-27 09:55:00,62114.7,71369.8,62088.9,62126.8
2026-05-27 10:00:00,61899.7,71122.7,61950.0,61876.1
2026-05-27 10:05:00,61805.7,71014.8,61874.9,61773.4
2026-05-27 10:10:00,61828.9,71041.5,61806.4,61839.5
2026-05-27 10:15:00,61965.8,71198.7,61980.4,61959.0
2026-05-27 10:20:00,61992.7,71229.6,61970.0,62003.3
2026-05-27 10:25:00,61956.5,71188.0,61950.7,61959.2
2026-05-27 10:30:00,61789.8,70996.5,61830.3,61770.8
2026-05-27 10:35:00,61667.9,70856.4,61696.0,61654.8
2026-05-27 10:40:00,61575.2,70749.8,61583.5,61571.2
2026-05-27 10:45:00,61517.0,70683.0,61510.7,61519.9
2026-05-27 10:50:00,61493.5,70656.0,61401.7,61536.5
2026-05-27 10:55:00,61395.0,70542.8,61400.3,61392.5
2026-05-27 11:00:00,61246.3,70372.0,61263.2,61238.4
2026-05-27 11:05:00,61137.2,70246.7,61249.8,61084.5
2026-05-27 11:10:00,61036.3,70130.7,61015.9,61045.9
2026-05-27 11:15:00,60879.8,69950.9,60914.9,60863.4
2026-05-27 11:20:00,60670.0,69709.8,60739.3,60637.5
2026-05-27 11:25:00,60492.4,69505.8,60538.3,60470.9
2026-05-27 11:30:00,60262.3,69241.3,60305.8,60241.9
2026-05-27 11:35:00,60083.6,69036.1,60036.8,60105.5
2026-05-27 11:40:00,59833.0,68748.1,59813.8,59842.0
2026-05-27 11:45:00,59600.1,68480.6,59638.1,59582.3
2026-05-27 11:50:00,59294.6,68129.5,59277.0,59302.9
2026-05-27 11:55:00,58864.5,67635.3,58911.6,58842.4
2026-05-27 12:00:00,58398.7,67100.1,58377.1,58408.8
2026-05-27 12:05:00,58340.4,67033.1,58294.4,58361.9
2026-05-27 12:10:00,58303.6,66990.8,58282.6,58313.4
2026-05-27 12:15:00,58199.0,66870.7,58168.9,58213.1
2026-05-27 12:20:00,58104.1,66761.6,58094.5,58108.6
2026-05-27 12:25:00,57980.2,66619.2,58005.2,57968.4
2026-05-27 12:30:00,57795.9,66407.5,57887.2,57753.2
2026-05-27 12:35:00,57705.6,66303.7,57771.5,57674.7
2026-05-27 12:40:00,57740.6,66343.9,57741.6,57740.1
2026-05-27 12:45:00,57809.0,66422.6,57779.3,57823.0
2026-05-27 12:50:00,57919.4,66549.4,57949.4,57905.3
2026-05-27 12:55:00,58182.0,66851.1,58128.3,58207.1
2026-05-27 13:00:00,58444.9,67153.2,58490.0,58423.8
2026-05-27 13:05:00,58663.8,67404.7,58731.7,58632.0
2026-05-27 13:10:00,58896.7,67672.3,58881.0,58904.0
2026-05-27 13:15:00,59083.4,67886.8,59104.7,59073.4
2026-05-27 13:20:00,59222.1,68046.2,59243.7,59212.0
2026-05-27 13:25:00,59443.2,68300.3,59376.9,59474.3
2026-05-27 13:30:00,59635.5,68521.2,59679.8,59614.8
2026-05-27 13:35:00,59856.9,68775.6,59878.1,59846.9
2026-05-27 13:40:00,60014.4,68956.6,60016.8,60013.3
2026-05-27 13:45:00,60150.6,69113.0,60199.9,60127.5
2026-05-27 13:50:00,60199.6,69169.3,60260.3,60171.1
2026-05-27 13:55:00,60338.4,69328.8,60372.6,60322.4
2026-05-27 14:00:00,60406.0,69406.5,60443.5,60388.5
2026-05-27 14:05:00,60490.1,69503.1,60531.7,60470.6
2026-05-27 14:10:00,60678.6,69719.7,60662.3,60686.3
2026-05-27 14:15:00,60857.3,69925.0,60865.4,60853.5
2026-05-27 14:20:00,61033.0,70127.0,61008.4,61044.6
2026-05-27 14:25:00,61161.4,70274.4,61113.6,61183.8
2026-05-27 14:30:00,61243.1,70368.3,61275.7,61227.8
2026-05-27 14:35:00,61321.0,70457.8,61384.0,61291.5
2026-05-27 14:40:00,61349.3,70490.4,61375.0,61337.3
2026-05-27 14:45:00,61435.3,70589.1,61486.1,61411.5
2026-05-27 14:50:00,61539.7,70709.2,61565.4,61527.7
2026-05-27 14:55:00,61607.8,70787.3,61645.8,61590.0
2026-05-27 15:00:00,61618.4,70799.5,61633.8,61611.1
2026-05-27 15:05:00,61615.4,70796.2,61638.6,61604.6
2026-05-27 15:10:00,61727.7,70925.2,61712.1,61735.1
2026-05-27 15:15:00,61961.5,71193.8,61969.8,61957.6
2026-05-27 15:20:00,62136.6,71394.9,62153.1,62128.8
2026-05-27 15:25:00,62349.9,71640.1,62355.6,62347.3
2026-05-27 15:30:00,62489.7,71800.7,62481.8,62493.4
2026-05-27 15:35:00,62634.7,71967.3,62656.3,62624.6
2026-05-27 15:40:00,62743.4,72092.2,62759.9,62735.7
2026-05-27 15:45:00,62868.4,72235.8,62895.0,62856.0
2026-05-27 15:50:00,63108.1,72511.2,63082.4,63120.1
2026-05-27 15:55:00,63241.1,72664.0,63238.7,63242.2
2026-05-27 16:00:00,63351.1,72790.4,63349.6,63351.8
2026-05-27 16:05:00,63414.4,72863.1,63446.5,63399.3
2026-05-27 16:10:00,63543.5,73011.5,63571.0,63530.7
2026-05-27 16:15:00,63726.1,73221.2,63745.9,63716.8
2026-05-27 16:20:00,63890.3,73410.0,63933.9,63869.9
2026-05-27 16:25:00,64022.1,73561.4,64107.4,63982.1
2026-05-27 16:30:00,64172.4,73734.0,64163.9,64176.3
2026-05-27 16:35:00,64339.7,73926.4,64368.2,64326.4
2026-05-27 16:40:00,64485.2,74093.5,64436.9,64507.9
2026-05-27 16:45:00,64690.1,74329.0,64670.6,64699.3
2026-05-27 16:50:00,64806.5,74462.7,64848.2,64787.0
2026-05-27 16:55:00,64891.9,74560.7,64879.9,64897.5
2026-05-27 17:00:00,64916.5,74589.0,64901.7,64923.4
2026-05-27 17:05:00,64842.3,74503.9,64827.9,64849.1
2026-05-27 17:10:00,64944.1,74620.8,64977.7,64928.4
2026-05-27 17:15:00,65034.8,74724.9,65110.6,64999.2
2026-05-27 17:20:00,65106.5,74807.3,65098.2,65110.4
2026-05-27 17:25:00,65168.0,74878.1,65192.3,65156.7
2026-05-27 17:30:00,65227.0,74945.8,65263.0,65210.1
2026-05-27 17:35:00,65293.9,75022.7,65380.5,65253.3
2026-05-27 17:40:00,65354.4,75092.2,65369.8,65347.2
2026-05-27 17:45:00,65368.0,75107.8,65424.6,65341.5
2026-05-27 17:50:00,65378.5,75120.0,65396.1,65370.3
2026-05-27 17:55:00,65394.6,75138.4,65366.1,65408.0
2026-05-27 18:00:00,65396.3,75140.4,65353.2,65416.5
2026-05-27 18:05:00,65316.7,75048.9,65306.5,65321.4
2026-05-27 18:10:00,65349.8,75087.0,65331.0,65358.6
2026-05-27 18:15:00,65396.7,75140.9,65435.5,65378.6
2026-05-27 18:20:00,65433.5,75183.1,65423.9,65438.0
2026-05-27 18:25:00,65484.0,75241.1,65541.2,65457.1
2026-05-27 18:30:00,65581.7,75353.3,65542.0,65600.3
2026-05-27 18:35:00,65665.2,75449.3,65660.1,65667.6
2026-05-27 18:40:00,65745.7,75541.8,65736.9,65749.9
2026-05-27 18:45:00,65780.8,75582.1,65844.1,65751.1
2026-05-27 18:50:00,65805.9,75611.0,65812.1,65803.1
2026-05-27 18:55:00,65783.3,75585.0,65783.1,65783.4
2026-05-27 19:00:00,65761.0,75559.4,65723.8,65778.5
2026-05-27 19:05:00,65734.4,75528.8,65727.0,65737.9
2026-05-27 19:10:00,65717.9,75509.9,65772.8,65692.2
2026-05-27 19:15:00,65721.4,75513.9,65769.7,65698.8
2026-05-27 19:20:00,65712.5,75503.7,65753.0,65693.6
2026-05-27 19:25:00,65677.5,75463.4,65644.2,65693.1
2026-05-27 19:30:00,65656.6,75439.4,65629.4,65669.3
2026-05-27 19:35:00,65648.8,75430.4,65630.2,65657.4
2026-05-27 19:40:00,65587.3,75359.9,65624.2,65570.0
2026-05-27 19:45:00,65558.2,75326.4,65530.4,65571.3
2026-05-27 19:50:00,65525.8,75289.1,65505.0,65535.5
2026-05-27 19:55:00,65435.4,75185.3,65489.8,65410.0
2026-05-27 20:00:00,65307.1,75037.9,65361.4,65281.6
2026-05-27 20:05:00,65220.9,74938.8,65199.2,65231.0
2026-05-27 20:10:00,65147.6,74854.6,65118.0,65161.5
2026-05-27 20:15:00,65091.5,74790.1,65107.2,65084.1
2026-05-27 20:20:00,65064.3,74758.9,65028.4,65081.2
2026-05-27 20:25:00,65060.5,74754.6,65023.1,65078.1
2026-05-27 20:30:00,65030.8,74720.4,64994.9,65047.7
2026-05-27 20:35:00,64903.6,74574.3,64918.0,64896.9
2026-05-27 20:40:00,64793.7,74447.9,64822.2,64780.3
2026-05-27 20:45:00,64715.9,74358.5,64732.7,64708.0
2026-05-27 20:50:00,64585.0,74208.1,64607.4,64574.5
2026-05-27 20:55:00,64492.6,74102.0,64490.7,64493.4
2026-05-27 21:00:00,64294.9,73874.8,64301.4,64291.8
2026-05-27 21:05:00,64177.1,73739.5,64189.8,64171.2
2026-05-27 21:10:00,64019.4,73558.3,64082.2,63990.0
2026-05-27 21:15:00,63926.1,73451.1,63886.8,63944.6
2026-05-27 21:20:00,63832.4,73343.4,63797.5,63848.7
2026-05-27 21:25:00,63763.4,73264.1,63733.1,63777.5
2026-05-27 21:30:00,63673.3,73160.7,63640.2,63688.9
2026-05-27 21:35:00,63547.3,73015.9,63519.6,63560.3
2026-05-27 21:40:00,63367.5,72809.3,63396.0,63354.2
2026-05-27 21:45:00,63242.4,72665.6,63245.1,63241.2
2026-05-27 21:50:00,63130.8,72537.3,63142.6,63125.3
2026-05-27 21:55:00,62945.8,72324.7,62938.5,62949.2
2026-05-27 22:00:00,62825.8,72186.8,62849.3,62814.8
2026-05-27 22:05:00,62935.1,72312.4,62914.0,62944.9
2026-05-27 22:10:00,62893.1,72264.1,62864.7,62906.4
2026-05-27 22:15:00,62831.9,72193.8,62801.9,62845.9
2026-05-27 22:20:00,62722.8,72068.5,62675.4,62745.0
2026-05-27 22:25:00,62592.7,71919.0,62556.9,62609.5
2026-05-27 22:30:00,62440.6,71744.2,62454.8,62433.9
2026-05-27 22:35:00,62286.1,71566.7,62277.8,62290.0
2026-05-27 22:40:00,62096.4,71348.8,62118.1,62086.3
2026-05-27 22:45:00,61878.6,71098.5,61865.1,61884.9
2026-05-27 22:50:00,61657.5,70844.4,61649.2,61661.4
2026-05-27 22:55:00,61447.3,70603.0,61488.3,61428.1
2026-05-27 23:00:00,61477.5,70637.7,61495.6,61469.1
2026-05-27 23:05:00,61803.5,71012.3,61850.9,61781.4
2026-05-27 23:10:00,61767.5,70970.9,61774.4,61764.3
2026-05-27 23:15:00,61527.5,70695.1,61590.8,61497.9
2026-05-27 23:20:00,61272.9,70402.5,61308.2,61256.3
2026-05-27 23:25:00,60995.6,70084.0,60970.4,61007.4
2026-05-27 23:30:00,60644.4,69680.4,60637.7,60647.5
2026-05-27 23:35:00,60347.8,69339.6,60314.5,60363.4
2026-05-27 23:40:00,60043.6,68990.1,60014.4,60057.3
2026-05-27 23:45:00,59722.1,68620.7,59741.0,59713.2
2026-05-27 23:50:00,59401.5,68252.3,59446.0,59380.6
2026-05-27 23:55:00,59004.2,67795.8,59007.0,59002.9
2026-05-28 00:00:00,58434.5,67141.3,58518.7,58395.1
2026-05-28 00:05:00,58287.4,66972.2,58295.9,58283.4
2026-05-28 00:10:00,58072.8,66725.6,57999.5,58107.1
2026-05-28 00:15:00,57819.9,66435.1,57796.0,57831.1
2026-05-28 00:20:00,57577.9,66157.0,57490.9,57618.7
2026-05-28 00:25:00,57308.6,65847.6,57317.5,57304.4
2026-05-28 00:30:00,57032.0,65529.8,57078.1,57010.4
2026-05-28 00:35:00,56799.5,65262.7,56857.1,56772.6
2026-05-28 00:40:00,56625.3,65062.5,56601.1,56636.7
2026-05-28 00:45:00,56458.8,64871.2,56421.5,56476.3
2026-05-28 00:50:00,56293.8,64681.5,56302.4,56289.7
2026-05-28 00:55:00,56117.6,64479.2,56115.5,56118.6
2026-05-28 01:00:00,55972.0,64311.8,55944.1,55985.1
2026-05-28 01:05:00,55885.0,64211.9,55894.9,55880.4
2026-05-28 01:10:00,55793.5,64106.7,55780.7,55799.4
2026-05-28 01:15:00,55691.4,63989.4,55639.2,55715.8
2026-05-28 01:20:00,55652.7,63944.9,55649.7,55654.0
2026-05-28 01:25:00,55584.3,63866.3,55544.9,55602.7
2026-05-28 01:30:00,55494.7,63763.4,55541.4,55472.8
2026-05-28 01:35:00,55447.7,63709.4,55461.8,55441.0
2026-05-28 01:40:00,55352.4,63600.0,55328.9,55363.5
2026-05-28 01:45:00,55281.7,63518.7,55330.0,55259.1
2026-05-28 01:50:00,55221.3,63449.3,55227.3,55218.5
2026-05-28 01:55:00,55111.1,63322.7,55105.9,55113.6
2026-05-28 02:00:00,55073.1,63279.0,55086.0,55067.0
2026-05-28 02:05:00,55066.6,63271.5,55039.4,55079.3
2026-05-28 02:10:00,55039.9,63240.9,55007.4,55055.2
2026-05-28 02:15:00,55015.2,63212.4,55004.6,55020.1
2026-05-28 02:20:00,55014.8,63212.0,55012.4,55015.9
2026-05-28 02:25:00,55017.3,63214.9,55015.8,55018.1
2026-05-28 02:30:00,55001.9,63197.2,55001.0,55002.3
2026-05-28 02:35:00,54997.1,63191.7,55038.2,54977.8
2026-05-28 02:40:00,54915.3,63097.7,54983.9,54883.1
2026-05-28 02:45:00,54873.9,63050.1,54853.9,54883.2
2026-05-28 02:50:00,54880.6,63057.8,54856.0,54892.1
2026-05-28 02:55:00,54890.3,63069.0,54854.1,54907.3
2026-05-28 03:00:00,54876.4,63053.0,54866.5,54881.1
2026-05-28 03:05:00,54925.3,63109.2,54912.6,54931.3
2026-05-28 03:10:00,54911.6,63093.4,54898.7,54917.6
2026-05-28 03:15:00,54912.7,63094.7,54897.3,54920.0
2026-05-28 03:20:00,54912.7,63094.7,54895.7,54920.7
2026-05-28 03:25:00,54916.4,63098.9,54898.9,54924.6
2026-05-28 03:30:00,54908.6,63090.0,54887.2,54918.6
2026-05-28 03:35:00,54933.3,63118.4,54914.1,54942.4
2026-05-28 03:40:00,54918.3,63101.2,54899.5,54927.2
2026-05-28 03:45:00,54920.1,63103.2,54905.0,54927.2
2026-05-28 03:50:00,54917.7,63100.4,54899.1,54926.4
2026-05-28 03:55:00,54920.5,63103.6,54898.8,54930.7
2026-05-28 04:00:00,55003.5,63199.0,54941.8,55032.4
2026-05-28 04:05:00,55164.5,63384.0,55147.2,55172.5
2026-05-28 04:10:00,55230.7,63460.1,55213.5,55238.8
2026-05-28 04:15:00,55269.2,63504.3,55324.0,55243.5
2026-05-28 04:20:00,55332.0,63576.5,55320.8,55337.3
2026-05-28 04:25:00,55340.2,63585.9,55328.5,55345.7
2026-05-28 04:30:00,55330.4,63574.6,55316.4,55336.9
2026-05-28 04:35:00,55366.8,63616.4,55359.0,55370.4
2026-05-28 04:40:00,55380.0,63631.6,55455.6,55344.6
2026-05-28 04:45:00,55485.8,63753.1,55453.9,55500.7
2026-05-28 04:50:00,55580.1,63861.5,55563.7,55587.7
2026-05-28 04:55:00,55616.0,63902.8,55661.0,55595.0
2026-05-28 05:00:00,55728.2,64031.7,55733.5,55725.8
2026-05-28 05:05:00,55904.6,64234.4,55925.0,55895.0
2026-05-28 05:10:00,55956.6,64294.1,55961.4,55954.4
2026-05-28 05:15:00,56085.3,64442.0,56071.9,56091.6
2026-05-28 05:20:00,56183.5,64554.8,56176.3,56186.8
2026-05-28 05:25:00,56301.1,64690.0,56289.9,56306.4
2026-05-28 05:30:00,56384.2,64785.4,56374.5,56388.7
2026-05-28 05:35:00,56551.2,64977.3,56523.5,56564.2
2026-05-28 05:40:00,56689.7,65136.5,56709.2,56680.6
2026-05-28 05:45:00,56816.3,65281.9,56787.8,56829.6
2026-05-28 05:50:00,56954.8,65441.0,56972.2,56946.6
2026-05-28 05:55:00,57109.8,65619.2,57053.8,57136.1
2026-05-28 06:00:00,57337.9,65881.2,57391.1,57313.0
2026-05-28 06:05:00,57719.2,66319.3,57692.0,57731.9
2026-05-28 06:10:00,57909.7,66538.2,57884.4,57921.5
2026-05-28 06:15:00,58143.6,66807.0,58082.6,58172.1
2026-05-28 06:20:00,58302.4,66989.4,58330.7,58289.1
2026-05-28 06:25:00,58438.7,67146.0,58408.6,58452.7
2026-05-28 06:30:00,58542.2,67265.0,58560.2,58533.8
2026-05-28 06:35:00,58747.7,67501.1,58736.0,58753.2
2026-05-28 06:40:00,58916.3,67694.9,58883.3,58931.8
2026-05-28 06:45:00,59046.7,67844.7,59053.9,59043.3
2026-05-28 06:50:00,59172.3,67989.0,59137.9,59188.5
2026-05-28 06:55:00,59304.4,68140.8,59328.6,59293.1
2026-05-28 07:00:00,59571.7,68447.9,59604.9,59556.2
2026-05-28 07:05:00,60004.6,68945.3,60018.8,59997.9
2026-05-28 07:10:00,60289.3,69272.4,60266.8,60299.8
2026-05-28 07:15:00,60538.9,69559.1,60532.6,60541.8
2026-05-28 07:20:00,60671.0,69711.0,60678.4,60667.6
2026-05-28 07:25:00,60816.0,69877.6,60857.1,60796.8
2026-05-28 07:30:00,60847.1,69913.3,60873.2,60834.9
2026-05-28 07:35:00,61059.7,70157.6,60969.8,61101.8
2026-05-28 07:40:00,61157.4,70269.8,61173.0,61150.1
2026-05-28 07:45:00,61237.5,70361.9,61279.4,61217.9
2026-05-28 07:50:00,61347.0,70487.7,61367.3,61337.5
2026-05-28 07:55:00,61390.1,70537.2,61457.6,61358.4
2026-05-28 08:00:00,61687.9,70879.4,61649.4,61705.9
2026-05-28 08:05:00,62190.9,71457.4,62134.0,62217.6
2026-05-28 08:10:00,62493.1,71804.5,62442.8,62516.6
2026-05-28 08:15:00,62826.0,72187.1,62789.1,62843.3
2026-05-28 08:20:00,63024.7,72415.4,62982.4,63044.6
2026-05-28 08:25:00,63224.0,72644.3,63197.4,63236.4
2026-05-28 08:30:00,63322.2,72757.3,63298.7,63333.3
2026-05-28 08:35:00,63490.4,72950.4,63446.5,63510.9
2026-05-28 08:40:00,63526.3,72991.7,63562.7,63509.2
2026-05-28 08:45:00,63543.4,73011.4,63634.1,63500.9
2026-05-28 08:50:00,63540.7,73008.2,63602.9,63511.5
2026-05-28 08:55:00,63514.9,72978.7,63584.3,63482.4
2026-05-28 09:00:00,63328.3,72764.2,63345.3,63320.3
2026-05-28 09:05:00,63273.2,72701.0,63302.2,63259.7
2026-05-28 09:10:00,63335.9,72773.0,63316.2,63345.2
2026-05-28 09:15:00,63368.7,72810.6,63442.5,63334.1
2026-05-28 09:20:00,63357.9,72798.2,63378.4,63348.3
2026-05-28 09:25:00,63330.9,72767.2,63374.4,63310.5
2026-05-28 09:30:00,63138.8,72546.5,63146.1,63135.4
2026-05-28 09:35:00,62959.5,72340.5,62967.6,62955.7
2026-05-28 09:40:00,62820.7,72181.0,62833.3,62814.9
2026-05-28 09:45:00,62636.0,71968.8,62644.1,62632.2
2026-05-28 09:50:00,62452.2,71757.6,62443.0,62456.6
2026-05-28 09:55:00,62249.2,71524.4,62249.4,62249.2
2026-05-28 10:00:00,61992.2,71229.0,62017.7,61980.3
2026-05-28 10:05:00,61890.6,71112.3,61983.3,61847.1
2026-05-28 10:10:00,61832.8,71045.9,61866.5,61817.0
2026-05-28 10:15:00,61951.6,71182.4,61975.0,61940.7
2026-05-28 10:20:00,61968.3,71201.5,61969.3,61967.8
2026-05-28 10:25:00,61945.5,71175.3,61961.9,61937.8
2026-05-28 10:30:00,61800.3,71008.6,61820.0,61791.1
2026-05-28 10:35:00,61733.2,70931.5,61669.7,61763.0
2026-05-28 10:40:00,61627.9,70810.4,61649.6,61617.7
2026-05-28 10:45:00,61567.0,70740.5,61590.4,61556.0
2026-05-28 10:50:00,61500.7,70664.3,61489.7,61505.9
2026-05-28 10:55:00,61440.8,70595.5,61386.9,61466.1
2026-05-28 11:00:00,61303.7,70437.9,61349.0,61282.5
2026-05-28 11:05:00,61189.8,70307.1,61255.1,61159.2
2026-05-28 11:10:00,61068.7,70167.9,61118.3,61045.5
2026-05-28 11:15:00,60905.5,69980.5,60995.4,60863.4
2026-05-28 11:20:00,60670.1,69709.9,60739.5,60637.5
2026-05-28 11:25:00,60492.1,69505.4,60537.2,60470.9
2026-05-28 11:30:00,60261.9,69240.9,60304.7,60241.9
2026-05-28 11:35:00,60082.9,69035.3,60034.6,60105.5
2026-05-28 11:40:00,59830.3,68745.0,59805.3,59842.0
2026-05-28 11:45:00,59591.9,68471.1,59639.1,59569.8
2026-05-28 11:50:00,59293.5,68128.2,59274.8,59302.2
2026-05-28 11:55:00,58863.9,67634.6,58905.5,58844.4
2026-05-28 12:00:00,58389.1,67089.0,58384.7,58391.1
2026-05-28 12:05:00,58345.6,67039.1,58296.6,58368.6
2026-05-28 12:10:00,58308.8,66996.8,58284.9,58320.0
2026-05-28 12:15:00,58206.5,66879.3,58176.9,58220.4
2026-05-28 12:20:00,58109.8,66768.1,58096.8,58115.9
2026-05-28 12:25:00,57985.8,66625.7,58007.5,57975.7
2026-05-28 12:30:00,57804.8,66417.8,57889.4,57765.2
2026-05-28 12:35:00,57715.0,66314.6,57778.8,57685.2
2026-05-28 12:40:00,57736.2,66338.9,57740.3,57734.3
2026-05-28 12:45:00,57804.7,66417.6,57778.0,57817.2
2026-05-28 12:50:00,57909.7,66538.2,57932.7,57898.9
2026-05-28 12:55:00,58167.5,66834.4,58108.3,58195.2
2026-05-28 13:00:00,58445.8,67154.2,58494.0,58423.2
2026-05-28 13:05:00,58664.7,67405.7,58735.8,58631.3
2026-05-28 13:10:00,58895.5,67671.0,58879.0,58903.3
2026-05-28 13:15:00,59082.7,67886.0,59102.6,59073.4
2026-05-28 13:20:00,59221.4,68045.4,59241.5,59212.0
2026-05-28 13:25:00,59442.5,68299.5,59374.7,59474.3
2026-05-28 13:30:00,59634.8,68520.4,59677.7,59614.8
2026-05-28 13:35:00,59856.2,68774.8,59876.0,59846.9
2026-05-28 13:40:00,60014.7,68956.9,60017.6,60013.3
2026-05-28 13:45:00,60150.3,69112.7,60199.0,60127.5
2026-05-28 13:50:00,60199.4,69169.1,60261.1,60170.4
2026-05-28 13:55:00,60340.7,69331.5,60382.3,60321.2
2026-05-28 14:00:00,60405.9,69406.4,60444.6,60387.8
2026-05-28 14:05:00,60490.0,69503.0,60532.8,60470.0
2026-05-28 14:10:00,60678.5,69719.6,60663.3,60685.6
2026-05-28 14:15:00,60857.6,69925.4,60866.5,60853.5
2026-05-28 14:20:00,61033.4,70127.3,61009.4,61044.6
2026-05-28 14:25:00,61161.7,70274.8,61114.6,61183.8
2026-05-28 14:30:00,61243.4,70368.6,61276.7,61227.8
2026-05-28 14:35:00,61321.3,70458.2,61385.0,61291.5
2026-05-28 14:40:00,61348.6,70489.5,61372.7,61337.3
2026-05-28 14:45:00,61434.8,70588.5,61484.5,61411.5
2026-05-28 14:50:00,61538.8,70708.1,61563.8,61527.1
2026-05-28 14:55:00,61607.5,70787.1,61647.6,61588.8
2026-05-28 15:00:00,61618.0,70799.0,61633.9,61610.5
2026-05-28 15:05:00,61615.0,70795.7,61638.6,61604.0
2026-05-28 15:10:00,61727.3,70924.7,61712.2,61734.4
2026-05-28 15:15:00,61961.5,71193.8,61969.9,61957.6
2026-05-28 15:20:00,62136.6,71395.0,62153.2,62128.8
2026-05-28 15:25:00,62349.9,71640.1,62355.7,62347.3
2026-05-28 15:30:00,62489.7,71800.7,62481.9,62493.4
2026-05-28 15:35:00,62634.8,71967.3,62656.4,62624.6
2026-05-28 15:40:00,62742.9,72091.6,62758.3,62735.7
2026-05-28 15:45:00,62867.9,72235.2,62893.4,62856.0
2026-05-28 15:50:00,63107.1,72510.1,63080.8,63119.5
2026-05-28 15:55:00,63240.3,72663.1,63238.7,63241.0
2026-05-28 16:00:00,63350.7,72789.9,63349.7,63351.1
2026-05-28 16:05:00,63413.9,72862.5,63446.4,63398.6
2026-05-28 16:10:00,63543.0,73011.0,63570.8,63530.0
2026-05-28 16:15:00,63725.8,73221.0,63745.2,63716.8
2026-05-28 16:20:00,63890.0,73409.7,63933.0,63869.9
2026-05-28 16:25:00,64021.8,73561.1,64106.6,63982.1
2026-05-28 16:30:00,64172.0,73733.6,64162.6,64176.3
2026-05-28 16:35:00,64339.3,73925.9,64366.9,64326.4
2026-05-28 16:40:00,64484.8,74093.1,64435.6,64507.9
2026-05-28 16:45:00,64689.7,74328.5,64669.3,64699.3
2026-05-28 16:50:00,64805.6,74461.7,64846.9,64786.3
2026-05-28 16:55:00,64890.9,74559.6,64879.3,64896.3
2026-05-28 17:00:00,64915.7,74588.1,64900.6,64922.7
2026-05-28 17:05:00,64841.5,74502.9,64826.6,64848.5
2026-05-28 17:10:00,64921.6,74594.9,64908.5,64927.8
2026-05-28 17:15:00,64994.5,74678.6,64984.3,64999.2
2026-05-28 17:20:00,65106.3,74807.2,65097.8,65110.4
2026-05-28 17:25:00,65167.9,74877.9,65191.8,65156.7
2026-05-28 17:30:00,65226.8,74945.6,65262.6,65210.1
2026-05-28 17:35:00,65293.8,75022.5,65380.1,65253.3
2026-05-28 17:40:00,65354.3,75092.1,65369.3,65347.2
2026-05-28 17:45:00,65367.9,75107.7,65424.2,65341.5
2026-05-28 17:50:00,65378.0,75119.3,65395.7,65369.6
2026-05-28 17:55:00,65393.8,75137.5,65366.1,65406.8
2026-05-28 18:00:00,65394.6,75138.4,65349.4,65415.8
2026-05-28 18:05:00,65315.0,75046.9,65302.6,65320.8
2026-05-28 18:10:00,65348.2,75085.0,65327.2,65358.0
2026-05-28 18:15:00,65399.1,75143.6,65443.0,65378.6
2026-05-28 18:20:00,65433.4,75183.0,65423.5,65438.0
2026-05-28 18:25:00,65483.8,75240.9,65540.8,65457.1
2026-05-28 18:30:00,65581.5,75353.2,65541.6,65600.3
2026-05-28 18:35:00,65665.1,75449.2,65659.6,65667.6
2026-05-28 18:40:00,65745.6,75541.7,65736.4,65749.9
2026-05-28 18:45:00,65780.6,75581.9,65843.6,65751.1
2026-05-28 18:50:00,65805.4,75610.4,65811.6,65802.4
2026-05-28 18:55:00,65782.5,75584.1,65783.1,65782.2
2026-05-28 19:00:00,65760.4,75558.8,65723.3,65777.8
2026-05-28 19:05:00,65733.8,75528.2,65726.6,65737.2
2026-05-28 19:10:00,65717.3,75509.2,65772.4,65691.5
2026-05-28 19:15:00,65721.3,75513.8,65769.2,65698.8
2026-05-28 19:20:00,65712.4,75503.5,65752.6,65693.6
2026-05-28 19:25:00,65677.3,75463.3,65643.7,65693.1
2026-05-28 19:30:00,65656.4,75439.2,65629.0,65669.3
2026-05-28 19:35:00,65648.6,75430.3,65629.8,65657.4
2026-05-28 19:40:00,65587.2,75359.7,65623.8,65570.0
2026-05-28 19:45:00,65558.1,75326.2,65530.0,65571.3
2026-05-28 19:50:00,65525.2,75288.5,65504.6,65534.9
2026-05-28 19:55:00,65434.6,75184.4,65489.8,65408.8
2026-05-28 20:00:00,65306.5,75037.2,65361.0,65281.0
2026-05-28 20:05:00,65220.3,74938.1,65198.8,65230.3
2026-05-28 20:10:00,65147.0,74853.9,65117.5,65160.8
2026-05-28 20:15:00,65091.3,74789.9,65106.7,65084.1
2026-05-28 20:20:00,65064.2,74758.8,65028.0,65081.2
2026-05-28 20:25:00,65060.4,74754.4,65022.7,65078.1
2026-05-28 20:30:00,65030.7,74720.3,64994.4,65047.7
2026-05-28 20:35:00,64903.3,74573.9,64916.9,64896.9
2026-05-28 20:40:00,64793.3,74447.5,64821.2,64780.3
2026-05-28 20:45:00,64715.5,74358.1,64731.4,64708.0
2026-05-28 20:50:00,64584.1,74207.2,64606.1,64573.8
2026-05-28 20:55:00,64420.0,74018.6,64489.9,64387.3
2026-05-28 21:00:00,64200.4,73766.2,64194.8,64203.0
2026-05-28 21:05:00,64078.1,73625.7,64077.6,64078.3
2026-05-28 21:10:00,63957.3,73486.9,63993.1,63940.5
2026-05-28 21:15:00,63817.2,73326.0,63801.2,63824.7
2026-05-28 21:20:00,63765.0,73266.0,63730.6,63781.2
2026-05-28 21:25:00,63674.5,73162.1,63632.8,63694.1
2026-05-28 21:30:00,63541.1,73008.8,63504.8,63558.2
2026-05-28 21:35:00,63410.6,72858.7,63406.3,63412.6
2026-05-28 21:40:00,63233.0,72654.7,63249.2,63225.4
2026-05-28 21:45:00,63080.5,72479.4,63133.4,63055.7
2026-05-28 21:50:00,62946.8,72325.9,62941.6,62949.2
2026-05-28 21:55:00,62818.2,72178.2,62854.4,62801.3
2026-05-28 22:00:00,62704.5,72047.5,62684.8,62713.7
2026-05-28 22:05:00,62821.0,72181.3,62809.1,62826.5
2026-05-28 22:10:00,62759.0,72110.1,62752.1,62762.2
2026-05-28 22:15:00,62653.9,71989.3,62694.0,62635.1
2026-05-28 22:20:00,62494.7,71806.4,62496.6,62493.7
2026-05-28 22:25:00,62372.3,71665.8,62379.6,62369.0
2026-05-28 22:30:00,62148.2,71408.3,62178.3,62134.1
2026-05-28 22:35:00,61992.0,71228.8,61982.2,61996.6
2026-05-28 22:40:00,61788.1,70994.5,61767.6,61797.7
2026-05-28 22:45:00,61554.0,70725.5,61576.9,61543.2
2026-05-28 22:50:00,61364.4,70507.7,61388.2,61353.3
2026-05-28 22:55:00,61168.4,70282.4,61197.6,61154.6
2026-05-28 23:00:00,61201.3,70320.3,61197.6,61203.0
2026-05-28 23:05:00,61551.8,70723.0,61549.3,61553.0
2026-05-28 23:10:00,61514.5,70680.1,61557.0,61494.6
2026-05-28 23:15:00,61327.5,70465.3,61296.0,61342.2
2026-05-28 23:20:00,61080.9,70182.0,61022.3,61108.4
2026-05-28 23:25:00,60830.3,69894.0,60817.0,60836.5
2026-05-28 23:30:00,60520.4,69537.9,60481.4,60538.6
2026-05-28 23:35:00,60188.3,69156.3,60230.7,60168.4
2026-05-28 23:40:00,59898.2,68823.1,59944.1,59876.7
2026-05-28 23:45:00,59593.3,68472.7,59538.4,59619.1
2026-05-28 23:50:00,59272.5,68104.1,59295.1,59261.9
2026-05-28 23:55:00,58895.3,67670.7,58947.3,58871.0
2026-05-29 00:00:00,58380.0,67078.6,58439.5,58352.1
2026-05-29 00:05:00,58245.8,66924.4,58200.4,58267.0
2026-05-29 00:10:00,57972.4,66610.3,57979.0,57969.3
2026-05-29 00:15:00,57706.7,66305.0,57702.0,57709.0
2026-05-29 00:20:00,57424.2,65980.4,57392.6,57439.0
2026-05-29 00:25:00,57106.1,65614.9,57122.1,57098.6
2026-05-29 00:30:00,56863.9,65336.7,56885.0,56854.0
2026-05-29 00:35:00,56691.8,65138.9,56674.9,56699.7
2026-05-29 00:40:00,56539.6,64964.0,56493.0,56561.4
2026-05-29 00:45:00,56357.1,64754.3,56310.4,56379.0
2026-05-29 00:50:00,56159.5,64527.3,56222.0,56130.3
2026-05-29 00:55:00,55932.7,64266.7,55995.6,55903.2
2026-05-29 01:00:00,55767.2,64076.5,55826.6,55739.4
2026-05-29 01:05:00,55688.5,63986.0,55674.6,55695.0
2026-05-29 01:10:00,55619.4,63906.7,55655.4,55602.6
2026-05-29 01:15:00,55597.9,63881.9,55544.0,55623.1
2026-05-29 01:20:00,55508.5,63779.2,55524.4,55501.0
2026-05-29 01:25:00,55453.8,63716.4,55432.3,55463.8
2026-05-29 01:30:00,55330.6,63574.8,55309.6,55340.4
2026-05-29 01:35:00,55256.8,63490.0,55231.6,55268.6
2026-05-29 01:40:00,55226.2,63454.9,55220.6,55228.7
2026-05-29 01:45:00,55121.8,63334.9,55107.1,55128.6
2026-05-29 01:50:00,55046.2,63248.1,55093.1,55024.2
2026-05-29 01:55:00,54985.2,63178.0,54959.7,54997.1
2026-05-29 02:00:00,54920.7,63103.9,54977.9,54893.9
2026-05-29 02:05:00,54929.6,63114.1,54899.9,54943.5
2026-05-29 02:10:00,54911.9,63093.7,54880.6,54926.5
2026-05-29 02:15:00,54910.2,63091.9,54877.7,54925.5
2026-05-29 02:20:00,54844.3,63016.1,54835.4,54848.4
2026-05-29 02:25:00,54745.6,62902.7,54724.4,54755.5
2026-05-29 02:30:00,54738.8,62894.9,54713.0,54750.9
2026-05-29 02:35:00,54756.1,62914.7,54734.0,54766.4
2026-05-29 02:40:00,54753.8,62912.2,54727.8,54766.0
2026-05-29 02:45:00,54734.0,62889.4,54733.5,54734.3
2026-05-29 02:50:00,54675.7,62822.4,54734.7,54648.0
2026-05-29 02:55:00,54637.1,62778.0,54611.4,54649.2
2026-05-29 03:00:00,54623.2,62762.1,54626.9,54621.5
2026-05-29 03:05:00,54669.5,62815.2,54667.3,54670.5
2026-05-29 03:10:00,54642.2,62783.9,54652.1,54637.6
2026-05-29 03:15:00,54641.4,62783.0,54643.8,54640.3
2026-05-29 03:20:00,54641.9,62783.6,54642.3,54641.7
2026-05-29 03:25:00,54645.8,62788.0,54646.0,54645.7
2026-05-29 03:30:00,54637.9,62779.0,54636.8,54638.5
2026-05-29 03:35:00,54661.0,62805.5,54661.8,54660.7
2026-05-29 03:40:00,54644.6,62786.7,54642.9,54645.4
2026-05-29 03:45:00,54646.4,62788.7,54648.4,54645.5
2026-05-29 03:50:00,54635.4,62776.1,54642.9,54631.9
2026-05-29 03:55:00,54638.6,62779.8,54642.6,54636.8
2026-05-29 04:00:00,54695.7,62845.4,54689.9,54698.4
2026-05-29 04:05:00,54747.3,62904.7,54750.0,54746.1
2026-05-29 04:10:00,54834.2,63004.5,54841.4,54830.9
2026-05-29 04:15:00,54835.9,63006.5,54835.3,54836.2
2026-05-29 04:20:00,54831.5,63001.4,54832.1,54831.2
2026-05-29 04:25:00,54839.4,63010.4,54838.7,54839.7
2026-05-29 04:30:00,54831.1,63001.0,54828.2,54832.5
2026-05-29 04:35:00,54866.8,63042.0,54868.9,54865.8
2026-05-29 04:40:00,54877.0,63053.7,54960.9,54837.7
2026-05-29 04:45:00,54998.8,63193.7,54959.1,55017.4
2026-05-29 04:50:00,55034.4,63234.6,55087.7,55009.5
2026-05-29 04:55:00,55095.6,63304.8,55086.6,55099.7
2026-05-29 05:00:00,55146.7,63363.5,55178.2,55131.9
2026-05-29 05:05:00,55345.4,63591.8,55351.1,55342.7
2026-05-29 05:10:00,55431.3,63690.6,55494.3,55401.9
2026-05-29 05:15:00,55484.9,63752.1,55476.5,55488.8
2026-05-29 05:20:00,55582.5,63864.3,55584.6,55581.5
2026-05-29 05:25:00,55623.0,63910.8,55686.3,55593.3
2026-05-29 05:30:00,55747.4,64053.8,55719.0,55760.7
2026-05-29 05:35:00,55897.0,64225.6,55886.2,55902.0
2026-05-29 05:40:00,55967.6,64306.8,55958.4,55971.9
2026-05-29 05:45:00,56114.7,64475.8,56039.8,56149.7
2026-05-29 05:50:00,56212.9,64588.7,56174.9,56230.8
2026-05-29 05:55:00,56307.2,64697.0,56290.3,56315.1
2026-05-29 06:00:00,56474.7,64889.5,56499.1,56463.3
2026-05-29 06:05:00,56734.8,65188.3,56816.9,56696.3
2026-05-29 06:10:00,56895.2,65372.6,56930.9,56878.6
2026-05-29 06:15:00,57076.6,65581.0,56993.6,57115.5
2026-05-29 06:20:00,57216.4,65741.6,57168.1,57239.0
2026-05-29 06:25:00,57334.3,65877.1,57342.4,57330.5
2026-05-29 06:30:00,57476.0,66039.9,57451.3,57487.6
2026-05-29 06:35:00,57679.0,66273.2,57675.8,57680.6
2026-05-29 06:40:00,57800.5,66412.8,57836.6,57783.6
2026-05-29 06:45:00,57915.2,66544.6,57929.8,57908.4
2026-05-29 06:50:00,58060.2,66711.1,58018.0,58079.9
2026-05-29 06:55:00,58192.7,66863.4,58199.4,58189.5
2026-05-29 07:00:00,58444.7,67153.0,58409.5,58461.3
2026-05-29 07:05:00,58791.5,67551.4,58798.1,58788.4
2026-05-29 07:10:00,59018.9,67812.8,59014.2,59021.2
2026-05-29 07:15:00,59191.9,68011.4,59183.3,59195.9
2026-05-29 07:20:00,59274.6,68106.5,59339.5,59244.2
2026-05-29 07:25:00,59428.2,68283.0,59450.1,59417.9
2026-05-29 07:30:00,59495.9,68360.8,59472.8,59506.7
2026-05-29 07:35:00,59615.9,68498.7,59644.2,59602.6
2026-05-29 07:40:00,59690.7,68584.7,59650.6,59709.5
2026-05-29 07:45:00,59743.4,68645.1,59726.7,59751.2
2026-05-29 07:50:00,59833.4,68748.6,59851.8,59824.8
2026-05-29 07:55:00,59890.8,68814.5,59933.2,59870.9
2026-05-29 08:00:00,60137.4,69097.9,60119.1,60146.0
2026-05-29 08:05:00,60492.5,69505.9,60538.6,60470.9
2026-05-29 08:10:00,60724.9,69772.9,60725.8,60724.5
2026-05-29 08:15:00,60966.8,70050.8,60948.8,60975.2
2026-05-29 08:20:00,61132.6,70241.4,61157.1,61121.1
2026-05-29 08:25:00,61275.0,70405.0,61257.3,61283.2
2026-05-29 08:30:00,61362.3,70505.3,61374.4,61356.6
2026-05-29 08:35:00,61478.2,70638.5,61513.6,61461.7
2026-05-29 08:40:00,61516.0,70681.9,61522.7,61512.9
2026-05-29 08:45:00,61537.2,70706.3,61496.6,61556.3
2026-05-29 08:50:00,61567.6,70741.1,61589.8,61557.2
2026-05-29 08:55:00,61556.9,70728.9,61586.4,61543.2
2026-05-29 09:00:00,61440.6,70595.3,61477.4,61423.4
2026-05-29 09:05:00,61462.9,70620.9,61529.3,61431.8
2026-05-29 09:10:00,61506.4,70670.8,61515.6,61502.1
2026-05-29 09:15:00,61489.6,70651.6,61541.5,61465.4
2026-05-29 09:20:00,61456.9,70614.0,61463.6,61453.8
2026-05-29 09:25:00,61459.8,70617.3,61467.6,61456.1
2026-05-29 09:30:00,61360.1,70502.8,61399.4,61341.7
2026-05-29 09:35:00,61244.5,70369.9,61303.1,61217.0
2026-05-29 09:40:00,61128.4,70236.6,61177.2,61105.6
2026-05-29 09:45:00,60994.5,70082.6,60967.4,61007.1
2026-05-29 09:50:00,60820.2,69882.4,60847.3,60807.5
2026-05-29 09:55:00,60617.6,69649.6,60635.7,60609.1
2026-05-29 10:00:00,60336.1,69326.1,60401.9,60305.2
2026-05-29 10:05:00,60221.9,69194.9,60294.1,60188.0
2026-05-29 10:10:00,60178.4,69144.9,60220.6,60158.6
2026-05-29 10:15:00,60221.5,69194.5,60222.0,60221.2
2026-05-29 10:20:00,60199.2,69168.8,60196.2,60200.6
2026-05-29 10:25:00,60139.7,69100.5,60189.2,60116.5
2026-05-29 10:30:00,60016.0,68958.3,60003.4,60021.8
2026-05-29 10:35:00,59954.6,68887.8,59946.8,59958.2
2026-05-29 10:40:00,59841.3,68757.7,59844.8,59839.7
2026-05-29 10:45:00,59768.1,68673.5,59759.8,59772.0
2026-05-29 10:50:00,59659.9,68549.3,59659.9,59659.9
2026-05-29 10:55:00,59615.5,68498.2,59582.0,59631.2
2026-05-29 11:00:00,59462.3,68322.2,59466.8,59460.3
2026-05-29 11:05:00,59369.6,68215.7,59426.6,59342.9
2026-05-29 11:10:00,59309.8,68147.0,59323.0,59303.7
2026-05-29 11:15:00,59293.2,68127.9,59250.1,59313.4
2026-05-29 11:20:00,59226.7,68051.5,59200.9,59238.8
2026-05-29 11:25:00,59179.6,67997.3,59105.8,59214.1
2026-05-29 11:30:00,59058.4,67858.1,59054.8,59060.1
2026-05-29 11:35:00,58965.2,67751.0,58885.1,59002.7
2026-05-29 11:40:00,58829.5,67595.1,58853.3,58818.4
2026-05-29 11:45:00,58593.2,67323.6,58687.2,58549.2
2026-05-29 11:50:00,58335.2,67027.1,58393.4,58307.9
2026-05-29 11:55:00,57962.1,66598.5,58044.6,57923.5
2026-05-29 12:00:00,57459.0,66020.4,57583.0,57400.9
2026-05-29 12:05:00,57463.0,66025.0,57416.7,57484.6
2026-05-29 12:10:00,57422.5,65978.5,57399.2,57433.5
2026-05-29 12:15:00,57372.9,65921.4,57397.3,57361.4
2026-05-29 12:20:00,57354.7,65900.5,57319.3,57371.2
2026-05-29 12:25:00,57370.3,65918.5,57290.0,57407.9
2026-05-29 12:30:00,57311.2,65850.6,57218.3,57354.8
2026-05-29 12:35:00,57331.5,65873.9,57337.8,57328.5
2026-05-29 12:40:00,57432.5,65990.0,57376.8,57458.7
2026-05-29 12:45:00,57522.5,66093.4,57507.5,57529.6
2026-05-29 12:50:00,57627.1,66213.5,57608.9,57635.6
2026-05-29 12:55:00,57808.5,66422.0,57761.8,57830.4
2026-05-29 13:00:00,58046.7,66695.7,58138.2,58003.9
2026-05-29 13:05:00,58295.8,66981.8,58376.7,58257.8
2026-05-29 13:10:00,58482.2,67196.1,58480.0,58483.3
2026-05-29 13:15:00,58625.9,67361.1,58624.9,58626.3
2026-05-29 13:20:00,58756.5,67511.2,58784.3,58743.4
2026-05-29 13:25:00,58939.5,67721.5,58889.8,58962.8
2026-05-29 13:30:00,59124.1,67933.6,59094.6,59137.9
2026-05-29 13:35:00,59335.2,68176.1,59298.2,59352.5
2026-05-29 13:40:00,59497.2,68362.2,59459.2,59515.0
2026-05-29 13:45:00,59611.6,68493.7,59639.6,59598.5
2026-05-29 13:50:00,59675.5,68567.2,59673.1,59676.7
2026-05-29 13:55:00,59737.5,68638.3,59774.9,59719.9
2026-05-29 14:00:00,59865.2,68785.2,59884.2,59856.4
2026-05-29 14:05:00,59943.4,68875.0,59968.8,59931.5
2026-05-29 14:10:00,60054.3,69002.4,60096.9,60034.3
2026-05-29 14:15:00,60138.8,69099.4,60177.6,60120.6
2026-05-29 14:20:00,60215.9,69188.1,60243.8,60202.9
2026-05-29 14:25:00,60375.4,69371.3,60353.1,60385.8
2026-05-29 14:30:00,60546.6,69568.1,60519.1,60559.5
2026-05-29 14:35:00,60651.0,69688.0,60630.7,60660.5
2026-05-29 14:40:00,60738.3,69788.3,60690.1,60760.9
2026-05-29 14:45:00,60846.8,69912.9,60806.4,60865.7
2026-05-29 14:50:00,60936.2,70015.6,60875.5,60964.6
2026-05-29 14:55:00,61023.9,70116.4,60979.4,61044.7
2026-05-29 15:00:00,61048.0,70144.1,61067.8,61038.7
2026-05-29 15:05:00,61085.9,70187.7,61158.5,61051.9
2026-05-29 15:10:00,61182.3,70298.5,61247.2,61151.9
2026-05-29 15:15:00,61309.7,70444.9,61399.8,61267.5
2026-05-29 15:20:00,61467.7,70626.4,61448.2,61476.9
2026-05-29 15:25:00,61638.3,70822.4,61672.5,61622.3
2026-05-29 15:30:00,61766.0,70969.1,61810.0,61745.4
2026-05-29 15:35:00,61933.9,71162.1,61898.1,61950.7
2026-05-29 15:40:00,62101.2,71354.3,62101.4,62101.2
2026-05-29 15:45:00,62287.4,71568.2,62200.9,62327.8
2026-05-29 15:50:00,62398.0,71695.3,62393.5,62400.1
2026-05-29 15:55:00,62539.5,71857.9,62545.6,62536.7
2026-05-29 16:00:00,62604.6,71932.7,62586.3,62613.3
2026-05-29 16:05:00,62606.0,71934.3,62666.2,62577.8
2026-05-29 16:10:00,62723.5,72069.3,62789.0,62692.8
2026-05-29 16:15:00,62866.9,72234.1,62890.9,62855.7
2026-05-29 16:20:00,63055.6,72450.9,63074.3,63046.9
2026-05-29 16:25:00,63224.9,72645.4,63280.1,63199.0
2026-05-29 16:30:00,63320.7,72755.5,63316.4,63322.8
2026-05-29 16:35:00,63415.8,72864.8,63402.0,63422.3
2026-05-29 16:40:00,63537.5,73004.6,63527.0,63542.4
2026-05-29 16:45:00,63696.3,73187.1,63692.9,63698.0
2026-05-29 16:50:00,63739.0,73236.1,63765.7,63726.5
2026-05-29 16:55:00,63808.4,73315.8,63833.7,63796.5
2026-05-29 17:00:00,63848.1,73361.5,63872.5,63836.6
2026-05-29 17:05:00,63869.5,73386.0,63831.7,63887.2
2026-05-29 17:10:00,63978.6,73511.4,63960.0,63987.3
2026-05-29 17:15:00,64073.7,73620.6,64070.8,64075.0
2026-05-29 17:20:00,64134.3,73690.3,64255.6,64077.5
2026-05-29 17:25:00,64237.7,73809.1,64246.3,64233.6
2026-05-29 17:30:00,64299.9,73880.5,64299.4,64300.1
2026-05-29 17:35:00,64418.4,74016.8,64405.4,64424.6
2026-05-29 17:40:00,64498.2,74108.5,64485.3,64504.3
2026-05-29 17:45:00,64614.0,74241.5,64597.2,64621.9
2026-05-29 17:50:00,64673.0,74309.3,64674.1,64672.5
2026-05-29 17:55:00,64731.8,74376.8,64747.2,64724.5
2026-05-29 18:00:00,64782.2,74434.8,64747.5,64798.5
2026-05-29 18:05:00,64782.7,74435.4,64795.0,64777.0
2026-05-29 18:10:00,64840.0,74501.1,64872.8,64824.6
2026-05-29 18:15:00,64893.5,74562.6,64895.3,64892.7
2026-05-29 18:20:00,64942.2,74618.6,64938.0,64944.2
2026-05-29 18:25:00,65001.3,74686.5,65089.4,64960.0
2026-05-29 18:30:00,65083.3,74780.8,65086.6,65081.8
2026-05-29 18:35:00,65152.4,74860.1,65173.7,65142.4
2026-05-29 18:40:00,65159.4,74868.2,65234.0,65124.5
2026-05-29 18:45:00,65150.8,74858.3,65219.3,65118.7
2026-05-29 18:50:00,65115.8,74818.1,65188.2,65082.0
2026-05-29 18:55:00,65072.1,74767.8,65088.1,65064.5
2026-05-29 19:00:00,65064.0,74758.6,65044.8,65073.0
2026-05-29 19:05:00,65035.0,74725.2,65053.4,65026.4
2026-05-29 19:10:00,64993.6,74677.6,64988.0,64996.2
2026-05-29 19:15:00,64994.9,74679.1,64972.4,65005.4
2026-05-29 19:20:00,64991.5,74675.3,64971.4,65001.0
2026-05-29 19:25:00,64967.9,74648.1,64966.1,64968.8
2026-05-29 19:30:00,64958.5,74637.3,64954.6,64960.3
2026-05-29 19:35:00,64904.7,74575.5,64954.0,64881.7
2026-05-29 19:40:00,64869.2,74534.7,64847.0,64879.6
2026-05-29 19:45:00,64871.9,74537.8,64852.7,64880.8
2026-05-29 19:50:00,64834.0,74494.2,64814.1,64843.3
2026-05-29 19:55:00,64766.6,74416.8,64706.2,64794.9
2026-05-29 20:00:00,64640.8,74272.3,64693.4,64616.2
2026-05-29 20:05:00,64537.8,74154.0,64532.6,64540.3
2026-05-29 20:10:00,64468.8,74074.6,64468.9,64468.7
2026-05-29 20:15:00,64397.1,73992.2,64454.9,64370.0
2026-05-29 20:20:00,64350.7,73938.9,64351.0,64350.5
2026-05-29 20:25:00,64256.8,73831.0,64251.6,64259.2
2026-05-29 20:30:00,64123.5,73677.9,64104.3,64132.5
2026-05-29 20:35:00,64044.9,73587.6,64005.9,64063.2
2026-05-29 20:40:00,63979.6,73512.6,63905.4,64014.4
2026-05-29 20:45:00,63851.2,73365.1,63814.9,63868.2
2026-05-29 20:50:00,63753.6,73252.8,63713.9,63772.1
2026-05-29 20:55:00,63641.4,73123.9,63609.8,63656.1
2026-05-29 21:00:00,63432.5,72884.0,63491.2,63405.1
2026-05-29 21:05:00,63270.6,72697.9,63371.5,63223.3
2026-05-29 21:10:00,63169.8,72582.1,63194.5,63158.2
2026-05-29 21:15:00,63087.5,72487.6,63083.5,63089.5
2026-05-29 21:20:00,62973.6,72356.7,62972.3,62974.3
2026-05-29 21:25:00,62877.1,72245.8,62876.7,62877.2
2026-05-29 21:30:00,62776.4,72130.1,62777.0,62776.1
2026-05-29 21:35:00,62694.3,72035.8,62689.5,62696.6
2026-05-29 21:40:00,62568.5,71891.2,62564.0,62570.6
2026-05-29 21:45:00,62401.0,71698.8,62391.8,62405.3
2026-05-29 21:50:00,62253.5,71529.3,62298.0,62232.6
2026-05-29 21:55:00,62107.6,71361.7,62148.1,62088.6
2026-05-29 22:00:00,62004.1,71242.7,61919.8,62043.6
2026-05-29 22:05:00,62106.3,71360.2,62009.1,62151.9
2026-05-29 22:10:00,62072.1,71320.9,61955.2,62126.9
2026-05-29 22:15:00,61897.0,71119.7,61895.3,61897.8
2026-05-29 22:20:00,61708.9,70903.6,61685.2,61720.1
2026-05-29 22:25:00,61530.8,70698.9,61473.9,61557.4
2026-05-29 22:30:00,61326.1,70463.7,61368.8,61306.1
2026-05-29 22:35:00,61113.5,70219.4,61088.2,61125.3
2026-05-29 22:40:00,60854.4,69921.7,60887.7,60838.8
2026-05-29 22:45:00,60737.2,69787.1,60750.9,60730.8
2026-05-29 22:50:00,60600.4,69629.9,60580.5,60609.7
2026-05-29 22:55:00,60419.8,69422.4,60457.2,60402.3
2026-05-29 23:00:00,60458.1,69466.4,60456.6,60458.8
2026-05-29 23:05:00,60857.6,69925.3,60746.3,60909.7
2026-05-29 23:10:00,60954.5,70036.7,60940.4,60961.1
2026-05-29 23:15:00,60875.2,69945.6,60869.2,60878.0
2026-05-29 23:20:00,60700.9,69745.3,60704.6,60699.2
2026-05-29 23:25:00,60498.2,69512.5,60491.4,60501.4
2026-05-29 23:30:00,60231.8,69206.3,60233.7,60230.9
2026-05-29 23:35:00,59994.1,68933.2,59966.6,60006.9
2026-05-29 23:40:00,59747.1,68649.4,59709.1,59764.9
2026-05-29 23:45:00,59452.1,68310.5,59456.1,59450.2
2026-05-29 23:50:00,59186.7,68005.6,59215.7,59173.2
2026-05-29 23:55:00,58803.9,67565.7,58856.6,58779.2
2026-05-30 00:00:00,58339.3,67031.9,58390.8,58315.2
2026-05-30 00:05:00,58154.3,66819.3,58158.7,58152.2
2026-05-30 00:10:00,57897.4,66524.1,57872.3,57909.2
2026-05-30 00:15:00,57577.5,66156.6,57554.0,57588.6
2026-05-30 00:20:00,57274.0,65807.8,57279.6,57271.4
2026-05-30 00:25:00,56957.2,65443.8,56943.3,56963.7
2026-05-30 00:30:00,56717.4,65168.3,56708.2,56721.8
2026-05-30 00:35:00,56495.1,64912.8,56457.0,56512.9
2026-05-30 00:40:00,56335.0,64728.9,56286.7,56357.6
2026-05-30 00:45:00,56112.6,64473.4,56100.3,56118.4
2026-05-30 00:50:00,55863.0,64186.6,55856.9,55865.8
2026-05-30 00:55:00,55651.2,63943.3,55639.7,55656.7
2026-05-30 01:00:00,55492.9,63761.3,55474.5,55501.5
2026-05-30 01:05:00,55412.9,63669.4,55404.5,55416.8
2026-05-30 01:10:00,55303.4,63543.6,55262.5,55322.6
2026-05-30 01:15:00,55186.5,63409.2,55137.0,55209.6
2026-05-30 01:20:00,55027.7,63226.8,55009.7,55036.1
2026-05-30 01:25:00,54903.8,63084.4,54901.8,54904.6
2026-05-30 01:30:00,54796.8,62961.5,54800.2,54795.1
2026-05-30 01:35:00,54681.6,62829.1,54687.8,54678.6
2026-05-30 01:40:00,54553.4,62681.9,54534.5,54562.3
2026-05-30 01:45:00,54399.5,62505.1,54413.4,54393.1
2026-05-30 01:50:00,54246.6,62329.3,54241.1,54249.2
2026-05-30 01:55:00,54146.1,62213.8,54122.6,54157.1
2026-05-30 02:00:00,54049.0,62102.3,54009.2,54067.7
2026-05-30 02:05:00,54070.1,62126.5,54043.5,54082.5
2026-05-30 02:10:00,54043.8,62096.3,54024.1,54053.0
2026-05-30 02:15:00,54042.3,62094.6,54022.6,54051.5
2026-05-30 02:20:00,54040.8,62092.9,54016.4,54052.2
2026-05-30 02:25:00,54030.8,62081.4,54019.0,54036.3
2026-05-30 02:30:00,53932.4,61968.3,54014.8,53893.8
2026-05-30 02:35:00,53884.8,61913.6,53884.5,53884.9
2026-05-30 02:40:00,53864.3,61890.1,53873.0,53860.3
2026-05-30 02:45:00,53775.4,61787.9,53867.2,53732.4
2026-05-30 02:50:00,53703.5,61705.3,53693.6,53708.1
2026-05-30 02:55:00,53618.6,61607.7,53693.4,53583.5
2026-05-30 03:00:00,53573.0,61555.4,53568.3,53575.2
2026-05-30 03:05:00,53599.8,61586.2,53589.6,53604.7
2026-05-30 03:10:00,53592.1,61577.3,53579.7,53597.9
2026-05-30 03:15:00,53593.4,61578.9,53578.4,53600.5
2026-05-30 03:20:00,53588.8,61573.5,53574.4,53595.5
2026-05-30 03:25:00,53565.7,61547.0,53577.9,53560.0
2026-05-30 03:30:00,53555.0,61534.7,53559.3,53553.0
2026-05-30 03:35:00,53572.7,61555.1,53576.7,53570.9
2026-05-30 03:40:00,53574.8,61557.5,53562.1,53580.8
2026-05-30 03:45:00,53576.4,61559.3,53566.9,53580.8
2026-05-30 03:50:00,53588.9,61573.6,53563.6,53600.8
2026-05-30 03:55:00,53594.5,61580.1,53567.3,53607.3
2026-05-30 04:00:00,53617.4,61606.4,53592.6,53629.0
2026-05-30 04:05:00,53644.7,61637.8,53623.0,53654.8
2026-05-30 04:10:00,53633.8,61625.3,53601.3,53649.1
2026-05-30 04:15:00,53635.6,61627.3,53595.4,53654.4
2026-05-30 04:20:00,53630.5,61621.4,53590.1,53649.4
2026-05-30 04:25:00,53636.2,61628.0,53596.4,53654.8
2026-05-30 04:30:00,53630.4,61621.4,53593.3,53647.8
2026-05-30 04:35:00,53652.1,61646.3,53612.7,53670.5
2026-05-30 04:40:00,53631.1,61622.1,53591.4,53649.7
2026-05-30 04:45:00,53629.8,61620.7,53590.6,53648.2
2026-05-30 04:50:00,53623.3,61613.1,53587.1,53640.2
2026-05-30 04:55:00,53619.8,61609.2,53586.1,53635.7
2026-05-30 05:00:00,53630.7,61621.7,53625.0,53633.4
2026-05-30 05:05:00,53677.0,61674.8,53653.7,53687.9
2026-05-30 05:10:00,53648.0,61641.6,53633.1,53655.1
2026-05-30 05:15:00,53646.2,61639.5,53620.7,53658.1
2026-05-30 05:20:00,53641.7,61634.4,53613.6,53654.9
2026-05-30 05:25:00,53642.1,61634.8,53615.4,53654.6
2026-05-30 05:30:00,53639.2,61631.5,53616.3,53650.0
2026-05-30 05:35:00,53671.6,61668.7,53644.5,53684.3
2026-05-30 05:40:00,53642.0,61634.6,53614.6,53654.8
2026-05-30 05:45:00,53641.5,61634.0,53612.4,53655.1
2026-05-30 05:50:00,53636.2,61628.0,53610.7,53648.2
2026-05-30 05:55:00,53631.5,61622.6,53608.0,53642.4
2026-05-30 06:00:00,53651.4,61645.5,53646.7,53653.7
2026-05-30 06:05:00,53734.1,61740.5,53699.7,53750.2
2026-05-30 06:10:00,53780.9,61794.3,53777.8,53782.4
2026-05-30 06:15:00,53773.5,61785.8,53766.8,53776.7
2026-05-30 06:20:00,53756.0,61765.6,53750.7,53758.4
2026-05-30 06:25:00,53757.1,61766.9,53754.8,53758.1
2026-05-30 06:30:00,53745.1,61753.1,53748.8,53743.3
2026-05-30 06:35:00,53764.2,61775.1,53771.8,53760.6
2026-05-30 06:40:00,53732.9,61739.1,53742.9,53728.3
2026-05-30 06:45:00,53734.5,61740.9,53747.0,53728.6
2026-05-30 06:50:00,53741.5,61749.0,53791.0,53718.3
2026-05-30 06:55:00,53735.9,61742.6,53787.4,53711.9
2026-05-30 07:00:00,53750.4,61759.2,53810.2,53722.4
2026-05-30 07:05:00,53867.7,61894.0,53853.2,53874.5
2026-05-30 07:10:00,53848.1,61871.5,53936.8,53806.6
2026-05-30 07:15:00,53799.2,61815.2,53796.4,53800.5
2026-05-30 07:20:00,53761.3,61771.7,53750.4,53766.4
2026-05-30 07:25:00,53752.8,61762.0,53738.8,53759.4
2026-05-30 07:30:00,53712.3,61715.4,53693.8,53721.0
2026-05-30 07:35:00,53680.0,61678.3,53741.0,53651.4
2026-05-30 07:40:00,53591.5,61576.6,53568.1,53602.5
2026-05-30 07:45:00,53595.3,61581.0,53567.9,53608.2
2026-05-30 07:50:00,53534.2,61510.9,53572.2,53516.5
2026-05-30 07:55:00,53403.4,61360.5,53513.1,53352.0
2026-05-30 08:00:00,53447.5,61411.2,53448.4,53447.1
2026-05-30 08:05:00,53529.6,61505.5,53509.1,53539.1
2026-05-30 08:10:00,53536.6,61513.6,53619.8,53497.6
2026-05-30 08:15:00,53542.2,61520.0,53640.6,53496.1
2026-05-30 08:20:00,53519.7,61494.1,53590.8,53486.4
2026-05-30 08:25:00,53476.6,61444.6,53447.0,53490.4
2026-05-30 08:30:00,53437.8,61400.0,53397.9,53456.5
2026-05-30 08:35:00,53458.2,61423.5,53429.8,53471.6
2026-05-30 08:40:00,53389.2,61344.2,53367.6,53399.3
2026-05-30 08:45:00,53392.3,61347.7,53377.1,53399.4
2026-05-30 08:50:00,53392.7,61348.2,53344.1,53415.4
2026-05-30 08:55:00,53375.3,61328.2,53341.6,53391.0
2026-05-30 09:00:00,53390.5,61345.7,53333.6,53417.2
2026-05-30 09:05:00,53465.7,61432.1,53407.4,53493.1
2026-05-30 09:10:00,53494.1,61464.7,53438.9,53519.9
2026-05-30 09:15:00,53508.2,61480.9,53468.2,53527.0
2026-05-30 09:20:00,53490.2,61460.3,53425.8,53520.4
2026-05-30 09:25:00,53494.8,61465.5,53436.3,53522.2
2026-05-30 09:30:00,53453.1,61417.6,53393.3,53481.1
2026-05-30 09:35:00,53473.3,61440.8,53411.8,53502.1
2026-05-30 09:40:00,53435.8,61397.7,53382.9,53460.6
2026-05-30 09:45:00,53439.1,61401.5,53393.0,53460.7
2026-05-30 09:50:00,53429.6,61390.7,53380.2,53452.8
2026-05-30 09:55:00,53420.3,61379.9,53372.0,53442.9
2026-05-30 10:00:00,53407.1,61364.8,53368.2,53425.4
2026-05-30 10:05:00,53535.0,61511.7,53488.3,53556.9
2026-05-30 10:10:00,53595.8,61581.6,53670.8,53560.6
2026-05-30 10:15:00,53738.6,61745.7,53760.4,53728.4
2026-05-30 10:20:00,53807.5,61824.8,53807.1,53807.7
2026-05-30 10:25:00,53793.0,61808.1,53805.9,53786.9
2026-05-30 10:30:00,53728.1,61733.5,53719.4,53732.1
2026-05-30 10:35:00,53745.3,61753.3,53741.4,53747.1
2026-05-30 10:40:00,53722.4,61727.0,53723.0,53722.1
2026-05-30 10:45:00,53725.4,61730.4,53732.2,53722.2
2026-05-30 10:50:00,53715.2,61718.7,53717.0,53714.3
2026-05-30 10:55:00,53630.2,61621.1,53708.0,53593.7
2026-05-30 11:00:00,53563.3,61544.3,53551.0,53569.1
2026-05-30 11:05:00,53592.9,61578.3,53566.8,53605.2
2026-05-30 11:10:00,53562.8,61543.7,53573.0,53558.0
2026-05-30 11:15:00,53548.1,61526.8,53566.4,53539.6
2026-05-30 11:20:00,53435.4,61397.2,53531.8,53390.2
2026-05-30 11:25:00,53395.9,61351.9,53380.6,53403.1
2026-05-30 11:30:00,53368.3,61320.1,53354.3,53374.8
2026-05-30 11:35:00,53385.7,61340.1,53376.2,53390.1
2026-05-30 11:40:00,53353.3,61302.9,53349.2,53355.2
2026-05-30 11:45:00,53252.3,61186.9,53348.8,53207.1
2026-05-30 11:50:00,53160.9,61081.9,53101.8,53188.6
2026-05-30 11:55:00,52942.2,60830.6,52894.6,52964.5
2026-05-30 12:00:00,52747.2,60606.6,52695.8,52771.3
2026-05-30 12:05:00,52748.6,60608.1,52694.8,52773.7
2026-05-30 12:10:00,52752.2,60612.3,52707.2,52773.3
2026-05-30 12:15:00,52705.6,60558.7,52694.6,52710.7
2026-05-30 12:20:00,52711.7,60565.8,52704.7,52715.0
2026-05-30 12:25:00,52714.4,60568.9,52704.8,52719.0
2026-05-30 12:30:00,52689.0,60539.6,52667.8,52698.9
2026-05-30 12:35:00,52710.9,60564.8,52708.2,52712.2
2026-05-30 12:40:00,52752.3,60612.4,52738.2,52758.9
2026-05-30 12:45:00,52747.9,60607.4,52738.0,52752.6
2026-05-30 12:50:00,52758.1,60619.1,52732.8,52770.0
2026-05-30 12:55:00,52781.2,60645.6,52741.2,52800.0
2026-05-30 13:00:00,52816.6,60686.2,52847.5,52802.1
2026-05-30 13:05:00,52848.9,60723.4,53000.9,52777.8
2026-05-30 13:10:00,52915.4,60799.8,52956.3,52896.3
2026-05-30 13:15:00,52972.2,60865.1,52973.1,52971.8
2026-05-30 13:20:00,52960.1,60851.1,52949.0,52965.2
2026-05-30 13:25:00,52974.9,60868.2,52966.2,52979.0
2026-05-30 13:30:00,52960.7,60851.8,52959.2,52961.4
2026-05-30 13:35:00,52975.8,60869.2,52978.9,52974.4
2026-05-30 13:40:00,52950.0,60839.5,52941.2,52954.1
2026-05-30 13:45:00,52941.4,60829.6,52935.8,52944.0
2026-05-30 13:50:00,52914.3,60798.5,52906.0,52918.2
2026-05-30 13:55:00,52909.2,60792.7,52909.9,52908.9
2026-05-30 14:00:00,52955.0,60845.3,52909.7,52976.2
2026-05-30 14:05:00,52933.8,60820.9,52902.3,52948.5
2026-05-30 14:10:00,52953.9,60844.0,52934.1,52963.1
2026-05-30 14:15:00,52958.4,60849.2,52944.0,52965.2
2026-05-30 14:20:00,52952.0,60841.9,52934.6,52960.2
2026-05-30 14:25:00,52963.1,60854.6,52944.9,52971.7
2026-05-30 14:30:00,52949.7,60839.2,52932.8,52957.6
2026-05-30 14:35:00,52955.5,60845.8,52936.9,52964.2
2026-05-30 14:40:00,52952.4,60842.3,52938.6,52958.8
2026-05-30 14:45:00,52955.0,60845.3,52948.4,52958.1
2026-05-30 14:50:00,52947.2,60836.3,52930.7,52954.9
2026-05-30 14:55:00,52938.9,60826.8,52921.5,52947.1
2026-05-30 15:00:00,52937.2,60824.8,52912.1,52949.0
2026-05-30 15:05:00,52945.8,60834.7,52902.0,52966.3
2026-05-30 15:10:00,53003.7,60901.2,52984.4,53012.7
2026-05-30 15:15:00,53087.9,60998.1,53215.6,53028.1
2026-05-30 15:20:00,53177.8,61101.2,53195.2,53169.6
2026-05-30 15:25:00,53250.2,61184.5,53374.1,53192.2
2026-05-30 15:30:00,53327.9,61273.8,53345.4,53319.7
2026-05-30 15:35:00,53338.6,61286.0,53367.8,53324.9
2026-05-30 15:40:00,53341.3,61289.1,53370.0,53327.8
2026-05-30 15:45:00,53346.3,61294.9,53380.5,53330.3
2026-05-30 15:50:00,53343.9,61292.2,53369.7,53331.9
2026-05-30 15:55:00,53334.3,61281.1,53358.7,53322.8
2026-05-30 16:00:00,53386.8,61341.4,53304.9,53425.1
2026-05-30 16:05:00,53499.3,61470.6,53459.8,53517.8
2026-05-30 16:10:00,53559.8,61540.2,53526.0,53575.6
2026-05-30 16:15:00,53712.3,61715.4,53723.0,53707.3
2026-05-30 16:20:00,53761.2,61771.6,53877.9,53706.5
2026-05-30 16:25:00,53918.7,61952.6,53880.3,53936.7
2026-05-30 16:30:00,54059.5,62114.3,54030.7,54072.9
2026-05-30 16:35:00,54211.6,62289.1,54187.6,54222.8
2026-05-30 16:40:00,54335.1,62431.0,54322.9,54340.8
2026-05-30 16:45:00,54389.6,62493.7,54466.5,54353.6
2026-05-30 16:50:00,54548.3,62676.0,54504.4,54568.9
2026-05-30 16:55:00,54656.0,62799.8,54623.0,54671.5
2026-05-30 17:00:00,54719.2,62872.4,54722.1,54717.9
2026-05-30 17:05:00,54767.0,62927.2,54813.3,54745.2
2026-05-30 17:10:00,54917.0,63099.6,54902.5,54923.7
2026-05-30 17:15:00,55067.0,63272.0,55039.2,55080.0
2026-05-30 17:20:00,55176.6,63397.9,55179.4,55175.3
2026-05-30 17:25:00,55283.4,63520.7,55290.3,55280.2
2026-05-30 17:30:00,55420.2,63677.8,55428.9,55416.1
2026-05-30 17:35:00,55549.0,63825.8,55554.2,55546.6
2026-05-30 17:40:00,55673.4,63968.7,55641.6,55688.3
2026-05-30 17:45:00,55764.4,64073.3,55729.3,55780.8
2026-05-30 17:50:00,55835.5,64155.0,55816.5,55844.4
2026-05-30 17:55:00,55997.5,64341.1,55969.5,56010.6
2026-05-30 18:00:00,56110.9,64471.4,56044.5,56141.9
2026-05-30 18:05:00,56161.2,64529.2,56096.3,56191.6
2026-05-30 18:10:00,56224.3,64601.7,56284.6,56196.0
2026-05-30 18:15:00,56302.6,64691.7,56292.7,56307.2
2026-05-30 18:20:00,56356.7,64753.9,56372.1,56349.5
2026-05-30 18:25:00,56455.2,64867.1,56496.0,56436.1
2026-05-30 18:30:00,56561.2,64988.9,56636.2,56526.1
2026-05-30 18:35:00,56656.0,65097.7,56731.5,56620.6
2026-05-30 18:40:00,56713.4,65163.7,56773.2,56685.4
2026-05-30 18:45:00,56777.8,65237.7,56776.4,56778.4
2026-05-30 18:50:00,56828.6,65296.1,56854.6,56816.4
2026-05-30 18:55:00,56882.5,65358.0,56950.6,56850.6
2026-05-30 19:00:00,56978.2,65468.0,56929.3,57001.2
2026-05-30 19:05:00,57015.3,65510.6,56984.0,57030.0
2026-05-30 19:10:00,57065.8,65568.6,57119.8,57040.6
2026-05-30 19:15:00,57101.1,65609.1,57099.4,57101.8
2026-05-30 19:20:00,57121.2,65632.2,57167.3,57099.5
2026-05-30 19:25:00,57147.4,65662.3,57171.2,57136.2
2026-05-30 19:30:00,57207.3,65731.2,57159.1,57229.9
2026-05-30 19:35:00,57237.6,65766.0,57247.5,57233.0
2026-05-30 19:40:00,57238.4,65766.9,57252.7,57231.7
2026-05-30 19:45:00,57241.0,65769.9,57258.4,57232.9
2026-05-30 19:50:00,57279.1,65813.7,57235.9,57299.4
2026-05-30 19:55:00,57278.2,65812.6,57245.0,57293.7
2026-05-30 20:00:00,57283.2,65818.4,57239.6,57303.6
2026-05-30 20:05:00,57314.8,65854.7,57322.9,57311.0
2026-05-30 20:10:00,57341.2,65885.1,57344.3,57339.8
2026-05-30 20:15:00,57331.7,65874.1,57319.5,57337.4
2026-05-30 20:20:00,57320.9,65861.7,57327.4,57317.8
2026-05-30 20:25:00,57327.4,65869.1,57326.4,57327.8
2026-05-30 20:30:00,57302.9,65841.1,57295.5,57306.4
2026-05-30 20:35:00,57321.5,65862.4,57322.1,57321.2
2026-05-30 20:40:00,57313.9,65853.7,57313.5,57314.1
2026-05-30 20:45:00,57316.5,65856.7,57319.2,57315.3
2026-05-30 20:50:00,57297.1,65834.3,57299.1,57296.1
2026-05-30 20:55:00,57293.2,65829.8,57299.1,57290.4
2026-05-30 21:00:00,57179.5,65699.3,57242.8,57149.9
2026-05-30 21:05:00,57089.9,65596.3,57074.5,57097.1
2026-05-30 21:10:00,57037.4,65536.0,57080.0,57017.5
2026-05-30 21:15:00,56923.0,65404.5,56973.8,56899.2
2026-05-30 21:20:00,56839.7,65308.8,56877.5,56821.9
2026-05-30 21:25:00,56752.5,65208.7,56801.9,56729.4
2026-05-30 21:30:00,56675.6,65120.3,56717.7,56655.9
2026-05-30 21:35:00,56602.7,65036.6,56609.4,56599.6
2026-05-30 21:40:00,56527.1,64949.6,56528.9,56526.2
2026-05-30 21:45:00,56436.9,64846.0,56445.2,56433.0
2026-05-30 21:50:00,56351.9,64748.3,56346.7,56354.3
2026-05-30 21:55:00,56281.6,64667.6,56350.2,56249.5
2026-05-30 22:00:00,56216.7,64592.9,56216.4,56216.8
2026-05-30 22:05:00,56261.7,64644.7,56241.8,56271.0
2026-05-30 22:10:00,56209.5,64584.7,56245.6,56192.6
2026-05-30 22:15:00,56146.0,64511.8,56100.5,56167.3
2026-05-30 22:20:00,56073.3,64428.2,56102.3,56059.7
2026-05-30 22:25:00,55968.5,64307.8,55922.5,55990.1
2026-05-30 22:30:00,55820.7,64138.0,55809.4,55826.0
2026-05-30 22:35:00,55696.4,63995.2,55737.9,55677.0
2026-05-30 22:40:00,55590.8,63873.8,55626.1,55574.3
2026-05-30 22:45:00,55505.8,63776.1,55531.7,55493.6
2026-05-30 22:50:00,55442.7,63703.7,55414.4,55456.0
2026-05-30 22:55:00,55302.0,63541.9,55286.7,55309.1
2026-05-30 23:00:00,55296.8,63536.0,55294.5,55297.9
2026-05-30 23:05:00,55481.3,63748.0,55504.3,55470.6
2026-05-30 23:10:00,55445.3,63706.7,55520.1,55410.3
2026-05-30 23:15:00,55291.7,63530.1,55248.1,55312.1
2026-05-30 23:20:00,55137.9,63353.4,55118.4,55147.0
2026-05-30 23:25:00,54987.9,63181.1,54976.2,54993.4
2026-05-30 23:30:00,54744.7,62901.7,54770.9,54732.5
2026-05-30 23:35:00,54565.6,62695.9,54523.7,54585.3
2026-05-30 23:40:00,54308.5,62400.4,54308.5,54308.4
2026-05-30 23:45:00,53993.5,62038.6,53964.1,54007.3
2026-05-30 23:50:00,53703.8,61705.6,53659.3,53724.6
2026-05-30 23:55:00,53399.9,61356.5,53463.5,53370.2
2026-05-31 00:00:00,53110.0,61023.4,53063.9,53131.6
2026-05-31 00:05:00,52847.5,60721.8,52865.6,52839.0
2026-05-31 00:10:00,52626.9,60468.3,52637.4,52622.0
2026-05-31 00:15:00,52358.7,60160.2,52463.7,52309.5
2026-05-31 00:20:00,52074.0,59833.0,52060.7,52080.2
2026-05-31 00:25:00,51864.6,59592.4,51832.4,51879.6
2026-05-31 00:30:00,51667.5,59366.0,51626.2,51686.9
2026-05-31 00:35:00,51448.7,59114.5,51452.3,51447.0
2026-05-31 00:40:00,51264.1,58902.5,51235.4,51277.6
2026-05-31 00:45:00,51095.0,58708.1,51030.6,51125.1
2026-05-31 00:50:00,51067.6,58676.7,51035.7,51082.5
2026-05-31 00:55:00,50899.4,58483.5,51015.7,50845.0
2026-05-31 01:00:00,50855.3,58432.8,50836.4,50864.2
2026-05-31 01:05:00,50799.2,58368.3,50854.1,50773.4
2026-05-31 01:10:00,50596.6,58135.5,50601.8,50594.2
2026-05-31 01:15:00,50603.9,58143.9,50602.9,50604.4
2026-05-31 01:20:00,50632.0,58176.2,50602.8,50645.7
2026-05-31 01:25:00,50624.3,58167.3,50612.6,50629.8
2026-05-31 01:30:00,50645.4,58191.5,50611.0,50661.5
2026-05-31 01:35:00,50637.8,58182.8,50624.1,50644.2
2026-05-31 01:40:00,50634.3,58178.9,50614.8,50643.5
2026-05-31 01:45:00,50628.8,58172.5,50597.2,50643.6
2026-05-31 01:50:00,50639.3,58184.6,50596.7,50659.3
2026-05-31 01:55:00,50585.2,58122.4,50610.5,50573.3
2026-05-31 02:00:00,50576.5,58112.4,50596.8,50567.0
2026-05-31 02:05:00,50488.5,58011.2,50631.8,50421.3
2026-05-31 02:10:00,50392.0,57900.4,50351.7,50410.8
2026-05-31 02:15:00,50348.8,57850.8,50347.9,50349.2
2026-05-31 02:20:00,50347.2,57848.9,50348.5,50346.6
2026-05-31 02:25:00,50350.3,57852.5,50353.5,50348.9
2026-05-31 02:30:00,50348.9,57850.9,50349.6,50348.6
2026-05-31 02:35:00,50355.7,57858.7,50360.5,50353.5
2026-05-31 02:40:00,50351.1,57853.5,50352.1,50350.7
2026-05-31 02:45:00,50352.6,57855.2,50356.6,50350.8
2026-05-31 02:50:00,50352.2,57854.7,50354.3,50351.2
2026-05-31 02:55:00,50348.2,57850.1,50352.2,50346.3
2026-05-31 03:00:00,50359.3,57862.9,50357.6,50360.2
2026-05-31 03:05:00,50400.1,57909.8,50384.5,50407.5
2026-05-31 03:10:00,50396.0,57905.0,50381.1,50402.9
2026-05-31 03:15:00,50395.7,57904.6,50378.8,50403.6
2026-05-31 03:20:00,50394.2,57903.0,50379.9,50400.9
2026-05-31 03:25:00,50400.0,57909.6,50383.4,50407.8
2026-05-31 03:30:00,50396.2,57905.2,50381.7,50402.9
2026-05-31 03:35:00,50412.5,57923.9,50394.7,50420.8
2026-05-31 03:40:00,50398.8,57908.2,50385.4,50405.1
2026-05-31 03:45:00,50400.2,57909.9,50389.7,50405.1
2026-05-31 03:50:00,50399.4,57908.9,50387.7,50404.9
2026-05-31 03:55:00,50403.7,57913.9,50387.3,50411.5
2026-05-31 04:00:00,50423.7,57936.8,50407.2,50431.4
2026-05-31 04:05:00,50446.6,57963.1,50431.1,50453.8
2026-05-31 04:10:00,50439.5,57954.9,50416.3,50450.3
2026-05-31 04:15:00,50438.1,57953.3,50409.6,50451.4
2026-05-31 04:20:00,50435.7,57950.7,50408.0,50448.7
2026-05-31 04:25:00,50441.5,57957.3,50414.4,50454.2
2026-05-31 04:30:00,50438.0,57953.3,50413.9,50449.3
2026-05-31 04:35:00,50456.7,57974.8,50428.9,50469.8
2026-05-31 04:40:00,50438.9,57954.3,50412.8,50451.1
2026-05-31 04:45:00,50437.6,57952.8,50412.0,50449.6
2026-05-31 04:50:00,50432.7,57947.2,50409.6,50443.6
2026-05-31 04:55:00,50432.7,57947.2,50409.8,50443.5
2026-05-31 05:00:00,50434.9,57949.7,50416.7,50443.4
2026-05-31 05:05:00,50473.3,57993.9,50438.6,50489.6
2026-05-31 05:10:00,50449.1,57966.0,50424.9,50460.4
2026-05-31 05:15:00,50446.6,57963.2,50418.3,50459.9
2026-05-31 05:20:00,50441.8,57957.6,50412.9,50455.3
2026-05-31 05:25:00,50442.1,57958.0,50414.7,50454.9
2026-05-31 05:30:00,50441.3,57957.1,50417.6,50452.5
2026-05-31 05:35:00,50471.0,57991.2,50442.1,50484.5
2026-05-31 05:40:00,50444.5,57960.7,50417.5,50457.2
2026-05-31 05:45:00,50444.0,57960.2,50415.2,50457.5
2026-05-31 05:50:00,50440.0,57955.5,50414.6,50451.9
2026-05-31 05:55:00,50439.5,57954.9,50413.2,50451.8
2026-05-31 06:00:00,50452.8,57970.2,50429.2,50463.8
2026-05-31 06:05:00,50514.9,58041.6,50475.4,50533.4
2026-05-31 06:10:00,50458.1,57976.4,50416.5,50477.6
2026-05-31 06:15:00,50453.1,57970.6,50409.9,50473.3
2026-05-31 06:20:00,50438.1,57953.3,50398.1,50456.8
2026-05-31 06:25:00,50439.0,57954.4,50401.7,50456.5
2026-05-31 06:30:00,50431.8,57946.1,50397.6,50447.7
2026-05-31 06:35:00,50449.0,57965.9,50419.5,50462.8
2026-05-31 06:40:00,50415.7,57927.7,50391.1,50427.3
2026-05-31 06:45:00,50417.3,57929.4,50395.2,50427.6
2026-05-31 06:50:00,50409.0,57919.9,50390.0,50417.9
2026-05-31 06:55:00,50408.2,57919.0,50387.6,50417.8
2026-05-31 07:00:00,50398.9,57908.3,50380.1,50407.7
2026-05-31 07:05:00,50463.1,57982.1,50433.9,50476.7
2026-05-31 07:10:00,50417.6,57929.9,50385.9,50432.5
2026-05-31 07:15:00,50419.1,57931.6,50399.7,50428.2
2026-05-31 07:20:00,50383.1,57890.2,50356.8,50395.4
2026-05-31 07:25:00,50374.5,57880.3,50344.7,50388.4
2026-05-31 07:30:00,50339.5,57840.1,50307.0,50354.7
2026-05-31 07:35:00,50372.2,57877.7,50350.6,50382.3
2026-05-31 07:40:00,50330.0,57829.1,50313.3,50337.7
2026-05-31 07:45:00,50334.9,57834.8,50316.7,50343.4
2026-05-31 07:50:00,50335.1,57835.0,50318.4,50342.9
2026-05-31 07:55:00,50333.7,57833.4,50311.3,50344.1
2026-05-31 08:00:00,50403.9,57914.1,50389.6,50410.6
2026-05-31 08:05:00,50468.4,57988.2,50444.7,50479.5
2026-05-31 08:10:00,50442.1,57957.9,50405.3,50459.3
2026-05-31 08:15:00,50447.4,57964.0,50427.8,50456.6
2026-05-31 08:20:00,50427.4,57941.0,50383.0,50448.2
2026-05-31 08:25:00,50434.6,57949.3,50397.0,50452.2
2026-05-31 08:30:00,50389.3,57897.3,50356.0,50404.8
2026-05-31 08:35:00,50402.9,57913.0,50369.8,50418.5
2026-05-31 08:40:00,50342.9,57844.0,50318.4,50354.4
2026-05-31 08:45:00,50345.9,57847.5,50327.8,50354.4
2026-05-31 08:50:00,50314.5,57811.4,50295.0,50323.7
2026-05-31 08:55:00,50310.6,57806.9,50287.8,50321.4
2026-05-31 09:00:00,50170.1,57645.5,50278.6,50119.4
2026-05-31 09:05:00,50139.7,57610.5,50086.0,50164.9
2026-05-31 09:10:00,50171.7,57647.3,50131.5,50190.6
2026-05-31 09:15:00,50112.8,57579.6,50156.2,50092.5
2026-05-31 09:20:00,50088.3,57551.5,50084.7,50090.0
2026-05-31 09:25:00,50092.7,57556.5,50094.7,50091.7
2026-05-31 09:30:00,50059.7,57518.6,50061.1,50059.0
2026-05-31 09:35:00,50077.4,57539.0,50075.2,50078.5
2026-05-31 09:40:00,50041.7,57497.9,50046.8,50039.3
2026-05-31 09:45:00,50044.9,57501.6,50056.9,50039.4
2026-05-31 09:50:00,50025.8,57479.6,50045.2,50016.7
2026-05-31 09:55:00,49873.1,57304.1,50038.0,49795.8
2026-05-31 10:00:00,49809.6,57231.2,49782.4,49822.3
2026-05-31 10:05:00,49920.4,57358.6,49872.4,49942.9
2026-05-31 10:10:00,49929.8,57369.3,49891.5,49947.7
2026-05-31 10:15:00,49953.5,57396.6,49957.7,49951.5
2026-05-31 10:20:00,49917.3,57355.0,49887.3,49931.4
2026-05-31 10:25:00,49902.9,57338.4,49886.3,49910.6
2026-05-31 10:30:00,49838.1,57264.0,49811.5,49850.5
2026-05-31 10:35:00,49852.6,57280.6,49828.2,49864.1
2026-05-31 10:40:00,49831.2,57256.0,49809.6,49841.3
2026-05-31 10:45:00,49834.2,57259.5,49818.8,49841.4
2026-05-31 10:50:00,49826.5,57250.7,49805.0,49836.6
2026-05-31 10:55:00,49827.0,57251.3,49797.0,49841.1
2026-05-31 11:00:00,49813.3,57235.5,49788.4,49825.0
2026-05-31 11:05:00,49830.9,57255.7,49797.3,49846.6
2026-05-31 11:10:00,49833.4,57258.6,49806.6,49845.9
2026-05-31 11:15:00,49836.4,57262.1,49814.7,49846.6
2026-05-31 11:20:00,49825.4,57249.4,49793.0,49840.6
2026-05-31 11:25:00,49836.6,57262.2,49800.4,49853.5
2026-05-31 11:30:00,49819.2,57242.3,49785.9,49834.8
2026-05-31 11:35:00,49833.6,57258.8,49802.4,49848.2
2026-05-31 11:40:00,49804.1,57224.9,49779.7,49815.6
2026-05-31 11:45:00,49802.5,57223.1,49779.3,49813.4
2026-05-31 11:50:00,49792.4,57211.4,49776.7,49799.7
2026-05-31 11:55:00,49799.8,57220.0,49764.2,49816.5
2026-05-31 12:00:00,49776.5,57193.2,49739.2,49794.0
2026-05-31 12:05:00,49868.4,57298.8,49824.8,49888.8
2026-05-31 12:10:00,49872.7,57303.7,49844.6,49885.8
2026-05-31 12:15:00,49869.9,57300.5,49834.5,49886.5
2026-05-31 12:20:00,49876.2,57307.7,49845.7,49890.4
2026-05-31 12:25:00,49879.2,57311.2,49846.8,49894.4
2026-05-31 12:30:00,49862.1,57291.5,49814.4,49884.4
2026-05-31 12:35:00,49880.5,57312.7,49852.4,49893.7
2026-05-31 12:40:00,49910.6,57347.3,49884.4,49922.9
2026-05-31 12:45:00,49919.2,57357.1,49892.3,49931.8
2026-05-31 12:50:00,49927.7,57366.9,49888.5,49946.0
2026-05-31 12:55:00,49935.8,57376.2,49898.5,49953.2
2026-05-31 13:00:00,50046.7,57503.7,50003.9,50066.8
2026-05-31 13:05:00,50282.0,57774.0,50241.2,50301.1
2026-05-31 13:10:00,50347.2,57848.9,50454.8,50296.8
2026-05-31 13:15:00,50498.1,58022.3,50469.7,50511.4
2026-05-31 13:20:00,50489.3,58012.2,50452.8,50506.4
2026-05-31 13:25:00,50504.9,58030.2,50467.5,50522.4
2026-05-31 13:30:00,50497.8,58021.9,50462.7,50514.2
2026-05-31 13:35:00,50509.6,58035.5,50478.8,50524.0
2026-05-31 13:40:00,50478.3,57999.6,50443.5,50494.6
2026-05-31 13:45:00,50473.1,57993.5,50438.1,50489.4
2026-05-31 13:50:00,50541.5,58072.2,50460.9,50579.2
2026-05-31 13:55:00,50547.5,58079.1,50472.2,50582.8
2026-05-31 14:00:00,50648.5,58195.1,50725.6,50612.3
2026-05-31 14:05:00,50769.0,58333.6,50686.8,50807.5
2026-05-31 14:10:00,50760.8,58324.2,50722.5,50778.8
2026-05-31 14:15:00,50757.7,58320.6,50733.0,50769.3
2026-05-31 14:20:00,50753.0,58315.2,50722.2,50767.4
2026-05-31 14:25:00,50764.2,58328.0,50732.8,50778.9
2026-05-31 14:30:00,50796.4,58365.1,50725.8,50829.5
2026-05-31 14:35:00,50801.2,58370.5,50733.3,50832.9
2026-05-31 14:40:00,50797.3,58366.1,50727.7,50829.9
2026-05-31 14:45:00,50798.7,58367.7,50733.6,50829.2
2026-05-31 14:50:00,50794.9,58363.4,50721.2,50829.5
2026-05-31 14:55:00,50787.7,58355.0,50707.8,50825.1
2026-05-31 15:00:00,50837.5,58412.3,50759.6,50874.0
2026-05-31 15:05:00,50908.4,58493.8,50987.1,50871.6
2026-05-31 15:10:00,51078.8,58689.5,51086.1,51075.4
2026-05-31 15:15:00,51227.0,58859.8,51354.3,51167.4
2026-05-31 15:20:00,51359.4,59012.0,51370.1,51354.4
2026-05-31 15:25:00,51583.9,59269.9,51607.4,51572.9
2026-05-31 15:30:00,51780.4,59495.7,51795.4,51773.5
2026-05-31 15:35:00,51988.1,59734.3,52022.9,51971.8
2026-05-31 15:40:00,52248.2,60033.2,52239.7,52252.2
2026-05-31 15:45:00,52451.8,60267.1,52470.5,52443.0
2026-05-31 15:50:00,52696.3,60548.0,52722.8,52683.8
2026-05-31 15:55:00,52868.9,60746.4,52896.2,52856.1
2026-05-31 16:00:00,53008.0,60906.2,53039.7,52993.1
2026-05-31 16:05:00,53134.9,61052.0,53198.0,53105.4
2026-05-31 16:10:00,53285.3,61224.9,53249.7,53302.0
2026-05-31 16:15:00,53489.9,61459.9,53474.2,53497.3
2026-05-31 16:20:00,53677.8,61675.7,53647.1,53692.1
2026-05-31 16:25:00,53825.3,61845.3,53810.5,53832.3
2026-05-31 16:30:00,53942.9,61980.3,53946.3,53941.2
2026-05-31 16:35:00,54124.6,62189.2,54133.7,54120.4
2026-05-31 16:40:00,54284.1,62372.4,54260.9,54295.0
2026-05-31 16:45:00,54455.6,62569.4,54390.4,54486.1
2026-05-31 16:50:00,54615.1,62752.7,54622.0,54611.8
2026-05-31 16:55:00,54798.9,62963.9,54811.9,54792.7
2026-05-31 17:00:00,54935.9,63121.3,54892.5,54956.2
2026-05-31 17:05:00,55000.1,63195.1,54994.6,55002.7
2026-05-31 17:10:00,55156.4,63374.7,55226.6,55123.4
2026-05-31 17:15:00,55324.0,63567.3,55319.5,55326.1
2026-05-31 17:20:00,55457.8,63721.1,55452.9,55460.2
2026-05-31 17:25:00,55590.6,63873.6,55670.8,55553.0
2026-05-31 17:30:00,55733.4,64037.6,55775.0,55713.9
2026-05-31 17:35:00,55896.8,64225.4,55875.6,55906.7
2026-05-31 17:40:00,55998.9,64342.7,55988.1,56003.9
2026-05-31 17:45:00,56146.1,64511.9,56088.4,56173.2
2026-05-31 17:50:00,56256.2,64638.4,56295.2,56238.0
2026-05-31 17:55:00,56348.1,64744.0,56392.6,56327.3
2026-05-31 18:00:00,56449.9,64860.9,56482.6,56434.5
2026-05-31 18:05:00,56504.4,64923.6,56540.3,56487.6
2026-05-31 18:10:00,56605.4,65039.6,56591.2,56612.0
2026-05-31 18:15:00,56717.8,65168.7,56709.9,56721.4
2026-05-31 18:20:00,56785.7,65246.8,56765.3,56795.2
2026-05-31 18:25:00,56932.6,65415.6,56902.4,56946.8
2026-05-31 18:30:00,57023.8,65520.4,57069.1,57002.6
2026-05-31 18:35:00,57136.0,65649.3,57164.3,57122.7
2026-05-31 18:40:00,57153.2,65669.0,57223.2,57120.4
2026-05-31 18:45:00,57235.6,65763.7,57221.3,57242.2
2026-05-31 18:50:00,57250.2,65780.5,57284.8,57234.0
2026-05-31 18:55:00,57327.7,65869.5,57289.1,57345.8
2026-05-31 19:00:00,57362.2,65909.2,57359.8,57363.4
2026-05-31 19:05:00,57393.6,65945.3,57349.8,57414.1
2026-05-31 19:10:00,57432.9,65990.5,57447.8,57426.0
2026-05-31 19:15:00,57416.8,65971.9,57439.8,57406.0
2026-05-31 19:20:00,57418.3,65973.7,57435.4,57410.3
2026-05-31 19:25:00,57421.3,65977.1,57441.8,57411.8
2026-05-31 19:30:00,57452.4,66012.8,57448.8,57454.0
2026-05-31 19:35:00,57497.4,66064.6,57478.1,57506.5
2026-05-31 19:40:00,57526.8,66098.3,57568.1,57507.4
2026-05-31 19:45:00,57523.4,66094.4,57553.4,57509.4
2026-05-31 19:50:00,57508.4,66077.2,57538.6,57494.3
2026-05-31 19:55:00,57500.1,66067.6,57539.5,57481.6
2026-05-31 20:00:00,57494.6,66061.3,57510.7,57487.1
2026-05-31 20:05:00,57513.4,66082.9,57512.3,57513.9
2026-05-31 20:10:00,57526.7,66098.2,57528.7,57525.7
2026-05-31 20:15:00,57513.3,66082.8,57508.1,57515.8
2026-05-31 20:20:00,57502.7,66070.6,57503.7,57502.2
2026-05-31 20:25:00,57502.8,66070.7,57505.8,57501.3
2026-05-31 20:30:00,57480.6,66045.2,57486.6,57477.8
2026-05-31 20:35:00,57489.2,66055.1,57488.8,57489.4
2026-05-31 20:40:00,57474.2,66037.9,57479.9,57471.5
2026-05-31 20:45:00,57476.9,66040.9,57485.6,57472.8
2026-05-31 20:50:00,57469.5,66032.4,57466.9,57470.7
2026-05-31 20:55:00,57467.7,66030.4,57468.6,57467.3
2026-05-31 21:00:00,57341.6,65885.5,57387.6,57320.0
2026-05-31 21:05:00,57202.8,65726.1,57233.0,57188.7
2026-05-31 21:10:00,57116.2,65626.5,57170.9,57090.6
2026-05-31 21:15:00,57007.2,65501.3,57043.6,56990.2
2026-05-31 21:20:00,56912.5,65392.4,56947.3,56896.1
2026-05-31 21:25:00,56836.1,65304.7,56862.0,56824.0
2026-05-31 21:30:00,56757.3,65214.2,56790.2,56741.9
2026-05-31 21:35:00,56649.4,65090.2,56696.8,56627.2
2026-05-31 21:40:00,56530.5,64953.5,56588.2,56503.5
2026-05-31 21:45:00,56416.5,64822.6,56430.5,56409.9
2026-05-31 21:50:00,56336.7,64730.9,56335.1,56337.4
2026-05-31 21:55:00,56248.5,64629.6,56240.1,56252.5
2026-05-31 22:00:00,56170.8,64540.3,56204.9,56154.8
2026-05-31 22:05:00,56238.1,64617.6,56235.5,56239.3
2026-05-31 22:10:00,56143.0,64508.3,56126.8,56150.6
2026-05-31 22:15:00,56050.0,64401.4,56084.4,56033.8
2026-05-31 22:20:00,55950.5,64287.1,55975.3,55938.9
2026-05-31 22:25:00,55814.2,64130.5,55811.6,55815.4
2026-05-31 22:30:00,55647.0,63938.5,55663.9,55639.2
2026-05-31 22:35:00,55516.3,63788.3,55488.9,55529.2
2026-05-31 22:40:00,55451.6,63713.9,55401.4,55475.1
2026-05-31 22:45:00,55305.8,63546.4,55284.5,55315.8
2026-05-31 22:50:00,55201.3,63426.3,55159.9,55220.7
2026-05-31 22:55:00,55061.6,63265.8,55039.5,55072.0
2026-05-31 23:00:00,55002.8,63198.2,55040.4,54985.2
2026-05-31 23:05:00,55172.9,63393.6,55223.8,55149.0
2026-05-31 23:10:00,55086.3,63294.2,55138.2,55062.0
2026-05-31 23:15:00,54869.0,63044.5,54839.9,54882.7
2026-05-31 23:20:00,54606.2,62742.6,54700.0,54562.3
2026-05-31 23:25:00,54374.7,62476.5,54445.1,54341.7
2026-05-31 23:30:00,54132.1,62197.8,54108.3,54143.3
2026-05-31 23:35:00,53899.2,61930.2,53850.6,53922.0
2026-05-31 23:40:00,53697.4,61698.4,53691.6,53700.2
2026-05-31 23:45:00,53404.6,61361.8,53366.9,53422.2
2026-05-31 23:50:00,53179.9,61103.8,53163.1,53187.9
2026-05-31 23:55:00,52808.7,60677.1,52903.2,52764.4
2026-06-01 00:00:00,52469.3,60287.3,52493.5,52458.0
2026-06-01 00:05:00,52393.2,60199.8,52369.2,52404.5
2026-06-01 00:10:00,52129.0,59896.2,52107.2,52139.1
2026-06-01 00:15:00,51906.3,59640.3,51856.1,51929.8
2026-06-01 00:20:00,51697.0,59399.8,51638.7,51724.3
2026-06-01 00:25:00,51482.1,59153.0,51464.5,51490.4
2026-06-01 00:30:00,51298.3,58941.7,51243.4,51324.0
2026-06-01 00:35:00,51137.0,58756.4,51064.2,51171.1
2026-06-01 00:40:00,51100.2,58714.1,51059.4,51119.3
2026-06-01 00:45:00,51067.2,58676.3,51042.3,51078.9
2026-06-01 00:50:00,50932.9,58521.9,51035.9,50884.6
2026-06-01 00:55:00,50793.8,58362.1,50818.9,50782.1
2026-06-01 01:00:00,50624.4,58167.4,50596.7,50637.4
2026-06-01 01:05:00,50666.0,58215.2,50642.9,50676.8
2026-06-01 01:10:00,50671.5,58221.5,50623.8,50693.8
2026-06-01 01:15:00,50686.0,58238.2,50629.1,50712.7
2026-06-01 01:20:00,50676.1,58226.8,50633.4,50696.1
2026-06-01 01:25:00,50679.7,58231.0,50638.5,50699.1
2026-06-01 01:30:00,50661.4,58209.9,50627.2,50677.4
2026-06-01 01:35:00,50665.4,58214.5,50628.2,50682.7
2026-06-01 01:40:00,50658.7,58206.9,50611.5,50680.8
2026-06-01 01:45:00,50666.4,58215.7,50610.7,50692.5
2026-06-01 01:50:00,50674.9,58225.4,50623.0,50699.2
2026-06-01 01:55:00,50645.1,58191.3,50619.7,50657.0
2026-06-01 02:00:00,50628.4,58172.0,50605.6,50639.1
2026-06-01 02:05:00,50667.1,58216.5,50651.9,50674.3
2026-06-01 02:10:00,50651.9,58199.0,50634.3,50660.1
2026-06-01 02:15:00,50650.9,58197.9,50632.4,50659.6
2026-06-01 02:20:00,50648.7,58195.4,50633.6,50655.8
2026-06-01 02:25:00,50650.5,58197.4,50638.0,50656.4
2026-06-01 02:30:00,50646.1,58192.4,50629.9,50653.7
2026-06-01 02:35:00,50656.7,58204.5,50646.7,50661.3
2026-06-01 02:40:00,50650.2,58197.1,50630.8,50659.3
2026-06-01 02:45:00,50651.5,58198.6,50634.8,50659.3
2026-06-01 02:50:00,50651.1,58198.1,50631.8,50660.1
2026-06-01 02:55:00,50646.2,58192.4,50630.5,50653.5
2026-06-01 03:00:00,50660.2,58208.5,50633.8,50672.5
2026-06-01 03:05:00,50701.1,58255.6,50665.2,50718.0
2026-06-01 03:10:00,50692.5,58245.7,50662.5,50706.6
2026-06-01 03:15:00,50693.1,58246.3,50660.7,50708.2
2026-06-01 03:20:00,50691.1,58244.1,50662.5,50704.5
2026-06-01 03:25:00,50695.4,58249.0,50665.3,50709.6
2026-06-01 03:30:00,50688.6,58241.2,50659.3,50702.4
2026-06-01 03:35:00,50710.2,58266.0,50678.9,50724.8
2026-06-01 03:40:00,50692.1,58245.3,50658.4,50707.9
2026-06-01 03:45:00,50693.4,58246.7,50662.2,50708.0
2026-06-01 03:50:00,50692.4,58245.6,50659.2,50708.0
2026-06-01 03:55:00,50691.4,58244.4,50661.9,50705.2
2026-06-01 04:00:00,50744.8,58305.7,50716.2,50758.1
2026-06-01 04:05:00,50789.5,58357.1,50767.1,50800.0
2026-06-01 04:10:00,50774.0,58339.3,50740.2,50789.8
2026-06-01 04:15:00,50774.0,58339.4,50734.4,50792.6
2026-06-01 04:20:00,50770.6,58335.4,50731.6,50788.8
2026-06-01 04:25:00,50775.2,58340.7,50738.7,50792.3
2026-06-01 04:30:00,50768.5,58333.1,50733.2,50785.1
2026-06-01 04:35:00,50796.8,58365.5,50767.6,50810.5
2026-06-01 04:40:00,50767.7,58332.1,50724.5,50787.9
2026-06-01 04:45:00,50766.7,58330.9,50721.2,50788.0
2026-06-01 04:50:00,50761.7,58325.2,50715.9,50783.2
2026-06-01 04:55:00,50762.1,58325.6,50720.5,50781.6
2026-06-01 05:00:00,50847.4,58423.6,50802.8,50868.3
2026-06-01 05:05:00,51000.6,58599.7,51118.0,50945.7
2026-06-01 05:10:00,51153.2,58775.0,51099.1,51178.6
2026-06-01 05:15:00,51349.5,59000.6,51312.1,51367.0
2026-06-01 05:20:00,51571.7,59255.9,51569.7,51572.7
2026-06-01 05:25:00,51804.5,59523.4,51798.7,51807.2
2026-06-01 05:30:00,52011.9,59761.6,52015.1,52010.3
2026-06-01 05:35:00,52328.1,60124.9,52300.2,52341.1
2026-06-01 05:40:00,52497.4,60319.5,52451.6,52518.8
2026-06-01 05:45:00,52724.8,60580.8,52702.5,52735.3
2026-06-01 05:50:00,52915.5,60799.9,52914.5,52915.9
2026-06-01 05:55:00,53156.3,61076.6,53143.6,53162.3
2026-06-01 06:00:00,53475.1,61442.9,53448.0,53487.8
2026-06-01 06:05:00,53915.3,61948.7,53927.4,53909.6
2026-06-01 06:10:00,54265.8,62351.4,54237.4,54279.0
2026-06-01 06:15:00,54549.6,62677.5,54506.2,54570.0
2026-06-01 06:20:00,54788.2,62951.6,54795.9,54784.6
2026-06-01 06:25:00,55060.3,63264.3,55050.6,55064.8
2026-06-01 06:30:00,55342.9,63589.0,55312.5,55357.1
2026-06-01 06:35:00,55683.9,63980.8,55714.1,55669.7
2026-06-01 06:40:00,55881.3,64207.6,55878.0,55882.8
2026-06-01 06:45:00,56133.5,64497.3,56115.8,56141.7
2026-06-01 06:50:00,56391.6,64794.0,56437.4,56370.2
2026-06-01 06:55:00,56676.1,65120.9,56661.0,56683.2
2026-06-01 07:00:00,57134.1,65647.0,57093.2,57153.2
2026-06-01 07:05:00,57668.9,66261.6,57730.2,57640.2
2026-06-01 07:10:00,58007.0,66650.0,58045.6,57988.9
2026-06-01 07:15:00,58328.3,67019.2,58384.2,58302.1
2026-06-01 07:20:00,58668.0,67409.6,58672.8,58665.8
2026-06-01 07:25:00,58960.4,67745.5,58934.0,58972.7
2026-06-01 07:30:00,59171.5,67988.1,59129.6,59191.2
2026-06-01 07:35:00,59471.6,68332.8,59492.7,59461.7
2026-06-01 07:40:00,59767.2,68672.5,59775.5,59763.3
2026-06-01 07:45:00,60049.9,68997.4,60040.6,60054.3
2026-06-01 07:50:00,60288.1,69271.0,60296.1,60284.3
2026-06-01 07:55:00,60592.1,69620.3,60590.0,60593.1
2026-06-01 08:00:00,61029.6,70123.0,61053.5,61018.4
2026-06-01 08:05:00,61635.6,70819.3,61577.7,61662.7
2026-06-01 08:10:00,62024.7,71266.4,62025.9,62024.2
2026-06-01 08:15:00,62410.0,71709.1,62453.4,62389.7
2026-06-01 08:20:00,62694.9,72036.4,62736.8,62675.2
2026-06-01 08:25:00,62987.8,72373.0,63033.0,62966.6
2026-06-01 08:30:00,63228.9,72650.0,63277.8,63206.0
2026-06-01 08:35:00,63488.2,72948.0,63493.8,63485.6
2026-06-01 08:40:00,63707.1,73199.5,63691.4,63714.5
2026-06-01 08:45:00,63914.2,73437.4,63928.0,63907.7
2026-06-01 08:50:00,64135.7,73691.9,64127.7,64139.5
2026-06-01 08:55:00,64365.4,73955.8,64328.0,64382.9
2026-06-01 09:00:00,64397.8,73993.0,64484.7,64357.0
2026-06-01 09:05:00,64550.3,74168.3,64523.9,64562.7
2026-06-01 09:10:00,64700.7,74341.1,64666.5,64716.7
2026-06-01 09:15:00,64883.9,74551.6,64866.0,64892.2
2026-06-01 09:20:00,65043.0,74734.4,64957.0,65083.2
2026-06-01 09:25:00,65160.7,74869.6,65213.5,65135.9
2026-06-01 09:30:00,65203.2,74918.5,65232.3,65189.5
2026-06-01 09:35:00,65235.6,74955.8,65245.7,65230.9
2026-06-01 09:40:00,65219.2,74936.8,65303.7,65179.6
2026-06-01 09:45:00,65196.2,74910.4,65198.8,65195.0
2026-06-01 09:50:00,65153.2,74861.1,65174.2,65143.4
2026-06-01 09:55:00,65088.9,74787.2,65149.7,65060.4
2026-06-01 10:00:00,64962.6,74642.0,65035.2,64928.5
2026-06-01 10:05:00,64958.5,74637.3,65046.3,64917.4
2026-06-01 10:10:00,65005.0,74690.7,65068.4,64975.3
2026-06-01 10:15:00,65173.9,74884.8,65133.9,65192.6
2026-06-01 10:20:00,65238.3,74958.8,65228.1,65243.1
2026-06-01 10:25:00,65234.1,74954.0,65325.6,65191.2
2026-06-01 10:30:00,65149.9,74857.2,65229.5,65112.6
2026-06-01 10:35:00,65091.4,74790.0,65142.5,65067.5
2026-06-01 10:40:00,65056.6,74750.0,65045.5,65061.8
2026-06-01 10:45:00,64991.0,74674.6,65053.7,64961.6
2026-06-01 10:50:00,64927.8,74602.0,64920.5,64931.2
2026-06-01 10:55:00,64827.0,74486.2,64813.8,64833.1
2026-06-01 11:00:00,64681.3,74318.8,64657.2,64692.6
2026-06-01 11:05:00,64644.9,74277.0,64650.8,64642.2
2026-06-01 11:10:00,64556.7,74175.7,64534.8,64567.0
2026-06-01 11:15:00,64449.4,74052.4,64419.5,64463.5
2026-06-01 11:20:00,64321.8,73905.7,64294.2,64334.7
2026-06-01 11:25:00,64225.4,73794.9,64200.2,64237.1
2026-06-01 11:30:00,64058.3,73603.0,64035.1,64069.1
2026-06-01 11:35:00,63931.0,73456.7,63873.9,63957.7
2026-06-01 11:40:00,63841.2,73353.5,63756.1,63881.1
2026-06-01 11:45:00,63766.6,73267.8,63712.3,63792.0
2026-06-01 11:50:00,63562.8,73033.6,63473.2,63604.8
2026-06-01 11:55:00,63289.2,72719.3,63226.2,63318.7
2026-06-01 12:00:00,62834.0,72196.3,62868.1,62818.0
2026-06-01 12:05:00,62892.2,72263.2,62858.4,62908.1
2026-06-01 12:10:00,62924.2,72299.9,62934.0,62919.6
2026-06-01 12:15:00,62908.1,72281.4,62901.7,62911.0
2026-06-01 12:20:00,62918.4,72293.2,62911.8,62921.5
2026-06-01 12:25:00,62917.6,72292.4,62896.4,62927.6
2026-06-01 12:30:00,62782.8,72137.5,62770.3,62788.7
2026-06-01 12:35:00,62783.0,72137.7,62770.8,62788.7
2026-06-01 12:40:00,62851.3,72216.1,62831.0,62860.8
2026-06-01 12:45:00,62910.6,72284.2,62875.9,62926.8
2026-06-01 12:50:00,63038.2,72430.8,63024.7,63044.4
2026-06-01 12:55:00,63168.3,72580.3,63126.1,63188.0
2026-06-01 13:00:00,63570.3,73042.3,63489.0,63608.4
2026-06-01 13:05:00,63978.7,73511.6,63901.6,64014.9
2026-06-01 13:10:00,64268.5,73844.5,64233.7,64284.8
2026-06-01 13:15:00,64509.7,74121.6,64538.2,64496.3
2026-06-01 13:20:00,64748.7,74396.2,64707.3,64768.1
2026-06-01 13:25:00,64964.1,74643.7,64930.8,64979.7
2026-06-01 13:30:00,65178.1,74889.7,65186.0,65174.4
2026-06-01 13:35:00,65446.2,75197.7,65401.0,65467.4
2026-06-01 13:40:00,65604.1,75379.1,65625.8,65593.9
2026-06-01 13:45:00,65780.6,75582.0,65760.7,65790.0
2026-06-01 13:50:00,65904.4,75724.2,65910.0,65901.8
2026-06-01 13:55:00,65996.2,75829.6,65986.4,66000.8
2026-06-01 14:00:00,66030.3,75868.9,66072.9,66010.4
2026-06-01 14:05:00,66091.1,75938.7,66147.4,66064.8
2026-06-01 14:10:00,66204.3,76068.7,66203.8,66204.5
2026-06-01 14:15:00,66294.6,76172.5,66323.1,66281.2
2026-06-01 14:20:00,66386.4,76277.9,66379.5,66389.6
2026-06-01 14:25:00,66485.1,76391.4,66479.3,66487.8
2026-06-01 14:30:00,66525.3,76437.6,66530.5,66522.8
2026-06-01 14:35:00,66577.7,76497.8,66547.5,66591.8
2026-06-01 14:40:00,66650.3,76581.2,66656.6,66647.4
2026-06-01 14:45:00,66654.0,76585.4,66728.8,66618.9
2026-06-01 14:50:00,66639.7,76569.1,66703.0,66610.1
2026-06-01 14:55:00,66645.7,76575.9,66675.2,66631.8
2026-06-01 15:00:00,66580.7,76501.2,66653.9,66546.4
2026-06-01 15:05:00,66541.1,76455.8,66535.1,66544.0
2026-06-01 15:10:00,66636.0,76564.8,66675.7,66617.4
2026-06-01 15:15:00,66771.2,76720.1,66718.3,66795.9
2026-06-01 15:20:00,66881.0,76846.3,66893.7,66875.1
2026-06-01 15:25:00,67038.6,77027.4,67033.9,67040.8
2026-06-01 15:30:00,67076.3,77070.7,67090.1,67069.8
2026-06-01 15:35:00,67115.6,77115.8,67209.5,67071.6
2026-06-01 15:40:00,67169.4,77177.7,67209.9,67150.5
2026-06-01 15:45:00,67227.7,77244.6,67303.3,67192.3
2026-06-01 15:50:00,67294.7,77321.6,67289.9,67296.9
2026-06-01 15:55:00,67324.2,77355.5,67408.9,67284.4
2026-06-01 16:00:00,67289.0,77315.0,67342.1,67264.1
2026-06-01 16:05:00,67125.0,77126.6,67277.4,67053.6
2026-06-01 16:10:00,67209.2,77223.4,67264.6,67183.2
2026-06-01 16:15:00,67286.1,77311.7,67356.3,67253.2
2026-06-01 16:20:00,67304.2,77332.5,67414.5,67252.5
2026-06-01 16:25:00,67344.5,77378.9,67427.3,67305.8
2026-06-01 16:30:00,67396.9,77439.1,67395.4,67397.6
2026-06-01 16:35:00,67439.3,77487.8,67500.3,67410.8
2026-06-01 16:40:00,67491.2,77547.4,67480.4,67496.3
2026-06-01 16:45:00,67533.1,77595.5,67609.1,67497.5
2026-06-01 16:50:00,67552.9,77618.3,67565.0,67547.3
2026-06-01 16:55:00,67565.7,77633.0,67539.8,67577.9
2026-06-01 17:00:00,67462.1,77513.9,67453.5,67466.1
2026-06-01 17:05:00,67270.7,77294.0,67295.9,67258.8
2026-06-01 17:10:00,67344.6,77379.0,67363.8,67335.6
2026-06-01 17:15:00,67441.5,77490.3,67404.3,67459.0
2026-06-01 17:20:00,67537.0,77600.0,67500.5,67554.1
2026-06-01 17:25:00,67621.6,77697.2,67601.0,67631.2
2026-06-01 17:30:00,67640.3,77718.7,67686.8,67618.6
2026-06-01 17:35:00,67723.7,77814.5,67703.3,67733.2
2026-06-01 17:40:00,67751.9,77846.9,67806.2,67726.5
2026-06-01 17:45:00,67824.7,77930.6,67811.3,67831.0
2026-06-01 17:50:00,67827.9,77934.3,67874.0,67806.3
2026-06-01 17:55:00,67808.1,77911.5,67846.1,67790.3
2026-06-01 18:00:00,67795.3,77896.7,67823.4,67782.1
2026-06-01 18:05:00,67687.3,77772.7,67684.2,67688.7
2026-06-01 18:10:00,67721.4,77811.9,67687.2,67737.4
2026-06-01 18:15:00,67763.0,77859.6,67833.6,67729.9
2026-06-01 18:20:00,67824.9,77930.9,67811.0,67831.5
2026-06-01 18:25:00,67865.2,77977.1,67885.9,67855.6
2026-06-01 18:30:00,67936.2,78058.7,67896.0,67955.0
2026-06-01 18:35:00,67959.4,78085.3,68005.6,67937.7
2026-06-01 18:40:00,67955.5,78080.9,67991.3,67938.8
2026-06-01 18:45:00,67957.7,78083.4,67995.5,67940.0
2026-06-01 18:50:00,67924.7,78045.5,67964.6,67906.0
2026-06-01 18:55:00,67900.4,78017.5,67931.2,67885.9
2026-06-01 19:00:00,67831.5,77938.4,67733.6,67877.4
2026-06-01 19:05:00,67729.8,77821.5,67722.6,67733.1
2026-06-01 19:10:00,67684.1,77769.0,67694.2,67679.4
2026-06-01 19:15:00,67652.1,77732.2,67577.9,67686.8
2026-06-01 19:20:00,67649.8,77729.6,67579.1,67682.9
2026-06-01 19:25:00,67644.1,77723.1,67570.7,67678.5
2026-06-01 19:30:00,67634.4,77711.9,67566.7,67666.1
2026-06-01 19:35:00,67638.3,77716.4,67575.1,67667.9
2026-06-01 19:40:00,67641.0,77719.5,67570.8,67673.8
2026-06-01 19:45:00,67643.3,77722.2,67575.6,67675.1
2026-06-01 19:50:00,67601.3,77673.8,67545.5,67627.4
2026-06-01 19:55:00,67500.8,77558.4,67528.5,67487.8
2026-06-01 20:00:00,67291.5,77317.9,67348.8,67264.6
2026-06-01 20:05:00,67106.2,77105.1,67140.2,67090.3
2026-06-01 20:10:00,67051.4,77042.1,67016.3,67067.9
2026-06-01 20:15:00,66938.8,76912.7,66888.3,66962.5
2026-06-01 20:20:00,66811.1,76766.0,66787.7,66822.1
2026-06-01 20:25:00,66659.3,76591.5,66655.2,66661.2
2026-06-01 20:30:00,66448.6,76349.4,66514.3,66417.8
2026-06-01 20:35:00,66274.2,76149.0,66315.3,66254.9
2026-06-01 20:40:00,66100.8,75949.8,66122.3,66090.7
2026-06-01 20:45:00,65893.1,75711.2,65887.5,65895.7
2026-06-01 20:50:00,65669.8,75454.6,65662.5,65673.1
2026-06-01 20:55:00,65436.0,75185.9,65481.6,65414.6
2026-06-01 21:00:00,65169.9,74880.2,65217.0,65147.8
2026-06-01 21:05:00,64981.3,74663.5,64963.5,64989.6
2026-06-01 21:10:00,64825.2,74484.2,64803.9,64835.2
2026-06-01 21:15:00,64637.3,74268.3,64584.6,64662.0
2026-06-01 21:20:00,64460.7,74065.3,64420.1,64479.7
2026-06-01 21:25:00,64331.2,73916.6,64336.5,64328.8
2026-06-01 21:30:00,64215.7,73783.8,64146.0,64248.3
2026-06-01 21:35:00,64062.3,73607.6,64064.6,64061.2
2026-06-01 21:40:00,63859.7,73374.7,63868.5,63855.5
2026-06-01 21:45:00,63698.5,73189.6,63726.1,63685.6
2026-06-01 21:50:00,63514.6,72978.3,63556.2,63495.1
2026-06-01 21:55:00,63299.1,72730.6,63308.6,63294.6
2026-06-01 22:00:00,63128.8,72535.0,63089.7,63147.1
2026-06-01 22:05:00,63186.0,72600.8,63097.2,63227.7
2026-06-01 22:10:00,63134.7,72541.8,63088.8,63156.2
2026-06-01 22:15:00,62990.1,72375.6,62963.2,63002.6
2026-06-01 22:20:00,62902.9,72275.4,62848.8,62928.3
2026-06-01 22:25:00,62785.4,72140.5,62751.6,62801.3
2026-06-01 22:30:00,62663.4,72000.3,62653.1,62668.2
2026-06-01 22:35:00,62500.6,71813.2,62543.8,62480.4
2026-06-01 22:40:00,62356.2,71647.3,62353.7,62357.4
2026-06-01 22:45:00,62163.7,71426.1,62199.4,62147.0
2026-06-01 22:50:00,62005.0,71243.7,61989.0,62012.4
2026-06-01 22:55:00,61842.2,71056.7,61766.8,61877.6
2026-06-01 23:00:00,61852.8,71068.8,61851.4,61853.4
2026-06-01 23:05:00,62206.0,71474.7,62211.0,62203.7
2026-06-01 23:10:00,62200.1,71467.9,62215.3,62193.0
2026-06-01 23:15:00,62023.2,71264.6,61999.6,62034.2
2026-06-01 23:20:00,61802.0,71010.5,61782.9,61811.0
2026-06-01 23:25:00,61525.6,70692.9,61464.5,61554.2
2026-06-01 23:30:00,61166.6,70280.4,61123.5,61186.8
2026-06-01 23:35:00,60808.5,69869.0,60802.1,60811.5
2026-06-01 23:40:00,60466.7,69476.3,60480.6,60460.2
2026-06-01 23:45:00,60152.1,69114.7,60108.0,60172.7
2026-06-01 23:50:00,59781.4,68688.8,59831.0,59758.1
2026-06-01 23:55:00,59388.4,68237.3,59359.9,59401.8
2026-06-02 00:00:00,58778.9,67536.9,58825.1,58757.2
2026-06-02 00:05:00,58560.2,67285.7,58559.4,58560.6
2026-06-02 00:10:00,58308.9,66996.9,58277.2,58323.7
2026-06-02 00:15:00,58070.3,66722.7,57997.9,58104.2
2026-06-02 00:20:00,57822.4,66437.9,57797.4,57834.1
2026-06-02 00:25:00,57584.0,66164.0,57495.6,57625.4
2026-06-02 00:30:00,57330.0,65872.2,57348.1,57321.6
2026-06-02 00:35:00,57051.1,65551.7,57100.6,57027.9
2026-06-02 00:40:00,56862.4,65334.9,56860.0,56863.6
2026-06-02 00:45:00,56692.5,65139.7,56672.0,56702.1
2026-06-02 00:50:00,56534.6,64958.2,56488.2,56556.3
2026-06-02 00:55:00,56352.0,64748.5,56301.2,56375.8
2026-06-02 01:00:00,56200.3,64574.1,56247.4,56178.2
2026-06-02 01:05:00,56115.6,64476.8,56116.7,56115.0
2026-06-02 01:10:00,55996.7,64340.2,55964.8,56011.6
2026-06-02 01:15:00,55882.0,64208.4,55866.8,55889.0
2026-06-02 01:20:00,55818.4,64135.4,55780.0,55836.5
2026-06-02 01:25:00,55749.7,64056.4,55767.4,55741.4
2026-06-02 01:30:00,55678.7,63974.8,55668.4,55683.5
2026-06-02 01:35:00,55607.2,63892.7,55558.1,55630.2
2026-06-02 01:40:00,55562.4,63841.3,55543.7,55571.2
2026-06-02 01:45:00,55453.5,63716.0,55450.1,55455.1
2026-06-02 01:50:00,55360.5,63609.2,55321.4,55378.8
2026-06-02 01:55:00,55283.1,63520.3,55322.1,55264.8
2026-06-02 02:00:00,55237.7,63468.2,55198.1,55256.3
2026-06-02 02:05:00,55216.4,63443.6,55264.3,55193.9
2026-06-02 02:10:00,55156.4,63374.7,55125.6,55170.9
2026-06-02 02:15:00,55132.9,63347.7,55115.7,55141.0
2026-06-02 02:20:00,55118.0,63330.6,55090.0,55131.1
2026-06-02 02:25:00,55033.0,63232.9,55095.3,55003.8
2026-06-02 02:30:00,55005.8,63201.6,54996.0,55010.4
2026-06-02 02:35:00,55017.5,63215.1,55016.6,55018.0
2026-06-02 02:40:00,55005.8,63201.7,55002.6,55007.4
2026-06-02 02:45:00,55033.0,63232.9,55020.7,55038.8
2026-06-02 02:50:00,54975.4,63166.8,54976.8,54974.8
2026-06-02 02:55:00,54866.6,63041.7,54840.5,54878.9
2026-06-02 03:00:00,54770.3,62931.0,54845.5,54735.0
2026-06-02 03:05:00,54780.2,62942.4,54773.6,54783.2
2026-06-02 03:10:00,54768.0,62928.4,54763.2,54770.2
2026-06-02 03:15:00,54780.8,62943.1,54758.6,54791.2
2026-06-02 03:20:00,54781.0,62943.3,54757.3,54792.0
2026-06-02 03:25:00,54786.6,62949.9,54766.9,54795.9
2026-06-02 03:30:00,54745.4,62902.5,54755.4,54740.7
2026-06-02 03:35:00,54766.6,62926.8,54779.8,54760.4
2026-06-02 03:40:00,54752.4,62910.5,54761.7,54748.0
2026-06-02 03:45:00,54751.8,62909.8,54765.5,54745.3
2026-06-02 03:50:00,54753.8,62912.1,54765.9,54748.1
2026-06-02 03:55:00,54752.2,62910.2,54766.9,54745.3
2026-06-02 04:00:00,54855.3,63028.7,54815.9,54873.7
2026-06-02 04:05:00,54949.0,63136.4,55005.5,54922.5
2026-06-02 04:10:00,55016.5,63213.9,54979.3,55033.9
2026-06-02 04:15:00,55121.8,63335.0,55103.3,55130.5
2026-06-02 04:20:00,55149.9,63367.2,55202.1,55125.4
2026-06-02 04:25:00,55212.5,63439.2,55209.3,55214.0
2026-06-02 04:30:00,55238.4,63468.9,55198.6,55257.0
2026-06-02 04:35:00,55305.4,63545.9,55354.3,55282.4
2026-06-02 04:40:00,55343.9,63590.2,55313.0,55358.4
2026-06-02 04:45:00,55375.4,63626.4,55415.0,55356.9
2026-06-02 04:50:00,55430.4,63689.6,55409.3,55440.4
2026-06-02 04:55:00,55443.6,63704.7,55454.1,55438.7
2026-06-02 05:00:00,55534.8,63809.5,55541.0,55531.9
2026-06-02 05:05:00,55712.3,64013.4,55738.3,55700.1
2026-06-02 05:10:00,55793.7,64106.9,55862.3,55761.5
2026-06-02 05:15:00,55845.5,64166.5,55850.0,55843.3
2026-06-02 05:20:00,55961.1,64299.3,55958.5,55962.3
2026-06-02 05:25:00,56094.8,64453.0,56074.3,56104.4
2026-06-02 05:30:00,56184.4,64555.9,56171.0,56190.7
2026-06-02 05:35:00,56351.1,64747.4,56342.6,56355.0
2026-06-02 05:40:00,56453.3,64864.8,56472.8,56444.1
2026-06-02 05:45:00,56551.9,64978.1,56591.6,56533.3
2026-06-02 05:50:00,56688.5,65135.1,56720.6,56673.5
2026-06-02 05:55:00,56824.2,65291.0,56795.2,56837.8
2026-06-02 06:00:00,57070.3,65573.7,57113.1,57050.2
2026-06-02 06:05:00,57467.1,66029.6,57424.7,57486.9
2026-06-02 06:10:00,57762.5,66369.2,57747.2,57769.7
2026-06-02 06:15:00,58005.1,66647.9,58011.4,58002.2
2026-06-02 06:20:00,58092.9,66748.7,58169.5,58057.0
2026-06-02 06:25:00,58254.2,66934.1,58254.5,58254.1
2026-06-02 06:30:00,58397.3,67098.5,58419.3,58387.0
2026-06-02 06:35:00,58604.7,67336.8,58561.9,58624.7
2026-06-02 06:40:00,58807.4,67569.7,58819.0,58802.0
2026-06-02 06:45:00,59009.9,67802.4,58998.4,59015.4
2026-06-02 06:50:00,59175.1,67992.2,59180.4,59172.6
2026-06-02 06:55:00,59354.2,68198.0,59373.5,59345.2
2026-06-02 07:00:00,59703.5,68599.4,59725.5,59693.3
2026-06-02 07:05:00,60185.2,69152.8,60146.2,60203.5
2026-06-02 07:10:00,60562.3,69586.0,60526.9,60578.8
2026-06-02 07:15:00,60855.3,69922.7,60877.1,60845.0
2026-06-02 07:20:00,61080.3,70181.3,61122.3,61060.7
2026-06-02 07:25:00,61252.2,70378.8,61290.4,61234.3
2026-06-02 07:30:00,61458.6,70615.9,61444.6,61465.2
2026-06-02 07:35:00,61709.3,70904.0,61702.7,61712.3
2026-06-02 07:40:00,61862.4,71079.9,61820.6,61881.9
2026-06-02 07:45:00,62007.8,71247.0,62018.8,62002.7
2026-06-02 07:50:00,62199.4,71467.2,62144.1,62225.4
2026-06-02 07:55:00,62394.6,71691.4,62373.1,62404.7
2026-06-02 08:00:00,62819.4,72179.5,62800.9,62828.0
2026-06-02 08:05:00,63414.0,72862.6,63379.4,63430.2
2026-06-02 08:10:00,63804.1,73311.0,63740.4,63834.0
2026-06-02 08:15:00,64192.4,73757.1,64232.8,64173.5
2026-06-02 08:20:00,64511.5,74123.7,64512.4,64511.0
2026-06-02 08:25:00,64848.2,74510.5,64858.0,64843.6
2026-06-02 08:30:00,65089.4,74787.7,65145.3,65063.2
2026-06-02 08:35:00,65404.8,75150.1,65383.7,65414.7
2026-06-02 08:40:00,65571.7,75341.9,65573.6,65570.8
2026-06-02 08:45:00,65770.3,75570.1,65769.2,65770.9
2026-06-02 08:50:00,65892.3,75710.3,65954.5,65863.2
2026-06-02 08:55:00,66014.3,75850.4,66016.4,66013.3
2026-06-02 09:00:00,65928.6,75752.0,65984.2,65902.6
2026-06-02 09:05:00,65953.6,75780.7,66032.8,65916.5
2026-06-02 09:10:00,66056.7,75899.1,66093.4,66039.5
2026-06-02 09:15:00,66220.6,76087.5,66223.5,66219.3
2026-06-02 09:20:00,66264.5,76137.9,66291.9,66251.7
2026-06-02 09:25:00,66352.8,76239.4,66356.2,66351.2
2026-06-02 09:30:00,66318.4,76199.8,66399.9,66280.2
2026-06-02 09:35:00,66301.7,76180.6,66296.2,66304.2
2026-06-02 09:40:00,66267.4,76141.2,66262.1,66269.9
2026-06-02 09:45:00,66235.4,76104.4,66249.7,66228.6
2026-06-02 09:50:00,66191.8,76054.3,66223.4,66176.9
2026-06-02 09:55:00,66129.5,75982.8,66093.6,66146.3
2026-06-02 10:00:00,65963.4,75792.0,66040.2,65927.5
2026-06-02 10:05:00,65978.2,75809.0,66002.9,65966.7
2026-06-02 10:10:00,66034.4,75873.5,66044.2,66029.8
2026-06-02 10:15:00,66186.8,76048.6,66236.3,66163.6
2026-06-02 10:20:00,66255.1,76127.1,66213.1,66274.7
2026-06-02 10:25:00,66312.7,76193.3,66304.6,66316.5
2026-06-02 10:30:00,66234.2,76103.1,66211.8,66244.8
2026-06-02 10:35:00,66204.6,76069.1,66243.4,66186.4
2026-06-02 10:40:00,66157.9,76015.5,66119.5,66175.9
2026-06-02 10:45:00,66161.3,76019.3,66130.0,66176.0
2026-06-02 10:50:00,66136.1,75990.4,66120.7,66143.3
2026-06-02 10:55:00,66058.9,75901.7,66091.8,66043.5
2026-06-02 11:00:00,65961.5,75789.7,65937.2,65972.8
2026-06-02 11:05:00,65905.7,75725.7,65893.7,65911.4
2026-06-02 11:10:00,65810.2,75615.9,65797.4,65816.2
2026-06-02 11:15:00,65707.1,75497.5,65705.0,65708.1
2026-06-02 11:20:00,65606.3,75381.6,65580.8,65618.2
2026-06-02 11:25:00,65505.9,75266.2,65477.1,65519.4
2026-06-02 11:30:00,65338.4,75073.8,65280.4,65365.6
2026-06-02 11:35:00,65212.9,74929.6,65224.8,65207.3
2026-06-02 11:40:00,64982.1,74664.4,64938.5,65002.5
2026-06-02 11:45:00,64790.5,74444.3,64751.7,64808.7
2026-06-02 11:50:00,64485.7,74094.1,64464.2,64495.8
2026-06-02 11:55:00,64138.9,73695.6,64115.2,64150.0
2026-06-02 12:00:00,63611.2,73089.2,63609.9,63611.8
2026-06-02 12:05:00,63608.7,73086.4,63596.0,63614.7
2026-06-02 12:10:00,63627.8,73108.3,63581.8,63649.3
2026-06-02 12:15:00,63641.9,73124.5,63660.8,63633.0
2026-06-02 12:20:00,63714.4,73207.9,63669.5,63735.5
2026-06-02 12:25:00,63739.3,73236.4,63722.0,63747.4
2026-06-02 12:30:00,63697.4,73188.3,63567.6,63758.2
2026-06-02 12:35:00,63746.1,73244.2,63635.9,63797.7
2026-06-02 12:40:00,63838.5,73350.4,63806.6,63853.4
2026-06-02 12:45:00,63951.8,73480.6,63907.3,63972.6
2026-06-02 12:50:00,64053.9,73597.9,64072.8,64045.0
2026-06-02 12:55:00,64236.8,73808.1,64197.2,64255.4
2026-06-02 13:00:00,64668.1,74303.7,64594.8,64702.5
2026-06-02 13:05:00,65093.7,74792.7,65098.9,65091.3
2026-06-02 13:10:00,65404.5,75149.7,65409.4,65402.2
2026-06-02 13:15:00,65535.1,75299.8,65572.2,65517.7
2026-06-02 13:20:00,65734.6,75529.1,65763.4,65721.1
2026-06-02 13:25:00,65952.9,75779.9,65977.0,65941.6
2026-06-02 13:30:00,66171.9,76031.5,66167.5,66173.9
2026-06-02 13:35:00,66432.2,76330.6,66381.8,66455.8
2026-06-02 13:40:00,66615.4,76541.1,66642.6,66602.6
2026-06-02 13:45:00,66778.5,76728.5,66739.1,66796.9
2026-06-02 13:50:00,66909.1,76878.5,66868.2,66928.2
2026-06-02 13:55:00,67045.7,77035.5,67025.5,67055.1
2026-06-02 14:00:00,67090.1,77086.6,67067.1,67100.9
2026-06-02 14:05:00,67065.0,77057.7,67166.5,67017.5
2026-06-02 14:10:00,67135.4,77138.5,67199.4,67105.4
2026-06-02 14:15:00,67192.6,77204.3,67205.8,67186.4
2026-06-02 14:20:00,67175.0,77184.1,67261.3,67134.6
2026-06-02 14:25:00,67168.9,77177.1,67263.7,67124.5
2026-06-02 14:30:00,67129.2,77131.4,67225.9,67083.9
2026-06-02 14:35:00,67101.1,77099.2,67143.2,67081.4
2026-06-02 14:40:00,67093.6,77090.6,67148.1,67068.1
2026-06-02 14:45:00,67037.1,77025.6,67138.0,66989.8
2026-06-02 14:50:00,66987.2,76968.3,67000.3,66981.0
2026-06-02 14:55:00,66914.9,76885.2,66979.9,66884.5
2026-06-02 15:00:00,66808.6,76763.1,66836.2,66795.7
2026-06-02 15:05:00,66704.1,76643.0,66727.5,66693.2
2026-06-02 15:10:00,66771.0,76719.9,66777.3,66768.1
2026-06-02 15:15:00,66879.0,76844.0,66933.2,66853.7
2026-06-02 15:20:00,67033.3,77021.3,67005.3,67046.5
2026-06-02 15:25:00,67121.4,77122.5,67111.0,67126.3
2026-06-02 15:30:00,67161.7,77168.7,67201.1,67143.2
2026-06-02 15:35:00,67170.9,77179.4,67207.1,67154.0
2026-06-02 15:40:00,67196.7,77209.0,67291.6,67152.3
2026-06-02 15:45:00,67215.7,77230.8,67303.6,67174.5
2026-06-02 15:50:00,67229.3,77246.4,67291.1,67200.3
2026-06-02 15:55:00,67273.1,77296.7,67249.5,67284.1
2026-06-02 16:00:00,67223.8,77240.2,67253.5,67209.9
2026-06-02 16:05:00,67075.4,77069.7,67113.9,67057.4
2026-06-02 16:10:00,67134.5,77137.5,67185.5,67110.6
2026-06-02 16:15:00,67208.0,77222.0,67218.5,67203.1
2026-06-02 16:20:00,67265.1,77287.7,67284.9,67255.9
2026-06-02 16:25:00,67273.4,77297.1,67289.8,67265.7
2026-06-02 16:30:00,67284.5,77309.9,67346.9,67255.2
2026-06-02 16:35:00,67306.6,77335.2,67388.2,67268.3
2026-06-02 16:40:00,67328.2,77360.1,67380.9,67303.4
2026-06-02 16:45:00,67330.6,77362.9,67386.0,67304.7
2026-06-02 16:50:00,67297.3,77324.6,67344.8,67275.1
2026-06-02 16:55:00,67238.2,77256.6,67310.5,67204.3
2026-06-02 17:00:00,67115.7,77116.0,67156.2,67096.7
2026-06-02 17:05:00,66958.6,76935.5,67023.8,66928.1
2026-06-02 17:10:00,67024.6,77011.3,67079.0,66999.2
2026-06-02 17:15:00,67092.8,77089.6,67099.0,67089.9
2026-06-02 17:20:00,67124.7,77126.3,67200.5,67089.2
2026-06-02 17:25:00,67178.9,77188.6,67187.6,67174.8
2026-06-02 17:30:00,67191.2,77202.7,67254.1,67161.7
2026-06-02 17:35:00,67208.4,77222.5,67271.0,67179.1
2026-06-02 17:40:00,67219.8,77235.6,67264.5,67198.9
2026-06-02 17:45:00,67222.3,77238.4,67269.6,67200.1
2026-06-02 17:50:00,67208.0,77222.0,67240.9,67192.6
2026-06-02 17:55:00,67177.9,77187.4,67181.7,67176.1
2026-06-02 18:00:00,67085.4,77081.1,67167.1,67047.1
2026-06-02 18:05:00,66933.3,76906.4,67044.8,66881.1
2026-06-02 18:10:00,66933.7,76906.9,66948.4,66926.9
2026-06-02 18:15:00,66952.1,76928.0,66982.3,66938.0
2026-06-02 18:20:00,66947.0,76922.1,66968.6,66936.9
2026-06-02 18:25:00,66958.0,76934.7,66964.1,66955.1
2026-06-02 18:30:00,66995.0,76977.2,67064.5,66962.4
2026-06-02 18:35:00,67029.0,77016.3,67047.8,67020.2
2026-06-02 18:40:00,67015.7,77001.1,67033.9,67007.2
2026-06-02 18:45:00,67017.9,77003.6,67038.1,67008.4
2026-06-02 18:50:00,66983.6,76964.2,67005.1,66973.6
2026-06-02 18:55:00,66912.5,76882.5,66972.5,66884.4
2026-06-02 19:00:00,66852.9,76814.0,66827.4,66864.8
2026-06-02 19:05:00,66755.3,76701.8,66811.0,66729.2
2026-06-02 19:10:00,66717.8,76658.7,66778.6,66689.3
2026-06-02 19:15:00,66687.1,76623.5,66666.5,66696.7
2026-06-02 19:20:00,66684.4,76620.4,66666.2,66692.9
2026-06-02 19:25:00,66676.9,76611.7,66656.8,66686.2
2026-06-02 19:30:00,66667.2,76600.6,66650.5,66675.0
2026-06-02 19:35:00,66628.3,76556.0,66661.4,66612.9
2026-06-02 19:40:00,66596.9,76519.9,66546.7,66620.5
2026-06-02 19:45:00,66609.4,76534.2,66551.7,66636.5
2026-06-02 19:50:00,66578.6,76498.9,66532.8,66600.1
2026-06-02 19:55:00,66570.9,76490.0,66530.9,66589.6
2026-06-02 20:00:00,66506.2,76415.6,66464.1,66525.9
2026-06-02 20:05:00,66404.5,76298.8,66370.0,66420.7
2026-06-02 20:10:00,66355.4,76242.3,66327.6,66368.4
2026-06-02 20:15:00,66353.7,76240.4,66319.1,66369.9
2026-06-02 20:20:00,66350.1,76236.3,66316.3,66366.0
2026-06-02 20:25:00,66266.3,76140.0,66292.5,66254.1
2026-06-02 20:30:00,66206.0,76070.7,66157.4,66228.8
2026-06-02 20:35:00,66138.9,75993.5,66084.9,66164.1
2026-06-02 20:40:00,66067.7,75911.8,66079.0,66062.4
2026-06-02 20:45:00,66041.6,75881.8,65994.6,66063.6
2026-06-02 20:50:00,65980.1,75811.1,65970.2,65984.7
2026-06-02 20:55:00,65869.2,75683.7,65847.2,65879.5
2026-06-02 21:00:00,65606.3,75381.6,65625.3,65597.4
2026-06-02 21:05:00,65354.4,75092.2,65379.3,65342.7
2026-06-02 21:10:00,65143.7,74850.1,65208.6,65113.3
2026-06-02 21:15:00,64956.0,74634.5,64980.5,64944.6
2026-06-02 21:20:00,64753.7,74402.0,64801.8,64731.2
2026-06-02 21:25:00,64556.8,74175.8,64546.2,64561.8
2026-06-02 21:30:00,64381.3,73974.1,64357.2,64392.6
2026-06-02 21:35:00,64258.9,73833.5,64274.1,64251.8
2026-06-02 21:40:00,64085.9,73634.8,64144.2,64058.7
2026-06-02 21:45:00,63894.2,73414.4,63971.7,63857.8
2026-06-02 21:50:00,63720.6,73215.0,63787.7,63689.2
2026-06-02 21:55:00,63533.5,73000.0,63623.0,63491.6
2026-06-02 22:00:00,63293.8,72724.6,63363.5,63261.2
2026-06-02 22:05:00,63334.6,72771.4,63292.9,63354.1
2026-06-02 22:10:00,63201.5,72618.5,63202.2,63201.2
2026-06-02 22:15:00,63087.9,72488.0,63054.3,63103.7
2026-06-02 22:20:00,62999.7,72386.7,62942.1,63026.7
2026-06-02 22:25:00,62864.1,72230.8,62820.4,62884.5
2026-06-02 22:30:00,62741.3,72089.8,62738.0,62742.9
2026-06-02 22:35:00,62612.4,71941.7,62566.7,62633.9
2026-06-02 22:40:00,62474.7,71783.5,62454.7,62484.1
2026-06-02 22:45:00,62340.5,71629.3,62287.0,62365.6
2026-06-02 22:50:00,62164.5,71427.0,62196.9,62149.3
2026-06-02 22:55:00,62007.4,71246.5,61995.8,62012.8
2026-06-02 23:00:00,62066.4,71314.3,61996.9,62098.9
2026-06-02 23:05:00,62479.0,71788.4,62462.9,62486.5
2026-06-02 23:10:00,62521.1,71836.7,62480.6,62540.0
2026-06-02 23:15:00,62324.7,71611.0,62333.1,62320.7
2026-06-02 23:20:00,62085.9,71336.7,62048.8,62103.3
2026-06-02 23:25:00,61812.4,71022.4,61769.4,61832.5
2026-06-02 23:30:00,61447.1,70602.7,61411.8,61463.6
2026-06-02 23:35:00,61084.2,70185.8,61107.6,61073.3
2026-06-02 23:40:00,60717.0,69763.9,60707.5,60721.5
2026-06-02 23:45:00,60348.8,69340.7,60366.5,60340.5
2026-06-02 23:50:00,60026.7,68970.7,59957.8,60059.0
2026-06-02 23:55:00,59578.0,68455.1,59635.0,59551.3
2026-06-03 00:00:00,58996.8,67787.4,59037.3,58977.9
2026-06-03 00:05:00,58748.6,67502.1,58804.5,58722.4
2026-06-03 00:10:00,58439.7,67147.2,58431.1,58443.8
2026-06-03 00:15:00,58163.7,66830.1,58162.2,58164.4
2026-06-03 00:20:00,57941.0,66574.2,57885.0,57967.3
2026-06-03 00:25:00,57705.1,66303.2,57629.3,57740.7
2026-06-03 00:30:00,57434.0,65991.6,57423.0,57439.1
2026-06-03 00:35:00,57125.7,65637.4,57162.8,57108.3
2026-06-03 00:40:00,56876.0,65350.6,56915.1,56857.7
2026-06-03 00:45:00,56677.0,65121.9,56669.1,56680.7
2026-06-03 00:50:00,56510.0,64930.0,56463.0,56532.0
2026-06-03 00:55:00,56347.0,64742.7,56276.6,56380.0
2026-06-03 01:00:00,56192.7,64565.5,56234.5,56173.2
2026-06-03 01:05:00,56065.6,64419.4,56079.4,56059.1
2026-06-03 01:10:00,55946.6,64282.6,55954.3,55943.0
2026-06-03 01:15:00,55813.2,64129.4,55821.0,55809.5
2026-06-03 01:20:00,55649.6,63941.3,55699.9,55626.0
2026-06-03 01:25:00,55552.5,63829.8,55500.4,55576.9
2026-06-03 01:30:00,55422.5,63680.4,55387.7,55438.8
2026-06-03 01:35:00,55301.8,63541.8,55297.9,55303.7
2026-06-03 01:40:00,55197.8,63422.3,55192.9,55200.1
2026-06-03 01:45:00,55075.9,63282.2,55067.4,55079.9
2026-06-03 01:50:00,54932.6,63117.5,54957.6,54920.8
2026-06-03 01:55:00,54819.6,62987.7,54828.5,54815.4
2026-06-03 02:00:00,54720.2,62873.5,54692.6,54733.1
2026-06-03 02:05:00,54651.5,62794.5,54712.4,54622.9
2026-06-03 02:10:00,54604.6,62740.7,54595.0,54609.1
2026-06-03 02:15:00,54511.1,62633.2,54597.7,54470.5
2026-06-03 02:20:00,54465.8,62581.2,54448.0,54474.1
2026-06-03 02:25:00,54376.8,62479.0,54428.9,54352.4
2026-06-03 02:30:00,54312.7,62405.3,54302.5,54317.5
2026-06-03 02:35:00,54205.0,62281.5,54181.6,54216.0
2026-06-03 02:40:00,54207.8,62284.8,54171.0,54225.0
2026-06-03 02:45:00,54188.7,62262.8,54174.9,54195.1
2026-06-03 02:50:00,54191.2,62265.7,54175.6,54198.6
2026-06-03 02:55:00,54191.4,62265.9,54168.8,54201.9
2026-06-03 03:00:00,54183.7,62257.0,54182.5,54184.2
2026-06-03 03:05:00,54112.4,62175.2,54210.7,54066.4
2026-06-03 03:10:00,54060.3,62115.3,54060.7,54060.1
2026-06-03 03:15:00,54037.5,62089.1,54042.1,54035.3
2026-06-03 03:20:00,54033.1,62084.0,54037.3,54031.1
2026-06-03 03:25:00,53943.8,61981.4,54034.0,53901.5
2026-06-03 03:30:00,53890.0,61919.7,53883.8,53893.0
2026-06-03 03:35:00,53897.6,61928.4,53895.7,53898.5
2026-06-03 03:40:00,53884.4,61913.2,53881.6,53885.7
2026-06-03 03:45:00,53869.5,61896.0,53887.7,53860.9
2026-06-03 03:50:00,53764.6,61775.5,53862.8,53718.5
2026-06-03 03:55:00,53715.7,61719.3,53713.4,53716.8
2026-06-03 04:00:00,53705.3,61707.4,53767.1,53676.4
2026-06-03 04:05:00,53737.5,61744.4,53812.9,53702.2
2026-06-03 04:10:00,53803.7,61820.5,53795.0,53807.8
2026-06-03 04:15:00,53804.6,61821.5,53788.3,53812.2
2026-06-03 04:20:00,53797.9,61813.8,53779.8,53806.4
2026-06-03 04:25:00,53802.8,61819.5,53786.4,53810.6
2026-06-03 04:30:00,53796.9,61812.6,53783.5,53803.1
2026-06-03 04:35:00,53821.8,61841.3,53804.1,53830.1
2026-06-03 04:40:00,53798.2,61814.1,53777.9,53807.7
2026-06-03 04:45:00,53802.3,61818.8,53774.6,53815.3
2026-06-03 04:50:00,53797.8,61813.7,53771.0,53810.3
2026-06-03 04:55:00,53819.9,61839.0,53771.0,53842.7
2026-06-03 05:00:00,53839.5,61861.5,53817.8,53849.6
2026-06-03 05:05:00,53866.6,61892.7,53859.5,53869.9
2026-06-03 05:10:00,53885.2,61914.1,53985.9,53838.0
2026-06-03 05:15:00,53963.8,62004.4,53972.8,53959.6
2026-06-03 05:20:00,53961.5,62001.8,53964.0,53960.3
2026-06-03 05:25:00,53961.7,62002.0,53966.0,53959.7
2026-06-03 05:30:00,53957.9,61997.6,53967.2,53953.5
2026-06-03 05:35:00,53997.5,62043.1,53997.9,53997.3
2026-06-03 05:40:00,53961.9,62002.2,53963.1,53961.3
2026-06-03 05:45:00,53960.2,62000.3,53957.4,53961.6
2026-06-03 05:50:00,53957.5,61997.1,53958.8,53956.8
2026-06-03 05:55:00,53955.8,61995.2,53956.2,53955.5
2026-06-03 06:00:00,53998.0,62043.7,54018.3,53988.5
2026-06-03 06:05:00,54082.7,62141.0,54076.8,54085.5
2026-06-03 06:10:00,54147.7,62215.8,54143.1,54149.9
2026-06-03 06:15:00,54131.6,62197.2,54133.1,54130.8
2026-06-03 06:20:00,54112.8,62175.6,54112.8,54112.8
2026-06-03 06:25:00,54112.6,62175.4,54114.4,54111.8
2026-06-03 06:30:00,54098.5,62159.2,54111.0,54092.7
2026-06-03 06:35:00,54137.9,62204.4,54159.4,54127.8
2026-06-03 06:40:00,54093.0,62152.9,54124.2,54078.5
2026-06-03 06:45:00,54136.3,62202.6,54125.8,54141.1
2026-06-03 06:50:00,54129.2,62194.5,54122.7,54132.3
2026-06-03 06:55:00,54130.8,62196.3,54122.7,54134.6
2026-06-03 07:00:00,54182.5,62255.7,54174.4,54186.2
2026-06-03 07:05:00,54309.7,62401.9,54390.4,54271.9
2026-06-03 07:10:00,54332.9,62428.4,54306.2,54345.4
2026-06-03 07:15:00,54368.8,62469.7,54452.3,54329.7
2026-06-03 07:20:00,54392.1,62496.5,54388.1,54393.9
2026-06-03 07:25:00,54388.1,62491.9,54384.9,54389.6
2026-06-03 07:30:00,54351.4,62449.8,54340.9,54356.3
2026-06-03 07:35:00,54406.5,62513.1,54398.6,54410.3
2026-06-03 07:40:00,54351.5,62449.9,54356.7,54349.1
2026-06-03 07:45:00,54352.3,62450.8,54354.0,54351.5
2026-06-03 07:50:00,54354.8,62453.7,54361.4,54351.8
2026-06-03 07:55:00,54347.1,62444.8,54356.3,54342.7
2026-06-03 08:00:00,54447.3,62560.0,54490.1,54427.3
2026-06-03 08:05:00,54545.5,62672.8,54548.3,54544.2
2026-06-03 08:10:00,54611.0,62748.0,54593.3,54619.2
2026-06-03 08:15:00,54677.2,62824.1,54763.3,54636.9
2026-06-03 08:20:00,54717.1,62870.0,54697.0,54726.5
2026-06-03 08:25:00,54766.3,62926.5,54830.2,54736.4
2026-06-03 08:30:00,54787.0,62950.2,54794.3,54783.5
2026-06-03 08:35:00,54812.9,62980.0,54819.5,54809.8
2026-06-03 08:40:00,54744.5,62901.5,54763.7,54735.5
2026-06-03 08:45:00,54736.3,62892.0,54765.3,54722.6
2026-06-03 08:50:00,54683.6,62831.5,54755.7,54649.8
2026-06-03 08:55:00,54637.6,62778.6,54632.5,54640.0
2026-06-03 09:00:00,54648.5,62791.1,54633.0,54655.7
2026-06-03 09:05:00,54705.4,62856.5,54715.3,54700.7
2026-06-03 09:10:00,54737.2,62893.1,54741.3,54735.3
2026-06-03 09:15:00,54855.6,63029.0,54892.2,54838.4
2026-06-03 09:20:00,54866.4,63041.5,54954.3,54825.3
2026-06-03 09:25:00,54868.9,63044.4,54965.9,54823.5
2026-06-03 09:30:00,54829.7,62999.3,54924.9,54785.0
2026-06-03 09:35:00,54813.3,62980.4,54822.2,54809.1
2026-06-03 09:40:00,54781.5,62944.0,54795.8,54774.8
2026-06-03 09:45:00,54823.1,62991.7,54806.2,54830.9
2026-06-03 09:50:00,54818.3,62986.2,54794.2,54829.6
2026-06-03 09:55:00,54806.6,62972.8,54786.0,54816.2
2026-06-03 10:00:00,54793.0,62957.2,54792.7,54793.2
2026-06-03 10:05:00,54906.1,63087.2,54908.1,54905.2
2026-06-03 10:10:00,55045.2,63247.0,55041.7,55046.9
2026-06-03 10:15:00,55227.3,63456.1,55264.3,55209.9
2026-06-03 10:20:00,55240.8,63471.7,55263.1,55230.3
2026-06-03 10:25:00,55283.8,63521.1,55373.3,55241.9
2026-06-03 10:30:00,55297.4,63536.7,55287.1,55302.2
2026-06-03 10:35:00,55321.2,63564.1,55313.0,55325.1
2026-06-03 10:40:00,55300.5,63540.2,55294.9,55303.1
2026-06-03 10:45:00,55303.5,63543.7,55304.3,55303.1
2026-06-03 10:50:00,55294.5,63533.4,55287.4,55297.8
2026-06-03 10:55:00,55298.4,63537.9,55322.5,55287.1
2026-06-03 11:00:00,55317.0,63559.2,55304.4,55322.8
2026-06-03 11:05:00,55313.9,63555.6,55340.0,55301.6
2026-06-03 11:10:00,55308.4,63549.4,55325.3,55300.5
2026-06-03 11:15:00,55292.2,63530.8,55321.1,55278.7
2026-06-03 11:20:00,55267.7,63502.5,55277.6,55263.0
2026-06-03 11:25:00,55272.3,63507.9,55285.5,55266.1
2026-06-03 11:30:00,55249.6,63481.8,55252.7,55248.2
2026-06-03 11:35:00,55268.1,63503.0,55273.8,55265.4
2026-06-03 11:40:00,55241.9,63473.0,55249.6,55238.4
2026-06-03 11:45:00,55176.7,63398.0,55250.5,55142.1
2026-06-03 11:50:00,55096.4,63305.8,55076.9,55105.6
2026-06-03 11:55:00,54930.9,63115.6,54926.1,54933.1
2026-06-03 12:00:00,54849.1,63021.6,54792.7,54875.5
2026-06-03 12:05:00,54951.3,63139.1,54988.5,54933.9
2026-06-03 12:10:00,54987.7,63180.8,54994.3,54984.5
2026-06-03 12:15:00,55014.4,63211.5,55077.6,54984.7
2026-06-03 12:20:00,55079.7,63286.6,55083.2,55078.1
2026-06-03 12:25:00,55081.2,63288.3,55073.9,55084.6
2026-06-03 12:30:00,55042.8,63244.1,55016.4,55055.1
2026-06-03 12:35:00,55086.6,63294.5,55068.4,55095.1
2026-06-03 12:40:00,55123.7,63337.1,55105.9,55132.0
2026-06-03 12:45:00,55172.2,63392.9,55228.2,55146.0
2026-06-03 12:50:00,55251.6,63484.1,55223.8,55264.6
2026-06-03 12:55:00,55396.9,63651.1,55376.3,55406.6
2026-06-03 13:00:00,55551.5,63828.7,55567.3,55544.1
2026-06-03 13:05:00,55648.7,63940.4,55740.8,55605.6
2026-06-03 13:10:00,55753.2,64060.5,55760.1,55750.0
2026-06-03 13:15:00,55819.3,64136.4,55843.6,55808.0
2026-06-03 13:20:00,55833.0,64152.2,55925.0,55790.0
2026-06-03 13:25:00,55959.2,64297.1,55936.6,55969.8
2026-06-03 13:30:00,56075.6,64430.9,56022.0,56100.7
2026-06-03 13:35:00,56180.0,64550.8,56179.1,56180.4
2026-06-03 13:40:00,56248.3,64629.3,56245.2,56249.7
2026-06-03 13:45:00,56253.9,64635.8,56333.6,56216.6
2026-06-03 13:50:00,56235.8,64614.9,56303.3,56204.1
2026-06-03 13:55:00,56258.6,64641.2,56221.1,56276.2
2026-06-03 14:00:00,56281.6,64667.6,56321.4,56263.0
2026-06-03 14:05:00,56296.4,64684.5,56314.4,56288.0
2026-06-03 14:10:00,56338.5,64733.0,56348.5,56333.8
2026-06-03 14:15:00,56352.6,64749.2,56347.4,56355.1
2026-06-03 14:20:00,56372.6,64772.2,56421.5,56349.7
2026-06-03 14:25:00,56401.2,64804.9,56427.5,56388.8
2026-06-03 14:30:00,56485.1,64901.4,56414.5,56518.2
2026-06-03 14:35:00,56571.3,65000.4,56524.2,56593.3
2026-06-03 14:40:00,56602.3,65036.1,56628.4,56590.1
2026-06-03 14:45:00,56666.7,65110.0,56639.7,56679.4
2026-06-03 14:50:00,56697.2,65145.0,56737.0,56678.5
2026-06-03 14:55:00,56779.5,65239.6,56715.2,56809.5
2026-06-03 15:00:00,56816.8,65282.5,56838.8,56806.5
2026-06-03 15:05:00,56829.3,65296.8,56874.7,56808.0
2026-06-03 15:10:00,56914.6,65394.9,56987.5,56880.5
2026-06-03 15:15:00,57039.0,65537.8,57109.1,57006.1
2026-06-03 15:20:00,57110.5,65620.0,57181.0,57077.5
2026-06-03 15:25:00,57205.2,65728.7,57275.5,57172.2
2026-06-03 15:30:00,57307.6,65846.5,57346.9,57289.2
2026-06-03 15:35:00,57418.8,65974.2,57440.1,57408.9
2026-06-03 15:40:00,57512.8,66082.2,57528.2,57505.6
2026-06-03 15:45:00,57611.6,66195.7,57658.1,57589.8
2026-06-03 15:50:00,57700.2,66297.5,57751.1,57676.3
2026-06-03 15:55:00,57767.5,66374.8,57834.7,57736.0
2026-06-03 16:00:00,57838.9,66456.9,57859.6,57829.2
2026-06-03 16:05:00,57800.3,66412.5,57783.9,57808.0
2026-06-03 16:10:00,57830.1,66446.8,57910.0,57792.7
2026-06-03 16:15:00,57924.0,66554.6,57938.5,57917.2
2026-06-03 16:20:00,58043.5,66692.0,58039.2,58045.5
2026-06-03 16:25:00,58186.4,66856.2,58210.6,58175.1
2026-06-03 16:30:00,58259.0,66939.5,58302.8,58238.4
2026-06-03 16:35:00,58313.7,67002.4,58380.5,58282.4
2026-06-03 16:40:00,58387.6,67087.3,58365.4,58398.0
2026-06-03 16:45:00,58443.8,67152.0,58483.2,58425.4
2026-06-03 16:50:00,58471.8,67184.1,58529.0,58445.0
2026-06-03 16:55:00,58508.1,67225.8,58513.4,58505.6
2026-06-03 17:00:00,58582.2,67310.9,58604.6,58571.7
2026-06-03 17:05:00,58562.1,67287.8,58527.7,58578.2
2026-06-03 17:10:00,58675.0,67417.6,58658.5,58682.8
2026-06-03 17:15:00,58780.3,67538.6,58764.5,58787.8
2026-06-03 17:20:00,58844.1,67611.9,58829.2,58851.1
2026-06-03 17:25:00,58954.5,67738.7,58930.2,58965.9
2026-06-03 17:30:00,59033.5,67829.5,59049.0,59026.2
2026-06-03 17:35:00,59117.4,67925.9,59133.3,59110.0
2026-06-03 17:40:00,59234.5,68060.5,59200.0,59250.7
2026-06-03 17:45:00,59363.6,68208.8,59317.2,59385.3
2026-06-03 17:50:00,59473.5,68335.0,59500.5,59460.8
2026-06-03 17:55:00,59543.7,68415.8,59589.1,59522.5
2026-06-03 18:00:00,59630.4,68515.3,59641.8,59625.0
2026-06-03 18:05:00,59665.2,68555.3,59666.7,59664.5
2026-06-03 18:10:00,59716.6,68614.4,59734.6,59708.2
2026-06-03 18:15:00,59800.2,68710.5,59732.0,59832.2
2026-06-03 18:20:00,59887.3,68810.5,59827.4,59915.3
2026-06-03 18:25:00,59993.2,68932.2,59946.3,60015.1
2026-06-03 18:30:00,60082.8,69035.1,60053.6,60096.4
2026-06-03 18:35:00,60154.2,69117.2,60126.9,60167.0
2026-06-03 18:40:00,60166.8,69131.7,60197.2,60152.5
2026-06-03 18:45:00,60259.5,69238.2,60210.8,60282.3
2026-06-03 18:50:00,60329.3,69318.3,60298.4,60343.7
2026-06-03 18:55:00,60346.5,69338.1,60366.6,60337.1
2026-06-03 19:00:00,60406.0,69406.5,60344.8,60434.7
2026-06-03 19:05:00,60397.5,69396.8,60436.7,60379.2
2026-06-03 19:10:00,60449.4,69456.4,60477.3,60436.4
2026-06-03 19:15:00,60470.5,69480.6,60463.7,60473.6
2026-06-03 19:20:00,60496.1,69510.0,60536.8,60477.0
2026-06-03 19:25:00,60509.6,69525.5,60521.2,60504.1
2026-06-03 19:30:00,60511.8,69528.1,60530.2,60503.2
2026-06-03 19:35:00,60505.6,69520.9,60525.7,60496.2
2026-06-03 19:40:00,60506.4,69521.8,60519.6,60500.1
2026-06-03 19:45:00,60503.3,69518.3,60507.5,60501.3
2026-06-03 19:50:00,60469.5,69479.5,60482.4,60463.5
2026-06-03 19:55:00,60465.8,69475.2,60480.5,60458.9
2026-06-03 20:00:00,60426.8,69430.4,60355.1,60460.4
2026-06-03 20:05:00,60337.1,69327.4,60361.7,60325.6
2026-06-03 20:10:00,60256.9,69235.2,60271.6,60250.0
2026-06-03 20:15:00,60212.3,69184.0,60173.8,60230.4
2026-06-03 20:20:00,60150.2,69112.6,60162.0,60144.7
2026-06-03 20:25:00,60068.1,69018.2,60055.1,60074.1
2026-06-03 20:30:00,60014.8,68957.0,59950.8,60044.8
2026-06-03 20:35:00,59969.0,68904.4,59963.5,59971.6
2026-06-03 20:40:00,59941.7,68873.0,59881.2,59970.0
2026-06-03 20:45:00,59870.0,68790.6,59886.0,59862.5
2026-06-03 20:50:00,59767.0,68672.3,59780.0,59760.9
2026-06-03 20:55:00,59675.0,68566.6,59694.2,59666.0
2026-06-03 21:00:00,59456.9,68316.0,59490.8,59441.0
2026-06-03 21:05:00,59383.1,68231.2,59366.6,59390.9
2026-06-03 21:10:00,59293.1,68127.7,59293.6,59292.9
2026-06-03 21:15:00,59221.1,68045.0,59193.3,59234.1
2026-06-03 21:20:00,59140.2,67952.1,59099.8,59159.2
2026-06-03 21:25:00,59017.2,67810.8,59008.1,59021.5
2026-06-03 21:30:00,58870.3,67642.0,58906.0,58853.6
2026-06-03 21:35:00,58796.2,67556.8,58815.6,58787.1
2026-06-03 21:40:00,58664.1,67405.1,58706.1,58644.4
2026-06-03 21:45:00,58563.1,67289.0,58543.0,58572.4
2026-06-03 21:50:00,58472.0,67184.3,58443.6,58485.3
2026-06-03 21:55:00,58383.7,67082.9,58360.7,58394.5
2026-06-03 22:00:00,58305.1,66992.6,58253.9,58329.1
2026-06-03 22:05:00,58351.9,67046.4,58299.6,58376.4
2026-06-03 22:10:00,58306.4,66994.0,58318.4,58300.7
2026-06-03 22:15:00,58234.9,66911.9,58165.5,58267.4
2026-06-03 22:20:00,58133.7,66795.6,58166.3,58118.4
2026-06-03 22:25:00,58011.5,66655.2,57964.8,58033.4
2026-06-03 22:30:00,57903.6,66531.3,57870.4,57919.2
2026-06-03 22:35:00,57783.6,66393.3,57765.4,57792.1
2026-06-03 22:40:00,57672.7,66266.0,57674.6,57671.9
2026-06-03 22:45:00,57608.0,66191.6,57601.9,57610.9
2026-06-03 22:50:00,57507.8,66076.5,57499.7,57511.6
2026-06-03 22:55:00,57368.2,65916.0,57403.3,57351.7
2026-06-03 23:00:00,57372.7,65921.2,57353.2,57381.8
2026-06-03 23:05:00,57598.4,66180.5,57545.5,57623.1
2026-06-03 23:10:00,57565.4,66142.7,57615.2,57542.1
2026-06-03 23:15:00,57441.5,66000.3,57441.8,57441.4
2026-06-03 23:20:00,57293.3,65830.0,57256.6,57310.4
2026-06-03 23:25:00,57107.0,65615.9,57148.7,57087.4
2026-06-03 23:30:00,56858.0,65329.8,56874.5,56850.3
2026-06-03 23:35:00,56680.7,65126.1,56626.5,56706.1
2026-06-03 23:40:00,56459.4,64871.8,56434.7,56470.9
2026-06-03 23:45:00,56223.6,64600.9,56244.6,56213.7
2026-06-03 23:50:00,56004.6,64349.3,55981.8,56015.3
2026-06-03 23:55:00,55728.0,64031.5,55715.9,55733.7
2026-06-04 00:00:00,55310.3,63551.5,55311.1,55309.9
2026-06-04 00:05:00,55249.5,63481.6,55202.6,55271.4
2026-06-04 00:10:00,55132.7,63347.5,55095.9,55150.0
2026-06-04 00:15:00,54985.4,63178.2,54922.3,55015.0
2026-06-04 00:20:00,54748.7,62906.3,54833.4,54709.0
2026-06-04 00:25:00,54563.5,62693.5,54569.2,54560.8
2026-06-04 00:30:00,54358.9,62458.4,54360.4,54358.2
2026-06-04 00:35:00,54246.1,62328.7,54217.8,54259.3
2026-06-04 00:40:00,54101.9,62163.1,54088.8,54108.1
2026-06-04 00:45:00,53923.5,61958.2,53914.2,53927.9
2026-06-04 00:50:00,53765.4,61776.4,53772.8,53761.9
2026-06-04 00:55:00,53628.9,61619.6,53596.8,53643.9
2026-06-04 01:00:00,53531.9,61508.2,53516.8,53539.0
2026-06-04 01:05:00,53477.1,61445.1,53563.7,53436.4
2026-06-04 01:10:00,53405.5,61363.0,53386.2,53414.6
2026-06-04 01:15:00,53380.9,61334.6,53365.4,53388.1
2026-06-04 01:20:00,53378.7,61332.2,53369.1,53383.3
2026-06-04 01:25:00,53389.2,61344.1,53376.6,53395.1
2026-06-04 01:30:00,53352.1,61301.6,53327.9,53363.5
2026-06-04 01:35:00,53263.5,61199.8,53348.4,53223.8
2026-06-04 01:40:00,53205.9,61133.6,53143.9,53235.0
2026-06-04 01:45:00,53136.5,61053.9,53143.8,53133.1
2026-06-04 01:50:00,53039.5,60942.4,52999.5,53058.3
2026-06-04 01:55:00,53024.7,60925.4,52999.4,53036.6
2026-06-04 02:00:00,53056.6,60962.0,52996.0,53085.0
2026-06-04 02:05:00,53102.6,61014.8,53058.5,53123.2
2026-06-04 02:10:00,53085.4,60995.1,53036.8,53108.2
2026-06-04 02:15:00,53084.4,60993.9,53037.2,53106.5
2026-06-04 02:20:00,53022.0,60922.3,53030.6,53018.0
2026-06-04 02:25:00,53021.3,60921.5,53029.8,53017.4
2026-06-04 02:30:00,53022.4,60922.8,53017.0,53024.9
2026-06-04 02:35:00,53033.8,60935.8,53036.3,53032.6
2026-06-04 02:40:00,53029.0,60930.3,53022.1,53032.2
2026-06-04 02:45:00,53032.3,60934.1,53027.7,53034.4
2026-06-04 02:50:00,53017.7,60917.4,53022.4,53015.5
2026-06-04 02:55:00,53016.6,60916.1,53020.3,53014.9
2026-06-04 03:00:00,53021.4,60921.6,53046.1,53009.9
2026-06-04 03:05:00,53066.5,60973.4,53087.5,53056.7
2026-06-04 03:10:00,53055.7,60960.9,53079.5,53044.5
2026-06-04 03:15:00,53057.3,60962.9,53079.7,53046.9
2026-06-04 03:20:00,53054.2,60959.2,53079.6,53042.2
2026-06-04 03:25:00,53056.6,60962.0,53078.9,53046.2
2026-06-04 03:30:00,53048.3,60952.5,53069.3,53038.4
2026-06-04 03:35:00,53071.3,60979.0,53093.7,53060.9
2026-06-04 03:40:00,53055.1,60960.3,53075.2,53045.7
2026-06-04 03:45:00,53057.2,60962.7,53081.7,53045.7
2026-06-04 03:50:00,53054.5,60959.6,53074.8,53044.9
2026-06-04 03:55:00,53053.0,60957.9,53074.4,53043.0
2026-06-04 04:00:00,53087.7,60997.8,53094.6,53084.5
2026-06-04 04:05:00,53140.4,61058.3,53167.4,53127.7
2026-06-04 04:10:00,53134.7,61051.8,53142.8,53130.9
2026-06-04 04:15:00,53136.8,61054.2,53139.1,53135.7
2026-06-04 04:20:00,53132.0,61048.6,53134.0,53131.0
2026-06-04 04:25:00,53136.2,61053.5,53137.8,53135.5
2026-06-04 04:30:00,53127.7,61043.7,53127.5,53127.8
2026-06-04 04:35:00,53162.4,61083.6,53167.6,53160.0
2026-06-04 04:40:00,53131.6,61048.2,53125.0,53134.7
2026-06-04 04:45:00,53129.4,61045.6,53121.2,53133.2
2026-06-04 04:50:00,53123.7,61039.1,53115.3,53127.6
2026-06-04 04:55:00,53120.7,61035.7,53115.3,53123.3
2026-06-04 05:00:00,53174.7,61097.7,53192.5,53166.4
2026-06-04 05:05:00,53295.7,61236.7,53423.3,53235.9
2026-06-04 05:10:00,53361.1,61311.9,53375.4,53354.3
2026-06-04 05:15:00,53416.5,61375.5,53555.0,53351.6
2026-06-04 05:20:00,53522.4,61497.3,53557.3,53506.1
2026-06-04 05:25:00,53579.8,61563.2,53558.9,53589.6
2026-06-04 05:30:00,53727.5,61732.9,53724.0,53729.1
2026-06-04 05:35:00,53922.1,61956.5,53941.8,53912.9
2026-06-04 05:40:00,54034.1,62085.2,54060.8,54021.6
2026-06-04 05:45:00,54124.1,62188.6,54209.0,54084.4
2026-06-04 05:50:00,54212.7,62290.4,54209.0,54214.5
2026-06-04 05:55:00,54358.0,62457.3,54353.0,54360.3
2026-06-04 06:00:00,54605.3,62741.5,54658.6,54580.3
2026-06-04 06:05:00,54946.0,63132.9,55035.2,54904.2
2026-06-04 06:10:00,55149.0,63366.2,55110.6,55167.0
2026-06-04 06:15:00,55400.9,63655.7,55360.1,55420.1
2026-06-04 06:20:00,55607.8,63893.4,55589.1,55616.5
2026-06-04 06:25:00,55824.0,64141.8,55809.4,55830.9
2026-06-04 06:30:00,55952.0,64288.8,56014.2,55922.8
2026-06-04 06:35:00,56226.5,64604.3,56166.6,56254.6
2026-06-04 06:40:00,56373.1,64772.7,56320.9,56397.5
2026-06-04 06:45:00,56528.4,64951.2,56531.1,56527.2
2026-06-04 06:50:00,56694.3,65141.8,56629.3,56724.8
2026-06-04 06:55:00,56873.1,65347.2,56818.5,56898.6
2026-06-04 07:00:00,57183.0,65703.2,57171.9,57188.1
2026-06-04 07:05:00,57576.1,66155.0,57563.6,57582.0
2026-06-04 07:10:00,57860.7,66482.0,57855.8,57863.0
2026-06-04 07:15:00,58141.7,66804.8,58174.7,58126.2
2026-06-04 07:20:00,58346.4,67040.0,58382.2,58329.6
2026-06-04 07:25:00,58521.6,67241.4,58529.9,58517.8
2026-06-04 07:30:00,58705.6,67452.7,58681.7,58716.8
2026-06-04 07:35:00,58943.4,67726.0,58941.8,58944.2
2026-06-04 07:40:00,59140.1,67952.0,59080.8,59168.0
2026-06-04 07:45:00,59296.4,68131.6,59254.3,59316.1
2026-06-04 07:50:00,59469.5,68330.4,59486.8,59461.3
2026-06-04 07:55:00,59619.6,68502.9,59651.4,59604.7
2026-06-04 08:00:00,59972.7,68908.7,59945.5,59985.5
2026-06-04 08:05:00,60514.3,69530.9,60463.0,60538.3
2026-06-04 08:10:00,60840.8,69906.1,60835.0,60843.6
2026-06-04 08:15:00,61164.4,70277.9,61093.1,61197.8
2026-06-04 08:20:00,61385.0,70531.3,61432.4,61362.8
2026-06-04 08:25:00,61674.6,70864.1,61651.4,61685.5
2026-06-04 08:30:00,61872.9,71091.9,61855.6,61881.0
2026-06-04 08:35:00,62115.4,71370.6,62102.2,62121.5
2026-06-04 08:40:00,62294.5,71576.4,62354.0,62266.7
2026-06-04 08:45:00,62518.5,71833.7,62481.3,62535.9
2026-06-04 08:50:00,62650.4,71985.3,62653.8,62648.8
2026-06-04 08:55:00,62747.4,72096.7,62750.0,62746.2
2026-06-04 09:00:00,62702.7,72045.4,62731.7,62689.1
2026-06-04 09:05:00,62817.8,72177.7,62868.4,62794.1
2026-06-04 09:10:00,62954.7,72335.0,62966.7,62949.1
2026-06-04 09:15:00,63152.4,72562.1,63188.4,63135.5
2026-06-04 09:20:00,63291.1,72721.5,63298.5,63287.7
2026-06-04 09:25:00,63373.8,72816.5,63370.9,63375.1
2026-06-04 09:30:00,63434.1,72885.8,63428.4,63436.8
2026-06-04 09:35:00,63494.1,72954.7,63522.0,63481.0
2026-06-04 09:40:00,63464.1,72920.2,63467.1,63462.7
2026-06-04 09:45:00,63454.5,72909.2,63478.4,63443.3
2026-06-04 09:50:00,63435.3,72887.1,63465.2,63421.2
2026-06-04 09:55:00,63410.0,72858.0,63432.3,63399.5
2026-06-04 10:00:00,63272.5,72700.1,63326.0,63247.4
2026-06-04 10:05:00,63337.2,72774.5,63383.6,63315.5
2026-06-04 10:10:00,63407.7,72855.5,63506.1,63361.7
2026-06-04 10:15:00,63532.1,72998.4,63583.4,63508.1
2026-06-04 10:20:00,63547.2,73015.7,63606.8,63519.2
2026-06-04 10:25:00,63559.1,73029.4,63598.2,63540.8
2026-06-04 10:30:00,63450.9,72905.1,63469.0,63442.5
2026-06-04 10:35:00,63389.3,72834.3,63412.3,63378.4
2026-06-04 10:40:00,63276.2,72704.3,63316.7,63257.2
2026-06-04 10:45:00,63163.5,72574.8,63200.3,63146.2
2026-06-04 10:50:00,63064.5,72461.1,63085.6,63054.6
2026-06-04 10:55:00,62959.7,72340.7,62962.9,62958.2
2026-06-04 11:00:00,62777.7,72131.6,62825.0,62755.5
2026-06-04 11:05:00,62607.5,71936.0,62719.8,62554.9
2026-06-04 11:10:00,62456.8,71762.9,62490.9,62440.9
2026-06-04 11:15:00,62249.7,71525.0,62298.3,62227.0
2026-06-04 11:20:00,62068.1,71316.3,62081.4,62061.9
2026-06-04 11:25:00,61866.8,71084.9,61898.1,61852.1
2026-06-04 11:30:00,61635.3,70818.9,61645.0,61630.7
2026-06-04 11:35:00,61488.4,70650.1,61505.1,61480.5
2026-06-04 11:40:00,61287.4,70419.3,61264.4,61298.2
2026-06-04 11:45:00,61117.5,70224.0,61075.8,61137.0
2026-06-04 11:50:00,60820.4,69882.7,60760.3,60848.6
2026-06-04 11:55:00,60372.0,69367.4,60392.7,60362.3
2026-06-04 12:00:00,59928.5,68857.8,60030.3,59880.8
2026-06-04 12:05:00,59878.2,68800.0,59950.3,59844.4
2026-06-04 12:10:00,59849.1,68766.6,59840.8,59853.0
2026-06-04 12:15:00,59800.6,68710.9,59813.5,59794.5
2026-06-04 12:20:00,59795.5,68705.1,59776.1,59804.6
2026-06-04 12:25:00,59786.9,68695.1,59771.4,59794.2
2026-06-04 12:30:00,59671.5,68562.6,59644.7,59684.1
2026-06-04 12:35:00,59634.2,68519.7,59641.6,59630.7
2026-06-04 12:40:00,59739.2,68640.3,59734.2,59741.5
2026-06-04 12:45:00,59794.4,68703.7,59856.0,59765.5
2026-06-04 12:50:00,59946.7,68878.8,59896.4,59970.3
2026-06-04 12:55:00,60133.6,69093.5,60125.5,60137.4
2026-06-04 13:00:00,60374.8,69370.6,60476.2,60327.2
2026-06-04 13:05:00,60684.9,69726.9,60764.8,60647.4
2026-06-04 13:10:00,60893.2,69966.3,60995.4,60845.4
2026-06-04 13:15:00,61018.9,70110.7,61121.1,60971.0
2026-06-04 13:20:00,61185.4,70302.0,61167.1,61193.9
2026-06-04 13:25:00,61355.2,70497.1,61378.9,61344.1
2026-06-04 13:30:00,61515.3,70681.0,61543.1,61502.2
2026-06-04 13:35:00,61726.6,70923.9,61654.4,61760.5
2026-06-04 13:40:00,61888.8,71110.2,61882.5,61891.8
2026-06-04 13:45:00,62001.8,71240.1,61993.2,62005.9
2026-06-04 13:50:00,62121.3,71377.4,62050.7,62154.4
2026-06-04 13:55:00,62256.1,71532.2,62265.4,62251.7
2026-06-04 14:00:00,62320.3,71606.0,62351.2,62305.8
2026-06-04 14:05:00,62426.0,71727.5,62440.3,62419.3
2026-06-04 14:10:00,62556.2,71877.1,62552.0,62558.2
2026-06-04 14:15:00,62606.4,71934.8,62656.2,62583.1
2026-06-04 14:20:00,62699.5,72041.7,62743.8,62678.7
2026-06-04 14:25:00,62836.9,72199.6,62827.4,62841.3
2026-06-04 14:30:00,62878.7,72247.6,62876.5,62879.7
2026-06-04 14:35:00,62984.9,72369.7,62984.6,62985.1
2026-06-04 14:40:00,63046.0,72439.9,63063.1,63038.0
2026-06-04 14:45:00,63080.0,72479.0,63171.1,63037.4
2026-06-04 14:50:00,63139.7,72547.6,63152.8,63133.6
2026-06-04 14:55:00,63124.8,72530.4,63137.9,63118.7
2026-06-04 15:00:00,63042.4,72435.7,63116.3,63007.7
2026-06-04 15:05:00,62970.1,72352.6,63103.8,62907.5
2026-06-04 15:10:00,63057.1,72452.6,63131.0,63022.5
2026-06-04 15:15:00,63233.8,72655.6,63282.5,63211.0
2026-06-04 15:20:00,63368.7,72810.6,63440.4,63335.1
2026-06-04 15:25:00,63547.5,73016.1,63556.5,63543.3
2026-06-04 15:30:00,63656.9,73141.8,63698.3,63637.5
2026-06-04 15:35:00,63762.4,73263.0,63782.6,63752.9
2026-06-04 15:40:00,63872.0,73389.0,63898.3,63859.8
2026-06-04 15:45:00,64020.2,73559.2,64003.4,64028.0
2026-06-04 15:50:00,64152.0,73710.6,64179.9,64138.9
2026-06-04 15:55:00,64273.4,73850.2,64273.9,64273.2
2026-06-04 16:00:00,64342.3,73929.3,64391.6,64319.2
2026-06-04 16:05:00,64303.7,73884.9,64344.2,64284.7
2026-06-04 16:10:00,64435.5,74036.4,64480.8,64414.3
2026-06-04 16:15:00,64537.8,74154.0,64568.3,64523.6
2026-06-04 16:20:00,64632.3,74262.5,64645.1,64626.3
2026-06-04 16:25:00,64746.1,74393.2,64764.1,64737.6
2026-06-04 16:30:00,64836.7,74497.4,64835.3,64837.4
2026-06-04 16:35:00,64945.8,74622.7,64921.8,64957.0
2026-06-04 16:40:00,65036.0,74726.4,65102.4,65005.0
2026-06-04 16:45:00,65100.2,74800.1,65096.8,65101.8
2026-06-04 16:50:00,65143.8,74850.2,65151.0,65140.4
2026-06-04 16:55:00,65149.4,74856.7,65231.4,65111.0
2026-06-04 17:00:00,65088.5,74786.7,65175.7,65047.6
2026-06-04 17:05:00,64964.1,74643.7,65031.1,64932.7
2026-06-04 17:10:00,65001.4,74686.7,65092.4,64958.8
2026-06-04 17:15:00,65073.7,74769.7,65089.3,65066.4
2026-06-04 17:20:00,65139.5,74845.3,65169.7,65125.4
2026-06-04 17:25:00,65169.2,74879.5,65245.8,65133.4
2026-06-04 17:30:00,65191.4,74904.9,65225.0,65175.6
2026-06-04 17:35:00,65232.1,74951.7,65226.3,65234.9
2026-06-04 17:40:00,65261.0,74984.9,65329.2,65229.1
2026-06-04 17:45:00,65327.4,75061.2,65334.3,65324.2
2026-06-04 17:50:00,65298.6,75028.1,65298.1,65298.8
2026-06-04 17:55:00,65277.0,75003.3,65268.5,65281.0
2026-06-04 18:00:00,65290.6,75018.9,65263.2,65303.5
2026-06-04 18:05:00,65223.0,74941.3,65223.4,65222.9
2026-06-04 18:10:00,65219.0,74936.7,65219.6,65218.8
2026-06-04 18:15:00,65235.0,74955.0,65243.6,65231.0
2026-06-04 18:20:00,65263.7,74988.0,65335.3,65230.1
2026-06-04 18:25:00,65343.1,75079.2,65347.2,65341.2
2026-06-04 18:30:00,65379.0,75120.5,65431.3,65354.5
2026-06-04 18:35:00,65444.1,75195.3,65415.3,65457.6
2026-06-04 18:40:00,65466.5,75221.0,65510.6,65445.8
2026-06-04 18:45:00,65545.6,75311.9,65513.3,65560.7
2026-06-04 18:50:00,65544.6,75310.7,65587.2,65524.6
2026-06-04 18:55:00,65523.0,75285.9,65557.7,65506.8
2026-06-04 19:00:00,65516.9,75278.9,65528.0,65511.7
2026-06-04 19:05:00,65457.8,75211.0,65418.7,65476.2
2026-06-04 19:10:00,65500.7,75260.3,65466.6,65516.7
2026-06-04 19:15:00,65504.9,75265.2,65463.8,65524.2
2026-06-04 19:20:00,65494.4,75253.1,65469.8,65506.0
2026-06-04 19:25:00,65489.7,75247.7,65459.1,65504.0
2026-06-04 19:30:00,65472.1,75227.5,65450.0,65482.5
2026-06-04 19:35:00,65475.5,75231.4,65457.2,65484.1
2026-06-04 19:40:00,65477.8,75234.0,65452.4,65489.6
2026-06-04 19:45:00,65480.1,75236.7,65457.2,65490.9
2026-06-04 19:50:00,65445.4,75196.8,65426.0,65454.5
2026-06-04 19:55:00,65376.8,75117.9,65410.2,65361.1
2026-06-04 20:00:00,65291.6,75020.1,65290.2,65292.3
2026-06-04 20:05:00,65221.8,74939.8,65212.2,65226.3
2026-06-04 20:10:00,65147.5,74854.5,65127.8,65156.7
2026-06-04 20:15:00,65093.2,74792.1,65118.6,65081.4
2026-06-04 20:20:00,65065.5,74760.2,65040.6,65077.1
2026-06-04 20:25:00,65026.1,74714.9,65030.9,65023.8
2026-06-04 20:30:00,64885.1,74553.0,64894.5,64880.7
2026-06-04 20:35:00,64798.9,74454.0,64825.6,64786.4
2026-06-04 20:40:00,64716.3,74359.0,64724.6,64712.4
2026-06-04 20:45:00,64617.9,74246.0,64630.8,64611.9
2026-06-04 20:50:00,64502.0,74112.8,64495.0,64505.3
2026-06-04 20:55:00,64381.1,73973.8,64354.8,64393.4
2026-06-04 21:00:00,64130.3,73685.7,64185.0,64104.7
2026-06-04 21:05:00,63994.1,73529.2,63979.8,64000.8
2026-06-04 21:10:00,63843.6,73356.3,63898.0,63818.2
2026-06-04 21:15:00,63753.0,73252.2,63730.8,63763.4
2026-06-04 21:20:00,63673.1,73160.4,63625.5,63695.4
2026-06-04 21:25:00,63546.8,73015.3,63515.3,63561.6
2026-06-04 21:30:00,63415.4,72864.3,63404.2,63420.7
2026-06-04 21:35:00,63235.6,72657.7,63252.0,63227.8
2026-06-04 21:40:00,63071.9,72469.6,63111.5,63053.3
2026-06-04 21:45:00,62961.2,72342.4,62941.6,62970.3
2026-06-04 21:50:00,62856.1,72221.7,62834.0,62866.5
2026-06-04 21:55:00,62689.1,72029.7,62678.2,62694.2
2026-06-04 22:00:00,62579.3,71903.6,62569.6,62583.9
2026-06-04 22:05:00,62710.7,72054.6,62670.4,62729.5
2026-06-04 22:10:00,62684.8,72024.9,62643.9,62704.0
2026-06-04 22:15:00,62604.9,71933.0,62604.4,62605.1
2026-06-04 22:20:00,62506.1,71819.5,62503.8,62507.2
2026-06-04 22:25:00,62378.3,71672.7,62377.6,62378.7
2026-06-04 22:30:00,62201.1,71469.1,62188.1,62207.2
2026-06-04 22:35:00,62063.1,71310.5,62030.7,62078.3
2026-06-04 22:40:00,61839.0,71053.0,61837.2,61839.8
2026-06-04 22:45:00,61625.9,70808.2,61645.0,61617.0
2026-06-04 22:50:00,61448.9,70604.8,61488.7,61430.3
2026-06-04 22:55:00,61259.9,70387.6,61311.0,61236.0
2026-06-04 23:00:00,61267.6,70396.5,61265.6,61268.6
2026-06-04 23:05:00,61597.7,70775.8,61614.9,61589.7
2026-06-04 23:10:00,61506.0,70670.4,61551.2,61484.8
2026-06-04 23:15:00,61259.7,70387.4,61292.1,61244.6
2026-06-04 23:20:00,61046.3,70142.2,61016.8,61060.1
2026-06-04 23:25:00,60838.0,69902.8,60809.8,60851.2
2026-06-04 23:30:00,60513.8,69530.4,60488.3,60525.8
2026-06-04 23:35:00,60194.0,69163.0,60233.1,60175.8
2026-06-04 23:40:00,59905.3,68831.2,59947.1,59885.8
2026-06-04 23:45:00,59628.7,68513.4,59629.9,59628.1
2026-06-04 23:50:00,59298.4,68133.9,59363.6,59267.9
2026-06-04 23:55:00,58904.4,67681.1,58941.9,58886.8
2026-06-05 00:00:00,58395.0,67095.8,58438.5,58374.6
2026-06-05 00:05:00,58241.4,66919.4,58199.9,58260.9
2026-06-05 00:10:00,57968.6,66605.9,57978.6,57963.8
2026-06-05 00:15:00,57703.3,66301.1,57702.9,57703.5
2026-06-05 00:20:00,57420.6,65976.3,57393.5,57433.3
2026-06-05 00:25:00,57100.2,65608.1,57122.7,57089.6
2026-06-05 00:30:00,56859.0,65331.0,56888.8,56845.0
2026-06-05 00:35:00,56685.6,65131.7,56677.3,56689.4
2026-06-05 00:40:00,56531.5,64954.7,56492.3,56549.9
2026-06-05 00:45:00,56349.3,64745.3,56310.5,56367.4
2026-06-05 00:50:00,56151.8,64518.5,56223.2,56118.4
2026-06-05 00:55:00,55934.1,64268.3,55999.3,55903.5
2026-06-05 01:00:00,55760.6,64069.0,55823.1,55731.4
2026-06-05 01:05:00,55680.3,63976.7,55670.6,55684.9
2026-06-05 01:10:00,55582.3,63864.0,55559.1,55593.1
2026-06-05 01:15:00,55528.9,63802.7,55540.8,55523.3
2026-06-05 01:20:00,55469.3,63734.3,55416.6,55494.0
2026-06-05 01:25:00,55376.5,63627.7,55428.2,55352.4
2026-06-05 01:30:00,55325.0,63568.4,55306.9,55333.5
2026-06-05 01:35:00,55249.7,63481.9,55227.0,55260.4
2026-06-05 01:40:00,55219.1,63446.7,55216.0,55220.5
2026-06-05 01:45:00,55114.2,63326.2,55100.9,55120.4
2026-06-05 01:50:00,55038.9,63239.7,55087.9,55016.0
2026-06-05 01:55:00,54978.6,63170.4,54955.3,54989.5
2026-06-05 02:00:00,54872.4,63048.4,54839.9,54887.6
2026-06-05 02:05:00,54925.5,63109.4,54904.7,54935.2
2026-06-05 02:10:00,54906.0,63087.0,54875.9,54920.1
2026-06-05 02:15:00,54897.6,63077.3,54873.4,54908.9
2026-06-05 02:20:00,54859.9,63034.1,54831.1,54873.4
2026-06-05 02:25:00,54778.6,62940.6,54846.6,54746.8
2026-06-05 02:30:00,54733.2,62888.4,54709.8,54744.1
2026-06-05 02:35:00,54690.7,62839.7,54729.8,54672.5
2026-06-05 02:40:00,54649.8,62792.6,54602.2,54672.1
2026-06-05 02:45:00,54629.1,62768.8,54606.9,54639.5
2026-06-05 02:50:00,54629.9,62769.7,54608.3,54640.0
2026-06-05 02:55:00,54631.5,62771.5,54610.1,54641.5
2026-06-05 03:00:00,54617.6,62755.7,54621.0,54616.1
2026-06-05 03:05:00,54648.5,62791.1,54661.0,54642.7
2026-06-05 03:10:00,54634.1,62774.6,54641.2,54630.8
2026-06-05 03:15:00,54635.0,62775.7,54638.4,54633.5
2026-06-05 03:20:00,54635.4,62776.1,54636.9,54634.7
2026-06-05 03:25:00,54639.2,62780.4,54640.3,54638.7
2026-06-05 03:30:00,54631.8,62771.9,54632.4,54631.5
2026-06-05 03:35:00,54645.3,62787.4,54655.2,54640.6
2026-06-05 03:40:00,54629.1,62768.9,54637.1,54625.4
2026-06-05 03:45:00,54631.0,62771.0,54642.7,54625.5
2026-06-05 03:50:00,54627.9,62767.5,54637.0,54623.7
2026-06-05 03:55:00,54626.9,62766.3,54636.7,54622.3
2026-06-05 04:00:00,54697.6,62847.5,54688.2,54702.0
2026-06-05 04:05:00,54749.5,62907.1,54749.1,54749.6
2026-06-05 04:10:00,54835.8,63006.4,54841.5,54833.2
2026-06-05 04:15:00,54837.5,63008.3,54835.4,54838.5
2026-06-05 04:20:00,54832.8,63002.8,54830.3,54833.9
2026-06-05 04:25:00,54838.0,63008.8,54836.7,54838.6
2026-06-05 04:30:00,54830.2,62999.9,54827.5,54831.4
2026-06-05 04:35:00,54864.3,63039.1,54866.1,54863.5
2026-06-05 04:40:00,54874.5,63050.8,54957.2,54835.8
2026-06-05 04:45:00,54996.3,63190.8,54955.3,55015.5
2026-06-05 04:50:00,55030.8,63230.4,55080.4,55007.5
2026-06-05 04:55:00,55092.2,63300.9,55080.2,55097.8
2026-06-05 05:00:00,55153.1,63370.9,55185.2,55138.0
2026-06-05 05:05:00,55351.6,63599.0,55357.7,55348.8
2026-06-05 05:10:00,55438.2,63698.5,55502.7,55408.0
2026-06-05 05:15:00,55491.7,63760.0,55485.0,55494.9
2026-06-05 05:20:00,55589.6,63872.4,55592.8,55588.1
2026-06-05 05:25:00,55629.4,63918.2,55693.4,55599.4
2026-06-05 05:30:00,55752.8,64059.9,55726.7,55765.0
2026-06-05 05:35:00,55903.6,64233.3,55889.8,55910.1
2026-06-05 05:40:00,55975.3,64315.6,55964.3,55980.4
2026-06-05 05:45:00,56123.0,64485.4,56047.9,56158.2
2026-06-05 05:50:00,56220.8,64597.7,56183.0,56238.5
2026-06-05 05:55:00,56315.1,64706.0,56298.2,56322.9
2026-06-05 06:00:00,56507.9,64927.5,56513.4,56505.3
2026-06-05 06:05:00,56857.5,65329.3,56832.3,56869.3
2026-06-05 06:10:00,57017.3,65512.9,57035.6,57008.7
2026-06-05 06:15:00,57203.9,65727.2,57203.2,57204.2
2026-06-05 06:20:00,57365.0,65912.4,57355.5,57369.5
2026-06-05 06:25:00,57531.2,66103.4,57506.0,57543.1
2026-06-05 06:30:00,57757.3,66363.2,57692.5,57787.7
2026-06-05 06:35:00,57987.6,66627.7,57997.8,57982.8
2026-06-05 06:40:00,58096.8,66753.3,58143.0,58075.2
2026-06-05 06:45:00,58216.8,66891.1,58229.5,58210.9
2026-06-05 06:50:00,58356.0,67051.1,58327.7,58369.3
2026-06-05 06:55:00,58479.8,67193.3,58489.8,58475.2
2026-06-05 07:00:00,58763.1,67518.8,58754.4,58767.1
2026-06-05 07:05:00,59210.7,68033.1,59163.7,59232.8
2026-06-05 07:10:00,59485.4,68348.8,59443.2,59505.2
2026-06-05 07:15:00,59713.0,68610.2,59744.7,59698.1
2026-06-05 07:20:00,59901.5,68826.8,59847.3,59926.9
2026-06-05 07:25:00,60038.0,68983.6,60018.5,60047.1
2026-06-05 07:30:00,60167.8,69132.7,60157.2,60172.7
2026-06-05 07:35:00,60347.6,69339.4,60325.7,60357.9
2026-06-05 07:40:00,60500.3,69514.8,60453.3,60522.3
2026-06-05 07:45:00,60623.2,69656.0,60655.1,60608.2
2026-06-05 07:50:00,60738.4,69788.4,60752.5,60731.8
2026-06-05 07:55:00,60912.3,69988.2,60851.7,60940.6
2026-06-05 08:00:00,61241.7,70366.8,61234.4,61245.2
2026-06-05 08:05:00,61795.4,71002.9,61763.9,61810.2
2026-06-05 08:10:00,62119.6,71375.4,62082.3,62137.1
2026-06-05 08:15:00,62471.5,71779.7,62504.4,62456.0
2026-06-05 08:20:00,62698.5,72040.6,62666.7,62713.4
2026-06-05 08:25:00,62983.7,72368.3,62983.9,62983.7
2026-06-05 08:30:00,63185.0,72599.6,63213.8,63171.5
2026-06-05 08:35:00,63435.2,72887.0,63416.2,63444.1
2026-06-05 08:40:00,63587.9,73062.4,63623.8,63571.0
2026-06-05 08:45:00,63735.4,73232.0,63687.0,63758.0
2026-06-05 08:50:00,63903.4,73425.0,63904.2,63903.1
2026-06-05 08:55:00,64023.6,73563.2,64058.6,64007.3
2026-06-05 09:00:00,64002.7,73539.1,63996.6,64005.6
2026-06-05 09:05:00,64091.2,73640.8,64112.4,64081.3
2026-06-05 09:10:00,64187.1,73750.9,64249.1,64158.0
2026-06-05 09:15:00,64321.0,73904.9,64370.0,64298.1
2026-06-05 09:20:00,64435.7,74036.6,64387.8,64458.2
2026-06-05 09:25:00,64492.0,74101.4,64512.4,64482.5
2026-06-05 09:30:00,64549.2,74167.0,64537.0,64554.9
2026-06-05 09:35:00,64564.1,74184.1,64523.8,64583.0
2026-06-05 09:40:00,64568.1,74188.7,64605.4,64550.6
2026-06-05 09:45:00,64568.2,74188.8,64604.0,64551.4
2026-06-05 09:50:00,64540.4,74156.9,64555.0,64533.6
2026-06-05 09:55:00,64468.6,74074.4,64433.6,64485.0
2026-06-05 10:00:00,64288.4,73867.4,64387.0,64242.3
2026-06-05 10:05:00,64273.7,73850.5,64351.1,64237.5
2026-06-05 10:10:00,64307.6,73889.4,64361.1,64282.5
2026-06-05 10:15:00,64454.7,74058.4,64455.8,64454.1
2026-06-05 10:20:00,64490.8,74099.9,64560.4,64458.1
2026-06-05 10:25:00,64530.3,74145.4,64526.6,64532.1
2026-06-05 10:30:00,64433.0,74033.6,64412.2,64442.8
2026-06-05 10:35:00,64345.1,73932.5,64332.5,64351.0
2026-06-05 10:40:00,64232.4,73803.1,64200.8,64247.3
2026-06-05 10:45:00,64148.1,73706.2,64114.3,64163.9
2026-06-05 10:50:00,64034.2,73575.3,63998.3,64050.9
2026-06-05 10:55:00,63943.7,73471.3,63877.2,63974.9
2026-06-05 11:00:00,63819.2,73328.3,63759.4,63847.2
2026-06-05 11:05:00,63790.6,73295.4,63781.4,63794.9
2026-06-05 11:10:00,63730.4,73226.2,63671.3,63758.1
2026-06-05 11:15:00,63679.1,73167.3,63664.0,63686.1
2026-06-05 11:20:00,63583.7,73057.7,63558.6,63595.4
2026-06-05 11:25:00,63485.6,72945.0,63449.7,63502.5
2026-06-05 11:30:00,63346.8,72785.5,63284.2,63376.1
2026-06-05 11:35:00,63307.1,72739.8,63251.5,63333.1
2026-06-05 11:40:00,63107.4,72510.4,63099.5,63111.1
2026-06-05 11:45:00,62925.1,72300.9,62912.9,62930.8
2026-06-05 11:50:00,62633.6,71966.1,62631.0,62634.9
2026-06-05 11:55:00,62206.7,71475.5,62236.9,62192.5
2026-06-05 12:00:00,61782.8,70988.5,61800.9,61774.4
2026-06-05 12:05:00,61742.4,70942.0,61808.0,61711.6
2026-06-05 12:10:00,61745.8,70945.9,61776.7,61731.3
2026-06-05 12:15:00,61729.7,70927.5,61729.4,61729.9
2026-06-05 12:20:00,61732.6,70930.7,61733.3,61732.2
2026-06-05 12:25:00,61751.6,70952.6,61736.9,61758.5
2026-06-05 12:30:00,61667.6,70856.0,61624.5,61687.7
2026-06-05 12:35:00,61606.2,70785.5,61618.0,61600.6
2026-06-05 12:40:00,61623.2,70805.1,61568.9,61648.7
2026-06-05 12:45:00,61712.1,70907.2,61630.9,61750.2
2026-06-05 12:50:00,61887.3,71108.6,61820.5,61918.7
2026-06-05 12:55:00,62034.2,71277.3,62049.3,62027.1
2026-06-05 13:00:00,62297.2,71579.5,62372.7,62261.9
2026-06-05 13:05:00,62600.7,71928.2,62686.8,62560.4
2026-06-05 13:10:00,62838.7,72201.6,62877.8,62820.3
2026-06-05 13:15:00,62958.7,72339.5,63023.0,62928.6
2026-06-05 13:20:00,63145.8,72554.5,63157.6,63140.2
2026-06-05 13:25:00,63311.6,72745.1,63295.4,63319.2
2026-06-05 13:30:00,63444.8,72898.1,63431.8,63450.9
2026-06-05 13:35:00,63696.6,73187.4,63653.5,63716.9
2026-06-05 13:40:00,63833.9,73345.2,63805.1,63847.4
2026-06-05 13:45:00,64009.5,73546.9,63977.7,64024.4
2026-06-05 13:50:00,64097.0,73647.4,64106.4,64092.6
2026-06-05 13:55:00,64182.3,73745.5,64219.9,64164.8
2026-06-05 14:00:00,64274.1,73851.0,64299.0,64262.5
2026-06-05 14:05:00,64343.7,73930.9,64392.6,64320.8
2026-06-05 14:10:00,64452.3,74055.7,64417.9,64468.4
2026-06-05 14:15:00,64580.9,74203.4,64638.8,64553.7
2026-06-05 14:20:00,64636.4,74267.2,64736.5,64589.5
2026-06-05 14:25:00,64709.6,74351.4,64712.7,64708.2
2026-06-05 14:30:00,64762.9,74412.6,64782.6,64753.8
2026-06-05 14:35:00,64818.9,74476.9,64853.6,64802.6
2026-06-05 14:40:00,64888.2,74556.6,64849.9,64906.2
2026-06-05 14:45:00,64930.1,74604.7,64920.2,64934.7
2026-06-05 14:50:00,64910.7,74582.4,64890.3,64920.3
2026-06-05 14:55:00,64901.5,74571.8,64874.5,64914.1
2026-06-05 15:00:00,64850.0,74512.7,64860.7,64845.0
2026-06-05 15:05:00,64806.3,74462.5,64842.0,64789.6
2026-06-05 15:10:00,64910.7,74582.3,64888.6,64921.0
2026-06-05 15:15:00,65033.1,74723.0,64995.4,65050.7
2026-06-05 15:20:00,65135.4,74840.6,65089.3,65157.0
2026-06-05 15:25:00,65244.7,74966.1,65290.4,65223.3
2026-06-05 15:30:00,65306.4,75037.1,65365.4,65278.8
2026-06-05 15:35:00,65372.0,75112.4,65370.2,65372.8
2026-06-05 15:40:00,65479.4,75235.8,65445.7,65495.2
2026-06-05 15:45:00,65615.7,75392.4,65579.4,65632.6
2026-06-05 15:50:00,65688.2,75475.8,65687.7,65688.5
2026-06-05 15:55:00,65776.1,75576.7,65755.9,65785.5
2026-06-05 16:00:00,65817.6,75624.4,65793.8,65828.7
2026-06-05 16:05:00,65736.3,75531.0,65828.9,65692.9
2026-06-05 16:10:00,65793.4,75596.6,65871.9,65756.6
2026-06-05 16:15:00,65874.7,75690.1,65897.8,65863.9
2026-06-05 16:20:00,65938.4,75763.3,65959.7,65928.5
2026-06-05 16:25:00,65983.1,75814.5,66078.9,65938.2
2026-06-05 16:30:00,66010.6,75846.2,66056.1,65989.3
2026-06-05 16:35:00,66017.6,75854.2,66060.3,65997.6
2026-06-05 16:40:00,66006.9,75842.0,66042.2,65990.4
2026-06-05 16:45:00,65992.9,75825.9,66047.0,65967.6
2026-06-05 16:50:00,65946.6,75772.7,65991.2,65925.8
2026-06-05 16:55:00,65927.5,75750.7,65971.3,65906.9
2026-06-05 17:00:00,65804.8,75609.7,65898.3,65761.0
2026-06-05 17:05:00,65595.0,75368.7,65642.9,65572.6
2026-06-05 17:10:00,65605.8,75381.1,65598.3,65609.4
2026-06-05 17:15:00,65622.2,75399.9,65611.6,65627.1
2026-06-05 17:20:00,65612.6,75388.9,65587.8,65624.3
2026-06-05 17:25:00,65619.2,75396.5,65588.3,65633.7
2026-06-05 17:30:00,65608.8,75384.5,65572.5,65625.8
2026-06-05 17:35:00,65622.5,75400.2,65588.7,65638.3
2026-06-05 17:40:00,65614.8,75391.4,65579.9,65631.1
2026-06-05 17:45:00,65617.2,75394.2,65585.0,65632.3
2026-06-05 17:50:00,65598.7,75373.0,65582.8,65606.2
2026-06-05 17:55:00,65578.4,75349.6,65553.2,65590.3
2026-06-05 18:00:00,65595.9,75369.7,65575.1,65605.7
2026-06-05 18:05:00,65535.4,75300.2,65539.5,65533.6
2026-06-05 18:10:00,65547.3,75313.8,65630.9,65508.1
2026-06-05 18:15:00,65565.6,75334.9,65659.9,65521.5
2026-06-05 18:20:00,65636.0,75415.7,65641.4,65633.4
2026-06-05 18:25:00,65684.6,75471.6,65754.1,65652.1
2026-06-05 18:30:00,65755.2,75552.7,65757.6,65754.1
2026-06-05 18:35:00,65840.1,75650.3,65847.0,65836.9
2026-06-05 18:40:00,65852.5,75664.5,65915.7,65822.9
2026-06-05 18:45:00,65907.9,75728.2,65921.5,65901.5
2026-06-05 18:50:00,65872.6,75687.6,65890.2,65864.4
2026-06-05 18:55:00,65852.9,75665.0,65862.7,65848.3
2026-06-05 19:00:00,65842.5,75653.0,65813.8,65855.9
2026-06-05 19:05:00,65817.3,75624.0,65809.3,65821.0
2026-06-05 19:10:00,65807.6,75613.0,65859.2,65783.4
2026-06-05 19:15:00,65777.0,75577.8,65768.2,65781.2
2026-06-05 19:20:00,65756.1,75553.7,65737.7,65764.7
2026-06-05 19:25:00,65743.9,75539.8,65728.7,65751.1
2026-06-05 19:30:00,65686.7,75474.0,65721.7,65670.3
2026-06-05 19:35:00,65659.9,75443.3,65633.7,65672.2
2026-06-05 19:40:00,65660.6,75444.1,65629.0,65675.4
2026-06-05 19:45:00,65663.0,75446.8,65633.8,65676.7
2026-06-05 19:50:00,65626.6,75405.0,65605.0,65636.8
2026-06-05 19:55:00,65524.4,75287.5,65494.2,65538.5
2026-06-05 20:00:00,65398.7,75143.1,65462.1,65369.1
2026-06-05 20:05:00,65282.3,75009.4,65261.6,65292.0
2026-06-05 20:10:00,65253.7,74976.4,65229.6,65264.9
2026-06-05 20:15:00,65189.8,74903.1,65240.7,65165.9
2026-06-05 20:20:00,65143.8,74850.2,65105.6,65161.6
2026-06-05 20:25:00,65084.0,74781.5,65096.6,65078.1
2026-06-05 20:30:00,65035.7,74726.0,64995.3,65054.7
2026-06-05 20:35:00,64942.0,74618.3,64916.8,64953.8
2026-06-05 20:40:00,64826.3,74485.4,64911.2,64786.5
2026-06-05 20:45:00,64720.0,74363.2,64733.3,64713.7
2026-06-05 20:50:00,64587.3,74210.8,64611.3,64576.0
2026-06-05 20:55:00,64489.3,74098.2,64494.5,64486.8
2026-06-05 21:00:00,64314.3,73897.1,64301.5,64320.3
2026-06-05 21:05:00,64166.2,73726.9,64175.8,64161.6
2026-06-05 21:10:00,64039.9,73581.9,64066.7,64027.4
2026-06-05 21:15:00,63895.5,73415.9,63888.0,63899.0
2026-06-05 21:20:00,63775.8,73278.4,63800.6,63764.2
2026-06-05 21:25:00,63662.1,73147.7,63630.0,63677.1
2026-06-05 21:30:00,63546.5,73014.9,63509.3,63563.9
2026-06-05 21:35:00,63410.3,72858.4,63396.7,63416.6
2026-06-05 21:40:00,63235.1,72657.2,63247.3,63229.5
2026-06-05 21:45:00,63080.8,72479.8,63128.9,63058.3
2026-06-05 21:50:00,62965.7,72347.6,62942.0,62976.8
2026-06-05 21:55:00,62857.7,72223.4,62844.0,62864.1
2026-06-05 22:00:00,62774.5,72127.9,62770.6,62776.4
2026-06-05 22:05:00,62921.4,72296.6,62878.2,62941.6
2026-06-05 22:10:00,62892.6,72263.7,62857.8,62909.0
2026-06-05 22:15:00,62830.2,72191.9,62786.1,62850.9
2026-06-05 22:20:00,62713.0,72057.2,62679.6,62728.6
2026-06-05 22:25:00,62564.1,71886.1,62560.8,62565.6
2026-06-05 22:30:00,62360.2,71651.9,62372.9,62354.2
2026-06-05 22:35:00,62159.7,71421.6,62186.7,62147.1
2026-06-05 22:40:00,61985.1,71220.9,61951.2,62001.0
2026-06-05 22:45:00,61764.1,70966.9,61764.2,61764.0
2026-06-05 22:50:00,61567.8,70741.4,61578.9,61562.6
2026-06-05 22:55:00,61364.6,70507.9,61395.4,61350.1
2026-06-05 23:00:00,61365.7,70509.2,61372.2,61362.6
2026-06-05 23:05:00,61693.7,70886.1,61726.2,61678.5
2026-06-05 23:10:00,61612.1,70792.3,61655.5,61591.8
2026-06-05 23:15:00,61383.9,70530.2,61384.4,61383.7
2026-06-05 23:20:00,61107.7,70212.7,61107.1,61108.0
2026-06-05 23:25:00,60813.5,69874.7,60774.8,60831.6
2026-06-05 23:30:00,60451.9,69459.3,60491.5,60433.4
2026-06-05 23:35:00,60166.5,69131.4,60136.8,60180.5
2026-06-05 23:40:00,59875.2,68796.6,59866.9,59879.1
2026-06-05 23:45:00,59607.0,68488.5,59534.4,59641.0
2026-06-05 23:50:00,59277.9,68110.3,59273.6,59279.9
2026-06-05 23:55:00,58900.4,67676.5,58910.3,58895.7
2026-06-06 00:00:00,58442.7,67150.6,58474.2,58427.9
2026-06-06 00:05:00,58237.8,66915.2,58231.6,58240.7
2026-06-06 00:10:00,57948.8,66583.2,57962.4,57942.5
2026-06-06 00:15:00,57684.5,66279.5,57682.1,57685.7
2026-06-06 00:20:00,57400.7,65953.4,57372.3,57413.9
2026-06-06 00:25:00,57078.5,65583.1,57101.8,57067.5
2026-06-06 00:30:00,56823.5,65290.2,56810.3,56829.7
2026-06-06 00:35:00,56613.6,65049.1,56646.6,56598.2
2026-06-06 00:40:00,56440.5,64850.1,56394.5,56462.0
2026-06-06 00:45:00,56246.4,64627.2,56207.2,56264.8
2026-06-06 00:50:00,56033.5,64382.5,56108.1,55998.6
2026-06-06 00:55:00,55797.6,64111.4,55856.8,55769.8
2026-06-06 01:00:00,55626.2,63914.5,55693.2,55594.8
2026-06-06 01:05:00,55524.6,63797.8,55514.3,55529.5
2026-06-06 01:10:00,55420.2,63677.8,55396.9,55431.1
2026-06-06 01:15:00,55287.6,63525.5,55273.7,55294.2
2026-06-06 01:20:00,55174.1,63395.0,55141.6,55189.3
2026-06-06 01:25:00,55057.9,63261.5,55046.9,55063.0
2026-06-06 01:30:00,54911.7,63093.5,54935.4,54900.5
2026-06-06 01:35:00,54809.7,62976.4,54822.1,54803.9
2026-06-06 01:40:00,54684.3,62832.3,54689.8,54681.8
2026-06-06 01:45:00,54519.0,62642.3,54532.8,54512.5
2026-06-06 01:50:00,54407.9,62514.6,54427.5,54398.7
2026-06-06 01:55:00,54245.0,62327.5,54244.1,54245.4
2026-06-06 02:00:00,54214.9,62293.0,54152.2,54244.3
2026-06-06 02:05:00,54203.1,62279.4,54184.1,54212.0
2026-06-06 02:10:00,54189.0,62263.2,54165.7,54199.9
2026-06-06 02:15:00,54200.5,62276.4,54167.1,54216.2
2026-06-06 02:20:00,54175.0,62247.1,54160.1,54182.0
2026-06-06 02:25:00,54088.2,62147.3,54159.2,54054.9
2026-06-06 02:30:00,54045.8,62098.7,54021.3,54057.3
2026-06-06 02:35:00,54043.9,62096.5,54032.6,54049.3
2026-06-06 02:40:00,54035.3,62086.5,54020.0,54042.4
2026-06-06 02:45:00,53914.7,61948.0,54008.9,53870.6
2026-06-06 02:50:00,53874.7,61902.0,53865.2,53879.1
2026-06-06 02:55:00,53778.7,61791.8,53863.3,53739.1
2026-06-06 03:00:00,53720.1,61724.3,53721.7,53719.3
2026-06-06 03:05:00,53723.5,61728.4,53722.9,53723.9
2026-06-06 03:10:00,53716.1,61719.8,53714.0,53717.1
2026-06-06 03:15:00,53639.8,61632.2,53710.6,53606.7
2026-06-06 03:20:00,53591.8,61576.9,53570.6,53601.7
2026-06-06 03:25:00,53597.1,61583.0,53578.9,53605.6
2026-06-06 03:30:00,53592.0,61577.2,53577.9,53598.6
2026-06-06 03:35:00,53608.7,61596.4,53592.2,53616.5
2026-06-06 03:40:00,53568.6,61550.3,53577.8,53564.2
2026-06-06 03:45:00,53565.1,61546.3,53566.7,53564.3
2026-06-06 03:50:00,53578.5,61561.7,53564.2,53585.2
2026-06-06 03:55:00,53577.8,61560.9,53564.4,53584.0
2026-06-06 04:00:00,53616.1,61604.9,53593.4,53626.7
2026-06-06 04:05:00,53627.9,61618.4,53624.1,53629.6
2026-06-06 04:10:00,53632.8,61624.1,53603.4,53646.6
2026-06-06 04:15:00,53635.7,61627.4,53600.4,53652.2
2026-06-06 04:20:00,53629.6,61620.4,53592.2,53647.2
2026-06-06 04:25:00,53634.8,61626.4,53597.4,53652.3
2026-06-06 04:30:00,53630.5,61621.5,53596.5,53646.5
2026-06-06 04:35:00,53654.0,61648.5,53612.8,53673.3
2026-06-06 04:40:00,53630.4,61621.4,53591.6,53648.6
2026-06-06 04:45:00,53629.2,61619.9,53590.9,53647.1
2026-06-06 04:50:00,53621.7,61611.3,53584.4,53639.1
2026-06-06 04:55:00,53618.5,61607.7,53584.2,53634.6
2026-06-06 05:00:00,53634.0,61625.4,53637.0,53632.6
2026-06-06 05:05:00,53679.5,61677.8,53665.8,53685.9
2026-06-06 05:10:00,53654.8,61649.4,53656.5,53654.1
2026-06-06 05:15:00,53652.8,61647.1,53643.0,53657.4
2026-06-06 05:20:00,53648.0,61641.5,53634.6,53654.3
2026-06-06 05:25:00,53647.8,61641.3,53635.3,53653.6
2026-06-06 05:30:00,53646.4,61639.7,53638.4,53650.2
2026-06-06 05:35:00,53681.0,61679.5,53664.8,53688.6
2026-06-06 05:40:00,53648.8,61642.5,53635.1,53655.2
2026-06-06 05:45:00,53648.3,61641.9,53632.8,53655.5
2026-06-06 05:50:00,53643.3,61636.1,53631.7,53648.7
2026-06-06 05:55:00,53638.5,61630.6,53629.0,53642.9
2026-06-06 06:00:00,53668.6,61665.2,53677.1,53664.6
2026-06-06 06:05:00,53749.8,61758.6,53724.5,53761.7
2026-06-06 06:10:00,53794.9,61810.3,53798.6,53793.2
2026-06-06 06:15:00,53785.3,61799.3,53786.5,53784.8
2026-06-06 06:20:00,53767.0,61778.3,53768.0,53766.6
2026-06-06 06:25:00,53767.3,61778.6,53770.1,53766.0
2026-06-06 06:30:00,53755.9,61765.6,53767.3,53750.6
2026-06-06 06:35:00,53777.3,61790.1,53788.4,53772.1
2026-06-06 06:40:00,53743.7,61751.5,53760.5,53735.8
2026-06-06 06:45:00,53761.3,61771.7,53814.9,53736.2
2026-06-06 06:50:00,53752.5,61761.6,53809.2,53725.9
2026-06-06 06:55:00,53808.5,61826.0,53805.5,53810.0
2026-06-06 07:00:00,53850.3,61873.9,53855.1,53848.0
2026-06-06 07:05:00,53900.6,61931.8,53900.5,53900.6
2026-06-06 07:10:00,53965.8,62006.7,53985.1,53956.7
2026-06-06 07:15:00,53963.3,62003.9,53994.2,53948.8
2026-06-06 07:20:00,53920.5,61954.7,53933.8,53914.3
2026-06-06 07:25:00,53911.4,61944.2,53920.2,53907.3
2026-06-06 07:30:00,53877.1,61904.8,53875.2,53878.1
2026-06-06 07:35:00,53823.8,61843.6,53920.6,53778.4
2026-06-06 07:40:00,53735.5,61742.1,53738.2,53734.2
2026-06-06 07:45:00,53739.3,61746.5,53738.0,53739.9
2026-06-06 07:50:00,53739.9,61747.2,53742.4,53738.8
2026-06-06 07:55:00,53725.0,61730.0,53733.5,53721.0
2026-06-06 08:00:00,53827.2,61847.4,53866.2,53808.9
2026-06-06 08:05:00,53892.3,61922.2,53918.0,53880.2
2026-06-06 08:10:00,53987.5,62031.6,54011.9,53976.1
2026-06-06 08:15:00,53992.9,62037.9,54032.2,53974.5
2026-06-06 08:20:00,53966.2,62007.1,53968.9,53964.9
2026-06-06 08:25:00,53970.3,62011.9,53979.1,53966.2
2026-06-06 08:30:00,53927.0,61962.2,53935.1,53923.3
2026-06-06 08:35:00,53948.1,61986.4,53955.4,53944.7
2026-06-06 08:40:00,53895.4,61925.8,53911.8,53887.8
2026-06-06 08:45:00,53898.4,61929.3,53921.1,53887.8
2026-06-06 08:50:00,53870.9,61897.6,53889.1,53862.3
2026-06-06 08:55:00,53760.9,61771.3,53879.8,53705.2
2026-06-06 09:00:00,53731.3,61737.2,53748.1,53723.4
2026-06-06 09:05:00,53793.9,61809.2,53810.1,53786.3
2026-06-06 09:10:00,53812.9,61831.0,53839.0,53800.7
2026-06-06 09:15:00,53825.9,61846.0,53864.8,53807.7
2026-06-06 09:20:00,53803.2,61819.9,53807.6,53801.2
2026-06-06 09:25:00,53804.3,61821.2,53813.2,53800.2
2026-06-06 09:30:00,53771.1,61783.0,53770.7,53771.3
2026-06-06 09:35:00,53789.4,61804.1,53784.8,53791.6
2026-06-06 09:40:00,53758.1,61768.0,53760.8,53756.8
2026-06-06 09:45:00,53761.3,61771.7,53770.7,53756.9
2026-06-06 09:50:00,53758.4,61768.4,53758.9,53758.1
2026-06-06 09:55:00,53750.6,61759.4,53755.5,53748.2
2026-06-06 10:00:00,53750.1,61758.8,53772.8,53739.4
2026-06-06 10:05:00,53860.2,61885.3,53881.4,53850.2
2026-06-06 10:10:00,53915.1,61948.4,54039.4,53856.8
2026-06-06 10:15:00,54045.6,62098.4,54114.0,54013.6
2026-06-06 10:20:00,54140.3,62207.2,54161.1,54130.5
2026-06-06 10:25:00,54119.6,62183.5,54157.0,54102.1
2026-06-06 10:30:00,54070.0,62126.5,54073.7,54068.3
2026-06-06 10:35:00,54087.1,62146.1,54095.8,54083.0
2026-06-06 10:40:00,54066.8,62122.7,54080.3,54060.4
2026-06-06 10:45:00,54069.4,62125.8,54088.5,54060.5
2026-06-06 10:50:00,54059.5,62114.4,54074.3,54052.6
2026-06-06 10:55:00,54050.1,62103.5,54065.7,54042.8
2026-06-06 11:00:00,54022.4,62071.8,54057.2,54006.2
2026-06-06 11:05:00,53942.4,61979.8,54092.7,53872.0
2026-06-06 11:10:00,53896.7,61927.3,53945.3,53874.0
2026-06-06 11:15:00,53899.8,61930.8,53947.8,53877.3
2026-06-06 11:20:00,53877.8,61905.6,53894.9,53869.8
2026-06-06 11:25:00,53792.7,61807.8,53899.3,53742.7
2026-06-06 11:30:00,53728.2,61733.7,53725.7,53729.3
2026-06-06 11:35:00,53744.4,61752.3,53747.6,53742.9
2026-06-06 11:40:00,53718.8,61723.0,53723.3,53716.7
2026-06-06 11:45:00,53716.9,61720.8,53722.0,53714.6
2026-06-06 11:50:00,53596.4,61582.2,53671.1,53561.4
2026-06-06 11:55:00,53488.6,61458.4,53483.9,53490.8
2026-06-06 12:00:00,53381.5,61335.4,53356.2,53393.4
2026-06-06 12:05:00,53453.5,61418.0,53507.6,53428.1
2026-06-06 12:10:00,53439.5,61402.0,53462.6,53428.7
2026-06-06 12:15:00,53437.8,61400.1,53450.2,53432.0
2026-06-06 12:20:00,53456.9,61421.9,53456.3,53457.1
2026-06-06 12:25:00,53462.1,61428.0,53463.0,53461.7
2026-06-06 12:30:00,53430.4,61391.5,53420.9,53434.8
2026-06-06 12:35:00,53464.4,61430.6,53469.5,53462.1
2026-06-06 12:40:00,53499.0,61470.4,53491.2,53502.7
2026-06-06 12:45:00,53506.4,61478.9,53495.5,53511.6
2026-06-06 12:50:00,53517.1,61491.2,53508.9,53521.0
2026-06-06 12:55:00,53560.1,61540.5,53519.5,53579.1
2026-06-06 13:00:00,53766.6,61777.8,53767.7,53766.1
2026-06-06 13:05:00,53875.4,61902.8,53927.4,53851.0
2026-06-06 13:10:00,53901.6,61933.0,54037.2,53838.1
2026-06-06 13:15:00,53965.6,62006.5,54009.6,53945.1
2026-06-06 13:20:00,53949.8,61988.3,53973.4,53938.7
2026-06-06 13:25:00,53962.6,62003.0,53986.7,53951.3
2026-06-06 13:30:00,53954.8,61994.1,53981.2,53942.5
2026-06-06 13:35:00,54045.1,62097.8,54046.9,54044.2
2026-06-06 13:40:00,54166.8,62237.6,54156.5,54171.6
2026-06-06 13:45:00,54204.7,62281.2,54296.7,54161.5
2026-06-06 13:50:00,54265.2,62350.8,54268.6,54263.7
2026-06-06 13:55:00,54239.5,62321.1,54261.2,54229.2
2026-06-06 14:00:00,54247.6,62330.5,54244.5,54249.1
2026-06-06 14:05:00,54276.8,62364.1,54237.3,54295.3
2026-06-06 14:10:00,54291.0,62380.4,54272.7,54299.6
2026-06-06 14:15:00,54294.4,62384.3,54279.1,54301.6
2026-06-06 14:20:00,54287.5,62376.3,54266.1,54297.5
2026-06-06 14:25:00,54295.6,62385.6,54266.8,54309.0
2026-06-06 14:30:00,54287.0,62375.7,54257.2,54300.9
2026-06-06 14:35:00,54290.8,62380.2,54259.0,54305.7
2026-06-06 14:40:00,54288.3,62377.3,54255.9,54303.5
2026-06-06 14:45:00,54291.0,62380.3,54265.7,54302.8
2026-06-06 14:50:00,54283.7,62371.9,54249.6,54299.6
2026-06-06 14:55:00,54275.7,62362.8,54241.4,54291.8
2026-06-06 15:00:00,54279.2,62366.8,54254.8,54290.6
2026-06-06 15:05:00,54274.4,62361.3,54226.7,54296.8
2026-06-06 15:10:00,54338.1,62434.5,54318.9,54347.1
2026-06-06 15:15:00,54477.0,62594.1,54505.1,54463.9
2026-06-06 15:20:00,54597.5,62732.6,54611.9,54590.8
2026-06-06 15:25:00,54671.7,62817.8,54772.9,54624.3
2026-06-06 15:30:00,54738.8,62894.9,54755.8,54730.9
2026-06-06 15:35:00,54859.1,63033.1,54882.4,54848.1
2026-06-06 15:40:00,54904.5,63085.3,55023.7,54848.7
2026-06-06 15:45:00,54996.1,63190.5,55040.9,54975.1
2026-06-06 15:50:00,55041.9,63243.1,55181.1,54976.7
2026-06-06 15:55:00,55125.2,63338.8,55172.3,55103.0
2026-06-06 16:00:00,55169.4,63389.7,55231.9,55140.2
2026-06-06 16:05:00,55209.7,63435.9,55172.8,55226.9
2026-06-06 16:10:00,55269.5,63504.7,55265.3,55271.5
2026-06-06 16:15:00,55408.5,63664.3,55418.0,55404.0
2026-06-06 16:20:00,55506.4,63776.8,55514.6,55502.5
2026-06-06 16:25:00,55631.3,63920.3,55638.9,55627.7
2026-06-06 16:30:00,55681.4,63978.0,55745.3,55651.5
2026-06-06 16:35:00,55725.1,64028.2,55739.7,55718.3
2026-06-06 16:40:00,55818.8,64135.8,55840.0,55808.8
2026-06-06 16:45:00,55855.9,64178.5,55953.9,55810.0
2026-06-06 16:50:00,55944.8,64280.5,55924.6,55954.2
2026-06-06 16:55:00,56001.3,64345.5,56041.1,55982.6
2026-06-06 17:00:00,56009.7,64355.2,56017.3,56006.2
2026-06-06 17:05:00,55964.3,64303.0,55945.4,55973.1
2026-06-06 17:10:00,56055.4,64407.6,56060.3,56053.1
2026-06-06 17:15:00,56167.8,64536.9,56180.6,56161.9
2026-06-06 17:20:00,56290.6,64677.9,56281.0,56295.1
2026-06-06 17:25:00,56367.3,64766.0,56393.4,56355.0
2026-06-06 17:30:00,56409.8,64814.9,56491.6,56371.5
2026-06-06 17:35:00,56456.7,64868.7,56490.0,56441.0
2026-06-06 17:40:00,56513.4,64933.9,56594.2,56475.5
2026-06-06 17:45:00,56573.2,65002.6,56599.3,56561.0
2026-06-06 17:50:00,56613.7,65049.2,56686.4,56579.7
2026-06-06 17:55:00,56672.2,65116.3,56678.2,56669.4
2026-06-06 18:00:00,56708.5,65158.1,56755.0,56686.8
2026-06-06 18:05:00,56727.0,65179.3,56734.2,56723.6
2026-06-06 18:10:00,56861.9,65334.3,56892.6,56847.5
2026-06-06 18:15:00,56983.7,65474.3,56983.6,56983.7
2026-06-06 18:20:00,57022.7,65519.0,57036.4,57016.2
2026-06-06 18:25:00,57072.8,65576.7,57156.8,57033.4
2026-06-06 18:30:00,57139.8,65653.7,57168.5,57126.4
2026-06-06 18:35:00,57151.4,65667.0,57226.5,57116.3
2026-06-06 18:40:00,57227.9,65754.8,57205.6,57238.3
2026-06-06 18:45:00,57264.3,65796.7,57294.9,57249.9
2026-06-06 18:50:00,57319.6,65860.2,57281.7,57337.3
2026-06-06 18:55:00,57343.7,65887.9,57359.1,57336.4
2026-06-06 19:00:00,57360.0,65906.6,57346.2,57366.5
2026-06-06 19:05:00,57383.0,65933.1,57339.0,57403.7
2026-06-06 19:10:00,57435.8,65993.7,57461.2,57423.9
2026-06-06 19:15:00,57433.0,65990.5,57453.8,57423.3
2026-06-06 19:20:00,57433.7,65991.3,57448.8,57426.6
2026-06-06 19:25:00,57457.9,66019.1,57450.8,57461.2
2026-06-06 19:30:00,57521.7,66092.5,57496.8,57533.4
2026-06-06 19:35:00,57547.3,66121.9,57591.0,57526.9
2026-06-06 19:40:00,57590.1,66171.0,57562.9,57602.8
2026-06-06 19:45:00,57620.1,66205.5,57674.1,57594.8
2026-06-06 19:50:00,57599.5,66181.9,57652.5,57574.7
2026-06-06 19:55:00,57606.1,66189.4,57650.7,57585.2
2026-06-06 20:00:00,57597.1,66179.1,57614.0,57589.2
2026-06-06 20:05:00,57590.9,66171.9,57608.6,57582.5
2026-06-06 20:10:00,57602.3,66185.1,57631.9,57588.5
2026-06-06 20:15:00,57624.1,66210.1,57619.0,57626.5
2026-06-06 20:20:00,57613.0,66197.3,57613.9,57612.6
2026-06-06 20:25:00,57610.8,66194.8,57609.6,57611.3
2026-06-06 20:30:00,57585.8,66166.1,57609.2,57574.9
2026-06-06 20:35:00,57604.0,66187.0,57634.7,57589.6
2026-06-06 20:40:00,57595.9,66177.6,57623.4,57582.9
2026-06-06 20:45:00,57598.2,66180.3,57628.2,57584.1
2026-06-06 20:50:00,57578.4,66157.6,57609.0,57564.1
2026-06-06 20:55:00,57574.3,66152.9,57608.4,57558.4
2026-06-06 21:00:00,57484.1,66049.2,57508.7,57472.6
2026-06-06 21:05:00,57376.9,65926.0,57393.0,57369.3
2026-06-06 21:10:00,57317.7,65858.0,57323.2,57315.1
2026-06-06 21:15:00,57236.9,65765.2,57232.7,57238.9
2026-06-06 21:20:00,57128.3,65640.4,57146.9,57119.6
2026-06-06 21:25:00,57035.8,65534.1,57050.2,57029.0
2026-06-06 21:30:00,56935.0,65418.3,56953.9,56926.2
2026-06-06 21:35:00,56850.9,65321.7,56864.7,56844.4
2026-06-06 21:40:00,56757.5,65214.3,56769.5,56751.8
2026-06-06 21:45:00,56666.2,65109.4,56697.8,56651.3
2026-06-06 21:50:00,56549.1,64974.9,56590.5,56529.7
2026-06-06 21:55:00,56459.5,64872.0,56520.3,56431.0
2026-06-06 22:00:00,56360.9,64758.7,56392.5,56346.1
2026-06-06 22:05:00,56377.4,64777.6,56420.1,56357.4
2026-06-06 22:10:00,56362.8,64760.9,56338.1,56374.4
2026-06-06 22:15:00,56253.1,64634.9,56293.9,56234.1
2026-06-06 22:20:00,56158.7,64526.3,56194.1,56142.1
2026-06-06 22:25:00,56048.8,64400.1,56069.2,56039.3
2026-06-06 22:30:00,55940.1,64275.2,55943.2,55938.6
2026-06-06 22:35:00,55799.1,64113.1,55858.7,55771.1
2026-06-06 22:40:00,55685.3,63982.5,55704.3,55676.4
2026-06-06 22:45:00,55571.2,63851.3,55503.2,55603.0
2026-06-06 22:50:00,55471.9,63737.2,55408.4,55501.7
2026-06-06 22:55:00,55362.3,63611.3,55410.6,55339.7
2026-06-06 23:00:00,55347.4,63594.1,55416.0,55315.2
2026-06-06 23:05:00,55535.0,63809.7,55601.9,55503.7
2026-06-06 23:10:00,55534.8,63809.5,55534.2,55535.2
2026-06-06 23:15:00,55411.1,63667.4,55366.6,55432.0
2026-06-06 23:20:00,55248.5,63480.6,55221.5,55261.2
2026-06-06 23:25:00,55029.9,63229.3,55093.1,55000.3
2026-06-06 23:30:00,54840.8,63012.1,54823.5,54848.9
2026-06-06 23:35:00,54597.9,62733.0,54527.3,54631.0
2026-06-06 23:40:00,54355.0,62453.9,54427.7,54320.9
2026-06-06 23:45:00,54180.4,62253.2,54147.0,54196.0
2026-06-06 23:50:00,53905.5,61937.5,53956.1,53881.9
2026-06-06 23:55:00,53690.2,61690.1,53636.2,53715.6
2026-06-07 00:00:00,53297.1,61238.4,53210.6,53337.6
2026-06-07 00:05:00,53073.3,60981.2,53020.0,53098.2
2026-06-07 00:10:00,52814.5,60683.8,52830.1,52807.2
2026-06-07 00:15:00,52544.1,60373.1,52638.8,52499.7
2026-06-07 00:20:00,52299.2,60091.7,52261.8,52316.7
2026-06-07 00:25:00,52057.7,59814.3,52025.9,52072.6
2026-06-07 00:30:00,51886.7,59617.8,51845.4,51906.0
2026-06-07 00:35:00,51690.9,59392.8,51652.7,51708.8
2026-06-07 00:40:00,51474.0,59143.6,51461.7,51479.8
2026-06-07 00:45:00,51283.8,58925.1,51230.7,51308.7
2026-06-07 00:50:00,51114.7,58730.8,51032.6,51153.1
2026-06-07 00:55:00,51078.9,58689.7,51028.4,51102.6
2026-06-07 01:00:00,50936.9,58526.4,51052.4,50882.7
2026-06-07 01:05:00,50883.1,58464.6,50858.0,50894.8
2026-06-07 01:10:00,50809.0,58379.6,50846.7,50791.4
2026-06-07 01:15:00,50617.6,58159.6,50607.3,50622.4
2026-06-07 01:20:00,50625.3,58168.4,50612.6,50631.2
2026-06-07 01:25:00,50645.4,58191.6,50613.6,50660.3
2026-06-07 01:30:00,50632.8,58177.1,50616.9,50640.3
2026-06-07 01:35:00,50660.6,58209.1,50632.2,50674.0
2026-06-07 01:40:00,50655.8,58203.5,50620.1,50672.5
2026-06-07 01:45:00,50642.0,58187.7,50619.8,50652.4
2026-06-07 01:50:00,50639.2,58184.4,50602.0,50656.6
2026-06-07 01:55:00,50639.2,58184.4,50601.9,50656.6
2026-06-07 02:00:00,50646.2,58192.5,50612.7,50661.9
2026-06-07 02:05:00,50608.1,58148.7,50629.4,50598.1
2026-06-07 02:10:00,50631.2,58175.2,50616.0,50638.3
2026-06-07 02:15:00,50629.5,58173.2,50612.7,50637.3
2026-06-07 02:20:00,50627.8,58171.4,50613.3,50634.6
2026-06-07 02:25:00,50630.9,58174.9,50618.1,50636.9
2026-06-07 02:30:00,50629.9,58173.8,50615.6,50636.6
2026-06-07 02:35:00,50636.2,58181.0,50624.8,50641.6
2026-06-07 02:40:00,50631.4,58175.5,50615.6,50638.8
2026-06-07 02:45:00,50632.9,58177.2,50620.2,50638.8
2026-06-07 02:50:00,50632.6,58176.9,50618.1,50639.4
2026-06-07 02:55:00,50632.0,58176.1,50616.0,50639.5
2026-06-07 03:00:00,50638.3,58183.4,50621.5,50646.2
2026-06-07 03:05:00,50660.5,58209.0,50635.5,50672.3
2026-06-07 03:10:00,50656.7,58204.5,50633.2,50667.7
2026-06-07 03:15:00,50656.2,58203.9,50630.0,50668.4
2026-06-07 03:20:00,50654.7,58202.3,50631.2,50665.7
2026-06-07 03:25:00,50660.4,58208.8,50634.4,50672.6
2026-06-07 03:30:00,50657.0,58204.9,50634.1,50667.7
2026-06-07 03:35:00,50672.6,58222.8,50644.9,50685.6
2026-06-07 03:40:00,50658.7,58206.8,50634.7,50669.9
2026-06-07 03:45:00,50660.1,58208.5,50639.1,50669.9
2026-06-07 03:50:00,50659.3,58207.6,50637.1,50669.7
2026-06-07 03:55:00,50658.4,58206.5,50636.7,50668.6
2026-06-07 04:00:00,50684.5,58236.4,50661.5,50695.2
2026-06-07 04:05:00,50707.3,58262.6,50685.0,50717.7
2026-06-07 04:10:00,50700.5,58254.8,50671.2,50714.1
2026-06-07 04:15:00,50699.0,58253.2,50664.5,50715.2
2026-06-07 04:20:00,50696.1,58249.8,50661.0,50712.6
2026-06-07 04:25:00,50701.8,58256.3,50667.1,50718.0
2026-06-07 04:30:00,50698.7,58252.9,50668.0,50713.2
2026-06-07 04:35:00,50716.8,58273.6,50680.8,50733.6
2026-06-07 04:40:00,50698.7,58252.8,50663.9,50715.0
2026-06-07 04:45:00,50697.4,58251.3,50663.2,50713.4
2026-06-07 04:50:00,50691.4,58244.4,50657.2,50707.4
2026-06-07 04:55:00,50691.4,58244.4,50657.4,50707.3
2026-06-07 05:00:00,50699.0,58253.2,50678.2,50708.8
2026-06-07 05:05:00,50737.3,58297.2,50699.6,50755.0
2026-06-07 05:10:00,50713.4,58269.7,50687.0,50725.7
2026-06-07 05:15:00,50710.9,58266.8,50680.4,50725.2
2026-06-07 05:20:00,50706.0,58261.1,50674.6,50720.6
2026-06-07 05:25:00,50706.2,58261.5,50676.2,50720.3
2026-06-07 05:30:00,50705.9,58261.1,50680.4,50717.8
2026-06-07 05:35:00,50735.2,58294.8,50704.0,50749.9
2026-06-07 05:40:00,50708.5,58264.1,50678.6,50722.5
2026-06-07 05:45:00,50708.0,58263.5,50676.3,50722.8
2026-06-07 05:50:00,50703.1,58257.9,50673.0,50717.2
2026-06-07 05:55:00,50702.6,58257.3,50671.6,50717.1
2026-06-07 06:00:00,50716.9,58273.7,50701.5,50724.1
2026-06-07 06:05:00,50779.6,58345.8,50741.2,50797.6
2026-06-07 06:10:00,50724.8,58282.8,50688.4,50741.8
2026-06-07 06:15:00,50719.7,58277.0,50681.8,50737.5
2026-06-07 06:20:00,50704.3,58259.3,50667.4,50721.7
2026-06-07 06:25:00,50704.9,58260.0,50670.0,50721.3
2026-06-07 06:30:00,50690.9,58243.8,50668.2,50701.5
2026-06-07 06:35:00,50707.0,58262.3,50686.6,50716.6
2026-06-07 06:40:00,50678.6,58229.8,50658.1,50688.2
2026-06-07 06:45:00,50680.2,58231.5,50662.3,50688.6
2026-06-07 06:50:00,50671.6,58221.6,50656.0,50678.9
2026-06-07 06:55:00,50670.7,58220.7,50653.6,50678.7
2026-06-07 07:00:00,50680.0,58231.3,50671.9,50683.8
2026-06-07 07:05:00,50743.9,58304.8,50724.9,50752.9
2026-06-07 07:10:00,50699.7,58253.9,50680.4,50708.7
2026-06-07 07:15:00,50701.4,58255.9,50695.2,50704.4
2026-06-07 07:20:00,50661.9,58210.5,50639.7,50672.2
2026-06-07 07:25:00,50652.9,58200.2,50626.6,50665.3
2026-06-07 07:30:00,50617.7,58159.7,50588.1,50631.6
2026-06-07 07:35:00,50650.3,58197.2,50631.4,50659.1
2026-06-07 07:40:00,50612.6,58153.9,50598.2,50619.3
2026-06-07 07:45:00,50617.5,58159.5,50601.6,50625.0
2026-06-07 07:50:00,50617.7,58159.7,50603.4,50624.4
2026-06-07 07:55:00,50616.3,58158.1,50596.2,50625.7
2026-06-07 08:00:00,50697.3,58251.2,50704.0,50694.1
2026-06-07 08:05:00,50759.0,58322.1,50750.2,50763.1
2026-06-07 08:10:00,50734.0,58293.4,50715.2,50742.8
2026-06-07 08:15:00,50739.4,58299.6,50737.9,50740.1
2026-06-07 08:20:00,50715.5,58272.2,50679.6,50732.4
2026-06-07 08:25:00,50719.8,58277.1,50690.3,50733.7
2026-06-07 08:30:00,50673.1,58223.3,50644.8,50686.3
2026-06-07 08:35:00,50689.6,58242.4,50667.6,50699.9
2026-06-07 08:40:00,50642.4,58188.1,50623.6,50651.2
2026-06-07 08:45:00,50645.4,58191.5,50632.9,50651.2
2026-06-07 08:50:00,50619.0,58161.2,50602.0,50626.9
2026-06-07 08:55:00,50615.0,58156.6,50594.4,50624.6
2026-06-07 09:00:00,50639.4,58184.6,50604.8,50655.6
2026-06-07 09:05:00,50687.9,58240.4,50651.5,50705.0
2026-06-07 09:10:00,50709.5,58265.2,50688.5,50719.3
2026-06-07 09:15:00,50716.3,58273.1,50709.8,50719.4
2026-06-07 09:20:00,50700.7,58255.1,50664.6,50717.6
2026-06-07 09:25:00,50701.9,58256.4,50670.5,50716.6
2026-06-07 09:30:00,50667.8,58217.3,50626.7,50687.0
2026-06-07 09:35:00,50687.2,58239.5,50647.1,50705.9
2026-06-07 09:40:00,50657.3,58205.2,50622.8,50673.4
2026-06-07 09:45:00,50660.5,58208.9,50632.8,50673.5
2026-06-07 09:50:00,50654.6,58202.2,50622.0,50669.9
2026-06-07 09:55:00,50655.8,58203.5,50616.0,50674.4
2026-06-07 10:00:00,50654.8,58202.3,50630.4,50666.2
2026-06-07 10:05:00,50755.1,58317.6,50718.0,50772.4
2026-06-07 10:10:00,50766.2,58330.4,50734.5,50781.1
2026-06-07 10:15:00,50784.4,58351.3,50785.8,50783.7
2026-06-07 10:20:00,50748.8,58310.4,50717.3,50763.6
2026-06-07 10:25:00,50728.4,58286.9,50713.9,50735.2
2026-06-07 10:30:00,50671.7,58221.8,50631.7,50690.5
2026-06-07 10:35:00,50690.5,58243.4,50659.1,50705.2
2026-06-07 10:40:00,50669.9,58219.7,50642.8,50682.6
2026-06-07 10:45:00,50672.6,58222.8,50651.0,50682.7
2026-06-07 10:50:00,50666.0,58215.3,50638.2,50679.1
2026-06-07 10:55:00,50666.9,58216.3,50631.4,50683.6
2026-06-07 11:00:00,50647.9,58194.4,50612.2,50664.6
2026-06-07 11:05:00,50656.7,58204.5,50621.8,50673.0
2026-06-07 11:10:00,50657.6,58205.6,50624.1,50673.4
2026-06-07 11:15:00,50658.3,58206.4,50627.2,50672.9
2026-06-07 11:20:00,50645.1,58191.3,50598.7,50666.9
2026-06-07 11:25:00,50655.6,58203.2,50603.8,50679.8
2026-06-07 11:30:00,50642.1,58187.7,50581.0,50670.7
2026-06-07 11:35:00,50659.7,58208.0,50608.2,50683.8
2026-06-07 11:40:00,50634.5,58179.1,50585.3,50657.6
2026-06-07 11:45:00,50632.6,58176.9,50583.9,50655.5
2026-06-07 11:50:00,50623.5,58166.5,50582.3,50642.9
2026-06-07 11:55:00,50626.1,58169.4,50569.9,50652.4
2026-06-07 12:00:00,50605.2,58145.3,50566.4,50623.3
2026-06-07 12:05:00,50683.4,58235.3,50649.5,50699.4
2026-06-07 12:10:00,50686.6,58238.9,50663.4,50697.4
2026-06-07 12:15:00,50682.0,58233.6,50650.2,50696.9
2026-06-07 12:20:00,50685.3,58237.5,50652.2,50700.9
2026-06-07 12:25:00,50686.4,58238.7,50645.7,50705.4
2026-06-07 12:30:00,50670.0,58219.9,50608.3,50698.9
2026-06-07 12:35:00,50689.9,58242.7,50651.4,50707.9
2026-06-07 12:40:00,50712.8,58269.0,50682.9,50726.8
2026-06-07 12:45:00,50721.1,58278.5,50689.8,50735.7
2026-06-07 12:50:00,50729.2,58287.8,50682.4,50751.1
2026-06-07 12:55:00,50735.2,58294.7,50693.9,50754.5
2026-06-07 13:00:00,50836.6,58411.2,50814.5,50846.9
2026-06-07 13:05:00,50911.4,58497.2,51059.4,50842.1
2026-06-07 13:10:00,51009.8,58610.2,51036.9,50997.1
2026-06-07 13:15:00,51043.6,58649.1,51007.8,51060.4
2026-06-07 13:20:00,51033.7,58637.7,50987.3,51055.5
2026-06-07 13:25:00,51046.5,58652.4,51000.6,51068.0
2026-06-07 13:30:00,51039.4,58644.2,50990.3,51062.4
2026-06-07 13:35:00,51052.8,58659.6,51011.9,51071.9
2026-06-07 13:40:00,51025.4,58628.2,50977.4,51047.9
2026-06-07 13:45:00,51020.1,58622.1,50972.0,51042.7
2026-06-07 13:50:00,51009.0,58609.3,50954.5,51034.5
2026-06-07 13:55:00,51015.4,58616.7,50966.9,51038.1
2026-06-07 14:00:00,51026.6,58629.6,50966.2,51054.9
2026-06-07 14:05:00,51002.2,58601.5,50937.1,51032.6
2026-06-07 14:10:00,51023.6,58626.1,50976.6,51045.6
2026-06-07 14:15:00,51017.9,58619.5,50981.5,51034.9
2026-06-07 14:20:00,51013.1,58614.0,50970.4,51033.0
2026-06-07 14:25:00,51023.4,58625.9,50978.3,51044.5
2026-06-07 14:30:00,51015.8,58617.2,50966.6,51038.9
2026-06-07 14:35:00,51020.5,58622.6,50974.7,51042.0
2026-06-07 14:40:00,51019.9,58621.9,50977.5,51039.8
2026-06-07 14:45:00,51021.3,58623.5,50983.4,51039.1
2026-06-07 14:50:00,51018.9,58620.7,50972.6,51040.6
2026-06-07 14:55:00,51013.8,58614.9,50966.1,51036.2
2026-06-07 15:00:00,51077.9,58688.5,51032.5,51099.2
2026-06-07 15:05:00,51127.9,58746.0,51220.7,51084.5
2026-06-07 15:10:00,51317.0,58963.2,51317.1,51316.9
2026-06-07 15:15:00,51410.8,59071.0,51601.0,51321.7
2026-06-07 15:20:00,51547.1,59227.6,51588.7,51527.6
2026-06-07 15:25:00,51799.2,59517.3,51814.8,51791.9
2026-06-07 15:30:00,51986.0,59732.0,52009.4,51975.1
2026-06-07 15:35:00,52215.6,59995.7,52220.4,52213.3
2026-06-07 15:40:00,52431.7,60244.1,52458.3,52419.3
2026-06-07 15:45:00,52654.2,60499.6,52716.0,52625.2
2026-06-07 15:50:00,52816.3,60685.9,52876.5,52788.1
2026-06-07 15:55:00,52895.7,60777.2,53044.2,52826.2
2026-06-07 16:00:00,53027.7,60928.9,53024.6,53029.2
2026-06-07 16:05:00,53192.3,61118.0,53140.6,53216.5
2026-06-07 16:10:00,53438.4,61400.7,53427.7,53443.4
2026-06-07 16:15:00,53661.7,61657.3,53642.0,53671.0
2026-06-07 16:20:00,53804.7,61821.6,53787.2,53812.9
2026-06-07 16:25:00,53939.4,61976.3,53952.4,53933.2
2026-06-07 16:30:00,54113.2,62176.1,54119.2,54110.4
2026-06-07 16:35:00,54227.8,62307.8,54268.4,54208.8
2026-06-07 16:40:00,54397.1,62502.3,54386.5,54402.0
2026-06-07 16:45:00,54585.1,62718.2,54536.0,54608.1
2026-06-07 16:50:00,54675.2,62821.8,54639.2,54692.1
2026-06-07 16:55:00,54850.3,63023.0,54795.1,54876.2
2026-06-07 17:00:00,54957.2,63145.8,55023.3,54926.2
2026-06-07 17:05:00,55014.2,63211.3,54974.9,55032.6
2026-06-07 17:10:00,55205.0,63430.5,55206.0,55204.5
2026-06-07 17:15:00,55322.7,63565.8,55316.4,55325.6
2026-06-07 17:20:00,55418.2,63675.5,55438.9,55408.5
2026-06-07 17:25:00,55534.6,63809.3,55543.8,55530.3
2026-06-07 17:30:00,55668.7,63963.3,55655.4,55674.9
2026-06-07 17:35:00,55797.4,64111.2,55752.3,55818.6
2026-06-07 17:40:00,55885.7,64212.7,55939.2,55860.6
2026-06-07 17:45:00,56000.9,64345.0,55991.2,56005.4
2026-06-07 17:50:00,56112.6,64473.3,56069.5,56132.7
2026-06-07 17:55:00,56190.1,64562.4,56131.0,56217.8
2026-06-07 18:00:00,56299.3,64687.9,56277.0,56309.8
2026-06-07 18:05:00,56354.4,64751.3,56319.6,56370.7
2026-06-07 18:10:00,56393.6,64796.3,56453.2,56365.7
2026-06-07 18:15:00,56490.6,64907.7,56461.3,56504.3
2026-06-07 18:20:00,56592.5,65024.7,56581.8,56597.4
2026-06-07 18:25:00,56715.2,65165.7,56719.6,56713.1
2026-06-07 18:30:00,56818.2,65284.1,56805.0,56824.4
2026-06-07 18:35:00,56928.8,65411.2,56960.4,56914.1
2026-06-07 18:40:00,56988.7,65480.0,57037.5,56965.8
2026-06-07 18:45:00,57037.3,65535.9,57043.4,57034.5
2026-06-07 18:50:00,57076.2,65580.5,57121.2,57055.1
2026-06-07 18:55:00,57125.5,65637.2,57110.9,57132.3
2026-06-07 19:00:00,57135.0,65648.1,57157.4,57124.5
2026-06-07 19:05:00,57139.0,65652.7,57138.9,57139.0
2026-06-07 19:10:00,57147.5,65662.5,57171.3,57136.4
2026-06-07 19:15:00,57201.3,65724.3,57160.6,57220.4
2026-06-07 19:20:00,57233.4,65761.1,57243.0,57228.8
2026-06-07 19:25:00,57232.9,65760.6,57241.8,57228.8
2026-06-07 19:30:00,57241.6,65770.6,57249.3,57238.0
2026-06-07 19:35:00,57297.0,65834.3,57262.3,57313.3
2026-06-07 19:40:00,57335.0,65877.9,57342.9,57331.3
2026-06-07 19:45:00,57341.3,65885.2,57347.7,57338.3
2026-06-07 19:50:00,57325.2,65866.6,57327.5,57324.1
2026-06-07 19:55:00,57330.8,65873.1,57352.4,57320.7
2026-06-07 20:00:00,57334.3,65877.1,57324.3,57338.9
2026-06-07 20:05:00,57306.9,65845.6,57325.5,57298.2
2026-06-07 20:10:00,57343.5,65887.6,57341.8,57344.2
2026-06-07 20:15:00,57327.1,65868.8,57310.9,57334.6
2026-06-07 20:20:00,57312.7,65852.2,57306.8,57315.4
2026-06-07 20:25:00,57311.3,65850.7,57305.3,57314.1
2026-06-07 20:30:00,57292.5,65829.1,57287.7,57294.7
2026-06-07 20:35:00,57307.1,65845.8,57308.6,57306.4
2026-06-07 20:40:00,57302.1,65840.1,57302.5,57301.9
2026-06-07 20:45:00,57304.5,65842.8,57307.3,57303.1
2026-06-07 20:50:00,57289.1,65825.2,57289.5,57288.9
2026-06-07 20:55:00,57287.3,65823.1,57291.1,57285.5
2026-06-07 21:00:00,57175.3,65694.4,57228.6,57150.3
2026-06-07 21:05:00,57074.4,65578.5,57060.9,57080.7
2026-06-07 21:10:00,56991.0,65482.7,56973.5,56999.2
2026-06-07 21:15:00,56868.9,65342.3,56861.3,56872.4
2026-06-07 21:20:00,56793.8,65256.1,56785.7,56797.6
2026-06-07 21:25:00,56702.1,65150.7,56695.7,56705.1
2026-06-07 21:30:00,56591.4,65023.5,56597.7,56588.5
2026-06-07 21:35:00,56510.7,64930.8,56523.0,56504.9
2026-06-07 21:40:00,56409.2,64814.1,56412.1,56407.8
2026-06-07 21:45:00,56328.2,64721.1,56323.7,56330.3
2026-06-07 21:50:00,56231.2,64609.6,56229.1,56232.1
2026-06-07 21:55:00,56132.1,64495.8,56135.0,56130.8
2026-06-07 22:00:00,56041.5,64391.7,56073.0,56026.8
2026-06-07 22:05:00,56070.1,64424.5,56094.4,56058.7
2026-06-07 22:10:00,56043.2,64393.7,56009.1,56059.2
2026-06-07 22:15:00,55916.4,64247.9,55967.9,55892.3
2026-06-07 22:20:00,55775.6,64086.1,55824.5,55752.6
2026-06-07 22:25:00,55630.0,63918.9,55581.4,55652.8
2026-06-07 22:30:00,55502.2,63772.0,55473.4,55515.7
2026-06-07 22:35:00,55414.5,63671.2,55394.4,55423.9
2026-06-07 22:40:00,55297.0,63536.3,55262.7,55313.1
2026-06-07 22:45:00,55196.0,63420.2,55156.4,55214.6
2026-06-07 22:50:00,55061.5,63265.7,55027.2,55077.6
2026-06-07 22:55:00,54917.4,63100.1,54916.1,54918.0
2026-06-07 23:00:00,54877.2,63053.9,54888.7,54871.8
2026-06-07 23:05:00,55027.1,63226.2,54996.3,55041.6
2026-06-07 23:10:00,54952.4,63140.3,54997.9,54931.1
2026-06-07 23:15:00,54752.1,62910.1,54711.8,54770.9
2026-06-07 23:20:00,54589.5,62723.3,54565.3,54600.8
2026-06-07 23:25:00,54289.7,62378.8,54287.3,54290.8
2026-06-07 23:30:00,54010.7,62058.3,53973.4,54028.2
2026-06-07 23:35:00,53731.0,61736.9,53696.7,53747.1
2026-06-07 23:40:00,53546.0,61524.3,53518.8,53558.7
2026-06-07 23:45:00,53287.6,61227.5,53350.2,53258.3
2026-06-07 23:50:00,53027.1,60928.2,52969.1,53054.3
2026-06-07 23:55:00,52764.8,60626.8,52764.9,52764.8
2026-06-08 00:00:00,52421.9,60232.7,52342.8,52458.9
2026-06-08 00:05:00,52250.1,60035.4,52365.9,52195.9
2026-06-08 00:10:00,52082.6,59842.9,52048.7,52098.5
2026-06-08 00:15:00,51907.1,59641.2,51855.6,51931.2
2026-06-08 00:20:00,51648.6,59344.2,51628.6,51657.9
2026-06-08 00:25:00,51489.3,59161.2,51464.0,51501.2
2026-06-08 00:30:00,51298.1,58941.5,51242.8,51324.0
2026-06-08 00:35:00,51160.8,58783.8,51062.9,51206.7
2026-06-08 00:40:00,51130.1,58748.4,51056.9,51164.3
2026-06-08 00:45:00,51068.3,58677.4,51035.7,51083.5
2026-06-08 00:50:00,50936.4,58525.9,51051.9,50882.3
2026-06-08 00:55:00,50801.3,58370.7,50820.6,50792.3
2026-06-08 01:00:00,50637.3,58182.2,50603.9,50652.9
2026-06-08 01:05:00,50671.1,58221.0,50638.1,50686.5
2026-06-08 01:10:00,50684.6,58236.6,50623.1,50713.5
2026-06-08 01:15:00,50685.8,58238.0,50628.4,50712.7
2026-06-08 01:20:00,50676.7,58227.5,50632.8,50697.3
2026-06-08 01:25:00,50679.5,58230.8,50637.8,50699.1
2026-06-08 01:30:00,50661.1,58209.6,50626.5,50677.4
2026-06-08 01:35:00,50671.0,58221.0,50645.9,50682.7
2026-06-08 01:40:00,50658.5,58206.6,50610.8,50680.8
2026-06-08 01:45:00,50666.2,58215.4,50610.0,50692.5
2026-06-08 01:50:00,50674.7,58225.2,50622.3,50699.2
2026-06-08 01:55:00,50644.8,58190.8,50618.5,50657.0
2026-06-08 02:00:00,50627.6,58171.2,50603.2,50639.1
2026-06-08 02:05:00,50666.4,58215.7,50649.5,50674.3
2026-06-08 02:10:00,50651.6,58198.7,50633.6,50660.1
2026-06-08 02:15:00,50650.7,58197.6,50631.7,50659.6
2026-06-08 02:20:00,50648.5,58195.1,50632.9,50655.8
2026-06-08 02:25:00,50650.3,58197.2,50637.4,50656.4
2026-06-08 02:30:00,50645.9,58192.2,50629.3,50653.7
2026-06-08 02:35:00,50656.5,58204.3,50646.0,50661.3
2026-06-08 02:40:00,50650.0,58196.8,50630.2,50659.3
2026-06-08 02:45:00,50651.3,58198.4,50634.1,50659.3
2026-06-08 02:50:00,50650.9,58197.8,50631.1,50660.1
2026-06-08 02:55:00,50645.8,58192.0,50629.3,50653.5
2026-06-08 03:00:00,50659.4,58207.7,50631.4,50672.5
2026-06-08 03:05:00,50700.4,58254.8,50662.8,50718.0
2026-06-08 03:10:00,50692.3,58245.5,50661.9,50706.6
2026-06-08 03:15:00,50692.9,58246.1,50660.0,50708.2
2026-06-08 03:20:00,50690.9,58243.8,50661.8,50704.5
2026-06-08 03:25:00,50695.2,58248.8,50664.6,50709.6
2026-06-08 03:30:00,50688.4,58241.0,50658.6,50702.4
2026-06-08 03:35:00,50710.0,58265.8,50678.3,50724.8
2026-06-08 03:40:00,50691.9,58245.0,50657.7,50707.9
2026-06-08 03:45:00,50693.2,58246.5,50661.5,50708.0
2026-06-08 03:50:00,50692.2,58245.4,50658.5,50708.0
2026-06-08 03:55:00,50691.0,58243.9,50660.7,50705.2
2026-06-08 04:00:00,50745.0,58306.0,50716.8,50758.1
2026-06-08 04:05:00,50789.7,58357.4,50767.8,50800.0
2026-06-08 04:10:00,50774.2,58339.5,50740.9,50789.8
2026-06-08 04:15:00,50774.3,58339.6,50735.1,50792.6
2026-06-08 04:20:00,50770.8,58335.6,50732.2,50788.8
2026-06-08 04:25:00,50775.4,58340.9,50739.4,50792.3
2026-06-08 04:30:00,50768.7,58333.3,50733.9,50785.1
2026-06-08 04:35:00,50797.0,58365.8,50768.3,50810.5
2026-06-08 04:40:00,50767.9,58332.3,50725.2,50787.9
2026-06-08 04:45:00,50767.5,58331.9,50723.9,50788.0
2026-06-08 04:50:00,50761.9,58325.5,50716.5,50783.2
2026-06-08 04:55:00,50762.1,58325.7,50720.7,50781.6
2026-06-08 05:00:00,50847.6,58423.9,50803.4,50868.3
2026-06-08 05:05:00,51000.9,58600.0,51118.6,50945.7
2026-06-08 05:10:00,51153.4,58775.3,51099.7,51178.6
2026-06-08 05:15:00,51349.7,59000.8,51312.8,51367.0
2026-06-08 05:20:00,51571.9,59256.2,51570.3,51572.7
2026-06-08 05:25:00,51804.7,59523.6,51799.3,51807.2
2026-06-08 05:30:00,52012.1,59761.9,52015.7,52010.3
2026-06-08 05:35:00,52328.3,60125.2,52300.9,52341.1
2026-06-08 05:40:00,52497.6,60319.7,52452.2,52518.8
2026-06-08 05:45:00,52725.7,60581.8,52705.2,52735.3
2026-06-08 05:50:00,52915.7,60800.1,52915.2,52915.9
2026-06-08 05:55:00,53156.3,61076.6,53143.7,53162.3
2026-06-08 06:00:00,53475.3,61443.1,53448.6,53487.8
2026-06-08 06:05:00,53915.5,61948.9,53928.0,53909.6
2026-06-08 06:10:00,54266.0,62351.7,54238.3,54279.0
2026-06-08 06:15:00,54550.0,62677.9,54507.2,54570.0
2026-06-08 06:20:00,54799.1,62964.1,54812.8,54792.7
2026-06-08 06:25:00,55066.1,63271.0,55051.7,55072.9
2026-06-08 06:30:00,55348.7,63595.7,55313.7,55365.2
2026-06-08 06:35:00,55690.5,63988.4,55714.7,55679.2
2026-06-08 06:40:00,55918.0,64249.7,55977.5,55890.1
2026-06-08 06:45:00,56170.2,64539.6,56215.7,56148.9
2026-06-08 06:50:00,56449.2,64860.1,56443.7,56451.8
2026-06-08 06:55:00,56753.0,65209.2,56776.7,56741.9
2026-06-08 07:00:00,57180.2,65700.1,57214.5,57164.2
2026-06-08 07:05:00,57731.4,66333.4,57746.4,57724.4
2026-06-08 07:10:00,58089.6,66744.9,58062.2,58102.4
2026-06-08 07:15:00,58427.5,67133.2,58474.7,58405.4
2026-06-08 07:20:00,58754.9,67509.3,58754.8,58754.9
2026-06-08 07:25:00,59056.7,67856.2,59026.6,59070.8
2026-06-08 07:30:00,59285.9,68119.5,59233.5,59310.5
2026-06-08 07:35:00,59669.5,68560.3,59646.3,59680.3
2026-06-08 07:40:00,59973.6,68909.7,59936.2,59991.1
2026-06-08 07:45:00,60323.8,69312.1,60259.7,60353.9
2026-06-08 07:50:00,60586.8,69614.2,60609.4,60576.2
2026-06-08 07:55:00,60886.4,69958.5,60874.6,60892.0
2026-06-08 08:00:00,61347.0,70487.8,61358.2,61341.8
2026-06-08 08:05:00,61968.7,71202.1,62008.0,61950.4
2026-06-08 08:10:00,62381.1,71675.8,62364.4,62388.9
2026-06-08 08:15:00,62790.3,72146.1,62757.9,62805.5
2026-06-08 08:20:00,63080.5,72479.5,63151.2,63047.4
2026-06-08 08:25:00,63425.0,72875.4,63450.6,63413.0
2026-06-08 08:30:00,63732.5,73228.6,63779.6,63710.4
2026-06-08 08:35:00,64058.2,73602.8,64082.3,64046.9
2026-06-08 08:40:00,64356.2,73945.3,64320.9,64372.8
2026-06-08 08:45:00,64642.9,74274.7,64623.9,64651.8
2026-06-08 08:50:00,64824.7,74483.6,64813.4,64830.0
2026-06-08 08:55:00,64979.8,74661.7,64989.3,64975.3
2026-06-08 09:00:00,65063.7,74758.2,65052.9,65068.7
2026-06-08 09:05:00,65253.0,74975.7,65236.4,65260.8
2026-06-08 09:10:00,65402.3,75147.2,65422.5,65392.8
2026-06-08 09:15:00,65531.4,75295.6,65521.3,65536.1
2026-06-08 09:20:00,65675.1,75460.7,65731.5,65648.7
2026-06-08 09:25:00,65815.9,75622.5,65785.5,65830.1
2026-06-08 09:30:00,65848.2,75659.6,65908.4,65820.0
2026-06-08 09:35:00,65927.3,75750.5,65947.0,65918.1
2026-06-08 09:40:00,65921.3,75743.5,65998.2,65885.2
2026-06-08 09:45:00,65909.6,75730.1,65987.7,65873.0
2026-06-08 09:50:00,65840.4,75650.6,65851.0,65835.4
2026-06-08 09:55:00,65764.5,75563.4,65827.1,65735.2
2026-06-08 10:00:00,65646.7,75428.0,65703.9,65619.9
2026-06-08 10:05:00,65621.0,75398.5,65728.1,65570.8
2026-06-08 10:10:00,65639.3,75419.6,65666.4,65626.6
2026-06-08 10:15:00,65790.6,75593.3,65840.9,65767.0
2026-06-08 10:20:00,65825.1,75633.0,65818.2,65828.3
2026-06-08 10:25:00,65813.9,75620.1,65894.9,65775.9
2026-06-08 10:30:00,65705.3,75495.4,65709.1,65703.5
2026-06-08 10:35:00,65654.2,75436.7,65640.6,65660.6
2026-06-08 10:40:00,65647.0,75428.4,65623.9,65657.8
2026-06-08 10:45:00,65593.5,75366.9,65644.3,65569.7
2026-06-08 10:50:00,65531.7,75295.9,65520.3,65537.0
2026-06-08 10:55:00,65438.1,75188.4,65512.4,65403.3
2026-06-08 11:00:00,65252.1,74974.6,65305.9,65226.8
2026-06-08 11:05:00,65131.4,74836.0,65237.7,65081.6
2026-06-08 11:10:00,65059.1,74752.9,65096.6,65041.5
2026-06-08 11:15:00,64963.8,74643.4,65030.3,64932.6
2026-06-08 11:20:00,64820.9,74479.2,64884.0,64791.3
2026-06-08 11:25:00,64728.2,74372.7,64714.9,64734.4
2026-06-08 11:30:00,64576.6,74198.5,64561.1,64583.8
2026-06-08 11:35:00,64437.0,74038.1,64477.2,64418.2
2026-06-08 11:40:00,64279.2,73856.8,64229.3,64302.6
2026-06-08 11:45:00,64125.9,73680.6,64134.6,64121.8
2026-06-08 11:50:00,63912.1,73435.0,63820.3,63955.1
2026-06-08 11:55:00,63641.3,73123.8,63576.7,63671.5
2026-06-08 12:00:00,63275.3,72703.3,63237.8,63292.8
2026-06-08 12:05:00,63418.3,72867.6,63356.5,63447.3
2026-06-08 12:10:00,63545.2,73013.4,63454.1,63587.8
2026-06-08 12:15:00,63623.0,73102.8,63583.3,63641.6
2026-06-08 12:20:00,63664.4,73150.4,63678.5,63657.9
2026-06-08 12:25:00,63718.2,73212.2,63662.5,63744.2
2026-06-08 12:30:00,63639.6,73121.9,63615.7,63650.8
2026-06-08 12:35:00,63644.5,73127.6,63635.4,63648.8
2026-06-08 12:40:00,63740.1,73237.4,63719.4,63749.8
2026-06-08 12:45:00,63829.5,73340.0,63827.6,63830.3
2026-06-08 12:50:00,63975.6,73508.0,63995.3,63966.4
2026-06-08 12:55:00,64205.4,73772.0,64163.0,64225.3
2026-06-08 13:00:00,64644.5,74276.5,64575.9,64676.6
2026-06-08 13:05:00,65043.2,74734.6,64978.7,65073.4
2026-06-08 13:10:00,65353.7,75091.4,65420.7,65322.3
2026-06-08 13:15:00,65484.9,75242.1,65574.1,65443.1
2026-06-08 13:20:00,65699.3,75488.5,65654.5,65720.2
2026-06-08 13:25:00,65927.0,75750.2,65897.8,65940.7
2026-06-08 13:30:00,66112.1,75962.8,66173.5,66083.3
2026-06-08 13:35:00,66349.3,76235.3,66300.2,66372.3
2026-06-08 13:40:00,66514.3,76424.9,66549.2,66497.9
2026-06-08 13:45:00,66644.6,76574.7,66650.9,66641.7
2026-06-08 13:50:00,66732.9,76676.1,66770.4,66715.3
2026-06-08 13:55:00,66828.4,76785.8,66785.1,66848.6
2026-06-08 14:00:00,66887.3,76853.5,66866.4,66897.1
2026-06-08 14:05:00,66955.9,76932.3,66960.1,66953.9
2026-06-08 14:10:00,67020.4,77006.5,67083.6,66990.9
2026-06-08 14:15:00,67088.7,77084.9,67090.6,67087.8
2026-06-08 14:20:00,67112.8,77112.6,67189.5,67076.9
2026-06-08 14:25:00,67142.6,77146.8,67194.1,67118.5
2026-06-08 14:30:00,67123.3,77124.7,67171.0,67101.0
2026-06-08 14:35:00,67103.3,77101.6,67154.8,67079.1
2026-06-08 14:40:00,67103.4,77101.8,67160.4,67076.6
2026-06-08 14:45:00,67093.8,77090.8,67151.5,67066.8
2026-06-08 14:50:00,67028.8,77016.1,67130.3,66981.3
2026-06-08 14:55:00,66975.7,76955.0,66984.4,66971.6
2026-06-08 15:00:00,66842.4,76802.0,66950.3,66791.9
2026-06-08 15:05:00,66707.4,76646.8,66745.9,66689.4
2026-06-08 15:10:00,66767.6,76716.0,66774.7,66764.3
2026-06-08 15:15:00,66887.1,76853.3,66957.1,66854.3
2026-06-08 15:20:00,67038.1,77026.7,67018.9,67047.0
2026-06-08 15:25:00,67123.6,77125.0,67124.6,67123.1
2026-06-08 15:30:00,67159.5,77166.3,67201.3,67140.0
2026-06-08 15:35:00,67168.8,77176.9,67206.9,67150.9
2026-06-08 15:40:00,67197.7,77210.1,67289.7,67154.6
2026-06-08 15:45:00,67216.7,77232.0,67302.1,67176.7
2026-06-08 15:50:00,67218.2,77233.7,67290.0,67184.6
2026-06-08 15:55:00,67210.9,77225.4,67254.2,67190.7
2026-06-08 16:00:00,67132.8,77135.6,67179.6,67110.9
2026-06-08 16:05:00,66951.6,76927.4,67039.6,66910.4
2026-06-08 16:10:00,66946.2,76921.2,66985.4,66927.9
2026-06-08 16:15:00,66968.1,76946.4,67017.3,66945.1
2026-06-08 16:20:00,66992.8,76974.7,67095.7,66944.6
2026-06-08 16:25:00,67061.9,77054.1,67101.6,67043.3
2026-06-08 16:30:00,67083.9,77079.4,67193.7,67032.4
2026-06-08 16:35:00,67092.4,77089.2,67192.4,67045.6
2026-06-08 16:40:00,67085.0,77080.7,67183.5,67038.8
2026-06-08 16:45:00,67077.0,77071.5,67188.6,67024.8
2026-06-08 16:50:00,67043.2,77032.7,67147.7,66994.3
2026-06-08 16:55:00,66990.7,76972.3,67008.7,66982.2
2026-06-08 17:00:00,66905.7,76874.6,66932.4,66893.2
2026-06-08 17:05:00,66688.4,76625.0,66774.2,66648.3
2026-06-08 17:10:00,66723.0,76664.7,66745.1,66712.6
2026-06-08 17:15:00,66745.1,76690.1,66774.0,66731.6
2026-06-08 17:20:00,66775.7,76725.3,66871.8,66730.7
2026-06-08 17:25:00,66839.3,76798.3,66871.7,66824.1
2026-06-08 17:30:00,66826.8,76784.0,66858.1,66812.1
2026-06-08 17:35:00,66843.6,76803.3,66873.5,66829.6
2026-06-08 17:40:00,66836.5,76795.1,66865.6,66822.8
2026-06-08 17:45:00,66833.7,76792.0,66854.5,66824.0
2026-06-08 17:50:00,66807.0,76761.2,66827.1,66797.5
2026-06-08 17:55:00,66788.1,76739.5,66795.9,66784.4
2026-06-08 18:00:00,66771.2,76720.1,66764.0,66774.6
2026-06-08 18:05:00,66633.0,76561.3,66704.2,66599.7
2026-06-08 18:10:00,66654.4,76585.9,66619.9,66670.6
2026-06-08 18:15:00,66702.9,76641.7,66744.4,66683.5
2026-06-08 18:20:00,66740.8,76685.2,66729.5,66746.1
2026-06-08 18:25:00,66756.6,76703.3,66740.0,66764.3
2026-06-08 18:30:00,66809.4,76764.0,66854.5,66788.3
2026-06-08 18:35:00,66851.4,76812.3,66837.4,66858.0
2026-06-08 18:40:00,66868.7,76832.1,66915.5,66846.7
2026-06-08 18:45:00,66860.8,76823.0,66919.7,66833.2
2026-06-08 18:50:00,66825.5,76782.6,66885.7,66797.4
2026-06-08 18:55:00,66773.5,76722.8,66758.3,66780.7
2026-06-08 19:00:00,66750.8,76696.6,66695.1,66776.8
2026-06-08 19:05:00,66660.9,76593.3,66696.0,66644.4
2026-06-08 19:10:00,66632.0,76560.2,66646.8,66625.1
2026-06-08 19:15:00,66605.6,76529.8,66544.6,66634.2
2026-06-08 19:20:00,66612.5,76537.8,66543.1,66645.1
2026-06-08 19:25:00,66604.8,76529.0,66533.2,66638.4
2026-06-08 19:30:00,66595.3,76518.0,66527.5,66627.1
2026-06-08 19:35:00,66602.9,76526.8,66547.5,66628.9
2026-06-08 19:40:00,66605.6,76529.8,66543.2,66634.8
2026-06-08 19:45:00,66607.9,76532.5,66548.0,66636.0
2026-06-08 19:50:00,66568.3,76487.0,66516.6,66592.5
2026-06-08 19:55:00,66557.5,76474.6,66498.0,66585.4
2026-06-08 20:00:00,66435.9,76334.8,66462.2,66423.6
2026-06-08 20:05:00,66339.7,76224.3,66372.1,66324.5
2026-06-08 20:10:00,66292.0,76169.5,66331.9,66273.3
2026-06-08 20:15:00,66244.1,76114.5,66210.8,66259.7
2026-06-08 20:20:00,66179.0,76039.7,66189.1,66174.3
2026-06-08 20:25:00,66140.5,75995.4,66077.7,66169.9
2026-06-08 20:30:00,66046.6,75887.5,66052.1,66044.0
2026-06-08 20:35:00,66038.7,75878.5,65991.4,66060.9
2026-06-08 20:40:00,65944.0,75769.7,65986.2,65924.3
2026-06-08 20:45:00,65910.6,75731.3,65878.8,65925.5
2026-06-08 20:50:00,65787.8,75590.2,65736.4,65811.8
2026-06-08 20:55:00,65665.5,75449.7,65626.1,65684.0
2026-06-08 21:00:00,65407.8,75153.6,65429.7,65397.6
2026-06-08 21:05:00,65159.1,74867.8,65173.1,65152.5
2026-06-08 21:10:00,64972.5,74653.3,64991.4,64963.6
2026-06-08 21:15:00,64813.4,74470.6,64799.4,64819.9
2026-06-08 21:20:00,64647.0,74279.3,64625.0,64657.2
2026-06-08 21:25:00,64467.2,74072.8,64447.7,64476.3
2026-06-08 21:30:00,64343.6,73930.8,64354.6,64338.4
2026-06-08 21:35:00,64193.2,73758.0,64174.3,64202.0
2026-06-08 21:40:00,64055.6,73599.9,64051.2,64057.7
2026-06-08 21:45:00,63865.2,73381.1,63883.0,63856.9
2026-06-08 21:50:00,63698.2,73189.2,63719.2,63688.3
2026-06-08 21:55:00,63512.1,72975.4,63557.7,63490.7
2026-06-08 22:00:00,63268.1,72695.0,63269.1,63267.6
2026-06-08 22:05:00,63370.2,72812.3,63307.3,63399.6
2026-06-08 22:10:00,63310.8,72744.1,63301.8,63315.0
2026-06-08 22:15:00,63167.1,72579.0,63146.7,63176.7
2026-06-08 22:20:00,63080.5,72479.4,63073.4,63083.7
2026-06-08 22:25:00,62939.4,72317.4,62914.5,62951.1
2026-06-08 22:30:00,62759.0,72110.1,62732.9,62771.2
2026-06-08 22:35:00,62641.0,71974.5,62660.0,62632.1
2026-06-08 22:40:00,62472.4,71780.8,62449.4,62483.2
2026-06-08 22:45:00,62321.3,71607.2,62282.4,62339.5
2026-06-08 22:50:00,62163.5,71425.9,62195.6,62148.5
2026-06-08 22:55:00,62006.3,71245.3,61994.3,62012.0
2026-06-08 23:00:00,62057.7,71304.3,61996.4,62086.4
2026-06-08 23:05:00,62458.7,71765.0,62454.8,62460.5
2026-06-08 23:10:00,62429.4,71731.4,62408.2,62439.4
2026-06-08 23:15:00,62258.8,71535.4,62245.8,62264.9
2026-06-08 23:20:00,62012.8,71252.7,61963.2,62036.1
2026-06-08 23:25:00,61811.7,71021.6,61770.8,61830.8
2026-06-08 23:30:00,61428.1,70580.8,61382.2,61449.6
2026-06-08 23:35:00,61050.2,70146.7,61003.3,61072.2
2026-06-08 23:40:00,60728.2,69776.7,60741.7,60721.9
2026-06-08 23:45:00,60437.3,69442.5,60383.0,60462.8
2026-06-08 23:50:00,60123.9,69082.4,60078.6,60145.1
2026-06-08 23:55:00,59706.1,68602.3,59766.0,59678.1
2026-06-09 00:00:00,59085.5,67889.2,59099.0,59079.1
2026-06-09 00:05:00,58862.8,67633.4,58936.5,58828.3
2026-06-09 00:10:00,58556.6,67281.5,58517.7,58574.8
2026-06-09 00:15:00,58310.7,66999.0,58277.3,58326.3
2026-06-09 00:20:00,58077.4,66730.9,58001.9,58112.8
2026-06-09 00:25:00,57832.8,66449.9,57808.5,57844.2
2026-06-09 00:30:00,57607.5,66191.0,57536.1,57640.9
2026-06-09 00:35:00,57356.5,65902.7,57379.1,57346.0
2026-06-09 00:40:00,57130.2,65642.6,57113.2,57138.1
2026-06-09 00:45:00,56903.3,65381.8,56942.5,56884.9
2026-06-09 00:50:00,56695.3,65142.9,56671.3,56706.5
2026-06-09 00:55:00,56547.8,64973.4,56492.7,56573.6
2026-06-09 01:00:00,56450.2,64861.3,56454.6,56448.2
2026-06-09 01:05:00,56343.1,64738.2,56401.1,56315.9
2026-06-09 01:10:00,56202.2,64576.4,56211.5,56197.9
2026-06-09 01:15:00,56103.8,64463.3,56095.6,56107.7
2026-06-09 01:20:00,56025.3,64373.1,55979.7,56046.7
2026-06-09 01:25:00,55969.9,64309.4,55986.1,55962.2
2026-06-09 01:30:00,55904.1,64233.8,55885.2,55913.0
2026-06-09 01:35:00,55847.2,64168.4,55828.7,55855.8
2026-06-09 01:40:00,55789.1,64101.7,55765.1,55800.3
2026-06-09 01:45:00,55692.8,63991.1,55644.9,55715.3
2026-06-09 01:50:00,55621.2,63908.8,55657.2,55604.3
2026-06-09 01:55:00,55595.4,63879.1,55571.3,55606.7
2026-06-09 02:00:00,55526.6,63800.1,55553.9,55513.8
2026-06-09 02:05:00,55537.4,63812.5,55506.8,55551.8
2026-06-09 02:10:00,55494.6,63763.3,55473.0,55504.7
2026-06-09 02:15:00,55487.0,63754.6,55468.6,55495.7
2026-06-09 02:20:00,55485.9,63753.3,55473.8,55491.6
2026-06-09 02:25:00,55486.3,63753.8,55476.6,55490.9
2026-06-09 02:30:00,55448.5,63710.3,55468.4,55439.1
2026-06-09 02:35:00,55350.0,63597.1,55357.9,55346.2
2026-06-09 02:40:00,55266.5,63501.2,55341.2,55231.5
2026-06-09 02:45:00,55239.7,63470.4,55250.6,55234.6
2026-06-09 02:50:00,55171.0,63391.5,55228.0,55144.3
2026-06-09 02:55:00,55133.4,63348.2,55110.8,55143.9
2026-06-09 03:00:00,55075.2,63281.5,55105.8,55061.0
2026-06-09 03:05:00,55041.0,63242.1,55061.8,55031.3
2026-06-09 03:10:00,55026.8,63225.8,55044.0,55018.8
2026-06-09 03:15:00,55047.5,63249.6,55039.4,55051.4
2026-06-09 03:20:00,55047.7,63249.9,55038.2,55052.2
2026-06-09 03:25:00,55051.3,63254.0,55041.2,55056.1
2026-06-09 03:30:00,55001.2,63196.4,55044.2,54981.1
2026-06-09 03:35:00,54948.3,63135.6,55028.4,54910.7
2026-06-09 03:40:00,54888.8,63067.2,54874.3,54895.6
2026-06-09 03:45:00,54896.5,63076.0,54880.8,54903.8
2026-06-09 03:50:00,54897.2,63076.9,54883.0,54903.8
2026-06-09 03:55:00,54907.3,63088.5,54883.6,54918.4
2026-06-09 04:00:00,55011.9,63208.7,54940.2,55045.5
2026-06-09 04:05:00,55172.5,63393.2,55144.3,55185.7
2026-06-09 04:10:00,55237.7,63468.1,55207.0,55252.1
2026-06-09 04:15:00,55273.2,63508.9,55314.9,55253.7
2026-06-09 04:20:00,55326.8,63570.5,55310.5,55334.5
2026-06-09 04:25:00,55332.0,63576.5,55317.8,55338.7
2026-06-09 04:30:00,55330.7,63575.0,55307.1,55341.7
2026-06-09 04:35:00,55364.1,63613.4,55357.7,55367.1
2026-06-09 04:40:00,55382.5,63634.5,55455.6,55348.3
2026-06-09 04:45:00,55488.3,63756.0,55453.8,55504.4
2026-06-09 04:50:00,55581.9,63863.6,55559.8,55592.3
2026-06-09 04:55:00,55620.2,63907.6,55658.7,55602.2
2026-06-09 05:00:00,55741.7,64047.2,55744.7,55740.3
2026-06-09 05:05:00,55917.1,64248.7,55933.2,55909.5
2026-06-09 05:10:00,56001.8,64346.1,56075.0,55967.6
2026-06-09 05:15:00,56096.3,64454.6,56080.3,56103.8
2026-06-09 05:20:00,56194.0,64566.9,56182.8,56199.2
2026-06-09 05:25:00,56312.9,64703.5,56297.7,56320.0
2026-06-09 05:30:00,56418.0,64824.2,56384.5,56433.6
2026-06-09 05:35:00,56564.4,64992.5,56552.1,56570.1
2026-06-09 05:40:00,56704.6,65153.5,56728.1,56693.5
2026-06-09 05:45:00,56827.1,65294.4,56794.1,56842.6
2026-06-09 05:50:00,56964.9,65452.7,56981.7,56957.0
2026-06-09 05:55:00,57121.9,65633.1,57065.8,57148.3
2026-06-09 06:00:00,57362.5,65909.5,57421.7,57334.8
2026-06-09 06:05:00,57808.6,66422.1,57724.8,57847.8
2026-06-09 06:10:00,57963.7,66600.3,58005.6,57944.1
2026-06-09 06:15:00,58198.9,66870.5,58197.5,58199.5
2026-06-09 06:20:00,58377.5,67075.7,58353.6,58388.6
2026-06-09 06:25:00,58537.8,67259.9,58518.3,58546.9
2026-06-09 06:30:00,58712.1,67460.2,58722.4,58707.2
2026-06-09 06:35:00,58971.0,67757.7,58998.1,58958.3
2026-06-09 06:40:00,59164.9,67980.5,59178.5,59158.6
2026-06-09 06:45:00,59343.9,68186.2,59380.6,59326.7
2026-06-09 06:50:00,59575.3,68452.1,59585.9,59570.4
2026-06-09 06:55:00,59754.0,68657.4,59760.4,59751.0
2026-06-09 07:00:00,60104.3,69059.8,60125.9,60094.2
2026-06-09 07:05:00,60649.8,69686.6,60655.8,60647.0
2026-06-09 07:10:00,60983.1,70069.6,60893.4,61025.1
2026-06-09 07:15:00,61276.9,70407.1,61293.3,61269.2
2026-06-09 07:20:00,61447.9,70603.6,61500.8,61423.1
2026-06-09 07:25:00,61679.6,70869.9,61684.1,61677.5
2026-06-09 07:30:00,61831.5,71044.4,61804.7,61844.1
2026-06-09 07:35:00,62086.5,71337.4,62087.2,62086.1
2026-06-09 07:40:00,62189.7,71456.0,62258.7,62157.4
2026-06-09 07:45:00,62345.7,71635.3,62361.8,62338.2
2026-06-09 07:50:00,62544.5,71863.6,62533.4,62549.7
2026-06-09 07:55:00,62691.8,72032.9,62707.5,62684.4
2026-06-09 08:00:00,63097.1,72498.6,63061.0,63114.0
2026-06-09 08:05:00,63656.0,73140.8,63619.5,63673.1
2026-06-09 08:10:00,64078.6,73626.3,64001.8,64114.6
2026-06-09 08:15:00,64430.4,74030.6,64476.0,64409.1
2026-06-09 08:20:00,64730.4,74375.2,64688.7,64750.0
2026-06-09 08:25:00,65026.7,74715.7,65073.1,65005.0
2026-06-09 08:30:00,65294.8,75023.7,65263.1,65309.6
2026-06-09 08:35:00,65585.8,75358.1,65583.1,65587.1
2026-06-09 08:40:00,65777.0,75577.8,65798.8,65766.8
2026-06-09 08:45:00,65943.5,75769.0,65959.7,65935.9
2026-06-09 08:50:00,66108.3,75958.5,66141.3,66092.9
2026-06-09 08:55:00,66235.5,76104.5,66224.4,66240.6
2026-06-09 09:00:00,66195.5,76058.7,66259.3,66165.7
2026-06-09 09:05:00,66263.7,76137.0,66266.3,66262.5
2026-06-09 09:10:00,66411.6,76306.9,66425.4,66405.1
2026-06-09 09:15:00,66518.2,76429.5,66534.7,66510.5
2026-06-09 09:20:00,66561.7,76479.4,66575.8,66555.1
2026-06-09 09:25:00,66624.7,76551.8,66678.8,66599.4
2026-06-09 09:30:00,66595.9,76518.7,66608.6,66590.0
2026-06-09 09:35:00,66616.1,76541.9,66614.6,66616.8
2026-06-09 09:40:00,66551.7,76467.9,66551.4,66551.8
2026-06-09 09:45:00,66561.2,76478.8,66552.2,66565.3
2026-06-09 09:50:00,66521.9,76433.6,66536.8,66514.9
2026-06-09 09:55:00,66461.9,76364.8,66395.9,66492.9
2026-06-09 10:00:00,66369.4,76258.5,66351.5,66377.8
2026-06-09 10:05:00,66422.9,76319.9,66401.4,66433.0
2026-06-09 10:10:00,66496.5,76404.5,66444.9,66520.7
2026-06-09 10:15:00,66716.3,76657.1,66648.4,66748.1
2026-06-09 10:20:00,66783.4,76734.2,66744.7,66801.6
2026-06-09 10:25:00,66851.3,76812.2,66838.9,66857.1
2026-06-09 10:30:00,66801.3,76754.6,66830.9,66787.4
2026-06-09 10:35:00,66806.5,76760.7,66778.9,66819.4
2026-06-09 10:40:00,66793.2,76745.4,66759.6,66809.0
2026-06-09 10:45:00,66796.6,76749.3,66770.1,66809.0
2026-06-09 10:50:00,66767.9,76716.3,66749.9,66776.4
2026-06-09 10:55:00,66692.7,76630.0,66720.4,66679.8
2026-06-09 11:00:00,66557.3,76474.3,66538.1,66566.3
2026-06-09 11:05:00,66459.8,76362.3,66498.3,66441.8
2026-06-09 11:10:00,66466.1,76369.5,66424.0,66485.8
2026-06-09 11:15:00,66472.2,76376.5,66440.7,66486.9
2026-06-09 11:20:00,66443.0,76343.0,66416.7,66455.3
2026-06-09 11:25:00,66388.9,76280.9,66417.0,66375.8
2026-06-09 11:30:00,66313.9,76194.7,66250.1,66343.8
2026-06-09 11:35:00,66245.9,76116.6,66169.7,66281.7
2026-06-09 11:40:00,66153.4,76010.2,66135.1,66161.9
2026-06-09 11:45:00,66115.3,75966.5,66020.5,66159.8
2026-06-09 11:50:00,65884.3,75701.1,65822.5,65913.3
2026-06-09 11:55:00,65596.4,75370.3,65514.4,65634.8
2026-06-09 12:00:00,65145.9,74852.7,65136.3,65150.4
2026-06-09 12:05:00,65072.6,74768.4,65125.5,65047.8
2026-06-09 12:10:00,65033.6,74723.6,65065.4,65018.7
2026-06-09 12:15:00,64915.5,74587.9,64949.7,64899.5
2026-06-09 12:20:00,64814.7,74472.1,64866.8,64790.3
2026-06-09 12:25:00,64730.0,74374.8,64758.7,64716.6
2026-06-09 12:30:00,64564.5,74184.6,64571.6,64561.2
2026-06-09 12:35:00,64501.5,74112.2,64565.5,64471.5
2026-06-09 12:40:00,64482.4,74090.3,64514.2,64467.6
2026-06-09 12:45:00,64482.4,74090.3,64554.8,64448.5
2026-06-09 12:50:00,64583.9,74206.9,64648.5,64553.6
2026-06-09 12:55:00,64741.9,74388.4,64818.0,64706.2
2026-06-09 13:00:00,65118.4,74821.1,65021.7,65163.8
2026-06-09 13:05:00,65443.5,75194.6,65382.8,65471.9
2026-06-09 13:10:00,65698.1,75487.1,65725.0,65685.4
2026-06-09 13:15:00,65868.0,75682.4,65850.2,65876.4
2026-06-09 13:20:00,66018.0,75854.7,65998.3,66027.3
2026-06-09 13:25:00,66132.3,75986.1,66130.5,66133.2
2026-06-09 13:30:00,66303.2,76182.4,66330.3,66290.5
2026-06-09 13:35:00,66525.7,76438.0,66488.0,66543.3
2026-06-09 13:40:00,66692.9,76630.2,66631.8,66721.6
2026-06-09 13:45:00,66856.0,76817.5,66803.9,66880.4
2026-06-09 13:50:00,66923.0,76894.5,66954.7,66908.1
2026-06-09 13:55:00,67025.8,77012.6,67025.8,67025.8
2026-06-09 14:00:00,67039.0,77027.8,67043.9,67036.7
2026-06-09 14:05:00,67014.1,76999.3,67004.7,67018.6
2026-06-09 14:10:00,67066.2,77059.1,67034.6,67081.0
2026-06-09 14:15:00,67077.6,77072.1,67178.1,67030.5
2026-06-09 14:20:00,67061.7,77053.9,67160.1,67015.6
2026-06-09 14:25:00,67059.5,77051.4,67165.6,67009.8
2026-06-09 14:30:00,67019.9,77005.8,67118.5,66973.6
2026-06-09 14:35:00,66993.0,76974.9,67010.8,66984.6
2026-06-09 14:40:00,66979.1,76959.0,66994.6,66971.8
2026-06-09 14:45:00,66922.0,76893.4,67004.4,66883.4
2026-06-09 14:50:00,66880.7,76845.9,66893.6,66874.6
2026-06-09 14:55:00,66866.3,76829.4,66867.3,66865.8
2026-06-09 15:00:00,66725.7,76667.8,66829.7,66676.9
2026-06-09 15:05:00,66595.6,76518.4,66607.3,66590.1
2026-06-09 15:10:00,66688.9,76625.6,66658.5,66703.2
2026-06-09 15:15:00,66843.7,76803.4,66824.6,66852.6
2026-06-09 15:20:00,66934.4,76907.6,66911.1,66945.3
2026-06-09 15:25:00,67029.3,77016.7,67014.5,67036.3
2026-06-09 15:30:00,67066.6,77059.5,67069.1,67065.4
2026-06-09 15:35:00,67113.2,77113.0,67192.0,67076.3
2026-06-09 15:40:00,67170.7,77179.1,67212.1,67151.2
2026-06-09 15:45:00,67228.5,77245.5,67304.2,67193.0
2026-06-09 15:50:00,67295.2,77322.2,67292.4,67296.5
2026-06-09 15:55:00,67323.6,77354.8,67407.8,67284.1
2026-06-09 16:00:00,67285.4,77310.9,67321.4,67268.5
2026-06-09 16:05:00,67126.3,77128.1,67272.2,67058.0
2026-06-09 16:10:00,67204.6,77218.1,67241.6,67187.3
2026-06-09 16:15:00,67287.6,77313.4,67354.4,67256.3
2026-06-09 16:20:00,67305.6,77334.1,67411.7,67255.9
2026-06-09 16:25:00,67345.3,77379.7,67422.4,67309.1
2026-06-09 16:30:00,67398.3,77440.6,67389.4,67402.4
2026-06-09 16:35:00,67441.1,77489.8,67495.7,67415.5
2026-06-09 16:40:00,67491.6,77547.8,67475.0,67499.4
2026-06-09 16:45:00,67533.5,77596.0,67603.7,67500.6
2026-06-09 16:50:00,67551.7,77616.9,67560.4,67547.6
2026-06-09 16:55:00,67565.6,77632.9,67537.9,67578.6
2026-06-09 17:00:00,67464.6,77516.8,67450.6,67471.1
2026-06-09 17:05:00,67272.5,77296.1,67290.9,67263.8
2026-06-09 17:10:00,67346.2,77380.8,67358.0,67340.7
2026-06-09 17:15:00,67445.0,77494.3,67404.5,67464.0
2026-06-09 17:20:00,67540.9,77604.5,67501.9,67559.2
2026-06-09 17:25:00,67624.7,77700.7,67599.8,67636.3
2026-06-09 17:30:00,67643.1,77722.0,67685.6,67623.3
2026-06-09 17:35:00,67726.6,77817.8,67702.5,67737.8
2026-06-09 17:40:00,67753.7,77849.0,67805.4,67729.4
2026-06-09 17:45:00,67826.5,77932.6,67810.5,67833.9
2026-06-09 17:50:00,67829.7,77936.3,67875.2,67808.4
2026-06-09 17:55:00,67810.4,77914.2,67849.9,67791.9
2026-06-09 18:00:00,67800.1,77902.4,67828.4,67786.9
2026-06-09 18:05:00,67689.9,77775.7,67682.1,67693.5
2026-06-09 18:10:00,67723.4,77814.1,67683.0,67742.3
2026-06-09 18:15:00,67766.9,77864.2,67835.6,67734.7
2026-06-09 18:20:00,67829.3,77935.9,67814.3,67836.4
2026-06-09 18:25:00,67869.1,77981.6,67887.6,67860.5
2026-06-09 18:30:00,67940.0,78063.1,67897.4,67960.0
2026-06-09 18:35:00,67963.2,78089.7,68007.4,67942.5
2026-06-09 18:40:00,68020.2,78155.2,67993.5,68032.7
2026-06-09 18:45:00,68056.5,78196.9,68104.8,68033.9
2026-06-09 18:50:00,68021.7,78157.0,68070.2,67999.0
2026-06-09 18:55:00,67998.3,78130.0,68039.4,67979.0
2026-06-09 19:00:00,67937.4,78060.1,67860.6,67973.3
2026-06-09 19:05:00,67833.2,77940.4,67847.1,67826.7
2026-06-09 19:10:00,67783.3,77883.0,67784.5,67782.8
2026-06-09 19:15:00,67760.6,77857.0,67697.6,67790.2
2026-06-09 19:20:00,67758.8,77854.9,67699.9,67786.4
2026-06-09 19:25:00,67752.8,77848.0,67690.5,67782.0
2026-06-09 19:30:00,67743.3,77837.1,67686.2,67770.1
2026-06-09 19:35:00,67671.4,77754.5,67697.0,67659.4
2026-06-09 19:40:00,67637.0,77714.9,67579.8,67663.7
2026-06-09 19:45:00,67636.4,77714.2,67575.5,67664.9
2026-06-09 19:50:00,67604.2,77677.2,67552.2,67628.6
2026-06-09 19:55:00,67504.0,77562.1,67535.9,67489.1
2026-06-09 20:00:00,67294.4,77321.3,67352.5,67267.2
2026-06-09 20:05:00,67094.1,77091.1,67142.2,67071.6
2026-06-09 20:10:00,66964.7,76942.5,67012.8,66942.2
2026-06-09 20:15:00,66832.2,76790.2,66885.1,66807.3
2026-06-09 20:20:00,66682.4,76618.1,66660.8,66692.6
2026-06-09 20:25:00,66531.7,76444.9,66529.6,66532.6
2026-06-09 20:30:00,66350.5,76236.7,66410.8,66322.2
2026-06-09 20:35:00,66185.2,76046.8,66225.2,66166.4
2026-06-09 20:40:00,65985.3,75817.1,66037.6,65960.8
2026-06-09 20:45:00,65779.4,75580.5,65802.3,65768.6
2026-06-09 20:50:00,65513.9,75275.5,65597.3,65474.9
2026-06-09 20:55:00,65254.2,74977.0,65285.9,65239.3
2026-06-09 21:00:00,65008.4,74694.7,65052.2,64987.9
2026-06-09 21:05:00,64811.3,74468.2,64792.5,64820.1
2026-06-09 21:10:00,64640.6,74272.1,64602.5,64658.5
2026-06-09 21:15:00,64467.7,74073.4,64424.7,64487.9
2026-06-09 21:20:00,64334.9,73920.8,64341.3,64331.9
2026-06-09 21:25:00,64223.9,73793.2,64161.4,64253.1
2026-06-09 21:30:00,64060.7,73605.8,64048.8,64066.3
2026-06-09 21:35:00,63866.4,73382.5,63873.5,63863.0
2026-06-09 21:40:00,63697.2,73188.0,63721.2,63685.9
2026-06-09 21:45:00,63518.9,72983.2,63571.7,63494.1
2026-06-09 21:50:00,63326.3,72761.9,63401.9,63290.9
2026-06-09 21:55:00,63129.4,72535.7,63123.9,63132.0
2026-06-09 22:00:00,62941.1,72319.3,62875.3,62971.9
2026-06-09 22:05:00,63031.6,72423.4,63010.2,63041.7
2026-06-09 22:10:00,62961.7,72343.0,62923.0,62979.9
2026-06-09 22:15:00,62907.1,72280.2,62867.9,62925.5
2026-06-09 22:20:00,62832.8,72194.9,62792.4,62851.7
2026-06-09 22:25:00,62691.7,72032.8,62665.4,62704.1
2026-06-09 22:30:00,62548.9,71868.7,62538.7,62553.7
2026-06-09 22:35:00,62360.3,71652.0,62363.0,62359.0
2026-06-09 22:40:00,62162.0,71424.2,62199.5,62144.5
2026-06-09 22:45:00,62012.9,71252.8,62006.6,62015.8
2026-06-09 22:50:00,61876.6,71096.2,61863.2,61882.9
2026-06-09 22:55:00,61656.4,70843.3,61654.8,61657.2
2026-06-09 23:00:00,61660.2,70847.6,61698.3,61642.4
2026-06-09 23:05:00,61998.9,71236.7,62075.2,61963.1
2026-06-09 23:10:00,61948.0,71178.2,61975.2,61935.2
2026-06-09 23:15:00,61762.8,70965.4,61809.5,61740.9
2026-06-09 23:20:00,61493.1,70655.6,61498.6,61490.5
2026-06-09 23:25:00,61221.0,70342.9,61205.6,61228.2
2026-06-09 23:30:00,60879.3,69950.3,60793.1,60919.7
2026-06-09 23:35:00,60569.3,69594.1,60571.8,60568.1
2026-06-09 23:40:00,60261.1,69240.0,60306.9,60239.6
2026-06-09 23:45:00,59970.8,68906.4,59942.2,59984.2
2026-06-09 23:50:00,59653.0,68541.3,59616.6,59670.0
2026-06-09 23:55:00,59234.0,68059.8,59274.3,59215.1
2026-06-10 00:00:00,58699.4,67445.6,58679.8,58708.6
2026-06-10 00:05:00,58535.0,67256.7,58563.0,58521.9
2026-06-10 00:10:00,58269.1,66951.2,58284.8,58261.8
2026-06-10 00:15:00,58006.8,66649.8,57982.1,58018.4
2026-06-10 00:20:00,57748.0,66352.4,57706.2,57767.6
2026-06-10 00:25:00,57480.3,66044.9,57408.6,57513.9
2026-06-10 00:30:00,57204.2,65727.6,57251.9,57181.8
2026-06-10 00:35:00,56986.9,65477.9,57033.9,56964.9
2026-06-10 00:40:00,56778.6,65238.6,56769.0,56783.1
2026-06-10 00:45:00,56626.9,65064.3,56602.1,56638.6
2026-06-10 00:50:00,56480.7,64896.3,56419.2,56509.5
2026-06-10 00:55:00,56356.8,64754.0,56305.3,56381.0
2026-06-10 01:00:00,56197.8,64571.2,56257.3,56169.9
2026-06-10 01:05:00,56118.3,64479.9,56134.6,56110.7
2026-06-10 01:10:00,56015.7,64362.0,55974.1,56035.2
2026-06-10 01:15:00,55941.6,64276.9,55879.1,55970.9
2026-06-10 01:20:00,55901.3,64230.6,55892.2,55905.5
2026-06-10 01:25:00,55845.6,64166.6,55819.4,55857.9
2026-06-10 01:30:00,55778.8,64089.9,55756.0,55789.5
2026-06-10 01:35:00,55702.3,64001.9,55664.6,55719.9
2026-06-10 01:40:00,55617.8,63904.8,55649.0,55603.1
2026-06-10 01:45:00,55575.1,63855.8,55574.4,55575.5
2026-06-10 01:50:00,55530.1,63804.1,55580.6,55506.5
2026-06-10 01:55:00,55492.7,63761.1,55459.5,55508.3
2026-06-10 02:00:00,55464.7,63729.0,55437.9,55477.3
2026-06-10 02:05:00,55434.0,63693.7,55495.5,55405.2
2026-06-10 02:10:00,55376.5,63627.6,55349.6,55389.1
2026-06-10 02:15:00,55354.3,63602.1,55346.4,55358.0
2026-06-10 02:20:00,55279.4,63516.0,55348.4,55247.0
2026-06-10 02:25:00,55247.0,63478.8,55249.9,55245.6
2026-06-10 02:30:00,55167.8,63387.8,55237.0,55135.4
2026-06-10 02:35:00,55137.4,63352.8,55118.8,55146.0
2026-06-10 02:40:00,55101.8,63312.0,55103.2,55101.2
2026-06-10 02:45:00,55012.6,63209.5,55011.5,55013.1
2026-06-10 02:50:00,55011.9,63208.6,55007.7,55013.8
2026-06-10 02:55:00,55009.7,63206.2,55005.7,55011.6
2026-06-10 03:00:00,55015.8,63213.2,55011.1,55018.0
2026-06-10 03:05:00,55070.7,63276.2,55080.1,55066.2
2026-06-10 03:10:00,55011.3,63208.0,55060.1,54988.4
2026-06-10 03:15:00,54998.5,63193.3,55016.5,54990.1
2026-06-10 03:20:00,54933.9,63119.0,55014.0,54896.3
2026-06-10 03:25:00,54899.3,63079.3,54881.4,54907.6
2026-06-10 03:30:00,54892.6,63071.6,54879.2,54898.9
2026-06-10 03:35:00,54928.9,63113.3,54903.9,54940.6
2026-06-10 03:40:00,54915.2,63097.6,54892.0,54926.1
2026-06-10 03:45:00,54918.4,63101.2,54895.8,54929.0
2026-06-10 03:50:00,54917.2,63099.8,54892.3,54928.8
2026-06-10 03:55:00,54914.7,63097.0,54892.0,54925.4
2026-06-10 04:00:00,55001.2,63196.4,54936.8,55031.4
2026-06-10 04:05:00,55099.8,63309.7,55144.0,55079.1
2026-06-10 04:10:00,55144.0,63360.4,55108.0,55160.8
2026-06-10 04:15:00,55228.2,63457.1,55196.3,55243.1
2026-06-10 04:20:00,55226.6,63455.4,55201.9,55238.2
2026-06-10 04:25:00,55232.6,63462.2,55209.1,55243.6
2026-06-10 04:30:00,55261.1,63494.9,55314.7,55235.9
2026-06-10 04:35:00,55366.1,63615.7,55354.1,55371.8
2026-06-10 04:40:00,55363.1,63612.2,55407.2,55342.5
2026-06-10 04:45:00,55375.7,63626.7,55449.9,55340.9
2026-06-10 04:50:00,55477.3,63743.4,55442.2,55493.7
2026-06-10 04:55:00,55513.0,63784.5,55556.1,55492.8
2026-06-10 05:00:00,55622.6,63910.3,55640.9,55614.0
2026-06-10 05:05:00,55799.4,64113.5,55826.2,55786.9
2026-06-10 05:10:00,55866.8,64190.9,55986.5,55810.7
2026-06-10 05:15:00,55953.9,64291.0,55954.9,55953.4
2026-06-10 05:20:00,56089.1,64446.3,56072.7,56096.7
2026-06-10 05:25:00,56188.8,64560.9,56184.6,56190.7
2026-06-10 05:30:00,56298.4,64686.9,56284.0,56305.2
2026-06-10 05:35:00,56446.3,64856.8,56436.5,56450.8
2026-06-10 05:40:00,56550.5,64976.5,56597.5,56528.5
2026-06-10 05:45:00,56699.5,65147.8,56722.4,56688.8
2026-06-10 05:50:00,56820.2,65286.4,56790.1,56834.2
2026-06-10 05:55:00,56960.9,65448.0,56979.8,56952.0
2026-06-10 06:00:00,57223.5,65749.8,57186.8,57240.7
2026-06-10 06:05:00,57605.8,66189.1,57630.3,57594.4
2026-06-10 06:10:00,57843.2,66461.8,57832.4,57848.2
2026-06-10 06:15:00,57993.0,66634.0,58002.2,57988.7
2026-06-10 06:20:00,58150.8,66815.2,58168.1,58142.7
2026-06-10 06:25:00,58325.0,67015.4,58348.0,58314.2
2026-06-10 06:30:00,58474.0,67186.6,58491.1,58466.0
2026-06-10 06:35:00,58664.0,67404.9,58643.0,58673.8
2026-06-10 06:40:00,58864.8,67635.7,58837.8,58877.5
2026-06-10 06:45:00,59045.4,67843.2,58991.2,59070.8
2026-06-10 06:50:00,59204.5,68026.0,59165.4,59222.8
2026-06-10 06:55:00,59406.1,68257.6,59366.3,59424.8
2026-06-10 07:00:00,59753.3,68656.5,59724.8,59766.6
2026-06-10 07:05:00,60252.4,69230.0,60256.1,60250.6
2026-06-10 07:10:00,60590.5,69618.5,60523.2,60622.0
2026-06-10 07:15:00,60879.8,69950.8,60874.3,60882.3
2026-06-10 07:20:00,61071.9,70171.7,61121.3,61048.8
2026-06-10 07:25:00,61242.7,70367.8,61288.4,61221.2
2026-06-10 07:30:00,61446.9,70602.5,61442.1,61449.1
2026-06-10 07:35:00,61704.2,70898.2,61691.6,61710.2
2026-06-10 07:40:00,61854.3,71070.6,61818.4,61871.1
2026-06-10 07:45:00,61996.9,71234.4,62018.7,61986.7
2026-06-10 07:50:00,62123.9,71380.4,62141.6,62115.7
2026-06-10 07:55:00,62321.2,71607.1,62368.6,62299.0
2026-06-10 08:00:00,62741.8,72090.3,62729.0,62747.8
2026-06-10 08:05:00,63311.5,72744.9,63263.4,63334.0
2026-06-10 08:10:00,63689.8,73179.6,63595.2,63734.2
2026-06-10 08:15:00,64065.6,73611.4,64025.1,64084.6
2026-06-10 08:20:00,64375.8,73967.8,64383.6,64372.2
2026-06-10 08:25:00,64716.5,74359.3,64752.5,64699.7
2026-06-10 08:30:00,64968.6,74649.0,65005.9,64951.2
2026-06-10 08:35:00,65264.5,74988.9,65285.6,65254.6
2026-06-10 08:40:00,65476.6,75232.7,65490.1,65470.3
2026-06-10 08:45:00,65665.4,75449.5,65645.4,65674.8
2026-06-10 08:50:00,65813.7,75620.0,65852.4,65795.6
2026-06-10 08:55:00,65918.6,75740.5,65937.3,65909.9
2026-06-10 09:00:00,65862.4,75675.9,65982.3,65806.3
2026-06-10 09:05:00,65913.4,75734.5,65935.0,65903.3
2026-06-10 09:10:00,65986.6,75818.6,66092.4,65937.0
2026-06-10 09:15:00,66063.2,75906.7,66108.1,66042.2
2026-06-10 09:20:00,66169.7,76029.0,66167.8,66170.6
2026-06-10 09:25:00,66243.8,76114.1,66233.6,66248.6
2026-06-10 09:30:00,66243.0,76113.2,66304.1,66214.4
2026-06-10 09:35:00,66250.7,76122.0,66308.3,66223.7
2026-06-10 09:40:00,66271.9,76146.4,66260.9,66277.1
2026-06-10 09:45:00,66244.7,76115.2,66252.1,66241.3
2026-06-10 09:50:00,66152.0,76008.6,66236.0,66112.6
2026-06-10 09:55:00,66092.7,75940.5,66093.0,66092.6
2026-06-10 10:00:00,65909.6,75730.1,65949.0,65891.1
2026-06-10 10:05:00,65883.9,75700.6,65887.4,65882.2
2026-06-10 10:10:00,65940.7,75765.8,65926.9,65947.1
2026-06-10 10:15:00,66152.5,76009.2,66146.4,66155.3
2026-06-10 10:20:00,66220.5,76087.4,66225.9,66218.0
2026-06-10 10:25:00,66176.6,76037.0,66202.8,66164.4
2026-06-10 10:30:00,66095.5,75943.7,66106.9,66090.2
2026-06-10 10:35:00,66043.4,75883.9,66058.9,66036.2
2026-06-10 10:40:00,66030.3,75868.8,66040.9,66025.3
2026-06-10 10:45:00,65976.9,75807.5,66051.4,65942.0
2026-06-10 10:50:00,65881.4,75697.7,65916.8,65864.8
2026-06-10 10:55:00,65771.2,75571.1,65781.6,65766.3
2026-06-10 11:00:00,65632.5,75411.7,65628.0,65634.5
2026-06-10 11:05:00,65513.2,75274.7,65604.8,65470.3
2026-06-10 11:10:00,65380.4,75122.0,65384.1,65378.6
2026-06-10 11:15:00,65272.6,74998.2,65291.6,65263.7
2026-06-10 11:20:00,65134.9,74840.0,65182.7,65112.5
2026-06-10 11:25:00,64974.0,74655.1,65017.4,64953.7
2026-06-10 11:30:00,64796.6,74451.2,64766.9,64810.4
2026-06-10 11:35:00,64655.8,74289.5,64618.8,64673.1
2026-06-10 11:40:00,64474.1,74080.7,64495.7,64463.9
2026-06-10 11:45:00,64282.6,73860.8,64300.3,64274.4
2026-06-10 11:50:00,64010.8,73548.4,64000.7,64015.6
2026-06-10 11:55:00,63685.8,73174.9,63630.8,63711.5
2026-06-10 12:00:00,63195.4,72611.5,63206.7,63190.1
2026-06-10 12:05:00,63257.2,72682.5,63272.6,63250.0
2026-06-10 12:10:00,63354.3,72794.0,63309.5,63375.2
2026-06-10 12:15:00,63491.4,72951.6,63422.0,63523.9
2026-06-10 12:20:00,63555.2,73024.9,63498.5,63581.8
2026-06-10 12:25:00,63612.1,73090.3,63577.2,63628.5
2026-06-10 12:30:00,63506.2,72968.6,63423.5,63544.9
2026-06-10 12:35:00,63437.9,72890.1,63433.7,63439.8
2026-06-10 12:40:00,63501.8,72963.5,63506.3,63499.6
2026-06-10 12:45:00,63548.7,73017.5,63540.0,63552.8
2026-06-10 12:50:00,63690.6,73180.5,63709.8,63681.6
2026-06-10 12:55:00,63875.6,73393.1,63871.5,63877.6
2026-06-10 13:00:00,64305.7,73887.2,64217.6,64347.0
2026-06-10 13:05:00,64773.0,74424.1,64680.2,64816.4
2026-06-10 13:10:00,65076.0,74772.3,65129.0,65051.1
2026-06-10 13:15:00,65284.8,75012.2,65310.4,65272.8
2026-06-10 13:20:00,65452.0,75204.3,65462.8,65446.9
2026-06-10 13:25:00,65591.3,75364.4,65668.3,65555.2
2026-06-10 13:30:00,65821.7,75629.1,65781.1,65840.7
2026-06-10 13:35:00,66072.0,75916.7,66078.3,66069.0
2026-06-10 13:40:00,66272.0,76146.5,66217.5,66297.5
2026-06-10 13:45:00,66447.5,76348.1,66424.1,66458.4
2026-06-10 13:50:00,66511.9,76422.1,66577.0,66481.3
2026-06-10 13:55:00,66575.1,76494.8,66596.7,66565.1
2026-06-10 14:00:00,66693.4,76630.7,66668.0,66705.3
2026-06-10 14:05:00,66737.1,76681.0,66710.5,66749.6
2026-06-10 14:10:00,66780.6,76730.9,66762.4,66789.1
2026-06-10 14:15:00,66869.7,76833.3,66867.7,66870.7
2026-06-10 14:20:00,66882.6,76848.1,66925.7,66862.3
2026-06-10 14:25:00,66987.3,76968.5,66965.3,66997.7
2026-06-10 14:30:00,66961.1,76938.3,67017.6,66934.6
2026-06-10 14:35:00,66956.5,76933.0,67028.3,66922.8
2026-06-10 14:40:00,66937.0,76910.6,67016.3,66899.9
2026-06-10 14:45:00,66899.9,76868.0,66932.0,66884.9
2026-06-10 14:50:00,66888.9,76855.4,66913.8,66877.3
2026-06-10 14:55:00,66865.7,76828.7,66882.1,66858.1
2026-06-10 15:00:00,66734.2,76677.6,66824.8,66691.7
2026-06-10 15:05:00,66602.9,76526.7,66609.4,66599.9
2026-06-10 15:10:00,66688.9,76625.5,66641.3,66711.1
2026-06-10 15:15:00,66858.9,76820.9,66829.3,66872.7
2026-06-10 15:20:00,66974.0,76953.1,66999.4,66962.1
2026-06-10 15:25:00,67059.5,77051.4,67105.3,67038.1
2026-06-10 15:30:00,67100.8,77098.9,67180.8,67063.4
2026-06-10 15:35:00,67169.0,77177.2,67207.6,67150.9
2026-06-10 15:40:00,67208.9,77223.0,67288.8,67171.5
2026-06-10 15:45:00,67261.3,77283.3,67301.5,67242.5
2026-06-10 15:50:00,67292.5,77319.0,67288.9,67294.1
2026-06-10 15:55:00,67315.6,77345.6,67402.7,67274.8
2026-06-10 16:00:00,67282.4,77307.5,67320.3,67264.6
2026-06-10 16:05:00,67121.0,77122.0,67267.7,67052.3
2026-06-10 16:10:00,67197.8,77210.3,67238.1,67178.9
2026-06-10 16:15:00,67246.9,77266.7,67349.5,67198.9
2026-06-10 16:20:00,67277.5,77301.8,67336.9,67249.6
2026-06-10 16:25:00,67311.2,77340.6,67419.6,67260.5
2026-06-10 16:30:00,67323.1,77354.2,67386.1,67293.6
2026-06-10 16:35:00,67332.2,77364.7,67386.9,67306.6
2026-06-10 16:40:00,67392.6,77434.1,67376.9,67400.0
2026-06-10 16:45:00,67425.0,77471.3,67475.6,67401.2
2026-06-10 16:50:00,67453.6,77504.2,67432.3,67463.6
2026-06-10 16:55:00,67436.0,77484.0,67408.1,67449.1
2026-06-10 17:00:00,67338.3,77371.7,67323.1,67345.4
2026-06-10 17:05:00,67126.8,77128.7,67165.8,67108.5
2026-06-10 17:10:00,67218.4,77233.9,67172.7,67239.8
2026-06-10 17:15:00,67303.2,77331.4,67284.6,67311.9
2026-06-10 17:20:00,67319.2,77349.8,67340.8,67309.1
2026-06-10 17:25:00,67365.0,77402.3,67339.8,67376.8
2026-06-10 17:30:00,67353.1,77388.7,67329.4,67364.2
2026-06-10 17:35:00,67370.8,77409.0,67348.0,67381.5
2026-06-10 17:40:00,67359.8,77396.4,67332.4,67372.7
2026-06-10 17:45:00,67340.6,77374.4,67337.5,67342.1
2026-06-10 17:50:00,67313.4,77343.2,67307.6,67316.2
2026-06-10 17:55:00,67290.1,77316.4,67273.6,67297.9
2026-06-10 18:00:00,67262.4,77284.5,67271.4,67258.2
2026-06-10 18:05:00,67191.0,77202.5,67170.7,67200.5
2026-06-10 18:10:00,67255.2,77276.2,67273.1,67246.8
2026-06-10 18:15:00,67313.6,77343.4,67289.0,67325.2
2026-06-10 18:20:00,67373.5,77412.1,67354.1,67382.6
2026-06-10 18:25:00,67422.7,77468.7,67468.5,67401.2
2026-06-10 18:30:00,67493.5,77550.0,67479.4,67500.1
2026-06-10 18:35:00,67518.1,77578.3,67587.9,67485.4
2026-06-10 18:40:00,67557.7,77623.7,67573.0,67550.5
2026-06-10 18:45:00,67588.9,77659.6,67577.2,67594.3
2026-06-10 18:50:00,67585.3,77655.5,67641.0,67559.2
2026-06-10 18:55:00,67562.0,77628.7,67607.2,67540.8
2026-06-10 19:00:00,67534.9,77597.5,67446.5,67576.3
2026-06-10 19:05:00,67506.6,77565.1,67434.5,67540.4
2026-06-10 19:10:00,67510.7,77569.8,67522.3,67505.3
2026-06-10 19:15:00,67513.8,77573.4,67520.3,67510.8
2026-06-10 19:20:00,67508.5,77567.2,67511.2,67507.2
2026-06-10 19:25:00,67479.6,77534.1,67501.3,67469.5
2026-06-10 19:30:00,67464.1,77516.3,67479.2,67457.1
2026-06-10 19:35:00,67441.0,77489.7,67403.1,67458.8
2026-06-10 19:40:00,67433.2,77480.8,67398.3,67449.6
2026-06-10 19:45:00,67430.4,77477.6,67387.0,67450.8
2026-06-10 19:50:00,67396.2,77438.2,67357.8,67414.1
2026-06-10 19:55:00,67323.4,77354.6,67356.5,67307.9
2026-06-10 20:00:00,67183.6,77194.0,67177.9,67186.3
2026-06-10 20:05:00,67025.6,77012.4,67073.4,67003.1
2026-06-10 20:10:00,66905.7,76874.6,66931.5,66893.6
2026-06-10 20:15:00,66797.1,76749.8,66801.9,66794.8
2026-06-10 20:20:00,66681.1,76616.5,66682.9,66680.2
2026-06-10 20:25:00,66562.1,76479.8,66556.1,66564.9
2026-06-10 20:30:00,66376.3,76266.4,66419.3,66356.2
2026-06-10 20:35:00,66266.2,76139.8,66243.5,66276.8
2026-06-10 20:40:00,66119.4,75971.1,66134.7,66112.2
2026-06-10 20:45:00,65936.5,75761.1,65977.8,65917.2
2026-06-10 20:50:00,65715.6,75507.2,65783.8,65683.6
2026-06-10 20:55:00,65493.9,75252.5,65487.2,65497.0
2026-06-10 21:00:00,65218.6,74936.2,65199.7,65227.5
2026-06-10 21:05:00,64983.4,74665.9,64962.6,64993.2
2026-06-10 21:10:00,64831.5,74491.4,64815.9,64838.8
2026-06-10 21:15:00,64650.6,74283.5,64617.8,64665.9
2026-06-10 21:20:00,64503.7,74114.8,64545.7,64484.0
2026-06-10 21:25:00,64384.2,73977.5,64362.9,64394.3
2026-06-10 21:30:00,64257.9,73832.3,64267.1,64253.6
2026-06-10 21:35:00,64097.8,73648.4,64161.8,64067.8
2026-06-10 21:40:00,63921.1,73445.3,63955.7,63904.8
2026-06-10 21:45:00,63765.9,73267.0,63797.0,63751.3
2026-06-10 21:50:00,63620.8,73100.3,63621.4,63620.5
2026-06-10 21:55:00,63399.7,72846.2,63494.1,63355.4
2026-06-10 22:00:00,63220.0,72639.7,63208.5,63225.3
2026-06-10 22:05:00,63279.7,72708.3,63215.6,63309.7
2026-06-10 22:10:00,63221.4,72641.4,63209.8,63226.9
2026-06-10 22:15:00,63110.9,72514.4,63089.5,63120.9
2026-06-10 22:20:00,62986.1,72371.0,62952.0,63002.0
2026-06-10 22:25:00,62858.8,72224.7,62828.3,62873.1
2026-06-10 22:30:00,62741.2,72089.7,62734.4,62744.4
2026-06-10 22:35:00,62612.9,71942.2,62564.8,62635.4
2026-06-10 22:40:00,62471.6,71779.9,62453.2,62480.2
2026-06-10 22:45:00,62287.9,71568.8,62286.1,62288.8
2026-06-10 22:50:00,62107.5,71361.5,62127.7,62098.0
2026-06-10 22:55:00,61955.0,71186.3,61892.7,61984.2
2026-06-10 23:00:00,62000.9,71239.1,61957.0,62021.5
2026-06-10 23:05:00,62448.4,71753.2,62341.6,62498.5
2026-06-10 23:10:00,62453.7,71759.4,62408.5,62475.0
2026-06-10 23:15:00,62235.6,71508.7,62257.4,62225.4
2026-06-10 23:20:00,62032.1,71274.9,61981.5,62055.8
2026-06-10 23:25:00,61816.0,71026.6,61773.5,61835.9
2026-06-10 23:30:00,61465.3,70623.6,61466.2,61464.8
2026-06-10 23:35:00,61086.4,70188.3,61111.9,61074.5
2026-06-10 23:40:00,60728.7,69777.3,60741.2,60722.8
2026-06-10 23:45:00,60437.6,69442.8,60381.6,60463.8
2026-06-10 23:50:00,60125.2,69083.9,60078.8,60147.0
2026-06-10 23:55:00,59712.2,68609.4,59770.3,59685.0
2026-06-11 00:00:00,59082.5,67885.8,59093.2,59077.5
2026-06-11 00:05:00,58863.9,67634.6,58938.4,58829.0
2026-06-11 00:10:00,58555.4,67280.1,58515.4,58574.1
2026-06-11 00:15:00,58309.0,66997.0,58273.2,58325.7
2026-06-11 00:20:00,58074.1,66727.1,57996.7,58110.3
2026-06-11 00:25:00,57829.5,66446.1,57805.0,57841.0
2026-06-11 00:30:00,57605.1,66188.3,57532.9,57639.0
2026-06-11 00:35:00,57356.5,65902.6,57378.1,57346.4
2026-06-11 00:40:00,57130.7,65643.2,57111.4,57139.8
2026-06-11 00:45:00,56903.6,65382.2,56940.0,56886.5
2026-06-11 00:50:00,56699.0,65147.1,56676.0,56709.7
2026-06-11 00:55:00,56550.5,64976.5,56493.8,56577.0
2026-06-11 01:00:00,56455.7,64867.6,56459.4,56454.0
2026-06-11 01:05:00,56352.4,64748.9,56410.4,56325.2
2026-06-11 01:10:00,56238.5,64618.0,56305.1,56207.3
2026-06-11 01:15:00,56116.6,64478.0,56097.0,56125.8
2026-06-11 01:20:00,56029.2,64377.5,55981.6,56051.5
2026-06-11 01:25:00,55973.2,64313.2,55987.9,55966.3
2026-06-11 01:30:00,55907.7,64237.9,55887.7,55917.0
2026-06-11 01:35:00,55880.5,64206.7,55928.3,55858.2
2026-06-11 01:40:00,55797.5,64111.3,55784.9,55803.4
2026-06-11 01:45:00,55733.8,64038.1,55766.7,55718.4
2026-06-11 01:50:00,55683.6,63980.5,55660.3,55694.6
2026-06-11 01:55:00,55597.4,63881.4,55573.6,55608.6
2026-06-11 02:00:00,55528.7,63802.4,55555.0,55516.3
2026-06-11 02:05:00,55541.6,63817.3,55511.1,55555.9
2026-06-11 02:10:00,55498.4,63767.6,55474.9,55509.4
2026-06-11 02:15:00,55490.4,63758.5,55471.7,55499.1
2026-06-11 02:20:00,55488.6,63756.4,55475.7,55494.7
2026-06-11 02:25:00,55488.5,63756.3,55478.3,55493.3
2026-06-11 02:30:00,55453.9,63716.5,55464.9,55448.7
2026-06-11 02:35:00,55352.1,63599.6,55359.5,55348.6
2026-06-11 02:40:00,55270.3,63505.6,55346.4,55234.6
2026-06-11 02:45:00,55240.2,63471.0,55251.9,55234.7
2026-06-11 02:50:00,55173.8,63394.7,55230.3,55147.4
2026-06-11 02:55:00,55135.5,63350.7,55112.3,55146.4
2026-06-11 03:00:00,55077.8,63284.4,55107.1,55064.1
2026-06-11 03:05:00,55044.5,63246.2,55066.2,55034.4
2026-06-11 03:10:00,55029.2,63228.6,55046.2,55021.3
2026-06-11 03:15:00,55029.8,63229.2,55042.7,55023.7
2026-06-11 03:20:00,55029.3,63228.7,55040.3,55024.2
2026-06-11 03:25:00,55032.3,63232.1,55043.0,55027.3
2026-06-11 03:30:00,55004.9,63200.6,55047.0,54985.2
2026-06-11 03:35:00,55015.3,63212.5,55031.5,55007.7
2026-06-11 03:40:00,54999.4,63194.3,55012.5,54993.2
2026-06-11 03:45:00,54942.0,63128.3,55016.3,54907.1
2026-06-11 03:50:00,54899.7,63079.7,54885.5,54906.3
2026-06-11 03:55:00,54910.3,63092.0,54885.2,54922.1
2026-06-11 04:00:00,55001.0,63196.1,54937.0,55030.9
2026-06-11 04:05:00,55099.6,63309.4,55144.3,55078.6
2026-06-11 04:10:00,55141.8,63357.9,55108.3,55157.5
2026-06-11 04:15:00,55226.5,63455.2,55196.6,55240.5
2026-06-11 04:20:00,55221.3,63449.3,55190.8,55235.6
2026-06-11 04:25:00,55227.2,63456.1,55197.9,55240.9
2026-06-11 04:30:00,55220.4,63448.3,55187.0,55236.1
2026-06-11 04:35:00,55255.9,63489.0,55226.4,55269.7
2026-06-11 04:40:00,55329.5,63573.6,55301.6,55342.6
2026-06-11 04:45:00,55331.7,63576.1,55311.7,55341.1
2026-06-11 04:50:00,55339.5,63585.1,55348.0,55335.5
2026-06-11 04:55:00,55383.7,63635.9,55347.5,55400.6
2026-06-11 05:00:00,55523.2,63796.1,55526.7,55521.5
2026-06-11 05:05:00,55693.1,63991.3,55727.8,55676.8
2026-06-11 05:10:00,55769.6,64079.3,55859.4,55727.5
2026-06-11 05:15:00,55818.6,64135.6,55840.3,55808.4
2026-06-11 05:20:00,55884.8,64211.6,55949.1,55854.6
2026-06-11 05:25:00,55953.2,64290.3,55951.8,55953.9
2026-06-11 05:30:00,56081.4,64437.5,56062.8,56090.1
2026-06-11 05:35:00,56236.2,64615.4,56227.5,56240.3
2026-06-11 05:40:00,56309.5,64699.7,56289.5,56319.0
2026-06-11 05:45:00,56422.2,64829.1,56383.8,56440.1
2026-06-11 05:50:00,56548.5,64974.2,56487.5,56577.1
2026-06-11 05:55:00,56694.8,65142.3,56724.9,56680.7
2026-06-11 06:00:00,56897.5,65375.3,56920.0,56887.0
2026-06-11 06:05:00,57254.5,65785.4,57236.2,57263.1
2026-06-11 06:10:00,57478.0,66042.2,57420.9,57504.8
2026-06-11 06:15:00,57728.6,66330.1,57712.0,57736.4
2026-06-11 06:20:00,57928.8,66560.2,57884.1,57949.8
2026-06-11 06:25:00,58089.7,66745.1,58078.1,58095.2
2026-06-11 06:30:00,58232.8,66909.5,58233.3,58232.6
2026-06-11 06:35:00,58445.9,67154.4,58467.3,58435.9
2026-06-11 06:40:00,58588.4,67318.1,58603.2,58581.5
2026-06-11 06:45:00,58769.0,67525.6,58722.2,58790.9
2026-06-11 06:50:00,58967.0,67753.1,58928.2,58985.2
2026-06-11 06:55:00,59157.5,67972.0,59174.2,59149.7
2026-06-11 07:00:00,59486.1,68349.6,59514.8,59472.7
2026-06-11 07:05:00,59973.2,68909.2,59985.3,59967.5
2026-06-11 07:10:00,60287.8,69270.6,60243.3,60308.6
2026-06-11 07:15:00,60591.7,69619.8,60590.8,60592.1
2026-06-11 07:20:00,60788.1,69845.6,60845.5,60761.3
2026-06-11 07:25:00,60961.4,70044.7,61002.7,60942.1
2026-06-11 07:30:00,61111.6,70217.2,61148.7,61094.2
2026-06-11 07:35:00,61340.9,70480.7,61337.0,61342.7
2026-06-11 07:40:00,61510.5,70675.5,61547.4,61493.2
2026-06-11 07:45:00,61675.7,70865.4,61644.8,61690.2
2026-06-11 07:50:00,61814.6,71025.0,61827.8,61808.5
2026-06-11 07:55:00,61966.8,71199.9,61976.0,61962.5
2026-06-11 08:00:00,62346.5,71636.1,62338.7,62350.2
2026-06-11 08:05:00,62945.9,72324.9,62909.8,62962.9
2026-06-11 08:10:00,63329.2,72765.2,63335.2,63326.3
2026-06-11 08:15:00,63663.5,73149.3,63599.5,63693.4
2026-06-11 08:20:00,63943.6,73471.2,63953.2,63939.1
2026-06-11 08:25:00,64270.7,73847.0,64233.6,64288.1
2026-06-11 08:30:00,64549.4,74167.3,64587.0,64531.8
2026-06-11 08:35:00,64814.9,74472.4,64814.4,64815.2
2026-06-11 08:40:00,64996.3,74680.8,65015.8,64987.2
2026-06-11 08:45:00,65208.0,74923.9,65167.8,65226.8
2026-06-11 08:50:00,65309.9,75041.1,65356.5,65288.1
2026-06-11 08:55:00,65397.5,75141.7,65436.7,65379.2
2026-06-11 09:00:00,65316.9,75049.1,65311.4,65319.4
2026-06-11 09:05:00,65373.9,75114.7,65386.5,65368.1
2026-06-11 09:10:00,65476.8,75232.8,65468.9,65480.5
2026-06-11 09:15:00,65586.4,75358.8,65597.1,65581.4
2026-06-11 09:20:00,65670.3,75455.2,65672.3,65669.3
2026-06-11 09:25:00,65750.1,75546.9,65753.3,65748.6
2026-06-11 09:30:00,65774.4,75574.8,65770.6,65776.2
2026-06-11 09:35:00,65795.0,75598.5,65783.2,65800.6
2026-06-11 09:40:00,65762.6,75561.2,65751.2,65767.9
2026-06-11 09:45:00,65749.3,75545.9,65732.6,65757.1
2026-06-11 09:50:00,65718.5,75510.5,65744.0,65706.5
2026-06-11 09:55:00,65633.2,75412.6,65708.5,65598.0
2026-06-11 10:00:00,65443.6,75194.7,65574.4,65382.4
2026-06-11 10:05:00,65389.9,75132.9,65497.4,65339.5
2026-06-11 10:10:00,65417.9,75165.2,65435.0,65409.9
2026-06-11 10:15:00,65557.0,75324.9,65541.8,65564.0
2026-06-11 10:20:00,65645.6,75426.8,65628.8,65653.4
2026-06-11 10:25:00,65636.5,75416.3,65714.9,65599.8
2026-06-11 10:30:00,65556.4,75324.3,65620.3,65526.5
2026-06-11 10:35:00,65556.0,75323.8,65549.9,65558.8
2026-06-11 10:40:00,65542.0,75307.8,65529.5,65547.9
2026-06-11 10:45:00,65464.3,75218.5,65540.0,65428.9
2026-06-11 10:50:00,65401.4,75146.2,65416.8,65394.2
2026-06-11 10:55:00,65295.9,75025.0,65306.6,65290.9
2026-06-11 11:00:00,65156.6,74864.9,65165.7,65152.3
2026-06-11 11:05:00,65026.9,74715.9,65114.0,64986.1
2026-06-11 11:10:00,64918.2,74591.0,64929.9,64912.7
2026-06-11 11:15:00,64808.4,74464.8,64840.6,64793.3
2026-06-11 11:20:00,64711.8,74353.9,64727.2,64704.6
2026-06-11 11:25:00,64618.3,74246.4,64622.1,64616.5
2026-06-11 11:30:00,64467.8,74073.5,64425.3,64487.7
2026-06-11 11:35:00,64326.0,73910.5,64347.2,64316.0
2026-06-11 11:40:00,64166.3,73727.1,64108.1,64193.6
2026-06-11 11:45:00,64028.5,73568.8,64014.4,64035.1
2026-06-11 11:50:00,63809.7,73317.4,63680.9,63870.1
2026-06-11 11:55:00,63449.7,72903.7,63473.7,63438.5
2026-06-11 12:00:00,63079.8,72478.7,63035.8,63100.5
2026-06-11 12:05:00,63243.0,72666.2,63182.2,63271.4
2026-06-11 12:10:00,63349.9,72789.0,63295.8,63375.2
2026-06-11 12:15:00,63442.5,72895.4,63389.8,63467.2
2026-06-11 12:20:00,63512.1,72975.4,63474.6,63529.7
2026-06-11 12:25:00,63447.7,72901.4,63460.9,63441.5
2026-06-11 12:30:00,63344.9,72783.2,63331.2,63351.2
2026-06-11 12:35:00,63372.6,72815.1,63371.3,63373.2
2026-06-11 12:40:00,63457.8,72913.0,63437.1,63467.6
2026-06-11 12:45:00,63525.7,72991.0,63537.1,63520.4
2026-06-11 12:50:00,63705.5,73197.6,63737.9,63690.4
2026-06-11 12:55:00,63912.5,73435.4,63973.5,63883.9
2026-06-11 13:00:00,64405.2,74001.5,64311.2,64449.1
2026-06-11 13:05:00,64860.5,74524.7,64778.0,64899.1
2026-06-11 13:10:00,65190.8,74904.3,65207.9,65182.8
2026-06-11 13:15:00,65389.4,75132.4,65406.1,65381.5
2026-06-11 13:20:00,65552.8,75320.2,65554.0,65552.3
2026-06-11 13:25:00,65800.4,75604.6,65810.0,65795.9
2026-06-11 13:30:00,66026.1,75864.0,65986.4,66044.7
2026-06-11 13:35:00,66317.2,76198.5,66295.0,66327.6
2026-06-11 13:40:00,66481.8,76387.5,66438.0,66502.2
2026-06-11 13:45:00,66640.5,76570.0,66628.8,66646.0
2026-06-11 13:50:00,66724.4,76666.3,66763.8,66706.0
2026-06-11 13:55:00,66802.1,76755.7,66777.6,66813.6
2026-06-11 14:00:00,66894.4,76861.7,66852.9,66913.8
2026-06-11 14:05:00,66953.1,76929.1,66953.1,66953.0
2026-06-11 14:10:00,67027.3,77014.4,67087.8,66999.0
2026-06-11 14:15:00,67090.7,77087.2,67075.6,67097.7
2026-06-11 14:20:00,67111.5,77111.2,67189.7,67074.9
2026-06-11 14:25:00,67129.5,77131.8,67182.1,67104.9
2026-06-11 14:30:00,67116.5,77116.9,67159.0,67096.7
2026-06-11 14:35:00,67096.7,77094.1,67144.8,67074.2
2026-06-11 14:40:00,67042.2,77031.4,67146.0,66993.5
2026-06-11 14:45:00,66995.4,76977.8,67020.6,66983.6
2026-06-11 14:50:00,66982.1,76962.4,66999.0,66974.2
2026-06-11 14:55:00,66906.1,76875.1,66972.6,66874.9
2026-06-11 15:00:00,66808.6,76763.1,66841.1,66793.4
2026-06-11 15:05:00,66702.4,76641.1,66737.9,66685.8
2026-06-11 15:10:00,66761.8,76709.3,66768.0,66759.0
2026-06-11 15:15:00,66891.1,76857.8,66960.4,66858.6
2026-06-11 15:20:00,67037.8,77026.5,67017.5,67047.4
2026-06-11 15:25:00,67126.1,77127.9,67121.5,67128.2
2026-06-11 15:30:00,67159.1,77165.8,67197.1,67141.3
2026-06-11 15:35:00,67169.8,77178.1,67207.6,67152.1
2026-06-11 15:40:00,67196.4,77208.7,67288.8,67153.1
2026-06-11 15:45:00,67215.3,77230.4,67300.8,67175.3
2026-06-11 15:50:00,67225.6,77242.2,67288.3,67196.2
2026-06-11 15:55:00,67263.8,77286.1,67245.0,67272.6
2026-06-11 16:00:00,67195.2,77207.3,67175.4,67204.4
2026-06-11 16:05:00,67033.4,77021.4,67110.2,66997.5
2026-06-11 16:10:00,67090.8,77087.3,67068.6,67101.2
2026-06-11 16:15:00,67152.3,77158.0,67214.8,67123.0
2026-06-11 16:20:00,67198.8,77211.4,67202.2,67197.2
2026-06-11 16:25:00,67232.9,77250.6,67287.4,67207.4
2026-06-11 16:30:00,67254.9,77275.9,67264.9,67250.2
2026-06-11 16:35:00,67264.1,77286.4,67265.7,67263.3
2026-06-11 16:40:00,67254.9,77275.9,67255.7,67254.5
2026-06-11 16:45:00,67246.9,77266.7,67260.8,67240.4
2026-06-11 16:50:00,67212.6,77227.3,67220.8,67208.7
2026-06-11 16:55:00,67194.5,77206.5,67195.0,67194.3
2026-06-11 17:00:00,67075.5,77069.8,67109.0,67059.8
2026-06-11 17:05:00,66882.5,76848.0,66975.4,66839.0
2026-06-11 17:10:00,66972.9,76951.8,66935.4,66990.4
2026-06-11 17:15:00,67028.7,77016.0,67061.2,67013.5
2026-06-11 17:20:00,67079.9,77074.8,67037.7,67099.7
2026-06-11 17:25:00,67111.5,77111.1,67149.2,67093.8
2026-06-11 17:30:00,67150.3,77155.7,67135.1,67157.4
2026-06-11 17:35:00,67168.0,77176.0,67153.7,67174.7
2026-06-11 17:40:00,67185.1,77195.7,67226.2,67165.9
2026-06-11 17:45:00,67187.6,77198.5,67231.3,67167.1
2026-06-11 17:50:00,67097.3,77094.9,67202.6,67048.1
2026-06-11 17:55:00,67005.8,76989.7,67086.9,66967.8
2026-06-11 18:00:00,66971.0,76949.6,66968.1,66972.3
2026-06-11 18:05:00,66834.3,76792.6,66922.2,66793.1
2026-06-11 18:10:00,66839.8,76799.0,66854.1,66833.2
2026-06-11 18:15:00,66859.9,76822.0,66887.0,66847.2
2026-06-11 18:20:00,66884.8,76850.6,66966.8,66846.3
2026-06-11 18:25:00,66960.0,76937.1,66975.9,66952.6
2026-06-11 18:30:00,66996.9,76979.4,67075.8,66959.9
2026-06-11 18:35:00,67037.5,77026.1,67047.2,67033.0
2026-06-11 18:40:00,67023.7,77010.2,67032.3,67019.6
2026-06-11 18:45:00,67025.8,77012.7,67036.5,67020.8
2026-06-11 18:50:00,66981.9,76962.2,67017.7,66965.2
2026-06-11 18:55:00,66892.8,76859.8,66966.0,66858.5
2026-06-11 19:00:00,66848.7,76809.2,66814.2,66864.9
2026-06-11 19:05:00,66756.1,76702.7,66808.3,66731.6
2026-06-11 19:10:00,66717.1,76657.9,66776.6,66689.2
2026-06-11 19:15:00,66686.3,76622.5,66666.8,66695.4
2026-06-11 19:20:00,66683.5,76619.3,66665.7,66691.8
2026-06-11 19:25:00,66676.3,76611.1,66655.8,66685.9
2026-06-11 19:30:00,66666.2,76599.4,66648.1,66674.6
2026-06-11 19:35:00,66627.9,76555.4,66660.7,66612.5
2026-06-11 19:40:00,66593.8,76516.3,66545.5,66616.4
2026-06-11 19:45:00,66606.5,76530.9,66551.3,66632.4
2026-06-11 19:50:00,66577.4,76497.4,66532.4,66598.4
2026-06-11 19:55:00,66568.2,76486.8,66527.7,66587.1
2026-06-11 20:00:00,66507.0,76416.6,66468.3,66525.2
2026-06-11 20:05:00,66404.3,76298.5,66370.8,66419.9
2026-06-11 20:10:00,66354.9,76241.8,66329.0,66367.0
2026-06-11 20:15:00,66355.6,76242.5,66321.4,66371.6
2026-06-11 20:20:00,66341.3,76226.1,66317.7,66352.3
2026-06-11 20:25:00,66268.2,76142.1,66293.5,66256.3
2026-06-11 20:30:00,66207.7,76072.6,66157.8,66231.0
2026-06-11 20:35:00,66141.1,75996.1,66087.0,66166.4
2026-06-11 20:40:00,66069.4,75913.8,66080.7,66064.2
2026-06-11 20:45:00,66043.3,75883.8,65996.3,66065.4
2026-06-11 20:50:00,65981.0,75812.1,65971.2,65985.5
2026-06-11 20:55:00,65868.7,75683.1,65846.4,65879.1
2026-06-11 21:00:00,65607.1,75382.5,65622.0,65600.1
2026-06-11 21:05:00,65357.9,75096.2,65384.5,65345.4
2026-06-11 21:10:00,65186.9,74899.8,65210.0,65176.1
2026-06-11 21:15:00,65004.6,74690.3,64985.5,65013.5
2026-06-11 21:20:00,64826.3,74485.4,64803.3,64837.1
2026-06-11 21:25:00,64645.5,74277.7,64620.5,64657.2
2026-06-11 21:30:00,64472.5,74078.9,64444.0,64485.9
2026-06-11 21:35:00,64340.7,73927.4,64364.3,64329.6
2026-06-11 21:40:00,64185.5,73749.2,64159.7,64197.6
2026-06-11 21:45:00,64015.5,73553.8,64067.8,63991.0
2026-06-11 21:50:00,63868.6,73385.0,63879.4,63863.5
2026-06-11 21:55:00,63697.9,73188.9,63725.3,63685.1
2026-06-11 22:00:00,63487.6,72947.3,63529.6,63468.0
2026-06-11 22:05:00,63517.9,72982.1,63485.4,63533.1
2026-06-11 22:10:00,63423.6,72873.7,63471.1,63401.4
2026-06-11 22:15:00,63290.6,72720.9,63335.8,63269.4
2026-06-11 22:20:00,63163.0,72574.2,63139.7,63173.8
2026-06-11 22:25:00,63058.8,72454.6,63041.0,63067.1
2026-06-11 22:30:00,62910.0,72283.6,62884.6,62922.0
2026-06-11 22:35:00,62783.6,72138.4,62756.4,62796.4
2026-06-11 22:40:00,62685.2,72025.3,62665.4,62694.5
2026-06-11 22:45:00,62575.3,71899.0,62562.2,62581.5
2026-06-11 22:50:00,62475.4,71784.2,62450.7,62487.0
2026-06-11 22:55:00,62340.7,71629.5,62292.2,62363.5
2026-06-11 23:00:00,62379.4,71673.9,62380.5,62378.9
2026-06-11 23:05:00,62822.1,72182.6,62765.9,62848.5
2026-06-11 23:10:00,62838.6,72201.5,62852.0,62832.3
2026-06-11 23:15:00,62641.3,71974.9,62669.6,62628.1
2026-06-11 23:20:00,62416.2,71716.3,62391.6,62427.8
2026-06-11 23:25:00,62175.4,71439.6,62163.6,62181.0
2026-06-11 23:30:00,61810.3,71020.0,61787.1,61821.1
2026-06-11 23:35:00,61427.8,70580.6,61385.2,61447.8
2026-06-11 23:40:00,61041.0,70136.2,61004.5,61058.2
2026-06-11 23:45:00,60667.6,69707.1,60618.1,60690.9
2026-06-11 23:50:00,60333.8,69323.5,60344.0,60329.0
2026-06-11 23:55:00,59847.0,68764.2,59866.6,59837.8
2026-06-12 00:00:00,59240.1,68066.8,59265.8,59228.0
2026-06-12 00:05:00,59029.2,67824.6,59030.5,59028.6
2026-06-12 00:10:00,58724.7,67474.7,58724.0,58725.1
2026-06-12 00:15:00,58419.8,67124.4,58430.4,58414.9
2026-06-12 00:20:00,58183.6,66853.0,58170.9,58189.6
2026-06-12 00:25:00,57924.4,66555.1,57902.1,57934.8
2026-06-12 00:30:00,57746.0,66350.2,57666.7,57783.2
2026-06-12 00:35:00,57524.5,66095.6,57465.7,57552.0
2026-06-12 00:40:00,57228.1,65755.1,57278.6,57204.5
2026-06-12 00:45:00,56993.4,65485.4,57036.4,56973.3
2026-06-12 00:50:00,56776.4,65236.1,56757.2,56785.4
2026-06-12 00:55:00,56633.3,65071.7,56590.8,56653.3
2026-06-12 01:00:00,56547.2,64972.7,56460.7,56587.7
2026-06-12 01:05:00,56498.1,64916.3,56526.2,56484.9
2026-06-12 01:10:00,56378.2,64778.6,56388.7,56373.3
2026-06-12 01:15:00,56284.4,64670.8,56269.0,56291.6
2026-06-12 01:20:00,56217.8,64594.3,56187.7,56231.9
2026-06-12 01:25:00,56150.0,64516.4,56094.9,56175.9
2026-06-12 01:30:00,56076.7,64432.2,56110.3,56061.0
2026-06-12 01:35:00,56059.6,64412.4,56031.0,56073.0
2026-06-12 01:40:00,56051.9,64403.7,56015.2,56069.1
2026-06-12 01:45:00,55970.8,64310.5,56022.0,55946.9
2026-06-12 01:50:00,55895.6,64224.0,55879.3,55903.2
2026-06-12 01:55:00,55839.8,64159.9,55817.0,55850.4
2026-06-12 02:00:00,55815.3,64131.7,55782.1,55830.8
2026-06-12 02:05:00,55797.2,64111.0,55855.6,55769.9
2026-06-12 02:10:00,55748.4,64054.9,55819.6,55715.0
2026-06-12 02:15:00,55696.0,63994.7,55697.0,55695.5
2026-06-12 02:20:00,55634.1,63923.6,55691.4,55607.2
2026-06-12 02:25:00,55598.6,63882.8,55581.4,55606.6
2026-06-12 02:30:00,55524.0,63797.0,55569.9,55502.4
2026-06-12 02:35:00,55498.9,63768.2,55478.5,55508.5
2026-06-12 02:40:00,55486.9,63754.5,55463.1,55498.1
2026-06-12 02:45:00,55490.5,63758.6,55474.1,55498.2
2026-06-12 02:50:00,55463.9,63728.0,55475.9,55458.2
2026-06-12 02:55:00,55389.7,63642.8,55461.6,55356.1
2026-06-12 03:00:00,55317.2,63559.5,55339.4,55306.9
2026-06-12 03:05:00,55266.4,63501.1,55291.9,55254.5
2026-06-12 03:10:00,55252.7,63485.4,55274.2,55242.7
2026-06-12 03:15:00,55246.6,63478.4,55242.9,55248.3
2026-06-12 03:20:00,55187.8,63410.7,55250.2,55158.5
2026-06-12 03:25:00,55155.4,63373.5,55137.5,55163.7
2026-06-12 03:30:00,55109.1,63320.4,55129.1,55099.8
2026-06-12 03:35:00,55047.1,63249.1,55056.3,55042.7
2026-06-12 03:40:00,55051.8,63254.5,55036.6,55058.9
2026-06-12 03:45:00,55032.3,63232.1,55042.2,55027.6
2026-06-12 03:50:00,55050.8,63253.4,55037.4,55057.1
2026-06-12 03:55:00,55053.3,63256.2,55051.2,55054.3
2026-06-12 04:00:00,55096.5,63305.9,55102.5,55093.7
2026-06-12 04:05:00,55137.0,63352.4,55130.0,55140.2
2026-06-12 04:10:00,55205.3,63430.8,55189.0,55212.9
2026-06-12 04:15:00,55206.8,63432.6,55181.8,55218.5
2026-06-12 04:20:00,55204.4,63429.9,55184.0,55213.9
2026-06-12 04:25:00,55209.4,63435.6,55190.5,55218.3
2026-06-12 04:30:00,55218.1,63445.6,55188.4,55232.0
2026-06-12 04:35:00,55255.1,63488.1,55227.0,55268.3
2026-06-12 04:40:00,55333.5,63578.2,55347.2,55327.1
2026-06-12 04:45:00,55379.2,63630.7,55345.4,55395.0
2026-06-12 04:50:00,55461.6,63725.4,55432.4,55475.3
2026-06-12 04:55:00,55494.2,63762.8,55544.5,55470.6
2026-06-12 05:00:00,55614.0,63900.5,55644.4,55599.8
2026-06-12 05:05:00,55794.7,64108.1,55816.5,55784.5
2026-06-12 05:10:00,55826.7,64144.8,55865.9,55808.3
2026-06-12 05:15:00,55884.9,64211.8,55953.5,55852.8
2026-06-12 05:20:00,55951.3,64288.0,55947.1,55953.2
2026-06-12 05:25:00,56088.1,64445.3,56072.9,56095.3
2026-06-12 05:30:00,56180.5,64551.3,56171.2,56184.8
2026-06-12 05:35:00,56356.8,64753.9,56338.1,56365.5
2026-06-12 05:40:00,56447.7,64858.4,56473.3,56435.7
2026-06-12 05:45:00,56582.7,65013.5,56596.2,56576.4
2026-06-12 05:50:00,56746.4,65201.6,56722.5,56757.5
2026-06-12 05:55:00,56872.0,65346.0,56893.4,56862.0
2026-06-12 06:00:00,57100.2,65608.1,57099.4,57100.5
2026-06-12 06:05:00,57469.0,66031.9,57480.0,57463.8
2026-06-12 06:10:00,57738.8,66341.9,57724.5,57745.5
2026-06-12 06:15:00,57957.5,66593.2,57904.3,57982.4
2026-06-12 06:20:00,58114.5,66773.6,58161.3,58092.6
2026-06-12 06:25:00,58298.7,66985.2,58244.2,58324.2
2026-06-12 06:30:00,58438.2,67145.5,58413.3,58449.9
2026-06-12 06:35:00,58637.8,67374.8,58640.4,58636.6
2026-06-12 06:40:00,58795.3,67555.8,58810.6,58788.1
2026-06-12 06:45:00,58998.0,67788.7,58991.2,59001.2
2026-06-12 06:50:00,59152.0,67965.7,59170.8,59143.3
2026-06-12 06:55:00,59294.7,68129.6,59251.6,59314.9
2026-06-12 07:00:00,59601.2,68481.8,59613.1,59595.6
2026-06-12 07:05:00,60086.5,69039.4,60033.2,60111.5
2026-06-12 07:10:00,60396.6,69395.7,60393.2,60398.1
2026-06-12 07:15:00,60670.5,69710.4,60679.0,60666.5
2026-06-12 07:20:00,60856.6,69924.2,60886.0,60842.8
2026-06-12 07:25:00,61049.6,70146.0,61105.6,61023.4
2026-06-12 07:30:00,61194.2,70312.1,61214.8,61184.5
2026-06-12 07:35:00,61403.4,70552.6,61410.8,61400.0
2026-06-12 07:40:00,61559.6,70732.0,61545.1,61566.4
2026-06-12 07:45:00,61722.3,70919.0,61719.9,61723.5
2026-06-12 07:50:00,61862.3,71079.8,61904.0,61842.8
2026-06-12 07:55:00,62010.2,71249.7,61979.0,62024.8
2026-06-12 08:00:00,62397.9,71695.2,62336.8,62426.5
2026-06-12 08:05:00,62987.5,72372.7,62938.6,63010.4
2026-06-12 08:10:00,63356.8,72797.0,63330.5,63369.1
2026-06-12 08:15:00,63749.1,73247.7,63722.7,63761.4
2026-06-12 08:20:00,64066.7,73612.6,64044.7,64077.0
2026-06-12 08:25:00,64389.9,73984.0,64443.1,64364.9
2026-06-12 08:30:00,64677.5,74314.4,64674.5,64678.9
2026-06-12 08:35:00,64948.9,74626.3,65024.6,64913.5
2026-06-12 08:40:00,65102.3,74802.6,65190.4,65061.1
2026-06-12 08:45:00,65275.1,75001.1,65240.5,65291.3
2026-06-12 08:50:00,65403.1,75148.1,65438.9,65386.3
2026-06-12 08:55:00,65485.9,75243.3,65497.9,65480.3
2026-06-12 09:00:00,65442.2,75193.1,65420.1,65452.6
2026-06-12 09:05:00,65505.2,75265.4,65558.9,65480.0
2026-06-12 09:10:00,65601.9,75376.6,65576.2,65613.9
2026-06-12 09:15:00,65685.9,75473.1,65709.3,65674.9
2026-06-12 09:20:00,65754.9,75552.4,65751.8,65756.3
2026-06-12 09:25:00,65832.3,75641.3,65838.0,65829.6
2026-06-12 09:30:00,65795.4,75598.9,65848.5,65770.5
2026-06-12 09:35:00,65782.7,75584.3,65775.6,65786.0
2026-06-12 09:40:00,65744.8,75540.8,65738.4,65747.8
2026-06-12 09:45:00,65679.6,75465.9,65751.9,65645.7
2026-06-12 09:50:00,65614.0,75390.5,65623.5,65609.5
2026-06-12 09:55:00,65491.5,75249.7,65491.8,65491.3
2026-06-12 10:00:00,65287.8,75015.7,65312.5,65276.3
2026-06-12 10:05:00,65301.7,75031.6,65327.3,65289.6
2026-06-12 10:10:00,65347.2,75084.0,65350.7,65345.6
2026-06-12 10:15:00,65469.6,75224.6,65515.4,65448.1
2026-06-12 10:20:00,65507.1,75267.7,65496.6,65512.1
2026-06-12 10:25:00,65471.9,75227.2,65476.2,65469.9
2026-06-12 10:30:00,65401.0,75145.7,65387.4,65407.4
2026-06-12 10:35:00,65349.3,75086.3,65355.8,65346.2
2026-06-12 10:40:00,65292.1,75020.7,65335.0,65272.1
2026-06-12 10:45:00,65268.1,74993.1,65259.7,65272.1
2026-06-12 10:50:00,65244.6,74966.0,65252.9,65240.7
2026-06-12 10:55:00,65151.6,74859.2,65227.3,65116.1
2026-06-12 11:00:00,65004.2,74689.8,65026.3,64993.8
2026-06-12 11:05:00,64912.9,74584.9,64925.0,64907.1
2026-06-12 11:10:00,64821.6,74480.0,64820.3,64822.2
2026-06-12 11:15:00,64729.8,74374.5,64738.6,64725.7
2026-06-12 11:20:00,64614.8,74242.4,64618.6,64613.0
2026-06-12 11:25:00,64530.4,74145.4,64505.0,64542.3
2026-06-12 11:30:00,64360.6,73950.3,64288.5,64394.3
2026-06-12 11:35:00,64195.3,73760.4,64208.8,64189.0
2026-06-12 11:40:00,64044.5,73587.2,63984.9,64072.5
2026-06-12 11:45:00,63878.5,73396.4,63802.7,63914.0
2026-06-12 11:50:00,63673.9,73161.3,63546.2,63733.7
2026-06-12 11:55:00,63386.8,72831.4,63315.0,63420.4
2026-06-12 12:00:00,63017.3,72406.9,62965.4,63041.6
2026-06-12 12:05:00,63074.0,72472.0,63026.1,63096.4
2026-06-12 12:10:00,63185.1,72599.7,63117.7,63216.6
2026-06-12 12:15:00,63247.5,72671.4,63187.1,63275.8
2026-06-12 12:20:00,63268.9,72696.0,63271.7,63267.6
2026-06-12 12:25:00,63270.1,72697.3,63265.3,63272.4
2026-06-12 12:30:00,63180.6,72594.6,63133.0,63203.0
2026-06-12 12:35:00,63183.0,72597.3,63157.5,63194.9
2026-06-12 12:40:00,63214.0,72632.9,63204.1,63218.6
2026-06-12 12:45:00,63262.3,72688.4,63263.8,63261.6
2026-06-12 12:50:00,63413.0,72861.6,63401.7,63418.4
2026-06-12 12:55:00,63558.0,73028.1,63604.1,63536.4
2026-06-12 13:00:00,63898.0,73418.9,63875.0,63908.8
2026-06-12 13:05:00,64254.4,73828.2,64292.1,64236.7
2026-06-12 13:10:00,64510.1,74122.1,64512.6,64508.9
2026-06-12 13:15:00,64691.7,74330.7,64710.4,64682.9
2026-06-12 13:20:00,64858.3,74522.2,64898.0,64839.7
2026-06-12 13:25:00,65009.7,74696.1,65071.1,64980.9
2026-06-12 13:30:00,65177.5,74889.0,65169.4,65181.4
2026-06-12 13:35:00,65374.3,75115.0,65381.7,65370.8
2026-06-12 13:40:00,65554.3,75321.9,65491.8,65583.5
2026-06-12 13:45:00,65751.3,75548.3,65714.9,65768.4
2026-06-12 13:50:00,65871.8,75686.7,65845.6,65884.2
2026-06-12 13:55:00,65916.1,75737.6,65929.2,65909.9
2026-06-12 14:00:00,65961.5,75789.8,66044.8,65922.5
2026-06-12 14:05:00,65980.4,75811.5,66026.2,65958.9
2026-06-12 14:10:00,66028.7,75867.0,66061.3,66013.4
2026-06-12 14:15:00,66116.7,75968.1,66155.0,66098.8
2026-06-12 14:20:00,66147.7,76003.7,66132.0,66155.0
2026-06-12 14:25:00,66250.6,76121.9,66233.2,66258.7
2026-06-12 14:30:00,66337.1,76221.3,66304.2,66352.5
2026-06-12 14:35:00,66370.6,76259.8,66425.3,66345.0
2026-06-12 14:40:00,66429.3,76327.3,66420.5,66433.4
2026-06-12 14:45:00,66420.6,76317.3,66506.4,66380.4
2026-06-12 14:50:00,66416.3,76312.4,66381.5,66432.7
2026-06-12 14:55:00,66402.1,76296.0,66356.8,66423.4
2026-06-12 15:00:00,66337.5,76221.7,66336.7,66337.8
2026-06-12 15:05:00,66264.7,76138.2,66319.4,66239.1
2026-06-12 15:10:00,66375.0,76264.9,66346.4,66388.4
2026-06-12 15:15:00,66532.4,76445.7,66516.0,66540.1
2026-06-12 15:20:00,66678.3,76613.3,66683.4,66675.9
2026-06-12 15:25:00,66818.7,76774.7,66780.9,66836.4
2026-06-12 15:30:00,66867.0,76830.2,66853.2,66873.5
2026-06-12 15:35:00,66898.8,76866.7,66941.6,66878.7
2026-06-12 15:40:00,66977.3,76956.9,66994.5,66969.2
2026-06-12 15:45:00,67022.0,77008.3,67099.1,66985.9
2026-06-12 15:50:00,67040.5,77029.5,67088.2,67018.1
2026-06-12 15:55:00,67027.4,77014.5,67043.2,67020.0
2026-06-12 16:00:00,66974.3,76953.5,66982.5,66970.5
2026-06-12 16:05:00,66799.2,76752.3,66918.6,66743.3
2026-06-12 16:10:00,66834.9,76793.3,66882.3,66812.7
2026-06-12 16:15:00,66857.5,76819.3,66912.4,66831.8
2026-06-12 16:20:00,66870.7,76834.5,66967.6,66825.4
2026-06-12 16:25:00,66879.3,76844.3,66972.5,66835.6
2026-06-12 16:30:00,66928.5,76900.9,66950.6,66918.2
2026-06-12 16:35:00,66938.5,76912.3,66964.0,66926.5
2026-06-12 16:40:00,66929.3,76901.8,66954.2,66917.7
2026-06-12 16:45:00,66931.8,76904.6,66959.3,66918.9
2026-06-12 16:50:00,66900.9,76869.2,66926.8,66888.8
2026-06-12 16:55:00,66884.8,76850.7,66901.0,66877.3
2026-06-12 17:00:00,66795.9,76748.5,66826.2,66781.8
2026-06-12 17:05:00,66598.6,76521.8,66666.4,66566.8
2026-06-12 17:10:00,66638.1,76567.2,66624.0,66644.8
2026-06-12 17:15:00,66688.8,76625.4,66745.0,66662.5
2026-06-12 17:20:00,66727.8,76670.2,66736.9,66723.5
2026-06-12 17:25:00,66733.8,76677.2,66735.8,66732.9
2026-06-12 17:30:00,66724.6,76666.6,66722.2,66725.7
2026-06-12 17:35:00,66738.4,76682.5,66738.8,66738.3
2026-06-12 17:40:00,66730.0,76672.8,66731.2,66729.5
2026-06-12 17:45:00,66742.6,76687.2,66736.3,66745.5
2026-06-12 17:50:00,66752.1,76698.2,66822.1,66719.3
2026-06-12 17:55:00,66733.6,76676.9,66798.1,66703.4
2026-06-12 18:00:00,66692.3,76629.5,66661.0,66707.0
2026-06-12 18:05:00,66623.1,76549.9,66611.4,66628.6
2026-06-12 18:10:00,66653.8,76585.2,66617.0,66671.0
2026-06-12 18:15:00,66703.5,76642.3,66744.3,66684.4
2026-06-12 18:20:00,66741.4,76685.9,66728.9,66747.3
2026-06-12 18:25:00,66758.7,76705.8,66743.3,66766.0
2026-06-12 18:30:00,66794.7,76747.2,66853.0,66767.4
2026-06-12 18:35:00,66843.1,76802.7,66840.3,66844.4
2026-06-12 18:40:00,66827.2,76784.5,66821.1,66830.1
2026-06-12 18:45:00,66826.2,76783.3,66815.4,66831.3
2026-06-12 18:50:00,66791.0,76742.8,66784.0,66794.2
2026-06-12 18:55:00,66769.3,76717.9,66750.6,66778.1
2026-06-12 19:00:00,66704.0,76642.9,66703.6,66704.2
2026-06-12 19:05:00,66638.4,76567.5,66592.9,66659.6
2026-06-12 19:10:00,66640.5,76570.0,66647.1,66637.5
2026-06-12 19:15:00,66645.6,76575.8,66644.3,66646.2
2026-06-12 19:20:00,66642.8,76572.6,66643.1,66642.7
2026-06-12 19:25:00,66635.1,76563.8,66631.6,66636.8
2026-06-12 19:30:00,66598.8,76522.0,66539.2,66626.7
2026-06-12 19:35:00,66604.0,76528.0,66551.3,66628.6
2026-06-12 19:40:00,66603.6,76527.5,66546.6,66630.2
2026-06-12 19:45:00,66605.9,76530.2,66551.4,66631.5
2026-06-12 19:50:00,66567.4,76486.0,66522.6,66588.4
2026-06-12 19:55:00,66554.2,76470.7,66503.6,66577.8
2026-06-12 20:00:00,66437.8,76337.1,66471.7,66422.0
2026-06-12 20:05:00,66339.7,76224.3,66374.0,66323.6
2026-06-12 20:10:00,66290.2,76167.4,66331.5,66270.9
2026-06-12 20:15:00,66246.4,76117.1,66211.0,66263.0
2026-06-12 20:20:00,66181.5,76042.5,66190.3,66177.3
2026-06-12 20:25:00,66143.2,75998.6,66078.0,66173.8
2026-06-12 20:30:00,66050.2,75891.7,66051.2,66049.8
2026-06-12 20:35:00,66043.5,75883.9,65994.9,66066.2
2026-06-12 20:40:00,66009.5,75844.9,65989.3,66018.9
2026-06-12 20:45:00,65912.3,75733.2,65882.0,65926.5
2026-06-12 20:50:00,65787.5,75589.8,65743.0,65808.3
2026-06-12 20:55:00,65665.3,75449.4,65632.7,65680.6
2026-06-12 21:00:00,65416.7,75163.8,65438.7,65406.4
2026-06-12 21:05:00,65161.4,74870.5,65176.3,65154.5
2026-06-12 21:10:00,65020.3,74708.3,64991.7,65033.7
2026-06-12 21:15:00,64839.1,74500.2,64803.9,64855.6
2026-06-12 21:20:00,64647.4,74279.9,64618.8,64660.8
2026-06-12 21:25:00,64471.2,74077.4,64448.3,64481.9
2026-06-12 21:30:00,64348.7,73936.7,64355.4,64345.6
2026-06-12 21:35:00,64198.3,73763.8,64178.6,64207.5
2026-06-12 21:40:00,64058.1,73602.7,64050.6,64061.6
2026-06-12 21:45:00,63869.2,73385.7,63887.2,63860.7
2026-06-12 21:50:00,63700.3,73191.7,63724.7,63688.9
2026-06-12 21:55:00,63534.4,73001.0,63624.9,63492.0
2026-06-12 22:00:00,63297.6,72728.9,63353.8,63271.3
2026-06-12 22:05:00,63372.9,72815.5,63304.9,63404.8
2026-06-12 22:10:00,63307.9,72740.7,63299.7,63311.7
2026-06-12 22:15:00,63171.2,72583.7,63149.0,63181.5
2026-06-12 22:20:00,63083.3,72482.7,63075.8,63086.8
2026-06-12 22:25:00,62941.6,72319.9,62913.8,62954.7
2026-06-12 22:30:00,62790.4,72146.2,62819.2,62776.9
2026-06-12 22:35:00,62685.5,72025.7,62664.5,62695.4
2026-06-12 22:40:00,62568.4,71891.0,62551.7,62576.1
2026-06-12 22:45:00,62397.2,71694.4,62373.2,62408.5
2026-06-12 22:50:00,62249.1,71524.3,62290.0,62230.0
2026-06-12 22:55:00,62108.2,71362.3,62129.7,62098.1
2026-06-12 23:00:00,62170.7,71434.1,62077.2,62214.4
2026-06-12 23:05:00,62576.8,71900.8,62553.3,62587.8
2026-06-12 23:10:00,62607.2,71935.6,62579.6,62620.1
2026-06-12 23:15:00,62431.8,71734.1,62432.9,62431.3
2026-06-12 23:20:00,62174.4,71438.4,62143.7,62188.8
2026-06-12 23:25:00,61918.4,71144.3,61876.6,61938.0
2026-06-12 23:30:00,61612.4,70792.7,61587.5,61624.1
2026-06-12 23:35:00,61261.2,70389.1,61213.2,61283.7
2026-06-12 23:40:00,60893.0,69966.1,60909.0,60885.5
2026-06-12 23:45:00,60525.0,69543.2,60519.0,60527.8
2026-06-12 23:50:00,60146.6,69108.4,60161.8,60139.4
2026-06-12 23:55:00,59703.1,68598.8,59725.8,59692.4
2026-06-13 00:00:00,59143.6,67955.9,59140.3,59145.1
2026-06-13 00:05:00,58878.0,67650.9,58908.8,58863.6
2026-06-13 00:10:00,58588.2,67317.8,58608.1,58578.8
2026-06-13 00:15:00,58287.7,66972.6,58257.3,58302.0
2026-06-13 00:20:00,58051.1,66700.7,57976.0,58086.3
2026-06-13 00:25:00,57803.5,66416.2,57784.6,57812.4
2026-06-13 00:30:00,57540.9,66114.5,57512.1,57554.4
2026-06-13 00:35:00,57300.7,65838.5,57256.4,57321.4
2026-06-13 00:40:00,57039.7,65538.6,57086.7,57017.7
2026-06-13 00:45:00,56782.4,65242.9,56840.4,56755.2
2026-06-13 00:50:00,56598.8,65032.1,56566.2,56614.1
2026-06-13 00:55:00,56450.0,64861.0,56392.9,56476.7
2026-06-13 01:00:00,56327.6,64720.4,56338.7,56322.4
2026-06-13 01:05:00,56175.2,64545.3,56195.8,56165.5
2026-06-13 01:10:00,56034.8,64384.0,56068.1,56019.2
2026-06-13 01:15:00,55888.0,64215.3,55927.0,55869.8
2026-06-13 01:20:00,55726.9,64030.2,55712.3,55733.7
2026-06-13 01:25:00,55632.4,63921.6,55589.3,55652.6
2026-06-13 01:30:00,55570.7,63850.8,55519.7,55594.6
2026-06-13 01:35:00,55432.3,63691.7,55398.8,55448.0
2026-06-13 01:40:00,55306.4,63547.0,55278.2,55319.6
2026-06-13 01:45:00,55197.4,63421.8,55184.9,55203.2
2026-06-13 01:50:00,55077.2,63283.7,55067.4,55081.7
2026-06-13 01:55:00,54981.2,63173.3,54956.4,54992.8
2026-06-13 02:00:00,54858.5,63032.4,54828.2,54872.6
2026-06-13 02:05:00,54792.8,62956.9,54864.2,54759.3
2026-06-13 02:10:00,54701.6,62852.2,54701.9,54701.5
2026-06-13 02:15:00,54628.7,62768.4,54593.3,54645.3
2026-06-13 02:20:00,54582.5,62715.3,54589.5,54579.2
2026-06-13 02:25:00,54461.9,62576.7,54441.0,54471.7
2026-06-13 02:30:00,54373.1,62474.7,54422.8,54349.8
2026-06-13 02:35:00,54320.4,62414.2,54310.9,54324.9
2026-06-13 02:40:00,54259.2,62343.9,54310.8,54235.1
2026-06-13 02:45:00,54206.7,62283.5,54172.2,54222.9
2026-06-13 02:50:00,54186.4,62260.2,54168.8,54194.7
2026-06-13 02:55:00,54097.0,62157.5,54170.6,54062.5
2026-06-13 03:00:00,54046.3,62099.2,54044.9,54046.9
2026-06-13 03:05:00,54074.6,62131.7,54068.0,54077.7
2026-06-13 03:10:00,54057.5,62112.0,54057.4,54057.5
2026-06-13 03:15:00,54058.2,62112.9,54054.0,54060.1
2026-06-13 03:20:00,54054.9,62109.1,54049.5,54057.5
2026-06-13 03:25:00,54044.2,62096.8,54036.8,54047.6
2026-06-13 03:30:00,54036.6,62088.1,54029.5,54040.0
2026-06-13 03:35:00,54053.7,62107.7,54044.7,54057.9
2026-06-13 03:40:00,54039.8,62091.7,54028.6,54045.1
2026-06-13 03:45:00,54032.0,62082.8,54028.7,54033.5
2026-06-13 03:50:00,53930.8,61966.5,54026.2,53886.1
2026-06-13 03:55:00,53865.4,61891.3,53885.4,53856.0
2026-06-13 04:00:00,53830.6,61851.3,53926.3,53785.7
2026-06-13 04:05:00,53809.9,61827.6,53808.9,53810.4
2026-06-13 04:10:00,53800.0,61816.3,53788.2,53805.6
2026-06-13 04:15:00,53801.7,61818.1,53781.2,53811.2
2026-06-13 04:20:00,53795.6,61811.2,53773.0,53806.2
2026-06-13 04:25:00,53801.1,61817.4,53779.2,53811.3
2026-06-13 04:30:00,53796.5,61812.1,53777.1,53805.5
2026-06-13 04:35:00,53820.3,61839.5,53794.4,53832.4
2026-06-13 04:40:00,53796.4,61812.0,53772.2,53807.7
2026-06-13 04:45:00,53795.1,61810.6,53771.5,53806.1
2026-06-13 04:50:00,53787.6,61802.0,53765.1,53798.2
2026-06-13 04:55:00,53790.6,61805.4,53764.9,53802.7
2026-06-13 05:00:00,53805.7,61822.8,53816.6,53800.7
2026-06-13 05:05:00,53851.8,61875.7,53847.1,53854.0
2026-06-13 05:10:00,53823.9,61843.6,53827.5,53822.2
2026-06-13 05:15:00,53821.9,61841.3,53814.1,53825.5
2026-06-13 05:20:00,53817.0,61835.8,53805.7,53822.4
2026-06-13 05:25:00,53817.1,61835.9,53807.3,53821.7
2026-06-13 05:30:00,53815.1,61833.6,53808.5,53818.3
2026-06-13 05:35:00,53850.1,61873.7,53835.8,53856.8
2026-06-13 05:40:00,53817.5,61836.3,53805.1,53823.3
2026-06-13 05:45:00,53817.0,61835.7,53802.9,53823.6
2026-06-13 05:50:00,53812.0,61830.0,53801.8,53816.8
2026-06-13 05:55:00,53807.2,61824.4,53799.0,53811.0
2026-06-13 06:00:00,53837.3,61859.1,53847.1,53832.7
2026-06-13 06:05:00,53918.5,61952.3,53894.3,53929.8
2026-06-13 06:10:00,53975.4,62017.7,53976.2,53975.0
2026-06-13 06:15:00,53965.7,62006.6,53963.6,53966.7
2026-06-13 06:20:00,53946.7,61984.8,53945.2,53947.5
2026-06-13 06:25:00,53947.3,61985.4,53948.2,53946.8
2026-06-13 06:30:00,53935.3,61971.7,53943.4,53931.5
2026-06-13 06:35:00,53957.0,61996.6,53965.5,53953.0
2026-06-13 06:40:00,53923.1,61957.6,53936.6,53916.7
2026-06-13 06:45:00,53924.6,61959.4,53940.8,53917.0
2026-06-13 06:50:00,53915.8,61949.3,53935.1,53906.8
2026-06-13 06:55:00,53910.2,61942.8,53931.4,53900.3
2026-06-13 07:00:00,53957.7,61997.4,53982.7,53946.0
2026-06-13 07:05:00,54035.8,62087.1,54044.6,54031.7
2026-06-13 07:10:00,54010.5,62058.1,54125.5,53956.7
2026-06-13 07:15:00,53960.9,62001.0,53988.6,53947.9
2026-06-13 07:20:00,53918.4,61952.2,53929.2,53913.3
2026-06-13 07:25:00,53909.4,61941.9,53916.5,53906.1
2026-06-13 07:30:00,53874.7,61902.0,53870.6,53876.6
2026-06-13 07:35:00,53818.3,61837.2,53917.0,53772.1
2026-06-13 07:40:00,53727.0,61732.4,53733.6,53724.0
2026-06-13 07:45:00,53730.9,61736.8,53733.4,53729.7
2026-06-13 07:50:00,53731.6,61737.6,53738.2,53728.5
2026-06-13 07:55:00,53716.7,61720.5,53729.3,53710.8
2026-06-13 08:00:00,53745.3,61753.4,53862.0,53690.7
2026-06-13 08:05:00,53898.0,61928.8,53920.2,53887.6
2026-06-13 08:10:00,53991.0,62035.7,54014.2,53980.2
2026-06-13 08:15:00,53994.5,62039.7,54034.1,53976.0
2026-06-13 08:20:00,53967.5,62008.7,53970.0,53966.3
2026-06-13 08:25:00,53974.1,62016.2,53981.1,53970.8
2026-06-13 08:30:00,53928.1,61963.4,53936.2,53924.3
2026-06-13 08:35:00,53950.0,61988.5,53957.4,53946.5
2026-06-13 08:40:00,53894.3,61924.6,53912.8,53885.7
2026-06-13 08:45:00,53897.3,61928.0,53922.1,53885.7
2026-06-13 08:50:00,53870.0,61896.6,53890.8,53860.2
2026-06-13 08:55:00,53782.5,61796.1,53881.4,53736.2
2026-06-13 09:00:00,53728.1,61733.6,53746.7,53719.4
2026-06-13 09:05:00,53791.6,61806.5,53813.1,53781.5
2026-06-13 09:10:00,53815.4,61833.9,53842.0,53802.9
2026-06-13 09:15:00,53829.2,61849.7,53866.7,53811.6
2026-06-13 09:20:00,53806.4,61823.5,53808.6,53805.3
2026-06-13 09:25:00,53809.2,61826.8,53814.9,53806.6
2026-06-13 09:30:00,53771.5,61783.4,53772.1,53771.2
2026-06-13 09:35:00,53790.1,61804.8,53786.9,53791.6
2026-06-13 09:40:00,53758.5,61768.5,53762.1,53756.8
2026-06-13 09:45:00,53761.7,61772.2,53772.1,53756.8
2026-06-13 09:50:00,53758.9,61769.0,53760.9,53758.0
2026-06-13 09:55:00,53750.8,61759.6,53756.3,53748.2
2026-06-13 10:00:00,53751.3,61760.2,53776.7,53739.4
2026-06-13 10:05:00,53861.1,61886.5,53884.6,53850.2
2026-06-13 10:10:00,53916.0,61949.5,54042.6,53856.7
2026-06-13 10:15:00,54046.6,62099.5,54117.2,54013.5
2026-06-13 10:20:00,54141.2,62208.3,54164.3,54130.4
2026-06-13 10:25:00,54120.8,62184.8,54160.7,54102.1
2026-06-13 10:30:00,54071.0,62127.5,54076.8,54068.3
2026-06-13 10:35:00,54088.2,62147.4,54099.5,54083.0
2026-06-13 10:40:00,54067.8,62123.9,54083.6,54060.4
2026-06-13 10:45:00,54070.4,62126.9,54091.8,54060.4
2026-06-13 10:50:00,54060.6,62115.6,54077.6,54052.6
2026-06-13 10:55:00,54051.1,62104.7,54069.0,54042.7
2026-06-13 11:00:00,54022.2,62071.5,54056.6,54006.1
2026-06-13 11:05:00,53942.2,61979.6,54092.1,53872.0
2026-06-13 11:10:00,53896.5,61927.1,53944.7,53873.9
2026-06-13 11:15:00,53899.5,61930.6,53947.2,53877.2
2026-06-13 11:20:00,53877.6,61905.3,53894.3,53869.7
2026-06-13 11:25:00,53792.6,61807.7,53899.2,53742.7
2026-06-13 11:30:00,53727.9,61733.3,53724.9,53729.3
2026-06-13 11:35:00,53744.3,61752.2,53747.5,53742.8
2026-06-13 11:40:00,53719.4,61723.6,53725.4,53716.7
2026-06-13 11:45:00,53717.5,61721.5,53724.0,53714.5
2026-06-13 11:50:00,53673.9,61671.4,53673.2,53674.3
2026-06-13 11:55:00,53489.2,61459.1,53485.9,53490.7
2026-06-13 12:00:00,53384.2,61338.4,53364.8,53393.3
2026-06-13 12:05:00,53453.5,61418.0,53507.8,53428.0
2026-06-13 12:10:00,53439.5,61402.0,53462.7,53428.6
2026-06-13 12:15:00,53437.8,61400.1,53450.4,53432.0
2026-06-13 12:20:00,53456.9,61422.0,53456.5,53457.1
2026-06-13 12:25:00,53462.0,61427.9,53462.9,53461.6
2026-06-13 12:30:00,53432.8,61394.3,53428.5,53434.8
2026-06-13 12:35:00,53464.4,61430.6,53469.5,53462.0
2026-06-13 12:40:00,53499.0,61470.4,53491.3,53502.6
2026-06-13 12:45:00,53506.4,61478.9,53495.6,53511.5
2026-06-13 12:50:00,53513.6,61487.1,53498.0,53520.9
2026-06-13 12:55:00,53556.5,61536.5,53508.6,53579.0
2026-06-13 13:00:00,53767.9,61779.3,53767.9,53767.9
2026-06-13 13:05:00,53876.6,61904.2,53927.5,53852.8
2026-06-13 13:10:00,53902.9,61934.5,54037.4,53839.9
2026-06-13 13:15:00,53966.9,62008.0,54009.8,53946.8
2026-06-13 13:20:00,53951.1,61989.8,53973.6,53940.5
2026-06-13 13:25:00,53963.8,62004.4,53986.6,53953.1
2026-06-13 13:30:00,53956.1,61995.5,53981.3,53944.3
2026-06-13 13:35:00,54046.3,62099.2,54046.9,54046.0
2026-06-13 13:40:00,54166.8,62237.6,54156.6,54171.5
2026-06-13 13:45:00,54204.7,62281.2,54296.9,54161.5
2026-06-13 13:50:00,54265.3,62350.8,54268.7,54263.6
2026-06-13 13:55:00,54239.5,62321.1,54261.4,54229.2
2026-06-13 14:00:00,54249.0,62332.1,54248.9,54249.0
2026-06-13 14:05:00,54278.2,62365.6,54241.7,54295.3
2026-06-13 14:10:00,54292.4,62381.9,54277.1,54299.5
2026-06-13 14:15:00,54295.8,62385.8,54283.5,54301.5
2026-06-13 14:20:00,54288.8,62377.9,54270.4,54297.5
2026-06-13 14:25:00,54296.9,62387.1,54271.0,54309.0
2026-06-13 14:30:00,54288.3,62377.2,54261.4,54300.9
2026-06-13 14:35:00,54292.1,62381.7,54263.2,54305.7
2026-06-13 14:40:00,54289.7,62378.8,54260.3,54303.4
2026-06-13 14:45:00,54292.3,62381.9,54270.0,54302.8
2026-06-13 14:50:00,54285.0,62373.5,54254.0,54299.5
2026-06-13 14:55:00,54277.1,62364.3,54245.8,54291.7
2026-06-13 15:00:00,54280.5,62368.3,54259.2,54290.5
2026-06-13 15:05:00,54275.8,62362.9,54231.0,54296.7
2026-06-13 15:10:00,54339.6,62436.2,54323.6,54347.1
2026-06-13 15:15:00,54478.5,62595.8,54509.7,54463.8
2026-06-13 15:20:00,54599.4,62734.7,54616.6,54591.4
2026-06-13 15:25:00,54673.2,62819.5,54776.4,54624.9
2026-06-13 15:30:00,54740.3,62896.6,54759.0,54731.5
2026-06-13 15:35:00,54861.4,63035.8,54886.5,54849.7
2026-06-13 15:40:00,54907.5,63088.7,55026.6,54851.7
2026-06-13 15:45:00,54999.6,63194.6,55045.6,54978.1
2026-06-13 15:50:00,55045.0,63246.6,55184.3,54979.7
2026-06-13 15:55:00,55128.2,63342.3,55175.6,55106.0
2026-06-13 16:00:00,55170.9,63391.4,55233.0,55141.8
2026-06-13 16:05:00,55211.1,63437.6,55174.0,55228.5
2026-06-13 16:10:00,55271.7,63507.1,55268.6,55273.1
2026-06-13 16:15:00,55410.8,63667.0,55421.9,55405.6
2026-06-13 16:20:00,55508.5,63779.3,55517.9,55504.1
2026-06-13 16:25:00,55633.5,63922.9,55642.6,55629.3
2026-06-13 16:30:00,55682.8,63979.5,55746.2,55653.1
2026-06-13 16:35:00,55726.8,64030.0,55741.4,55719.9
2026-06-13 16:40:00,55819.9,64137.1,55840.4,55810.3
2026-06-13 16:45:00,55857.2,64179.9,55954.6,55811.5
2026-06-13 16:50:00,55945.8,64281.7,55924.6,55955.7
2026-06-13 16:55:00,56002.3,64346.6,56041.0,55984.1
2026-06-13 17:00:00,56010.8,64356.4,56017.3,56007.8
2026-06-13 17:05:00,55964.2,64302.9,55945.4,55973.1
2026-06-13 17:10:00,56055.3,64407.5,56060.2,56053.0
2026-06-13 17:15:00,56168.6,64537.8,56181.9,56162.4
2026-06-13 17:20:00,56291.0,64678.4,56281.0,56295.7
2026-06-13 17:25:00,56367.7,64766.5,56393.6,56355.6
2026-06-13 17:30:00,56410.2,64815.3,56491.5,56372.1
2026-06-13 17:35:00,56463.0,64875.9,56508.6,56441.6
2026-06-13 17:40:00,56513.8,64934.3,56594.2,56476.1
2026-06-13 17:45:00,56573.6,65003.1,56599.3,56561.6
2026-06-13 17:50:00,56615.2,65050.9,56686.4,56581.9
2026-06-13 17:55:00,56673.2,65117.5,56676.6,56671.6
2026-06-13 18:00:00,56710.8,65160.7,56756.4,56689.4
2026-06-13 18:05:00,56729.2,65181.8,56735.6,56726.2
2026-06-13 18:10:00,56863.8,65336.5,56895.4,56849.0
2026-06-13 18:15:00,56985.6,65476.5,56986.3,56985.3
2026-06-13 18:20:00,57024.6,65521.2,57039.2,57017.8
2026-06-13 18:25:00,57074.2,65578.2,57157.8,57035.0
2026-06-13 18:30:00,57141.0,65655.0,57169.0,57127.9
2026-06-13 18:35:00,57151.6,65667.2,57226.5,57116.6
2026-06-13 18:40:00,57228.2,65755.2,57205.8,57238.6
2026-06-13 18:45:00,57264.5,65797.0,57295.0,57250.3
2026-06-13 18:50:00,57319.8,65860.5,57281.8,57337.6
2026-06-13 18:55:00,57345.1,65889.5,57359.3,57338.4
2026-06-13 19:00:00,57414.6,65969.3,57346.4,57446.5
2026-06-13 19:05:00,57411.3,65965.6,57427.0,57404.0
2026-06-13 19:10:00,57436.1,65994.0,57461.4,57424.2
2026-06-13 19:15:00,57433.3,65990.8,57453.9,57423.6
2026-06-13 19:20:00,57457.2,66018.4,57448.9,57461.1
2026-06-13 19:25:00,57521.8,66092.6,57467.4,57547.3
2026-06-13 19:30:00,57553.5,66129.0,57594.9,57534.1
2026-06-13 19:35:00,57599.8,66182.2,57591.0,57603.9
2026-06-13 19:40:00,57624.0,66210.0,57669.4,57602.8
2026-06-13 19:45:00,57620.1,66205.5,57674.2,57594.8
2026-06-13 19:50:00,57620.9,66206.4,57652.6,57606.0
2026-06-13 19:55:00,57606.1,66189.4,57650.8,57585.1
2026-06-13 20:00:00,57597.1,66179.1,57614.1,57589.1
2026-06-13 20:05:00,57590.9,66171.9,57608.8,57582.5
2026-06-13 20:10:00,57630.1,66217.0,57632.0,57629.2
2026-06-13 20:15:00,57664.7,66256.8,57619.1,57686.1
2026-06-13 20:20:00,57690.3,66286.1,57728.9,57672.2
2026-06-13 20:25:00,57674.4,66267.8,57709.6,57657.9
2026-06-13 20:30:00,57649.9,66239.7,57691.2,57630.5
2026-06-13 20:35:00,57640.2,66228.6,57629.5,57645.3
2026-06-13 20:40:00,57633.8,66221.2,57623.6,57638.6
2026-06-13 20:45:00,57636.2,66223.9,57628.4,57639.8
2026-06-13 20:50:00,57616.4,66201.2,57609.2,57619.7
2026-06-13 20:55:00,57574.3,66152.9,57608.6,57558.3
2026-06-13 21:00:00,57484.1,66049.2,57508.8,57472.5
2026-06-13 21:05:00,57385.8,65936.2,57420.2,57369.7
2026-06-13 21:10:00,57326.5,65868.2,57350.3,57315.4
2026-06-13 21:15:00,57237.2,65765.5,57232.9,57239.2
2026-06-13 21:20:00,57128.1,65640.2,57146.4,57119.5
2026-06-13 21:25:00,57035.7,65534.1,57050.2,57029.0
2026-06-13 21:30:00,56934.8,65418.1,56953.3,56926.1
2026-06-13 21:35:00,56847.7,65318.0,56865.9,56839.2
2026-06-13 21:40:00,56754.0,65210.3,56771.4,56745.8
2026-06-13 21:45:00,56662.7,65105.4,56699.7,56645.3
2026-06-13 21:50:00,56545.6,64970.8,56590.6,56524.4
2026-06-13 21:55:00,56460.0,64872.6,56522.1,56430.9
2026-06-13 22:00:00,56360.4,64758.1,56390.9,56346.1
2026-06-13 22:05:00,56376.4,64776.5,56417.2,56357.3
2026-06-13 22:10:00,56361.9,64759.8,56335.3,56374.3
2026-06-13 22:15:00,56253.1,64634.8,56293.2,56234.3
2026-06-13 22:20:00,56158.5,64526.2,56193.9,56142.0
2026-06-13 22:25:00,56048.6,64399.8,56068.6,56039.2
2026-06-13 22:30:00,55938.2,64273.0,55937.4,55938.6
2026-06-13 22:35:00,55799.1,64113.1,55858.9,55771.0
2026-06-13 22:40:00,55688.0,63985.5,55707.5,55678.8
2026-06-13 22:45:00,55605.7,63890.9,55606.4,55605.4
2026-06-13 22:50:00,55564.4,63843.5,55516.0,55587.1
2026-06-13 22:55:00,55446.3,63707.8,55414.4,55461.3
2026-06-13 23:00:00,55417.2,63674.4,55417.4,55417.1
2026-06-13 23:05:00,55604.7,63889.8,55602.7,55605.6
2026-06-13 23:10:00,55635.8,63925.6,55646.2,55631.0
2026-06-13 23:15:00,55514.0,63785.5,55478.4,55530.6
2026-06-13 23:20:00,55369.3,63619.3,55340.1,55383.0
2026-06-13 23:25:00,55236.7,63467.0,55199.3,55254.2
2026-06-13 23:30:00,54978.3,63170.1,55043.0,54948.0
2026-06-13 23:35:00,54747.3,62904.7,54707.5,54766.0
2026-06-13 23:40:00,54595.7,62730.5,54532.0,54625.6
2026-06-13 23:45:00,54353.4,62452.1,54411.9,54326.0
2026-06-13 23:50:00,54170.2,62241.6,54142.3,54183.3
2026-06-13 23:55:00,53893.3,61923.4,53938.4,53872.2
2026-06-14 00:00:00,53666.7,61663.1,53566.5,53713.7
2026-06-14 00:05:00,53425.0,61385.3,53386.4,53443.1
2026-06-14 00:10:00,53202.9,61130.2,53179.6,53213.9
2026-06-14 00:15:00,52940.9,60829.2,52981.5,52922.0
2026-06-14 00:20:00,52661.0,60507.5,52652.0,52665.2
2026-06-14 00:25:00,52481.3,60301.1,52465.2,52488.9
2026-06-14 00:30:00,52325.1,60121.5,52299.0,52337.4
2026-06-14 00:35:00,52089.5,59850.8,52063.5,52101.7
2026-06-14 00:40:00,51910.7,59645.3,51882.4,51923.9
2026-06-14 00:45:00,51684.6,59385.6,51665.7,51693.4
2026-06-14 00:50:00,51515.9,59191.8,51474.2,51535.5
2026-06-14 00:55:00,51322.5,58969.5,51243.0,51359.7
2026-06-14 01:00:00,51302.0,58945.9,51272.0,51316.0
2026-06-14 01:05:00,51212.8,58843.5,51289.1,51177.0
2026-06-14 01:10:00,51080.7,58691.7,51069.0,51086.2
2026-06-14 01:15:00,50956.6,58549.1,51083.0,50897.4
2026-06-14 01:20:00,50821.3,58393.7,50849.0,50808.3
2026-06-14 01:25:00,50710.5,58266.3,50858.0,50641.4
2026-06-14 01:30:00,50630.2,58174.1,50613.6,50638.0
2026-06-14 01:35:00,50665.2,58214.3,50623.3,50684.9
2026-06-14 01:40:00,50659.9,58208.3,50616.0,50680.5
2026-06-14 01:45:00,50654.7,58202.2,50618.6,50671.6
2026-06-14 01:50:00,50658.0,58206.1,50620.3,50675.7
2026-06-14 01:55:00,50644.4,58190.4,50620.5,50655.6
2026-06-14 02:00:00,50636.6,58181.4,50612.6,50647.8
2026-06-14 02:05:00,50662.4,58211.1,50640.4,50672.7
2026-06-14 02:10:00,50647.8,58194.3,50610.3,50665.3
2026-06-14 02:15:00,50658.5,58206.6,50621.4,50675.9
2026-06-14 02:20:00,50626.5,58169.9,50608.8,50634.8
2026-06-14 02:25:00,50631.4,58175.5,50619.3,50637.1
2026-06-14 02:30:00,50630.4,58174.4,50616.8,50636.8
2026-06-14 02:35:00,50636.8,58181.7,50626.3,50641.7
2026-06-14 02:40:00,50632.0,58176.1,50617.1,50638.9
2026-06-14 02:45:00,50633.5,58177.9,50621.7,50639.0
2026-06-14 02:50:00,50633.2,58177.5,50619.6,50639.6
2026-06-14 02:55:00,50632.6,58176.8,50617.5,50639.6
2026-06-14 03:00:00,50639.1,58184.3,50623.5,50646.4
2026-06-14 03:05:00,50661.3,58209.9,50637.7,50672.4
2026-06-14 03:10:00,50657.5,58205.5,50635.4,50667.9
2026-06-14 03:15:00,50657.0,58204.8,50632.2,50668.5
2026-06-14 03:20:00,50655.3,58202.9,50632.7,50665.9
2026-06-14 03:25:00,50661.0,58209.5,50635.9,50672.7
2026-06-14 03:30:00,50657.6,58205.6,50635.6,50667.9
2026-06-14 03:35:00,50673.2,58223.5,50646.4,50685.8
2026-06-14 03:40:00,50659.3,58207.5,50636.2,50670.0
2026-06-14 03:45:00,50660.7,58209.1,50640.6,50670.1
2026-06-14 03:50:00,50659.9,58208.2,50638.6,50669.9
2026-06-14 03:55:00,50659.0,58207.2,50638.2,50668.7
2026-06-14 04:00:00,50685.2,58237.3,50663.4,50695.4
2026-06-14 04:05:00,50708.0,58263.5,50687.0,50717.8
2026-06-14 04:10:00,50701.2,58255.6,50673.1,50714.3
2026-06-14 04:15:00,50699.8,58254.0,50666.4,50715.4
2026-06-14 04:20:00,50696.6,58250.4,50662.2,50712.7
2026-06-14 04:25:00,50702.3,58256.9,50668.3,50718.2
2026-06-14 04:30:00,50699.2,58253.4,50669.2,50713.3
2026-06-14 04:35:00,50717.3,58274.1,50682.0,50733.8
2026-06-14 04:40:00,50699.2,58253.3,50665.1,50715.1
2026-06-14 04:45:00,50697.9,58251.9,50664.4,50713.6
2026-06-14 04:50:00,50691.9,58245.0,50658.4,50707.6
2026-06-14 04:55:00,50691.9,58245.0,50658.6,50707.5
2026-06-14 05:00:00,50699.3,58253.5,50678.7,50708.9
2026-06-14 05:05:00,50737.7,58297.6,50700.4,50755.1
2026-06-14 05:10:00,50713.7,58270.1,50687.7,50725.9
2026-06-14 05:15:00,50711.3,58267.2,50681.1,50725.4
2026-06-14 05:20:00,50706.1,58261.3,50674.7,50720.8
2026-06-14 05:25:00,50706.4,58261.6,50676.3,50720.5
2026-06-14 05:30:00,50706.0,58261.2,50680.5,50718.0
2026-06-14 05:35:00,50735.4,58295.0,50704.1,50750.0
2026-06-14 05:40:00,50708.6,58264.2,50678.6,50722.7
2026-06-14 05:45:00,50708.1,58263.6,50676.4,50723.0
2026-06-14 05:50:00,50704.1,58259.0,50675.8,50717.4
2026-06-14 05:55:00,50703.6,58258.4,50674.4,50717.3
2026-06-14 06:00:00,50717.1,58274.0,50702.0,50724.3
2026-06-14 06:05:00,50780.0,58346.2,50742.0,50797.8
2026-06-14 06:10:00,50722.8,58280.5,50689.2,50738.5
2026-06-14 06:15:00,50717.8,58274.7,50682.6,50734.2
2026-06-14 06:20:00,50702.1,58256.8,50667.5,50718.4
2026-06-14 06:25:00,50702.4,58257.1,50669.0,50718.1
2026-06-14 06:30:00,50690.6,58243.6,50667.2,50701.6
2026-06-14 06:35:00,50706.8,58262.1,50685.6,50716.7
2026-06-14 06:40:00,50678.4,58229.5,50657.2,50688.4
2026-06-14 06:45:00,50679.2,58230.3,50658.8,50688.7
2026-06-14 06:50:00,50670.9,58220.8,50653.5,50679.0
2026-06-14 06:55:00,50670.1,58219.9,50651.2,50678.9
2026-06-14 07:00:00,50679.5,58230.7,50669.9,50683.9
2026-06-14 07:05:00,50744.3,58305.2,50725.6,50753.0
2026-06-14 07:10:00,50700.0,58254.3,50681.2,50708.8
2026-06-14 07:15:00,50701.8,58256.4,50696.0,50704.5
2026-06-14 07:20:00,50662.0,58210.6,50639.8,50672.4
2026-06-14 07:25:00,50653.1,58200.4,50626.7,50665.4
2026-06-14 07:30:00,50617.8,58159.9,50588.2,50631.7
2026-06-14 07:35:00,50650.2,58197.1,50630.8,50659.3
2026-06-14 07:40:00,50612.5,58153.8,50597.6,50619.5
2026-06-14 07:45:00,50617.7,58159.7,50601.7,50625.2
2026-06-14 07:50:00,50617.8,58159.9,50603.4,50624.6
2026-06-14 07:55:00,50616.4,58158.3,50596.3,50625.9
2026-06-14 08:00:00,50697.6,58251.5,50704.6,50694.3
2026-06-14 08:05:00,50759.3,58322.5,50751.0,50763.2
2026-06-14 08:10:00,50734.4,58293.8,50716.0,50743.0
2026-06-14 08:15:00,50739.8,58300.0,50738.7,50740.3
2026-06-14 08:20:00,50715.7,58272.3,50679.7,50732.5
2026-06-14 08:25:00,50720.0,58277.2,50690.4,50733.8
2026-06-14 08:30:00,50673.2,58223.5,50644.9,50686.5
2026-06-14 08:35:00,50689.8,58242.5,50667.7,50700.1
2026-06-14 08:40:00,50642.5,58188.2,50623.7,50651.3
2026-06-14 08:45:00,50645.5,58191.7,50633.0,50651.4
2026-06-14 08:50:00,50619.1,58161.4,50602.1,50627.1
2026-06-14 08:55:00,50615.1,58156.8,50594.5,50624.8
2026-06-14 09:00:00,50638.7,58183.8,50602.3,50655.7
2026-06-14 09:05:00,50688.4,58241.0,50652.6,50705.2
2026-06-14 09:10:00,50709.6,58265.3,50688.4,50719.5
2026-06-14 09:15:00,50716.4,58273.1,50709.6,50719.5
2026-06-14 09:20:00,50700.5,58254.9,50663.8,50717.8
2026-06-14 09:25:00,50701.7,58256.3,50669.7,50716.7
2026-06-14 09:30:00,50667.6,58217.1,50625.9,50687.2
2026-06-14 09:35:00,50687.0,58239.4,50646.3,50706.1
2026-06-14 09:40:00,50657.1,58205.0,50622.0,50673.6
2026-06-14 09:45:00,50660.3,58208.7,50631.9,50673.6
2026-06-14 09:50:00,50654.5,58202.0,50621.2,50670.0
2026-06-14 09:55:00,50655.6,58203.3,50615.2,50674.5
2026-06-14 10:00:00,50654.1,58201.5,50627.9,50666.3
2026-06-14 10:05:00,50755.5,58318.1,50719.1,50772.6
2026-06-14 10:10:00,50766.3,58330.5,50734.4,50781.3
2026-06-14 10:15:00,50784.4,58351.3,50785.6,50783.9
2026-06-14 10:20:00,50748.6,58310.2,50716.4,50763.7
2026-06-14 10:25:00,50728.2,58286.8,50713.1,50735.4
2026-06-14 10:30:00,50671.6,58221.6,50630.9,50690.6
2026-06-14 10:35:00,50690.3,58243.2,50658.2,50705.4
2026-06-14 10:40:00,50669.7,58219.5,50642.0,50682.8
2026-06-14 10:45:00,50672.4,58222.6,50650.2,50682.8
2026-06-14 10:50:00,50665.9,58215.1,50637.4,50679.2
2026-06-14 10:55:00,50666.8,58216.1,50630.5,50683.7
2026-06-14 11:00:00,50648.3,58194.9,50613.3,50664.7
2026-06-14 11:05:00,50657.1,58205.0,50622.9,50673.1
2026-06-14 11:10:00,50657.7,58205.7,50623.9,50673.5
2026-06-14 11:15:00,50658.4,58206.5,50627.1,50673.0
2026-06-14 11:20:00,50645.0,58191.1,50597.9,50667.0
2026-06-14 11:25:00,50655.4,58203.1,50603.0,50680.0
2026-06-14 11:30:00,50641.9,58187.6,50580.2,50670.8
2026-06-14 11:35:00,50659.5,58207.8,50607.4,50683.9
2026-06-14 11:40:00,50634.4,58178.9,50584.4,50657.8
2026-06-14 11:45:00,50632.5,58176.7,50583.0,50655.6
2026-06-14 11:50:00,50623.4,58166.3,50581.4,50643.0
2026-06-14 11:55:00,50625.9,58169.2,50569.0,50652.6
2026-06-14 12:00:00,50606.0,58146.3,50568.6,50623.5
2026-06-14 12:05:00,50683.9,58235.8,50650.5,50699.5
2026-06-14 12:10:00,50686.8,58239.1,50663.8,50697.5
2026-06-14 12:15:00,50682.0,58233.7,50650.0,50697.1
2026-06-14 12:20:00,50685.6,58237.7,50652.5,50701.0
2026-06-14 12:25:00,50687.1,58239.5,50647.7,50705.6
2026-06-14 12:30:00,50673.2,58223.5,50617.9,50699.1
2026-06-14 12:35:00,50690.6,58243.5,50653.4,50708.1
2026-06-14 12:40:00,50713.6,58269.9,50684.9,50727.0
2026-06-14 12:45:00,50721.3,58278.8,50690.2,50735.9
2026-06-14 12:50:00,50727.9,58286.3,50678.0,50751.2
2026-06-14 12:55:00,50733.8,58293.1,50689.1,50754.7
2026-06-14 13:00:00,50836.7,58411.3,50814.5,50847.1
2026-06-14 13:05:00,50911.5,58497.4,51059.4,50842.3
2026-06-14 13:10:00,51009.9,58610.4,51036.9,50997.2
2026-06-14 13:15:00,51043.7,58649.2,51007.8,51060.6
2026-06-14 13:20:00,51033.8,58637.9,50987.3,51055.6
2026-06-14 13:25:00,51046.6,58652.5,51000.6,51068.1
2026-06-14 13:30:00,51039.5,58644.4,50990.3,51062.5
2026-06-14 13:35:00,51052.9,58659.8,51011.9,51072.1
2026-06-14 13:40:00,51025.5,58628.3,50977.4,51048.0
2026-06-14 13:45:00,51020.2,58622.3,50972.0,51042.9
2026-06-14 13:50:00,51009.1,58609.4,50954.5,51034.7
2026-06-14 13:55:00,51015.5,58616.8,50966.9,51038.2
2026-06-14 14:00:00,51027.6,58630.7,50969.0,51055.1
2026-06-14 14:05:00,51003.2,58602.6,50939.9,51032.8
2026-06-14 14:10:00,51024.6,58627.2,50979.4,51045.7
2026-06-14 14:15:00,51018.9,58620.7,50984.3,51035.1
2026-06-14 14:20:00,51014.1,58615.1,50973.2,51033.2
2026-06-14 14:25:00,51024.4,58627.0,50981.1,51044.7
2026-06-14 14:30:00,51015.9,58617.3,50966.6,51039.1
2026-06-14 14:35:00,51020.7,58622.7,50974.7,51042.2
2026-06-14 14:40:00,51020.0,58622.0,50977.5,51039.9
2026-06-14 14:45:00,51021.4,58623.6,50983.4,51039.3
2026-06-14 14:50:00,51019.0,58620.8,50972.6,51040.7
2026-06-14 14:55:00,51013.9,58615.0,50966.1,51036.3
2026-06-14 15:00:00,51078.0,58688.7,51032.5,51099.4
2026-06-14 15:05:00,51128.0,58746.1,51220.7,51084.6
2026-06-14 15:10:00,51317.1,58963.3,51317.1,51317.0
2026-06-14 15:15:00,51410.9,59071.2,51601.0,51321.9
2026-06-14 15:20:00,51547.2,59227.7,51588.7,51527.7
2026-06-14 15:25:00,51799.3,59517.4,51814.8,51792.1
2026-06-14 15:30:00,51986.2,59732.1,52009.4,51975.3
2026-06-14 15:35:00,52215.7,59995.8,52220.4,52213.5
2026-06-14 15:40:00,52431.8,60244.2,52458.3,52419.4
2026-06-14 15:45:00,52654.7,60500.2,52716.0,52626.0
2026-06-14 15:50:00,52816.8,60686.6,52876.5,52788.9
2026-06-14 15:55:00,52896.3,60777.8,53044.2,52827.0
2026-06-14 16:00:00,53027.8,60929.0,53024.6,53029.4
2026-06-14 16:05:00,53192.4,61118.1,53140.6,53216.7
2026-06-14 16:10:00,53438.5,61400.8,53427.7,53443.5
2026-06-14 16:15:00,53661.8,61657.4,53642.0,53671.1
2026-06-14 16:20:00,53804.8,61821.7,53787.2,53813.0
2026-06-14 16:25:00,53939.5,61976.5,53952.4,53933.4
2026-06-14 16:30:00,54113.3,62176.2,54119.2,54110.6
2026-06-14 16:35:00,54227.9,62307.9,54268.4,54208.9
2026-06-14 16:40:00,54397.3,62502.5,54386.7,54402.2
2026-06-14 16:45:00,54585.2,62718.4,54536.0,54608.2
2026-06-14 16:50:00,54675.3,62821.9,54639.2,54692.2
2026-06-14 16:55:00,54850.4,63023.2,54795.1,54876.4
2026-06-14 17:00:00,54957.3,63145.9,55023.3,54926.3
2026-06-14 17:05:00,55014.3,63211.4,54974.9,55032.8
2026-06-14 17:10:00,55205.2,63430.8,55206.4,55204.6
2026-06-14 17:15:00,55322.9,63566.1,55316.9,55325.8
2026-06-14 17:20:00,55418.3,63675.7,55438.9,55408.7
2026-06-14 17:25:00,55534.7,63809.4,55543.8,55530.4
2026-06-14 17:30:00,55668.8,63963.5,55655.4,55675.1
2026-06-14 17:35:00,55797.5,64111.4,55752.3,55818.7
2026-06-14 17:40:00,55885.8,64212.8,55939.2,55860.8
2026-06-14 17:45:00,56000.4,64344.5,55989.6,56005.5
2026-06-14 17:50:00,56111.2,64471.7,56069.5,56130.7
2026-06-14 17:55:00,56190.2,64562.6,56131.0,56218.0
2026-06-14 18:00:00,56299.4,64688.1,56277.0,56309.9
2026-06-14 18:05:00,56354.6,64751.4,56319.6,56370.9
2026-06-14 18:10:00,56393.8,64796.5,56453.2,56365.9
2026-06-14 18:15:00,56489.8,64906.8,56458.3,56504.5
2026-06-14 18:20:00,56591.6,65023.8,56578.9,56597.6
2026-06-14 18:25:00,56715.3,65165.8,56719.6,56713.2
2026-06-14 18:30:00,56818.3,65284.3,56805.0,56824.6
2026-06-14 18:35:00,56929.0,65411.4,56960.4,56914.2
2026-06-14 18:40:00,56988.5,65479.8,57037.5,56965.5
2026-06-14 18:45:00,57037.1,65535.7,57043.4,57034.2
2026-06-14 18:50:00,57076.0,65580.3,57121.2,57054.8
2026-06-14 18:55:00,57125.3,65637.0,57110.9,57132.1
2026-06-14 19:00:00,57134.8,65647.9,57157.4,57124.2
2026-06-14 19:05:00,57138.8,65652.5,57138.9,57138.7
2026-06-14 19:10:00,57147.6,65662.6,57171.3,57136.5
2026-06-14 19:15:00,57201.4,65724.4,57160.6,57220.5
2026-06-14 19:20:00,57233.5,65761.3,57243.0,57229.0
2026-06-14 19:25:00,57233.0,65760.8,57241.8,57229.0
2026-06-14 19:30:00,57241.7,65770.7,57249.3,57238.1
2026-06-14 19:35:00,57297.1,65834.4,57262.3,57313.4
2026-06-14 19:40:00,57335.1,65878.1,57342.9,57331.5
2026-06-14 19:45:00,57341.4,65885.3,57347.7,57338.5
2026-06-14 19:50:00,57325.3,65866.7,57327.5,57324.2
2026-06-14 19:55:00,57330.9,65873.2,57352.4,57320.8
2026-06-14 20:00:00,57334.4,65877.2,57324.3,57339.1
2026-06-14 20:05:00,57307.0,65845.8,57325.5,57298.4
2026-06-14 20:10:00,57343.6,65887.8,57341.8,57344.4
2026-06-14 20:15:00,57327.2,65868.9,57310.9,57334.8
2026-06-14 20:20:00,57312.8,65852.4,57306.8,57315.5
2026-06-14 20:25:00,57311.4,65850.8,57305.3,57314.3
2026-06-14 20:30:00,57292.6,65829.2,57287.7,57294.9
2026-06-14 20:35:00,57307.2,65846.0,57308.6,57306.5
2026-06-14 20:40:00,57302.2,65840.3,57302.5,57302.1
2026-06-14 20:45:00,57304.6,65843.0,57307.3,57303.3
2026-06-14 20:50:00,57289.2,65825.3,57289.5,57289.0
2026-06-14 20:55:00,57287.4,65823.2,57291.1,57285.6
2026-06-14 21:00:00,57175.4,65694.5,57228.6,57150.5
2026-06-14 21:05:00,57074.3,65578.3,57060.9,57080.5
2026-06-14 21:10:00,56991.1,65482.8,56973.5,56999.4
2026-06-14 21:15:00,56869.0,65342.4,56861.3,56872.6
2026-06-14 21:20:00,56793.9,65256.2,56785.7,56797.8
2026-06-14 21:25:00,56702.2,65150.8,56695.7,56705.3
2026-06-14 21:30:00,56590.9,65023.0,56595.8,56588.7
2026-06-14 21:35:00,56510.7,64930.8,56521.1,56505.9
2026-06-14 21:40:00,56409.3,64814.3,56412.1,56408.0
2026-06-14 21:45:00,56328.3,64721.2,56323.7,56330.4
2026-06-14 21:50:00,56231.3,64609.7,56229.1,56232.3
2026-06-14 21:55:00,56132.0,64495.7,56135.0,56130.6
2026-06-14 22:00:00,56041.6,64391.8,56073.0,56026.9
2026-06-14 22:05:00,56070.0,64424.4,56094.4,56058.5
2026-06-14 22:10:00,56043.3,64393.8,56009.1,56059.4
2026-06-14 22:15:00,55915.6,64247.0,55965.0,55892.4
2026-06-14 22:20:00,55775.7,64086.2,55824.5,55752.8
2026-06-14 22:25:00,55630.1,63919.0,55581.4,55653.0
2026-06-14 22:30:00,55499.5,63768.9,55464.4,55515.9
2026-06-14 22:35:00,55414.6,63671.3,55394.4,55424.0
2026-06-14 22:40:00,55297.1,63536.4,55262.7,55313.2
2026-06-14 22:45:00,55196.2,63420.5,55156.7,55214.7
2026-06-14 22:50:00,55061.8,63266.0,55027.6,55077.8
2026-06-14 22:55:00,54917.8,63100.6,54917.1,54918.2
2026-06-14 23:00:00,54877.6,63054.4,54889.7,54871.9
2026-06-14 23:05:00,55027.6,63226.7,54997.3,55041.7
2026-06-14 23:10:00,54952.6,63140.6,54998.2,54931.3
2026-06-14 23:15:00,54752.3,62910.4,54712.2,54771.1
2026-06-14 23:20:00,54589.7,62723.5,54565.7,54600.9
2026-06-14 23:25:00,54289.0,62378.1,54285.1,54290.9
2026-06-14 23:30:00,54007.9,62055.1,53964.4,54028.3
2026-06-14 23:35:00,53731.1,61737.1,53696.7,53747.3
2026-06-14 23:40:00,53546.1,61524.4,53518.8,53558.9
2026-06-14 23:45:00,53287.7,61227.6,53350.2,53258.5
2026-06-14 23:50:00,53027.2,60928.3,52969.1,53054.5
2026-06-14 23:55:00,52762.8,60624.4,52758.1,52765.0
2026-06-15 00:00:00,52422.0,60232.8,52342.8,52459.1
2026-06-15 00:05:00,52250.2,60035.5,52365.9,52196.0
2026-06-15 00:10:00,52082.4,59842.6,52047.6,52098.6
2026-06-15 00:15:00,51906.8,59640.9,51854.5,51931.3
2026-06-15 00:20:00,51648.7,59344.3,51628.6,51658.1
2026-06-15 00:25:00,51489.4,59161.3,51464.0,51501.3
2026-06-15 00:30:00,51298.2,58941.6,51242.8,51324.1
2026-06-15 00:35:00,51160.9,58783.9,51062.9,51206.8
2026-06-15 00:40:00,51130.2,58748.6,51056.9,51164.5
2026-06-15 00:45:00,51068.4,58677.6,51035.7,51083.7
2026-06-15 00:50:00,50936.5,58526.1,51051.9,50882.4
2026-06-15 00:55:00,50801.4,58370.8,50820.6,50792.4
2026-06-15 01:00:00,50637.4,58182.4,50603.9,50653.1
2026-06-15 01:05:00,50671.2,58221.2,50638.1,50686.6
2026-06-15 01:10:00,50684.7,58236.8,50623.1,50713.6
2026-06-15 01:15:00,50685.9,58238.1,50628.4,50712.8
2026-06-15 01:20:00,50676.8,58227.7,50632.8,50697.5
2026-06-15 01:25:00,50679.6,58230.9,50637.8,50699.2
2026-06-15 01:30:00,50661.2,58209.8,50626.5,50677.5
2026-06-15 01:35:00,50671.1,58221.1,50645.9,50682.9
2026-06-15 01:40:00,50658.7,58206.9,50611.1,50681.0
2026-06-15 01:45:00,50666.4,58215.7,50610.3,50692.7
2026-06-15 01:50:00,50674.9,58225.4,50622.6,50699.3
2026-06-15 01:55:00,50644.9,58191.0,50618.8,50657.2
2026-06-15 02:00:00,50627.8,58171.4,50603.5,50639.2
2026-06-15 02:05:00,50666.6,58215.9,50649.8,50674.4
2026-06-15 02:10:00,50651.7,58198.9,50633.6,50660.2
2026-06-15 02:15:00,50650.8,58197.8,50631.7,50659.7
2026-06-15 02:20:00,50648.6,58195.3,50632.9,50656.0
2026-06-15 02:25:00,50650.4,58197.3,50637.4,50656.5
2026-06-15 02:30:00,50646.0,58192.3,50629.3,50653.9
2026-06-15 02:35:00,50656.6,58204.4,50646.0,50661.5
2026-06-15 02:40:00,50650.1,58197.0,50630.2,50659.4
2026-06-15 02:45:00,50651.4,58198.5,50634.1,50659.5
2026-06-15 02:50:00,50651.0,58198.0,50631.1,50660.3
2026-06-15 02:55:00,50645.9,58192.1,50629.3,50653.6
2026-06-15 03:00:00,50659.5,58207.8,50631.4,50672.7
2026-06-15 03:05:00,50700.5,58254.9,50662.8,50718.1
2026-06-15 03:10:00,50692.4,58245.6,50661.9,50706.7
2026-06-15 03:15:00,50693.0,58246.2,50660.0,50708.4
2026-06-15 03:20:00,50691.0,58243.9,50661.8,50704.6
2026-06-15 03:25:00,50695.3,58248.9,50664.6,50709.7
2026-06-15 03:30:00,50688.5,58241.1,50658.6,50702.5
2026-06-15 03:35:00,50710.1,58265.9,50678.3,50725.0
2026-06-15 03:40:00,50692.0,58245.1,50657.7,50708.1
2026-06-15 03:45:00,50693.3,58246.6,50661.5,50708.2
2026-06-15 03:50:00,50692.3,58245.5,50658.5,50708.2
2026-06-15 03:55:00,50691.1,58244.1,50660.7,50705.3
2026-06-15 04:00:00,50745.1,58306.1,50716.8,50758.3
2026-06-15 04:05:00,50789.8,58357.5,50767.8,50800.2
2026-06-15 04:10:00,50774.3,58339.6,50740.9,50789.9
2026-06-15 04:15:00,50774.4,58339.7,50735.1,50792.7
2026-06-15 04:20:00,50770.9,58335.7,50732.2,50789.0
2026-06-15 04:25:00,50775.5,58341.1,50739.4,50792.4
2026-06-15 04:30:00,50768.9,58333.4,50733.9,50785.2
2026-06-15 04:35:00,50797.1,58365.9,50768.3,50810.6
2026-06-15 04:40:00,50768.0,58332.4,50725.2,50788.1
2026-06-15 04:45:00,50767.6,58332.0,50723.9,50788.1
2026-06-15 04:50:00,50762.1,58325.6,50716.5,50783.4
2026-06-15 04:55:00,50762.2,58325.8,50720.7,50781.7
2026-06-15 05:00:00,50847.7,58424.0,50803.4,50868.4
2026-06-15 05:05:00,51001.0,58600.1,51118.6,50945.8
2026-06-15 05:10:00,51153.5,58775.4,51099.7,51178.7
2026-06-15 05:15:00,51349.8,59000.9,51312.8,51367.1
2026-06-15 05:20:00,51572.0,59256.3,51570.3,51572.8
2026-06-15 05:25:00,51804.8,59523.7,51799.3,51807.4
2026-06-15 05:30:00,52012.2,59762.0,52015.7,52010.5
2026-06-15 05:35:00,52328.4,60125.3,52300.9,52341.2
2026-06-15 05:40:00,52497.7,60319.8,52452.2,52519.0
2026-06-15 05:45:00,52725.8,60581.9,52705.2,52735.4
2026-06-15 05:50:00,52915.8,60800.2,52915.2,52916.1
2026-06-15 05:55:00,53156.4,61076.8,53143.7,53162.4
2026-06-15 06:00:00,53475.4,61443.3,53448.6,53488.0
2026-06-15 06:05:00,53915.6,61949.0,53928.0,53909.8
2026-06-15 06:10:00,54266.1,62351.8,54238.3,54279.2
2026-06-15 06:15:00,54550.1,62678.0,54507.2,54570.1
2026-06-15 06:20:00,54799.2,62964.3,54812.8,54792.8
2026-06-15 06:25:00,55066.2,63271.1,55051.7,55073.0
2026-06-15 06:30:00,55348.8,63595.8,55313.7,55365.3
2026-06-15 06:35:00,55690.6,63988.5,55714.7,55679.4
2026-06-15 06:40:00,55918.1,64249.9,55977.5,55890.2
2026-06-15 06:45:00,56170.3,64539.7,56215.7,56149.1
2026-06-15 06:50:00,56449.3,64860.2,56443.7,56451.9
2026-06-15 06:55:00,56753.1,65209.4,56776.7,56742.1
2026-06-15 07:00:00,57178.9,65698.6,57214.5,57162.3
2026-06-15 07:05:00,57731.5,66333.5,57746.4,57724.6
2026-06-15 07:10:00,58089.7,66745.1,58062.2,58102.6
2026-06-15 07:15:00,58427.6,67133.3,58474.7,58405.6
2026-06-15 07:20:00,58755.0,67509.5,58754.8,58755.1
2026-06-15 07:25:00,59056.8,67856.3,59026.6,59071.0
2026-06-15 07:30:00,59286.0,68119.6,59233.5,59310.6
2026-06-15 07:35:00,59669.6,68560.4,59646.3,59680.5
2026-06-15 07:40:00,59973.7,68909.8,59936.2,59991.3
2026-06-15 07:45:00,60323.9,69312.2,60259.7,60354.0
2026-06-15 07:50:00,60586.9,69614.3,60609.4,60576.3
2026-06-15 07:55:00,60886.5,69958.6,60874.6,60892.1
2026-06-15 08:00:00,61347.2,70487.9,61358.2,61342.0
2026-06-15 08:05:00,61968.8,71202.2,62008.0,61950.5
2026-06-15 08:10:00,62381.2,71676.0,62364.4,62389.0
2026-06-15 08:15:00,62790.4,72146.2,62757.9,62805.7
2026-06-15 08:20:00,63080.6,72479.6,63151.2,63047.6
2026-06-15 08:25:00,63425.1,72875.5,63450.6,63413.2
2026-06-15 08:30:00,63732.6,73228.7,63779.6,63710.5
2026-06-15 08:35:00,64058.3,73603.0,64082.3,64047.0
2026-06-15 08:40:00,64356.3,73945.4,64320.9,64372.9
2026-06-15 08:45:00,64643.0,74274.8,64623.9,64652.0
2026-06-15 08:50:00,64824.8,74483.7,64813.4,64830.1
2026-06-15 08:55:00,64979.9,74661.9,64989.3,64975.5
2026-06-15 09:00:00,65063.8,74758.3,65052.9,65068.9
2026-06-15 09:05:00,65253.1,74975.8,65236.4,65260.9
2026-06-15 09:10:00,65402.4,75147.3,65422.5,65393.0
2026-06-15 09:15:00,65531.5,75295.7,65521.3,65536.3
2026-06-15 09:20:00,65675.2,75460.8,65731.5,65648.9
2026-06-15 09:25:00,65816.1,75622.7,65785.9,65830.3
2026-06-15 09:30:00,65848.4,75659.8,65908.8,65820.1
2026-06-15 09:35:00,65927.6,75750.8,65947.4,65918.3
2026-06-15 09:40:00,65921.5,75743.8,65998.6,65885.4
2026-06-15 09:45:00,65909.8,75730.4,65988.1,65873.2
2026-06-15 09:50:00,65840.6,75650.9,65851.4,65835.5
2026-06-15 09:55:00,65764.7,75563.6,65827.3,65735.3
2026-06-15 10:00:00,65646.8,75428.2,65703.9,65620.0
2026-06-15 10:05:00,65621.1,75398.6,65728.1,65571.0
2026-06-15 10:10:00,65639.4,75419.7,65666.4,65626.8
2026-06-15 10:15:00,65790.7,75593.5,65840.9,65767.1
2026-06-15 10:20:00,65825.2,75633.1,65818.2,65828.4
2026-06-15 10:25:00,65810.7,75616.5,65884.6,65776.1
2026-06-15 10:30:00,65705.4,75495.5,65709.1,65703.7
2026-06-15 10:35:00,65654.3,75436.8,65640.6,65660.8
2026-06-15 10:40:00,65647.1,75428.5,65623.9,65658.0
2026-06-15 10:45:00,65593.6,75367.1,65644.3,65569.9
2026-06-15 10:50:00,65531.8,75296.1,65520.3,65537.2
2026-06-15 10:55:00,65438.2,75188.5,65512.4,65403.5
2026-06-15 11:00:00,65252.2,74974.7,65305.9,65227.0
2026-06-15 11:05:00,65131.5,74836.1,65237.7,65081.8
2026-06-15 11:10:00,65059.2,74753.0,65096.6,65041.7
2026-06-15 11:15:00,64963.9,74643.5,65030.3,64932.8
2026-06-15 11:20:00,64821.0,74479.3,64884.0,64791.5
2026-06-15 11:25:00,64728.3,74372.8,64714.9,64734.5
2026-06-15 11:30:00,64576.7,74198.6,64561.1,64584.0
2026-06-15 11:35:00,64437.1,74038.3,64477.2,64418.4
2026-06-15 11:40:00,64279.3,73857.0,64229.3,64302.8
2026-06-15 11:45:00,64126.0,73680.7,64134.6,64121.9
2026-06-15 11:50:00,63912.2,73435.1,63820.3,63955.2
2026-06-15 11:55:00,63641.4,73124.0,63576.7,63671.7
2026-06-15 12:00:00,63275.4,72703.4,63237.8,63293.0
2026-06-15 12:05:00,63418.4,72867.8,63356.5,63447.4
2026-06-15 12:10:00,63545.3,73013.5,63454.1,63588.0
2026-06-15 12:15:00,63623.1,73103.0,63583.3,63641.8
2026-06-15 12:20:00,63664.6,73150.6,63678.5,63658.0
2026-06-15 12:25:00,63718.3,73212.3,63662.5,63744.4
2026-06-15 12:30:00,63639.7,73122.0,63615.7,63650.9
2026-06-15 12:35:00,63644.6,73127.7,63635.4,63648.9
2026-06-15 12:40:00,63740.2,73237.5,63719.4,63750.0
2026-06-15 12:45:00,63829.6,73340.2,63827.6,63830.5
2026-06-15 12:50:00,63975.7,73508.1,63995.3,63966.6
2026-06-15 12:55:00,64205.5,73772.1,64163.0,64225.4
2026-06-15 13:00:00,64644.6,74276.6,64575.9,64676.7
2026-06-15 13:05:00,65043.3,74734.8,64978.7,65073.6
2026-06-15 13:10:00,65350.3,75087.5,65420.7,65317.4
2026-06-15 13:15:00,65485.0,75242.2,65574.1,65443.2
2026-06-15 13:20:00,65699.5,75488.7,65654.8,65720.4
2026-06-15 13:25:00,65927.3,75750.4,65898.2,65940.9
2026-06-15 13:30:00,66112.3,75963.1,66173.9,66083.5
2026-06-15 13:35:00,66349.5,76235.6,66300.6,66372.5
2026-06-15 13:40:00,66514.5,76425.2,66549.6,66498.0
2026-06-15 13:45:00,66644.8,76574.8,66651.1,66641.8
2026-06-15 13:50:00,66733.0,76676.2,66770.4,66715.4
2026-06-15 13:55:00,66828.5,76785.9,66785.1,66848.8
2026-06-15 14:00:00,66887.4,76853.6,66866.4,66897.2
2026-06-15 14:05:00,66956.0,76932.4,66960.1,66954.0
2026-06-15 14:10:00,67020.5,77006.6,67083.6,66991.0
2026-06-15 14:15:00,67088.8,77085.0,67090.6,67088.0
2026-06-15 14:20:00,67112.9,77112.8,67189.5,67077.1
2026-06-15 14:25:00,67142.7,77147.0,67194.1,67118.6
2026-06-15 14:30:00,67123.4,77124.8,67171.0,67101.1
2026-06-15 14:35:00,67103.4,77101.8,67154.8,67079.3
2026-06-15 14:40:00,67103.5,77101.9,67160.4,67076.8
2026-06-15 14:45:00,67093.9,77090.9,67151.5,67066.9
2026-06-15 14:50:00,67028.9,77016.3,67130.3,66981.5
2026-06-15 14:55:00,66975.8,76955.1,66984.4,66971.7
2026-06-15 15:00:00,66842.6,76802.1,66950.3,66792.1
2026-06-15 15:05:00,66707.5,76646.9,66745.9,66689.5
2026-06-15 15:10:00,66767.7,76716.1,66774.7,66764.4
2026-06-15 15:15:00,66887.2,76853.4,66957.1,66854.4
2026-06-15 15:20:00,67038.2,77026.8,67018.9,67047.2
2026-06-15 15:25:00,67123.7,77125.1,67124.6,67123.2
2026-06-15 15:30:00,67159.6,77166.4,67201.3,67140.1
2026-06-15 15:35:00,67168.9,77177.0,67206.9,67151.1
2026-06-15 15:40:00,67197.8,77210.3,67289.7,67154.7
2026-06-15 15:45:00,67216.8,77232.1,67302.1,67176.9
2026-06-15 15:50:00,67218.5,77234.1,67290.0,67185.1
2026-06-15 15:55:00,67211.3,77225.8,67254.2,67191.2
2026-06-15 16:00:00,67133.1,77136.0,67179.6,67111.4
2026-06-15 16:05:00,66951.7,76927.5,67039.6,66910.5
2026-06-15 16:10:00,66946.3,76921.4,66985.4,66928.0
2026-06-15 16:15:00,66967.2,76945.4,67017.3,66943.8
2026-06-15 16:20:00,66991.9,76973.7,67095.7,66943.3
2026-06-15 16:25:00,67061.0,77053.1,67101.6,67042.0
2026-06-15 16:30:00,67083.0,77078.3,67193.7,67031.1
2026-06-15 16:35:00,67091.5,77088.2,67192.4,67044.3
2026-06-15 16:40:00,67084.1,77079.6,67183.5,67037.5
2026-06-15 16:45:00,67076.1,77070.5,67188.6,67023.4
2026-06-15 16:50:00,67043.6,77033.1,67147.7,66994.8
2026-06-15 16:55:00,66991.0,76972.7,67008.7,66982.7
2026-06-15 17:00:00,66906.0,76875.0,66932.4,66893.7
2026-06-15 17:05:00,66688.6,76625.1,66774.2,66648.4
2026-06-15 17:10:00,66723.3,76665.1,66745.1,66713.2
2026-06-15 17:15:00,66744.2,76689.1,66774.0,66730.2
2026-06-15 17:20:00,66774.8,76724.3,66871.8,66729.4
2026-06-15 17:25:00,66838.4,76797.3,66871.7,66822.7
2026-06-15 17:30:00,66825.9,76783.0,66858.1,66810.8
2026-06-15 17:35:00,66842.7,76802.2,66873.5,66828.2
2026-06-15 17:40:00,66835.6,76794.1,66865.6,66821.5
2026-06-15 17:45:00,66832.8,76790.9,66854.5,66822.7
2026-06-15 17:50:00,66807.3,76761.6,66827.1,66798.0
2026-06-15 17:55:00,66788.4,76739.9,66795.9,66784.9
2026-06-15 18:00:00,66771.5,76720.5,66764.0,66775.1
2026-06-15 18:05:00,66633.4,76561.7,66704.2,66600.2
2026-06-15 18:10:00,66654.8,76586.3,66619.9,66671.1
2026-06-15 18:15:00,66702.0,76640.6,66744.4,66682.2
2026-06-15 18:20:00,66739.9,76684.2,66729.5,66744.8
2026-06-15 18:25:00,66755.7,76702.3,66740.0,66763.0
2026-06-15 18:30:00,66808.5,76763.0,66854.5,66787.0
2026-06-15 18:35:00,66850.5,76811.3,66837.4,66856.7
2026-06-15 18:40:00,66867.8,76831.1,66915.5,66845.4
2026-06-15 18:45:00,66859.9,76822.0,66919.7,66831.8
2026-06-15 18:50:00,66825.9,76783.0,66885.7,66797.9
2026-06-15 18:55:00,66773.9,76723.2,66758.3,66781.2
2026-06-15 19:00:00,66751.1,76697.0,66695.1,66777.3
2026-06-15 19:05:00,66661.2,76593.7,66696.0,66644.9
2026-06-15 19:10:00,66632.4,76560.6,66646.8,66625.6
2026-06-15 19:15:00,66604.8,76529.0,66544.6,66633.1
2026-06-15 19:20:00,66611.8,76536.9,66543.1,66644.0
2026-06-15 19:25:00,66604.1,76528.1,66533.2,66637.3
2026-06-15 19:30:00,66594.6,76517.2,66527.5,66626.0
2026-06-15 19:35:00,66602.2,76525.9,66547.5,66627.8
2026-06-15 19:40:00,66604.8,76529.0,66543.2,66633.7
2026-06-15 19:45:00,66607.2,76531.7,66548.0,66634.9
2026-06-15 19:50:00,66568.6,76487.4,66516.6,66593.0
2026-06-15 19:55:00,66557.9,76475.0,66498.0,66585.9
2026-06-15 20:00:00,66436.2,76335.2,66462.2,66424.1
2026-06-15 20:05:00,66339.8,76224.4,66372.1,66324.6
2026-06-15 20:10:00,66292.1,76169.6,66331.9,66273.4
2026-06-15 20:15:00,66244.2,76114.6,66210.8,66259.9
2026-06-15 20:20:00,66179.1,76039.8,66189.1,66174.5
2026-06-15 20:25:00,66140.6,75995.5,66077.7,66170.0
2026-06-15 20:30:00,66046.7,75887.7,66052.1,66044.2
2026-06-15 20:35:00,66038.8,75878.6,65991.4,66061.1
2026-06-15 20:40:00,65944.2,75769.8,65986.2,65924.5
2026-06-15 20:45:00,65910.7,75731.4,65878.8,65925.7
2026-06-15 20:50:00,65788.2,75590.6,65737.2,65812.0
2026-06-15 20:55:00,65665.7,75449.8,65626.1,65684.2
2026-06-15 21:00:00,65407.9,75153.7,65429.7,65397.8
2026-06-15 21:05:00,65159.2,74867.9,65173.1,65152.7
2026-06-15 21:10:00,64972.6,74653.5,64991.4,64963.7
2026-06-15 21:15:00,64813.5,74470.7,64799.4,64820.1
2026-06-15 21:20:00,64647.1,74279.5,64625.0,64657.4
2026-06-15 21:25:00,64467.3,74072.9,64447.7,64476.4
2026-06-15 21:30:00,64343.7,73930.9,64354.6,64338.5
2026-06-15 21:35:00,64193.3,73758.1,64174.3,64202.2
2026-06-15 21:40:00,64055.7,73600.1,64051.2,64057.9
2026-06-15 21:45:00,63865.3,73381.3,63883.0,63857.1
2026-06-15 21:50:00,63698.3,73189.3,63719.2,63688.5
2026-06-15 21:55:00,63512.2,72975.5,63557.7,63490.9
2026-06-15 22:00:00,63268.2,72695.1,63269.1,63267.7
2026-06-15 22:05:00,63370.3,72812.5,63307.3,63399.8
2026-06-15 22:10:00,63310.9,72744.2,63301.8,63315.2
2026-06-15 22:15:00,63167.2,72579.2,63146.7,63176.9
2026-06-15 22:20:00,63080.6,72479.6,63073.4,63083.9
2026-06-15 22:25:00,62939.5,72317.5,62914.5,62951.2
2026-06-15 22:30:00,62758.4,72109.4,62730.7,62771.4
2026-06-15 22:35:00,62641.1,71974.6,62660.0,62632.2
2026-06-15 22:40:00,62472.5,71780.9,62449.4,62483.4
2026-06-15 22:45:00,62321.4,71607.3,62282.4,62339.7
2026-06-15 22:50:00,62163.6,71426.0,62195.6,62148.6
2026-06-15 22:55:00,62006.7,71245.7,61995.1,62012.1
2026-06-15 23:00:00,62062.6,71309.9,62011.4,62086.6
2026-06-15 23:05:00,62458.8,71765.2,62454.8,62460.7
2026-06-15 23:10:00,62429.8,71731.8,62409.0,62439.5
2026-06-15 23:15:00,62258.9,71535.5,62245.8,62265.1
2026-06-15 23:20:00,62013.0,71252.9,61963.4,62036.2
2026-06-15 23:25:00,61810.9,71020.7,61770.8,61829.7
2026-06-15 23:30:00,61428.2,70581.0,61382.2,61449.7
2026-06-15 23:35:00,61050.7,70147.2,61004.3,61072.4
2026-06-15 23:40:00,60717.5,69764.4,60707.9,60722.0
2026-06-15 23:45:00,60390.6,69388.8,60383.0,60394.1
2026-06-15 23:50:00,60065.6,69015.4,60078.6,60059.5
2026-06-15 23:55:00,59662.0,68551.6,59660.3,59662.8
2026-06-16 00:00:00,59013.8,67806.9,59099.0,58973.9
2026-06-16 00:05:00,58782.3,67540.8,58845.6,58752.6
2026-06-16 00:10:00,58482.6,67196.5,58517.7,58466.2
2026-06-16 00:15:00,58230.3,66906.6,58179.1,58254.3
2026-06-16 00:20:00,58022.6,66668.0,58001.9,58032.4
2026-06-16 00:25:00,57809.2,66422.7,57734.0,57844.4
2026-06-16 00:30:00,57564.4,66141.5,57536.1,57577.6
2026-06-16 00:35:00,57353.2,65898.9,57367.7,57346.5
2026-06-16 00:40:00,57130.3,65642.7,57113.2,57138.3
2026-06-16 00:45:00,56903.4,65382.0,56942.5,56885.0
2026-06-16 00:50:00,56705.8,65155.0,56679.5,56718.2
2026-06-16 00:55:00,56555.0,64981.7,56492.7,56584.2
2026-06-16 01:00:00,56454.3,64866.0,56457.5,56452.9
2026-06-16 01:05:00,56358.4,64755.8,56410.8,56333.8
2026-06-16 01:10:00,56246.0,64626.6,56295.4,56222.8
2026-06-16 01:15:00,56153.5,64520.4,56181.0,56140.6
2026-06-16 01:20:00,56074.9,64430.1,56090.0,56067.8
2026-06-16 01:25:00,56027.6,64375.7,55984.5,56047.7
2026-06-16 01:30:00,55978.9,64319.8,55988.5,55974.4
2026-06-16 01:35:00,55920.9,64253.1,55924.6,55919.2
2026-06-16 01:40:00,55825.1,64143.1,55877.8,55800.5
2026-06-16 01:45:00,55732.8,64036.9,55764.7,55717.8
2026-06-16 01:50:00,55679.8,63976.1,55657.2,55690.4
2026-06-16 01:55:00,55622.2,63909.9,55571.2,55646.1
2026-06-16 02:00:00,55583.6,63865.6,55553.7,55597.6
2026-06-16 02:05:00,55574.6,63855.2,55623.0,55552.0
2026-06-16 02:10:00,55541.5,63817.2,55583.8,55521.8
2026-06-16 02:15:00,55492.9,63761.4,55468.6,55504.3
2026-06-16 02:20:00,55483.8,63750.8,55466.7,55491.7
2026-06-16 02:25:00,55410.4,63666.6,55476.6,55379.5
2026-06-16 02:30:00,55361.5,63610.4,55332.2,55375.3
2026-06-16 02:35:00,55280.7,63517.5,55352.8,55247.0
2026-06-16 02:40:00,55234.8,63464.8,55241.4,55231.7
2026-06-16 02:45:00,55174.6,63395.6,55247.0,55140.6
2026-06-16 02:50:00,55134.2,63349.2,55112.3,55144.4
2026-06-16 02:55:00,55129.3,63343.6,55100.5,55142.8
2026-06-16 03:00:00,55030.3,63229.8,55106.1,54994.8
2026-06-16 03:05:00,55041.2,63242.4,55062.1,55031.5
2026-06-16 03:10:00,55027.1,63226.1,55044.4,55019.0
2026-06-16 03:15:00,55026.4,63225.3,55039.7,55020.2
2026-06-16 03:20:00,55048.0,63250.1,55038.6,55052.4
2026-06-16 03:25:00,55012.0,63208.8,55055.7,54991.5
2026-06-16 03:30:00,54989.7,63183.1,55004.4,54982.8
2026-06-16 03:35:00,54948.4,63135.7,55028.4,54910.9
2026-06-16 03:40:00,54894.5,63073.8,54874.3,54903.9
2026-06-16 03:45:00,54899.2,63079.2,54889.1,54904.0
2026-06-16 03:50:00,54909.2,63090.6,54883.0,54921.4
2026-06-16 03:55:00,54907.4,63088.6,54883.6,54918.5
2026-06-16 04:00:00,55012.1,63208.9,54940.5,55045.7
2026-06-16 04:05:00,55172.7,63393.4,55144.6,55185.8
2026-06-16 04:10:00,55237.8,63468.2,55207.0,55252.2
2026-06-16 04:15:00,55273.3,63509.1,55314.9,55253.8
2026-06-16 04:20:00,55326.9,63570.7,55310.5,55334.7
2026-06-16 04:25:00,55340.2,63585.9,55317.8,55350.6
2026-06-16 04:30:00,55330.8,63575.1,55307.1,55341.9
2026-06-16 04:35:00,55364.2,63613.5,55357.7,55367.3
2026-06-16 04:40:00,55382.6,63634.6,55455.6,55348.4
2026-06-16 04:45:00,55488.4,63756.2,55453.8,55504.6
2026-06-16 04:50:00,55582.0,63863.7,55559.8,55592.4
2026-06-16 04:55:00,55620.3,63907.7,55658.7,55602.3
2026-06-16 05:00:00,55741.8,64047.3,55744.7,55740.4
2026-06-16 05:05:00,55917.2,64248.8,55933.2,55909.7
2026-06-16 05:10:00,56001.9,64346.2,56075.0,55967.7
2026-06-16 05:15:00,56096.7,64455.1,56081.3,56103.9
2026-06-16 05:20:00,56194.7,64567.7,56184.0,56199.7
2026-06-16 05:25:00,56313.2,64703.9,56297.7,56320.5
2026-06-16 05:30:00,56418.1,64824.4,56384.5,56433.8
2026-06-16 05:35:00,56564.5,64992.6,56552.1,56570.3
2026-06-16 05:40:00,56705.3,65154.4,56730.3,56693.6
2026-06-16 05:45:00,56827.9,65295.2,56796.3,56842.7
2026-06-16 05:50:00,56965.0,65452.8,56981.7,56957.2
2026-06-16 05:55:00,57122.1,65633.2,57065.8,57148.4
2026-06-16 06:00:00,57362.9,65909.9,57421.7,57335.3
2026-06-16 06:05:00,57808.7,66422.2,57724.8,57848.0
2026-06-16 06:10:00,57963.8,66600.4,58005.6,57944.2
2026-06-16 06:15:00,58199.0,66870.7,58197.5,58199.7
2026-06-16 06:20:00,58377.6,67075.8,58353.6,58388.8
2026-06-16 06:25:00,58537.9,67260.1,58518.3,58547.1
2026-06-16 06:30:00,58712.2,67460.3,58722.4,58707.4
2026-06-16 06:35:00,58971.1,67757.8,58998.1,58958.4
2026-06-16 06:40:00,59165.1,67980.6,59178.5,59158.8
2026-06-16 06:45:00,59344.0,68186.3,59380.6,59326.9
2026-06-16 06:50:00,59575.4,68452.2,59585.9,59570.5
2026-06-16 06:55:00,59754.1,68657.5,59760.4,59751.2
2026-06-16 07:00:00,60104.4,69060.0,60125.9,60094.3
2026-06-16 07:05:00,60649.9,69686.7,60655.8,60647.1
2026-06-16 07:10:00,60983.2,70069.7,60893.4,61025.3
2026-06-16 07:15:00,61277.0,70407.2,61293.3,61269.3
2026-06-16 07:20:00,61448.0,70603.7,61500.8,61423.3
2026-06-16 07:25:00,61679.7,70870.0,61684.1,61677.7
2026-06-16 07:30:00,61831.6,71044.5,61804.7,61844.2
2026-06-16 07:35:00,62086.7,71337.7,62087.7,62086.3
2026-06-16 07:40:00,62190.0,71456.3,62259.2,62157.5
2026-06-16 07:45:00,62345.8,71635.4,62361.8,62338.4
2026-06-16 07:50:00,62544.6,71863.7,62533.4,62549.8
2026-06-16 07:55:00,62691.9,72033.0,62707.5,62684.6
2026-06-16 08:00:00,63097.2,72498.7,63061.0,63114.2
2026-06-16 08:05:00,63656.1,73140.9,63619.5,63673.3
2026-06-16 08:10:00,64078.7,73626.4,64001.8,64114.7
2026-06-16 08:15:00,64430.6,74030.7,64476.0,64409.3
2026-06-16 08:20:00,64730.5,74375.4,64688.7,64750.1
2026-06-16 08:25:00,65026.8,74715.8,65073.1,65005.2
2026-06-16 08:30:00,65294.9,75023.8,65263.1,65309.7
2026-06-16 08:35:00,65585.9,75358.2,65583.1,65587.3
2026-06-16 08:40:00,65777.2,75578.0,65799.0,65767.0
2026-06-16 08:45:00,65943.8,75769.4,65960.3,65936.0
2026-06-16 08:50:00,66108.4,75958.6,66141.3,66093.0
2026-06-16 08:55:00,66235.6,76104.7,66224.4,66240.8
2026-06-16 09:00:00,66195.6,76058.8,66259.3,66165.8
2026-06-16 09:05:00,66263.8,76137.1,66266.3,66262.6
2026-06-16 09:10:00,66411.7,76307.0,66425.4,66405.3
2026-06-16 09:15:00,66518.3,76429.6,66534.7,66510.7
2026-06-16 09:20:00,66561.8,76479.5,66575.8,66555.2
2026-06-16 09:25:00,66624.8,76551.9,66678.8,66599.5
2026-06-16 09:30:00,66596.0,76518.8,66608.6,66590.2
2026-06-16 09:35:00,66616.2,76542.0,66614.6,66617.0
2026-06-16 09:40:00,66551.8,76468.0,66551.4,66552.0
2026-06-16 09:45:00,66561.3,76478.9,66552.2,66565.5
2026-06-16 09:50:00,66522.0,76433.8,66536.8,66515.1
2026-06-16 09:55:00,66462.1,76364.9,66395.9,66493.0
2026-06-16 10:00:00,66369.5,76258.6,66351.5,66378.0
2026-06-16 10:05:00,66423.0,76320.0,66401.4,66433.1
2026-06-16 10:10:00,66496.7,76404.7,66444.9,66520.9
2026-06-16 10:15:00,66716.4,76657.2,66648.4,66748.3
2026-06-16 10:20:00,66783.6,76734.3,66744.7,66801.7
2026-06-16 10:25:00,66851.4,76812.3,66838.9,66857.3
2026-06-16 10:30:00,66801.4,76754.8,66830.9,66787.5
2026-06-16 10:35:00,66806.6,76760.8,66778.9,66819.6
2026-06-16 10:40:00,66793.3,76745.5,66759.6,66809.1
2026-06-16 10:45:00,66796.7,76749.4,66770.1,66809.2
2026-06-16 10:50:00,66768.0,76716.5,66749.9,66776.5
2026-06-16 10:55:00,66692.9,76630.1,66720.4,66679.9
2026-06-16 11:00:00,66557.4,76474.5,66538.1,66566.5
2026-06-16 11:05:00,66459.9,76362.4,66498.3,66441.9
2026-06-16 11:10:00,66466.2,76369.7,66424.0,66486.0
2026-06-16 11:15:00,66472.3,76376.6,66440.7,66487.0
2026-06-16 11:20:00,66443.2,76343.3,66417.1,66455.5
2026-06-16 11:25:00,66389.2,76281.2,66417.4,66375.9
2026-06-16 11:30:00,66314.1,76195.0,66250.5,66343.9
2026-06-16 11:35:00,66246.2,76116.9,66170.1,66281.8
2026-06-16 11:40:00,66153.6,76010.5,66135.5,66162.1
2026-06-16 11:45:00,66115.6,75966.8,66020.9,66159.9
2026-06-16 11:50:00,65884.6,75701.4,65822.9,65913.5
2026-06-16 11:55:00,65596.5,75370.4,65514.4,65635.0
2026-06-16 12:00:00,65146.0,74852.8,65136.3,65150.6
2026-06-16 12:05:00,65072.7,74768.6,65125.5,65048.0
2026-06-16 12:10:00,65033.7,74723.7,65065.4,65018.9
2026-06-16 12:15:00,64915.6,74588.0,64949.7,64899.7
2026-06-16 12:20:00,64814.8,74472.2,64866.8,64790.5
2026-06-16 12:25:00,64730.1,74374.9,64758.7,64716.7
2026-06-16 12:30:00,64564.6,74184.7,64571.6,64561.3
2026-06-16 12:35:00,64501.6,74112.3,64565.5,64471.6
2026-06-16 12:40:00,64482.5,74090.4,64514.2,64467.7
2026-06-16 12:45:00,64482.5,74090.4,64554.8,64448.7
2026-06-16 12:50:00,64584.0,74207.0,64648.5,64553.8
2026-06-16 12:55:00,64742.0,74388.5,64818.0,64706.4
2026-06-16 13:00:00,65118.5,74821.2,65021.7,65163.9
2026-06-16 13:05:00,65443.6,75194.7,65382.8,65472.1
2026-06-16 13:10:00,65698.2,75487.3,65725.2,65685.6
2026-06-16 13:15:00,65868.3,75682.6,65850.6,65876.5
2026-06-16 13:20:00,66018.2,75854.9,65998.5,66027.4
2026-06-16 13:25:00,66132.4,75986.2,66130.5,66133.3
2026-06-16 13:30:00,66303.3,76182.5,66330.3,66290.7
2026-06-16 13:35:00,66525.8,76438.1,66488.0,66543.5
2026-06-16 13:40:00,66693.0,76630.3,66631.8,66721.7
2026-06-16 13:45:00,66856.1,76817.6,66803.9,66880.5
2026-06-16 13:50:00,66923.1,76894.6,66954.7,66908.3
2026-06-16 13:55:00,67025.9,77012.7,67025.8,67025.9
2026-06-16 14:00:00,67039.1,77028.0,67043.9,67036.9
2026-06-16 14:05:00,67014.3,76999.4,67004.7,67018.7
2026-06-16 14:10:00,67066.3,77059.2,67034.6,67081.2
2026-06-16 14:15:00,67077.7,77072.2,67178.1,67030.6
2026-06-16 14:20:00,67061.8,77054.0,67160.1,67015.8
2026-06-16 14:25:00,67059.6,77051.5,67165.6,67010.0
2026-06-16 14:30:00,67020.0,77005.9,67118.5,66973.8
2026-06-16 14:35:00,66993.1,76975.1,67010.8,66984.8
2026-06-16 14:40:00,66979.2,76959.1,66994.6,66972.0
2026-06-16 14:45:00,66922.1,76893.5,67004.4,66883.6
2026-06-16 14:50:00,66880.8,76846.0,66893.6,66874.8
2026-06-16 14:55:00,66866.4,76829.5,66867.3,66866.0
2026-06-16 15:00:00,66725.8,76667.9,66829.7,66677.1
2026-06-16 15:05:00,66595.7,76518.5,66607.3,66590.3
2026-06-16 15:10:00,66689.0,76625.7,66658.5,66703.3
2026-06-16 15:15:00,66843.8,76803.5,66824.6,66852.7
2026-06-16 15:20:00,66934.5,76907.7,66911.1,66945.5
2026-06-16 15:25:00,67029.4,77016.8,67014.5,67036.4
2026-06-16 15:30:00,67066.7,77059.6,67069.1,67065.6
2026-06-16 15:35:00,67113.3,77113.2,67192.0,67076.4
2026-06-16 15:40:00,67170.8,77179.2,67212.1,67151.4
2026-06-16 15:45:00,67228.6,77245.7,67304.2,67193.2
2026-06-16 15:50:00,67295.1,77322.0,67292.4,67296.3
2026-06-16 15:55:00,67323.4,77354.6,67407.8,67283.9
2026-06-16 16:00:00,67285.2,77310.7,67321.4,67268.3
2026-06-16 16:05:00,67126.4,77128.3,67272.2,67058.1
2026-06-16 16:10:00,67204.7,77218.2,67241.6,67187.4
2026-06-16 16:15:00,67288.7,77314.7,67354.4,67257.9
2026-06-16 16:20:00,67306.7,77335.4,67411.7,67257.5
2026-06-16 16:25:00,67346.4,77381.0,67422.4,67310.8
2026-06-16 16:30:00,67398.4,77440.7,67389.4,67402.6
2026-06-16 16:35:00,67441.2,77489.9,67495.7,67415.7
2026-06-16 16:40:00,67491.7,77548.0,67475.0,67499.5
2026-06-16 16:45:00,67533.6,77596.1,67603.7,67500.7
2026-06-16 16:50:00,67551.8,77617.0,67560.4,67547.8
2026-06-16 16:55:00,67565.5,77632.8,67537.9,67578.4
2026-06-16 17:00:00,67464.4,77516.6,67450.6,67470.9
2026-06-16 17:05:00,67272.6,77296.2,67290.9,67264.0
2026-06-16 17:10:00,67346.1,77380.6,67358.0,67340.5
2026-06-16 17:15:00,67446.1,77495.6,67404.5,67465.6
2026-06-16 17:20:00,67542.0,77605.8,67501.9,67560.8
2026-06-16 17:25:00,67625.8,77702.0,67599.8,67638.0
2026-06-16 17:30:00,67644.3,77723.3,67685.6,67624.9
2026-06-16 17:35:00,67727.7,77819.1,67702.5,67739.5
2026-06-16 17:40:00,67754.8,77850.2,67805.4,67731.1
2026-06-16 17:45:00,67827.6,77933.9,67810.5,67835.6
2026-06-16 17:50:00,67829.5,77936.1,67875.2,67808.2
2026-06-16 17:55:00,67810.3,77914.0,67849.9,67791.7
2026-06-16 18:00:00,67800.0,77902.2,67828.4,67786.7
2026-06-16 18:05:00,67689.7,77775.5,67682.1,67693.3
2026-06-16 18:10:00,67723.2,77814.0,67683.0,67742.1
2026-06-16 18:15:00,67768.0,77865.5,67835.6,67736.3
2026-06-16 18:20:00,67830.4,77937.2,67814.3,67838.0
2026-06-16 18:25:00,67870.2,77982.9,67887.6,67862.1
2026-06-16 18:30:00,67941.1,78064.3,67897.4,67961.6
2026-06-16 18:35:00,67964.3,78091.0,68007.4,67944.2
2026-06-16 18:40:00,68021.3,78156.5,67993.5,68034.3
2026-06-16 18:45:00,68057.6,78198.2,68104.8,68035.6
2026-06-16 18:50:00,68021.6,78156.8,68070.2,67998.8
2026-06-16 18:55:00,67998.1,78129.8,68039.4,67978.8
2026-06-16 19:00:00,67937.2,78059.9,67860.6,67973.1
2026-06-16 19:05:00,67833.1,77940.2,67847.1,67826.5
2026-06-16 19:10:00,67783.2,77882.9,67784.5,67782.6
2026-06-16 19:15:00,67761.6,77858.1,67697.6,67791.6
2026-06-16 19:20:00,67759.7,77856.0,67699.9,67787.8
2026-06-16 19:25:00,67753.8,77849.1,67690.5,67783.4
2026-06-16 19:30:00,67744.3,77838.2,67686.2,67771.5
2026-06-16 19:35:00,67740.8,77834.2,67697.0,67761.4
2026-06-16 19:40:00,67673.9,77757.3,67692.7,67665.1
2026-06-16 19:45:00,67637.4,77715.3,67575.5,67666.3
2026-06-16 19:50:00,67604.1,77677.1,67552.2,67628.4
2026-06-16 19:55:00,67503.9,77562.0,67535.9,67488.9
2026-06-16 20:00:00,67294.3,77321.2,67352.5,67267.0
2026-06-16 20:05:00,67094.2,77091.2,67142.2,67071.7
2026-06-16 20:10:00,66964.8,76942.6,67012.8,66942.4
2026-06-16 20:15:00,66832.3,76790.3,66885.1,66807.5
2026-06-16 20:20:00,66682.5,76618.2,66660.8,66692.7
2026-06-16 20:25:00,66531.8,76445.0,66529.6,66532.8
2026-06-16 20:30:00,66350.6,76236.8,66410.8,66322.4
2026-06-16 20:35:00,66185.3,76046.9,66225.2,66166.6
2026-06-16 20:40:00,65981.3,75812.5,66037.6,65955.0
2026-06-16 20:45:00,65779.3,75580.4,65801.7,65768.8
2026-06-16 20:50:00,65513.8,75275.3,65596.5,65475.0
2026-06-16 20:55:00,65254.0,74976.9,65285.1,65239.4
2026-06-16 21:00:00,65008.5,74694.8,65052.2,64988.1
2026-06-16 21:05:00,64811.4,74468.3,64792.5,64820.3
2026-06-16 21:10:00,64640.7,74272.2,64602.5,64658.6
2026-06-16 21:15:00,64467.8,74073.6,64424.7,64488.0
2026-06-16 21:20:00,64335.0,73920.9,64341.3,64332.0
2026-06-16 21:25:00,64224.0,73793.4,64161.4,64253.3
2026-06-16 21:30:00,64060.8,73605.9,64048.8,64066.5
2026-06-16 21:35:00,63866.5,73382.6,63873.5,63863.2
2026-06-16 21:40:00,63697.3,73188.2,63721.2,63686.1
2026-06-16 21:45:00,63519.0,72983.3,63571.7,63494.3
2026-06-16 21:50:00,63326.4,72762.0,63401.9,63291.0
2026-06-16 21:55:00,63129.6,72535.9,63123.9,63132.2
2026-06-16 22:00:00,62941.2,72319.4,62875.3,62972.0
2026-06-16 22:05:00,63031.8,72423.5,63010.2,63041.9
2026-06-16 22:10:00,62961.8,72343.1,62923.0,62980.0
2026-06-16 22:15:00,62907.2,72280.4,62867.9,62925.6
2026-06-16 22:20:00,62832.9,72195.0,62792.4,62851.9
2026-06-16 22:25:00,62691.9,72032.9,62665.4,62704.2
2026-06-16 22:30:00,62549.7,71869.6,62540.9,62553.8
2026-06-16 22:35:00,62360.4,71652.1,62363.0,62359.2
2026-06-16 22:40:00,62162.1,71424.3,62199.5,62144.6
2026-06-16 22:45:00,62013.0,71252.9,62006.6,62015.9
2026-06-16 22:50:00,61876.5,71096.1,61862.5,61883.0
2026-06-16 22:55:00,61656.3,70843.1,61654.0,61657.4
2026-06-16 23:00:00,61655.6,70842.2,61683.2,61642.6
2026-06-16 23:05:00,61999.0,71236.9,62075.2,61963.3
2026-06-16 23:10:00,61943.1,71172.6,61959.5,61935.4
2026-06-16 23:15:00,61763.4,70966.2,61811.3,61741.0
2026-06-16 23:20:00,61493.1,70655.6,61498.4,61490.7
2026-06-16 23:25:00,61221.1,70343.0,61205.6,61228.3
2026-06-16 23:30:00,60878.8,69949.7,60791.2,60919.8
2026-06-16 23:35:00,60569.4,69594.2,60571.8,60568.2
2026-06-16 23:40:00,60261.2,69240.1,60306.9,60239.8
2026-06-16 23:45:00,59970.9,68906.6,59942.2,59984.3
2026-06-16 23:50:00,59653.1,68541.4,59616.6,59670.2
2026-06-16 23:55:00,59234.1,68059.9,59274.3,59215.2
2026-06-17 00:00:00,58699.5,67445.7,58679.8,58708.7
2026-06-17 00:05:00,58535.1,67256.8,58563.0,58522.0
2026-06-17 00:10:00,58269.2,66951.4,58284.8,58261.9
2026-06-17 00:15:00,58006.9,66649.9,57982.1,58018.6
2026-06-17 00:20:00,57748.1,66352.5,57706.2,57767.7
2026-06-17 00:25:00,57480.4,66045.0,57408.6,57514.0
2026-06-17 00:30:00,57204.3,65727.7,57251.9,57182.0
2026-06-17 00:35:00,56987.0,65478.1,57033.9,56965.0
2026-06-17 00:40:00,56778.7,65238.7,56769.0,56783.3
2026-06-17 00:45:00,56626.3,65063.6,56599.7,56638.7
2026-06-17 00:50:00,56480.8,64896.4,56419.2,56509.7
2026-06-17 00:55:00,56356.9,64754.1,56305.3,56381.1
2026-06-17 01:00:00,56197.9,64571.3,56257.3,56170.0
2026-06-17 01:05:00,56118.4,64480.0,56134.6,56110.8
2026-06-17 01:10:00,56015.8,64362.2,55974.1,56035.3
2026-06-17 01:15:00,55941.7,64277.0,55879.1,55971.0
2026-06-17 01:20:00,55901.4,64230.7,55892.2,55905.7
2026-06-17 01:25:00,55845.7,64166.7,55819.4,55858.1
2026-06-17 01:30:00,55778.9,64090.0,55756.0,55789.7
2026-06-17 01:35:00,55702.4,64002.1,55664.6,55720.1
2026-06-17 01:40:00,55617.9,63904.9,55649.0,55603.3
2026-06-17 01:45:00,55576.4,63857.3,55574.4,55577.3
2026-06-17 01:50:00,55530.2,63804.2,55580.5,55506.6
2026-06-17 01:55:00,55492.8,63761.2,55459.4,55508.4
2026-06-17 02:00:00,55465.4,63729.7,55437.8,55478.3
2026-06-17 02:05:00,55435.4,63695.3,55497.7,55406.3
2026-06-17 02:10:00,55377.8,63629.1,55351.4,55390.1
2026-06-17 02:15:00,55355.6,63603.6,55348.2,55359.1
2026-06-17 02:20:00,55280.6,63517.5,55350.2,55248.0
2026-06-17 02:25:00,55248.3,63480.2,55251.7,55246.7
2026-06-17 02:30:00,55169.2,63389.4,55239.1,55136.4
2026-06-17 02:35:00,55138.8,63354.4,55121.0,55147.1
2026-06-17 02:40:00,55103.2,63313.5,55105.2,55102.2
2026-06-17 02:45:00,55014.2,63211.3,55014.2,55014.1
2026-06-17 02:50:00,55013.2,63210.2,55009.7,55014.8
2026-06-17 02:55:00,55011.3,63208.0,55008.5,55012.6
2026-06-17 03:00:00,55017.9,63215.6,55014.1,55019.7
2026-06-17 03:05:00,55072.7,63278.5,55082.9,55067.9
2026-06-17 03:10:00,55013.1,63210.0,55062.1,54990.1
2026-06-17 03:15:00,55000.3,63195.4,55018.4,54991.8
2026-06-17 03:20:00,54935.7,63121.1,55016.1,54898.0
2026-06-17 03:25:00,54901.1,63081.4,54883.7,54909.3
2026-06-17 03:30:00,54894.5,63073.8,54881.5,54900.6
2026-06-17 03:35:00,54930.7,63115.4,54906.2,54942.3
2026-06-17 03:40:00,54917.0,63099.7,54894.0,54927.8
2026-06-17 03:45:00,54919.1,63102.1,54900.5,54927.9
2026-06-17 03:50:00,54919.0,63101.9,54894.4,54930.5
2026-06-17 03:55:00,54916.8,63099.4,54894.9,54927.1
2026-06-17 04:00:00,55000.7,63195.8,54938.5,55029.8
2026-06-17 04:05:00,55099.2,63309.0,55145.7,55077.5
2026-06-17 04:10:00,55143.4,63359.7,55109.7,55159.1
2026-06-17 04:15:00,55227.6,63456.6,55198.2,55241.4
2026-06-17 04:20:00,55226.0,63454.7,55203.5,55236.6
2026-06-17 04:25:00,55231.4,63460.9,55211.0,55240.9
2026-06-17 04:30:00,55259.9,63493.6,55316.6,55233.3
2026-06-17 04:35:00,55365.3,63614.7,55357.0,55369.2
2026-06-17 04:40:00,55361.8,63610.7,55408.8,55339.8
2026-06-17 04:45:00,55374.3,63625.1,55451.1,55338.3
2026-06-17 04:50:00,55476.0,63741.9,55443.8,55491.1
2026-06-17 04:55:00,55511.4,63782.6,55556.6,55490.2
2026-06-17 05:00:00,55623.5,63911.4,55641.4,55615.1
2026-06-17 05:05:00,55800.4,64114.6,55826.6,55788.0
2026-06-17 05:10:00,55867.7,64192.0,55986.9,55811.9
2026-06-17 05:15:00,55954.9,64292.2,55955.6,55954.5
2026-06-17 05:20:00,56090.4,64447.9,56074.4,56097.9
2026-06-17 05:25:00,56190.0,64562.3,56185.2,56192.2
2026-06-17 05:30:00,56300.1,64688.8,56286.0,56306.7
2026-06-17 05:35:00,56451.9,64863.3,56442.5,56456.4
2026-06-17 05:40:00,56551.5,64977.6,56599.1,56529.1
2026-06-17 05:45:00,56700.9,65149.4,56725.4,56689.4
2026-06-17 05:50:00,56821.7,65288.1,56793.6,56834.9
2026-06-17 05:55:00,56962.1,65449.5,56982.4,56952.6
2026-06-17 06:00:00,57226.8,65753.6,57193.3,57242.5
2026-06-17 06:05:00,57609.7,66193.5,57638.4,57596.2
2026-06-17 06:10:00,57847.0,66466.2,57836.9,57851.7
2026-06-17 06:15:00,57996.9,66638.4,58006.7,57992.2
2026-06-17 06:20:00,58154.6,66819.6,58172.5,58146.2
2026-06-17 06:25:00,58328.5,67019.4,58351.5,58317.7
2026-06-17 06:30:00,58476.0,67188.9,58495.4,58467.0
2026-06-17 06:35:00,58668.1,67409.7,58651.7,58675.8
2026-06-17 06:40:00,58867.2,67638.4,58842.5,58878.8
2026-06-17 06:45:00,59047.6,67845.7,58995.4,59072.1
2026-06-17 06:50:00,59206.9,68028.7,59170.2,59224.1
2026-06-17 06:55:00,59408.2,68260.0,59370.2,59426.0
2026-06-17 07:00:00,59756.1,68659.8,59729.3,59768.6
2026-06-17 07:05:00,60256.4,69234.6,60264.2,60252.7
2026-06-17 07:10:00,60592.3,69620.5,60524.3,60624.1
2026-06-17 07:15:00,60882.1,69953.5,60877.2,60884.4
2026-06-17 07:20:00,61073.8,70173.7,61122.6,61050.9
2026-06-17 07:25:00,61244.1,70369.5,61288.5,61223.3
2026-06-17 07:30:00,61446.9,70602.5,61440.1,61450.1
2026-06-17 07:35:00,61707.1,70901.5,61696.9,61711.9
2026-06-17 07:40:00,61855.0,71071.4,61818.0,61872.3
2026-06-17 07:45:00,61997.7,71235.4,62018.7,61987.9
2026-06-17 07:50:00,62124.8,71381.4,62141.7,62116.9
2026-06-17 07:55:00,62321.8,71607.7,62367.9,62300.2
2026-06-17 08:00:00,62743.7,72092.5,62727.0,62751.6
2026-06-17 08:05:00,63313.5,72747.2,63261.7,63337.8
2026-06-17 08:10:00,63694.9,73185.4,63603.0,63737.9
2026-06-17 08:15:00,64072.5,73619.2,64038.5,64088.4
2026-06-17 08:20:00,64383.6,73976.7,64399.9,64375.9
2026-06-17 08:25:00,64719.5,74362.7,64755.6,64702.7
2026-06-17 08:30:00,64971.0,74651.7,65009.4,64953.0
2026-06-17 08:35:00,65268.4,74993.4,65291.4,65257.6
2026-06-17 08:40:00,65478.5,75234.8,65491.2,65472.5
2026-06-17 08:45:00,65667.2,75451.6,65646.5,65676.9
2026-06-17 08:50:00,65815.8,75622.3,65854.2,65797.8
2026-06-17 08:55:00,65944.2,75769.9,66013.0,65912.0
2026-06-17 09:00:00,65920.3,75742.4,65984.5,65890.2
2026-06-17 09:05:00,65952.6,75779.6,66053.5,65905.4
2026-06-17 09:10:00,66050.9,75892.5,66091.0,66032.1
2026-06-17 09:15:00,66219.3,76085.9,66226.0,66216.1
2026-06-17 09:20:00,66272.7,76147.3,66292.6,66263.4
2026-06-17 09:25:00,66368.5,76257.4,66365.4,66370.0
2026-06-17 09:30:00,66398.4,76291.8,66400.3,66397.5
2026-06-17 09:35:00,66398.9,76292.3,66411.2,66393.1
2026-06-17 09:40:00,66367.3,76256.0,66361.0,66370.2
2026-06-17 09:45:00,66340.6,76225.3,66352.0,66335.2
2026-06-17 09:50:00,66278.9,76154.5,66336.0,66252.2
2026-06-17 09:55:00,66219.6,76086.3,66193.0,66232.1
2026-06-17 10:00:00,66041.5,75881.7,66049.1,66038.0
2026-06-17 10:05:00,66077.9,75923.5,66108.1,66063.7
2026-06-17 10:10:00,66141.8,75997.0,66136.0,66144.6
2026-06-17 10:15:00,66292.8,76170.5,66336.6,66272.3
2026-06-17 10:20:00,66351.8,76238.2,66312.8,66370.1
2026-06-17 10:25:00,66347.2,76232.9,66412.8,66316.4
2026-06-17 10:30:00,66266.1,76139.8,66319.5,66241.1
2026-06-17 10:35:00,66263.3,76136.6,66241.7,66273.5
2026-06-17 10:40:00,66249.4,76120.6,66221.3,66262.6
2026-06-17 10:45:00,66252.8,76124.4,66231.8,66262.6
2026-06-17 10:50:00,66223.3,76090.5,66209.3,66229.8
2026-06-17 10:55:00,66141.8,75996.9,66189.7,66119.3
2026-06-17 11:00:00,65970.6,75800.2,66029.8,65942.9
2026-06-17 11:05:00,65859.8,75672.9,65894.8,65843.4
2026-06-17 11:10:00,65802.4,75607.0,65793.4,65806.6
2026-06-17 11:15:00,65717.8,75509.7,65706.2,65723.2
2026-06-17 11:20:00,65606.0,75381.3,65677.2,65572.6
2026-06-17 11:25:00,65475.8,75231.6,65478.1,65474.7
2026-06-17 11:30:00,65335.6,75070.6,65280.2,65361.5
2026-06-17 11:35:00,65208.5,74924.5,65138.5,65241.2
2026-06-17 11:40:00,65015.8,74703.1,64965.1,65039.5
2026-06-17 11:45:00,64823.5,74482.2,64778.6,64844.6
2026-06-17 11:50:00,64489.1,74098.0,64491.2,64488.2
2026-06-17 11:55:00,64092.0,73641.8,64101.4,64087.6
2026-06-17 12:00:00,63565.7,73037.0,63626.9,63537.0
2026-06-17 12:05:00,63612.7,73091.0,63601.7,63617.9
2026-06-17 12:10:00,63623.2,73103.0,63585.1,63641.0
2026-06-17 12:15:00,63638.2,73120.3,63664.1,63626.1
2026-06-17 12:20:00,63710.4,73203.3,63672.9,63728.0
2026-06-17 12:25:00,63735.6,73232.2,63725.4,63740.4
2026-06-17 12:30:00,63697.4,73188.3,63568.5,63757.7
2026-06-17 12:35:00,63741.5,73238.9,63637.0,63790.4
2026-06-17 12:40:00,63851.4,73365.2,63803.4,63873.9
2026-06-17 12:45:00,63949.1,73477.5,63904.0,63970.2
2026-06-17 12:50:00,64051.8,73595.5,64072.8,64042.0
2026-06-17 12:55:00,64197.5,73762.9,64216.7,64188.5
2026-06-17 13:00:00,64662.0,74296.6,64601.6,64690.3
2026-06-17 13:05:00,65093.7,74792.7,65094.1,65093.5
2026-06-17 13:10:00,65402.4,75147.4,65407.2,65400.1
2026-06-17 13:15:00,65529.8,75293.7,65570.1,65510.9
2026-06-17 13:20:00,65731.4,75525.4,65761.4,65717.4
2026-06-17 13:25:00,65947.5,75773.7,65975.1,65934.6
2026-06-17 13:30:00,66164.2,76022.7,66165.5,66163.6
2026-06-17 13:35:00,66424.9,76322.2,66380.8,66445.5
2026-06-17 13:40:00,66579.6,76500.0,66544.8,66595.9
2026-06-17 13:45:00,66774.2,76723.6,66739.9,66790.3
2026-06-17 13:50:00,66904.5,76873.2,66868.3,66921.4
2026-06-17 13:55:00,67029.7,77017.2,67007.3,67040.3
2026-06-17 14:00:00,67088.3,77084.4,67068.9,67097.3
2026-06-17 14:05:00,67063.0,77055.4,67169.4,67013.2
2026-06-17 14:10:00,67130.1,77132.5,67199.8,67097.5
2026-06-17 14:15:00,67187.7,77198.7,67203.6,67180.3
2026-06-17 14:20:00,67169.4,77177.6,67261.7,67126.2
2026-06-17 14:25:00,67163.6,77171.0,67264.3,67116.4
2026-06-17 14:30:00,67124.7,77126.2,67226.0,67077.2
2026-06-17 14:35:00,67097.1,77094.6,67144.9,67074.7
2026-06-17 14:40:00,67035.9,77024.3,67146.0,66984.3
2026-06-17 14:45:00,66994.2,76976.3,67018.7,66982.7
2026-06-17 14:50:00,66982.2,76962.6,66997.6,66975.0
2026-06-17 14:55:00,66909.1,76878.5,66977.0,66877.3
2026-06-17 15:00:00,66806.9,76761.2,66831.9,66795.2
2026-06-17 15:05:00,66700.7,76639.1,66728.7,66687.6
2026-06-17 15:10:00,66765.8,76713.9,66776.4,66760.8
2026-06-17 15:15:00,66884.7,76850.5,66940.4,66858.6
2026-06-17 15:20:00,67034.1,77022.2,67004.4,67048.0
2026-06-17 15:25:00,67122.6,77123.9,67110.8,67128.2
2026-06-17 15:30:00,67159.1,77165.8,67197.1,67141.3
2026-06-17 15:35:00,67169.8,77178.2,67207.6,67152.1
2026-06-17 15:40:00,67196.4,77208.7,67288.9,67153.1
2026-06-17 15:45:00,67215.4,77230.4,67300.9,67175.3
2026-06-17 15:50:00,67226.6,77243.4,67288.4,67197.7
2026-06-17 15:55:00,67265.1,77287.6,67245.0,67274.5
2026-06-17 16:00:00,67196.6,77208.9,67175.9,67206.2
2026-06-17 16:05:00,67034.4,77022.5,67110.7,66998.7
2026-06-17 16:10:00,67091.9,77088.6,67069.5,67102.4
2026-06-17 16:15:00,67151.8,77157.5,67214.8,67122.3
2026-06-17 16:20:00,67198.4,77210.9,67202.2,67196.6
2026-06-17 16:25:00,67233.9,77251.7,67287.4,67208.9
2026-06-17 16:30:00,67255.9,77277.0,67264.9,67251.7
2026-06-17 16:35:00,67265.1,77287.6,67265.7,67264.8
2026-06-17 16:40:00,67255.9,77277.0,67255.7,67256.0
2026-06-17 16:45:00,67247.9,77267.9,67260.8,67241.9
2026-06-17 16:50:00,67213.6,77228.4,67220.8,67210.2
2026-06-17 16:55:00,67195.4,77207.5,67195.0,67195.6
2026-06-17 17:00:00,67076.3,77070.7,67109.0,67061.0
2026-06-17 17:05:00,66883.6,76849.2,66975.4,66840.5
2026-06-17 17:10:00,66973.9,76953.1,66935.4,66992.0
2026-06-17 17:15:00,67029.6,77017.0,67061.2,67014.8
2026-06-17 17:20:00,67080.7,77075.8,67037.7,67100.9
2026-06-17 17:25:00,67112.3,77112.0,67149.2,67095.0
2026-06-17 17:30:00,67151.1,77156.6,67135.1,67158.6
2026-06-17 17:35:00,67168.8,77177.0,67153.7,67175.9
2026-06-17 17:40:00,67185.9,77196.6,67226.2,67167.1
2026-06-17 17:45:00,67188.4,77199.5,67231.3,67168.3
2026-06-17 17:50:00,67098.2,77095.8,67202.6,67049.3
2026-06-17 17:55:00,67007.0,76991.0,67086.9,66969.5
2026-06-17 18:00:00,66972.6,76951.5,66968.1,66974.7
2026-06-17 18:05:00,66835.7,76794.3,66922.2,66795.2
2026-06-17 18:10:00,66841.3,76800.7,66854.1,66835.4
2026-06-17 18:15:00,66861.1,76823.5,66887.0,66849.0
2026-06-17 18:20:00,66886.0,76852.0,66966.8,66848.2
2026-06-17 18:25:00,66961.3,76938.5,66975.9,66954.5
2026-06-17 18:30:00,66998.1,76980.9,67075.8,66961.8
2026-06-17 18:35:00,67038.8,77027.6,67047.2,67034.8
2026-06-17 18:40:00,67024.9,77011.6,67032.3,67021.4
2026-06-17 18:45:00,67027.1,77014.1,67036.5,67022.7
2026-06-17 18:50:00,66982.9,76963.4,67016.9,66967.0
2026-06-17 18:55:00,66894.1,76861.4,66965.2,66860.8
2026-06-17 19:00:00,66848.7,76809.1,66813.4,66865.2
2026-06-17 19:05:00,66756.6,76703.3,66809.7,66731.7
2026-06-17 19:10:00,66717.6,76658.5,66778.1,66689.2
2026-06-17 19:15:00,66686.9,76623.3,66666.8,66696.3
2026-06-17 19:20:00,66684.2,76620.1,66665.7,66692.8
2026-06-17 19:25:00,66677.0,76611.8,66655.8,66686.9
2026-06-17 19:30:00,66667.1,76600.5,66648.9,66675.6
2026-06-17 19:35:00,66628.8,76556.5,66661.5,66613.5
2026-06-17 19:40:00,66594.7,76517.3,66546.3,66617.4
2026-06-17 19:45:00,66607.2,76531.7,66551.3,66633.4
2026-06-17 19:50:00,66577.4,76497.4,66532.4,66598.4
2026-06-17 19:55:00,66568.5,76487.2,66527.7,66587.7
2026-06-17 20:00:00,66507.1,76416.6,66468.3,66525.2
2026-06-17 20:05:00,66404.3,76298.5,66370.8,66420.0
2026-06-17 20:10:00,66355.3,76242.3,66329.0,66367.7
2026-06-17 20:15:00,66355.8,76242.9,66322.3,66371.6
2026-06-17 20:20:00,66341.3,76226.1,66317.7,66352.3
2026-06-17 20:25:00,66268.2,76142.1,66293.5,66256.3
2026-06-17 20:30:00,66207.7,76072.6,66157.8,66231.0
2026-06-17 20:35:00,66141.3,75996.4,66087.9,66166.4
2026-06-17 20:40:00,66069.7,75914.1,66081.5,66064.2
2026-06-17 20:45:00,66043.6,75884.1,65997.1,66065.4
2026-06-17 20:50:00,65981.5,75812.7,65971.4,65986.2
2026-06-17 20:55:00,65869.5,75684.0,65846.4,65880.3
2026-06-17 21:00:00,65607.5,75383.0,65622.0,65600.7
2026-06-17 21:05:00,65358.3,75096.7,65384.5,65346.1
2026-06-17 21:10:00,65187.4,74900.3,65210.0,65176.7
2026-06-17 21:15:00,65004.6,74690.3,64985.5,65013.5
2026-06-17 21:20:00,64826.3,74485.4,64803.3,64837.1
2026-06-17 21:25:00,64645.5,74277.7,64620.5,64657.2
2026-06-17 21:30:00,64472.5,74078.9,64444.0,64485.9
2026-06-17 21:35:00,64340.7,73927.4,64364.3,64329.6
2026-06-17 21:40:00,64185.5,73749.2,64159.7,64197.6
2026-06-17 21:45:00,64016.0,73554.4,64067.8,63991.7
2026-06-17 21:50:00,63869.5,73386.1,63879.4,63864.9
2026-06-17 21:55:00,63698.9,73190.0,63725.3,63686.5
2026-06-17 22:00:00,63504.9,72967.1,63582.0,63468.7
2026-06-17 22:05:00,63518.4,72982.7,63485.4,63533.9
2026-06-17 22:10:00,63424.1,72874.3,63471.1,63402.1
2026-06-17 22:15:00,63291.1,72721.5,63335.8,63270.2
2026-06-17 22:20:00,63163.5,72574.8,63139.7,63174.6
2026-06-17 22:25:00,63058.8,72454.6,63041.0,63067.1
2026-06-17 22:30:00,62909.3,72282.8,62882.3,62922.0
2026-06-17 22:35:00,62783.6,72138.4,62756.4,62796.4
2026-06-17 22:40:00,62685.9,72026.1,62666.1,62695.2
2026-06-17 22:45:00,62575.2,71899.0,62560.3,62582.2
2026-06-17 22:50:00,62476.2,71785.1,62451.4,62487.7
2026-06-17 22:55:00,62341.3,71630.1,62292.2,62364.2
2026-06-17 23:00:00,62384.7,71680.0,62395.6,62379.6
2026-06-17 23:05:00,62862.2,72228.7,62874.7,62856.4
2026-06-17 23:10:00,62941.9,72320.3,62971.3,62928.2
2026-06-17 23:15:00,62759.7,72110.9,62836.0,62724.0
2026-06-17 23:20:00,62550.6,71870.7,62588.6,62532.8
2026-06-17 23:25:00,62269.7,71547.9,62263.2,62272.8
2026-06-17 23:30:00,61908.3,71132.7,61921.2,61902.3
2026-06-17 23:35:00,61569.7,70743.5,61477.3,61612.9
2026-06-17 23:40:00,61182.7,70298.9,61212.7,61168.6
2026-06-17 23:45:00,60807.7,69868.1,60814.8,60804.4
2026-06-17 23:50:00,60430.0,69434.1,60438.8,60425.9
2026-06-17 23:55:00,59980.4,68917.5,60007.0,59968.0
2026-06-18 00:00:00,59382.0,68230.0,59392.1,59377.3
2026-06-18 00:05:00,59130.8,67941.3,59205.4,59095.9
2026-06-18 00:10:00,58800.5,67561.8,58825.3,58788.9
2026-06-18 00:15:00,58483.2,67197.2,58516.4,58467.7
2026-06-18 00:20:00,58232.9,66909.6,58175.4,58259.9
2026-06-18 00:25:00,58027.4,66673.5,58006.5,58037.2
2026-06-18 00:30:00,57827.7,66444.1,57768.1,57855.6
2026-06-18 00:35:00,57633.0,66220.3,57561.9,57666.3
2026-06-18 00:40:00,57452.8,66013.3,57376.8,57488.4
2026-06-18 00:45:00,57208.0,65732.0,57201.7,57211.0
2026-06-18 00:50:00,56996.7,65489.2,57035.2,56978.7
2026-06-18 00:55:00,56789.8,65251.5,56760.4,56803.6
2026-06-18 01:00:00,56706.0,65155.2,56658.2,56728.4
2026-06-18 01:05:00,56646.9,65087.3,56603.5,56667.3
2026-06-18 01:10:00,56541.2,64965.8,56555.7,56534.4
2026-06-18 01:15:00,56429.0,64836.9,56473.2,56408.3
2026-06-18 01:20:00,56338.5,64733.0,56309.7,56352.0
2026-06-18 01:25:00,56234.7,64613.7,56192.6,56254.4
2026-06-18 01:30:00,56157.6,64525.1,56102.3,56183.5
2026-06-18 01:35:00,56089.4,64446.7,56139.6,56065.8
2026-06-18 01:40:00,56051.7,64403.4,56017.2,56067.9
2026-06-18 01:45:00,55993.4,64336.4,56016.4,55982.6
2026-06-18 01:50:00,55900.4,64229.5,55921.0,55890.7
2026-06-18 01:55:00,55819.9,64137.1,55785.8,55835.8
2026-06-18 02:00:00,55742.8,64048.4,55763.4,55733.1
2026-06-18 02:05:00,55728.0,64031.5,55708.8,55737.0
2026-06-18 02:10:00,55733.9,64038.2,55702.1,55748.8
2026-06-18 02:15:00,55706.4,64006.7,55698.9,55710.0
2026-06-18 02:20:00,55645.9,63937.1,55696.1,55622.4
2026-06-18 02:25:00,55599.1,63883.4,55582.9,55606.7
2026-06-18 02:30:00,55523.4,63796.4,55569.6,55501.8
2026-06-18 02:35:00,55500.3,63769.8,55480.6,55509.5
2026-06-18 02:40:00,55488.9,63756.8,55465.7,55499.8
2026-06-18 02:45:00,55492.7,63761.2,55477.5,55499.9
2026-06-18 02:50:00,55465.9,63730.3,55478.1,55460.2
2026-06-18 02:55:00,55376.5,63627.7,55464.6,55335.3
2026-06-18 03:00:00,55318.4,63560.9,55335.6,55310.4
2026-06-18 03:05:00,55271.7,63507.2,55298.5,55259.2
2026-06-18 03:10:00,55256.2,63489.3,55277.7,55246.1
2026-06-18 03:15:00,55250.0,63482.3,55246.8,55251.5
2026-06-18 03:20:00,55252.6,63485.3,55254.0,55252.0
2026-06-18 03:25:00,55256.6,63489.8,55256.9,55256.4
2026-06-18 03:30:00,55208.7,63434.8,55246.7,55190.9
2026-06-18 03:35:00,55132.8,63347.6,55155.3,55122.2
2026-06-18 03:40:00,55116.8,63329.3,55136.1,55107.8
2026-06-18 03:45:00,55065.9,63270.8,55142.7,55030.0
2026-06-18 03:50:00,55054.3,63257.4,55040.9,55060.5
2026-06-18 03:55:00,55056.6,63260.0,55055.6,55057.1
2026-06-18 04:00:00,55143.9,63360.3,55100.4,55164.3
2026-06-18 04:05:00,55283.6,63520.9,55270.3,55289.9
2026-06-18 04:10:00,55368.0,63617.9,55350.9,55376.1
2026-06-18 04:15:00,55399.3,63653.8,55438.1,55381.1
2026-06-18 04:20:00,55453.8,63716.4,55432.0,55464.0
2026-06-18 04:25:00,55459.2,63722.6,55439.5,55468.4
2026-06-18 04:30:00,55489.3,63757.2,55550.2,55460.7
2026-06-18 04:35:00,55603.4,63888.4,55590.6,55609.5
2026-06-18 04:40:00,55680.4,63976.8,55651.7,55693.9
2026-06-18 04:45:00,55679.5,63975.7,55651.9,55692.4
2026-06-18 04:50:00,55673.3,63968.7,55644.6,55686.8
2026-06-18 04:55:00,55702.1,64001.7,55644.1,55729.3
2026-06-18 05:00:00,55781.6,64093.1,55873.8,55738.5
2026-06-18 05:05:00,55911.7,64242.6,55947.5,55895.0
2026-06-18 05:10:00,56000.7,64344.8,56097.6,55955.3
2026-06-18 05:15:00,56106.6,64466.5,56079.6,56119.3
2026-06-18 05:20:00,56204.3,64578.7,56182.5,56214.5
2026-06-18 05:25:00,56302.5,64691.6,56296.8,56305.2
2026-06-18 05:30:00,56386.9,64788.5,56382.8,56388.8
2026-06-18 05:35:00,56560.5,64988.0,56529.7,56574.9
2026-06-18 05:40:00,56654.2,65095.7,56727.9,56619.7
2026-06-18 05:45:00,56766.5,65224.7,56793.4,56753.9
2026-06-18 05:50:00,56846.8,65317.0,56900.7,56821.6
2026-06-18 05:55:00,56979.3,65469.3,56978.8,56979.6
2026-06-18 06:00:00,57218.5,65744.1,57189.6,57232.0
2026-06-18 06:05:00,57629.5,66216.3,57623.3,57632.4
2026-06-18 06:10:00,57839.2,66457.2,57824.3,57846.1
2026-06-18 06:15:00,58046.3,66695.2,57981.8,58076.5
2026-06-18 06:20:00,58237.6,66915.0,58247.8,58232.8
2026-06-18 06:25:00,58401.0,67102.8,58431.1,58387.0
2026-06-18 06:30:00,58523.1,67243.0,58495.4,58536.1
2026-06-18 06:35:00,58770.1,67526.8,58759.3,58775.1
2026-06-18 06:40:00,58956.0,67740.4,58921.4,58972.1
2026-06-18 06:45:00,59138.3,67949.9,59101.2,59155.7
2026-06-18 06:50:00,59301.6,68137.6,59272.6,59315.2
2026-06-18 06:55:00,59476.4,68338.3,59498.9,59465.8
2026-06-18 07:00:00,59792.4,68701.5,59846.8,59766.9
2026-06-18 07:05:00,60309.9,69296.1,60264.2,60331.3
2026-06-18 07:10:00,60628.3,69661.9,60597.6,60642.7
2026-06-18 07:15:00,60880.9,69952.2,60877.2,60882.6
2026-06-18 07:20:00,61062.8,70161.2,61132.9,61030.0
2026-06-18 07:25:00,61247.1,70373.0,61288.5,61227.8
2026-06-18 07:30:00,61445.1,70600.4,61440.1,61447.4
2026-06-18 07:35:00,61717.5,70913.4,61696.9,61727.1
2026-06-18 07:40:00,61884.2,71104.9,61909.7,61872.2
2026-06-18 07:45:00,61995.8,71233.1,62018.2,61985.3
2026-06-18 07:50:00,62132.9,71390.8,62144.5,62127.5
2026-06-18 07:55:00,62316.2,71601.3,62344.2,62303.1
2026-06-18 08:00:00,62743.3,72092.0,62727.0,62750.9
2026-06-18 08:05:00,63313.1,72746.7,63261.7,63337.1
2026-06-18 08:10:00,63683.6,73172.4,63594.0,63725.6
2026-06-18 08:15:00,64065.1,73610.8,64015.3,64088.4
2026-06-18 08:20:00,64383.6,73976.7,64399.9,64375.9
2026-06-18 08:25:00,64719.5,74362.7,64755.6,64702.7
2026-06-18 08:30:00,64971.0,74651.7,65009.4,64953.0
2026-06-18 08:35:00,65265.3,74989.8,65281.7,65257.6
2026-06-18 08:40:00,65475.0,75230.8,65491.2,65467.4
2026-06-18 08:45:00,65667.2,75451.6,65646.5,65676.9
2026-06-18 08:50:00,65815.1,75621.5,65853.3,65797.1
2026-06-18 08:55:00,65919.3,75741.3,65937.4,65910.9
2026-06-18 09:00:00,65864.3,75678.1,65984.1,65808.2
2026-06-18 09:05:00,65914.2,75735.4,65936.8,65903.6
2026-06-18 09:10:00,65986.1,75818.1,66090.6,65937.2
2026-06-18 09:15:00,66064.7,75908.4,66110.1,66043.5
2026-06-18 09:20:00,66169.7,76029.0,66165.0,66171.8
2026-06-18 09:25:00,66244.0,76114.4,66231.5,66249.9
2026-06-18 09:30:00,66242.1,76112.2,66301.1,66214.5
2026-06-18 09:35:00,66251.1,76122.5,66307.0,66224.9
2026-06-18 09:40:00,66271.6,76146.0,66257.0,66278.4
2026-06-18 09:45:00,66244.1,76114.5,66248.2,66242.3
2026-06-18 09:50:00,66150.2,76006.5,66232.1,66111.8
2026-06-18 09:55:00,66090.2,75937.6,66088.0,66091.2
2026-06-18 10:00:00,65908.9,75729.4,65948.9,65890.2
2026-06-18 10:05:00,65883.3,75699.9,65887.3,65881.4
2026-06-18 10:10:00,65939.6,75764.6,65925.4,65946.3
2026-06-18 10:15:00,66153.8,76010.7,66148.5,66156.3
2026-06-18 10:20:00,66220.3,76087.2,66223.2,66219.0
2026-06-18 10:25:00,66176.6,76036.9,66200.6,66165.4
2026-06-18 10:30:00,66094.4,75942.5,66103.8,66090.0
2026-06-18 10:35:00,66043.6,75884.1,66057.3,66037.1
2026-06-18 10:40:00,66029.6,75868.1,66036.9,66026.2
2026-06-18 10:45:00,65976.3,75806.8,66047.4,65943.0
2026-06-18 10:50:00,65880.7,75696.9,65916.4,65864.0
2026-06-18 10:55:00,65769.8,75569.6,65780.3,65765.0
2026-06-18 11:00:00,65632.3,75411.5,65629.4,65633.7
2026-06-18 11:05:00,65511.9,75273.2,65602.6,65469.5
2026-06-18 11:10:00,65378.6,75120.0,65380.4,65377.8
2026-06-18 11:15:00,65273.3,74999.0,65291.0,65265.0
2026-06-18 11:20:00,65135.3,74840.5,65181.4,65113.7
2026-06-18 11:25:00,64974.7,74655.9,65016.8,64955.0
2026-06-18 11:30:00,64796.1,74450.7,64765.2,64810.6
2026-06-18 11:35:00,64656.6,74290.4,64618.6,64674.4
2026-06-18 11:40:00,64474.1,74080.7,64493.1,64465.2
2026-06-18 11:45:00,64283.7,73862.0,64301.0,64275.6
2026-06-18 11:50:00,64010.7,73548.3,64001.4,64015.0
2026-06-18 11:55:00,63685.0,73174.0,63630.6,63710.5
2026-06-18 12:00:00,63188.9,72604.0,63202.1,63182.7
2026-06-18 12:05:00,63252.3,72676.9,63273.2,63242.6
2026-06-18 12:10:00,63349.4,72788.5,63310.2,63367.8
2026-06-18 12:15:00,63493.0,72953.4,63424.3,63525.1
2026-06-18 12:20:00,63557.1,73027.1,63501.7,63583.1
2026-06-18 12:25:00,63613.8,73092.3,63579.8,63629.8
2026-06-18 12:30:00,63504.9,72967.2,63419.2,63545.1
2026-06-18 12:35:00,63438.9,72891.3,63434.4,63441.1
2026-06-18 12:40:00,63504.2,72966.3,63511.2,63500.9
2026-06-18 12:45:00,63552.2,73021.5,63548.2,63554.1
2026-06-18 12:50:00,63687.9,73177.4,63717.9,63673.9
2026-06-18 12:55:00,63875.0,73392.3,63885.9,63869.8
2026-06-18 13:00:00,64277.8,73855.2,64208.4,64310.3
2026-06-18 13:05:00,64644.4,74276.5,64667.8,64633.5
2026-06-18 13:10:00,64948.3,74625.6,64929.6,64957.0
2026-06-18 13:15:00,65129.0,74833.2,65206.5,65092.7
2026-06-18 13:20:00,65283.4,75010.6,65359.1,65248.0
2026-06-18 13:25:00,65470.6,75225.7,65470.4,65470.7
2026-06-18 13:30:00,65730.5,75524.4,65652.1,65767.3
2026-06-18 13:35:00,65984.2,75815.8,65993.6,65979.8
2026-06-18 13:40:00,66120.7,75972.7,66109.8,66125.8
2026-06-18 13:45:00,66270.6,76144.9,66294.0,66259.7
2026-06-18 13:50:00,66373.0,76262.5,66367.8,66375.4
2026-06-18 13:55:00,66499.6,76408.0,66493.4,66502.4
2026-06-18 14:00:00,66550.2,76466.2,66568.5,66541.6
2026-06-18 14:05:00,66596.2,76519.1,66656.6,66568.0
2026-06-18 14:10:00,66710.9,76650.8,66689.5,66720.9
2026-06-18 14:15:00,66784.0,76734.8,66770.4,66790.4
2026-06-18 14:20:00,66860.2,76822.4,66855.1,66862.6
2026-06-18 14:25:00,66885.2,76851.1,66933.5,66862.6
2026-06-18 14:30:00,66925.6,76897.5,66918.5,66929.0
2026-06-18 14:35:00,66922.8,76894.4,66934.9,66917.2
2026-06-18 14:40:00,66911.9,76881.7,66936.7,66900.2
2026-06-18 14:45:00,66910.9,76880.6,66934.6,66899.7
2026-06-18 14:50:00,66898.5,76866.3,66914.8,66890.8
2026-06-18 14:55:00,66872.2,76836.2,66886.6,66865.5
2026-06-18 15:00:00,66740.3,76684.6,66846.6,66690.5
2026-06-18 15:05:00,66611.2,76536.2,66638.0,66598.6
2026-06-18 15:10:00,66695.8,76633.5,66665.8,66709.9
2026-06-18 15:15:00,66861.4,76823.8,66836.2,66873.3
2026-06-18 15:20:00,66973.9,76953.0,66999.4,66962.0
2026-06-18 15:25:00,67059.6,77051.5,67105.3,67038.2
2026-06-18 15:30:00,67101.0,77099.0,67180.8,67063.5
2026-06-18 15:35:00,67168.3,77176.4,67205.2,67151.1
2026-06-18 15:40:00,67209.0,77223.2,67288.9,67171.6
2026-06-18 15:45:00,67261.5,77283.4,67301.5,67242.7
2026-06-18 15:50:00,67291.3,77317.8,67289.0,67292.4
2026-06-18 15:55:00,67310.7,77340.0,67391.9,67272.6
2026-06-18 16:00:00,67278.0,77302.4,67310.0,67263.0
2026-06-18 16:05:00,67116.7,77117.1,67257.4,67050.8
2026-06-18 16:10:00,67197.2,77209.6,67238.6,67177.9
2026-06-18 16:15:00,67247.4,77267.3,67349.5,67199.6
2026-06-18 16:20:00,67278.0,77302.4,67336.9,67250.4
2026-06-18 16:25:00,67307.3,77336.1,67407.1,67260.6
2026-06-18 16:30:00,67323.2,77354.3,67386.1,67293.7
2026-06-18 16:35:00,67332.3,77364.9,67386.9,67306.8
2026-06-18 16:40:00,67392.7,77434.3,67376.9,67400.2
2026-06-18 16:45:00,67425.1,77471.4,67475.6,67401.4
2026-06-18 16:50:00,67452.5,77502.9,67432.3,67462.0
2026-06-18 16:55:00,67435.0,77482.8,67408.1,67447.5
2026-06-18 17:00:00,67337.4,77370.6,67323.1,67344.0
2026-06-18 17:05:00,67125.8,77127.6,67165.8,67107.1
2026-06-18 17:10:00,67217.4,77232.8,67172.7,67238.4
2026-06-18 17:15:00,67303.5,77331.7,67284.6,67312.4
2026-06-18 17:20:00,67319.5,77350.1,67340.8,67309.6
2026-06-18 17:25:00,67365.3,77402.7,67339.8,67377.2
2026-06-18 17:30:00,67353.3,77389.0,67329.4,67364.6
2026-06-18 17:35:00,67371.1,77409.4,67348.0,67381.9
2026-06-18 17:40:00,67360.1,77396.8,67332.4,67373.1
2026-06-18 17:45:00,67340.9,77374.7,67337.5,67342.5
2026-06-18 17:50:00,67312.5,77342.1,67307.6,67314.8
2026-06-18 17:55:00,67288.8,77314.9,67273.6,67296.0
2026-06-18 18:00:00,67259.4,77281.1,67266.7,67256.0
2026-06-18 18:05:00,67188.1,77199.2,67166.0,67198.5
2026-06-18 18:10:00,67252.4,77273.0,67268.5,67244.8
2026-06-18 18:15:00,67313.5,77343.2,67289.0,67325.0
2026-06-18 18:20:00,67373.3,77412.0,67354.1,67382.4
2026-06-18 18:25:00,67422.5,77468.5,67468.5,67401.0
2026-06-18 18:30:00,67493.3,77549.8,67479.4,67499.9
2026-06-18 18:35:00,67518.0,77578.1,67587.9,67485.2
2026-06-18 18:40:00,67504.1,77562.2,67573.0,67471.8
2026-06-18 18:45:00,67506.2,77564.7,67577.2,67473.0
2026-06-18 18:50:00,67469.7,77522.7,67541.6,67436.0
2026-06-18 18:55:00,67414.5,77459.2,67408.8,67417.1
2026-06-18 19:00:00,67391.3,77432.6,67343.6,67413.7
2026-06-18 19:05:00,67293.4,77320.1,67329.5,67276.5
2026-06-18 19:10:00,67311.0,77340.3,67323.1,67305.3
2026-06-18 19:15:00,67353.6,77389.2,67312.9,67372.6
2026-06-18 19:20:00,67348.2,77383.1,67303.8,67369.1
2026-06-18 19:25:00,67319.4,77350.0,67293.9,67331.3
2026-06-18 19:30:00,67303.3,77331.5,67268.9,67319.4
2026-06-18 19:35:00,67223.8,77240.1,67281.4,67196.8
2026-06-18 19:40:00,67190.7,77202.1,67169.3,67200.7
2026-06-18 19:45:00,67154.3,77160.3,67174.1,67145.0
2026-06-18 19:50:00,67091.9,77088.5,67058.0,67107.7
2026-06-18 19:55:00,67027.5,77014.6,67040.6,67021.3
2026-06-18 20:00:00,66889.8,76856.4,66887.2,66891.0
2026-06-18 20:05:00,66793.3,76745.5,66783.6,66797.9
2026-06-18 20:10:00,66715.0,76655.5,66722.8,66711.3
2026-06-18 20:15:00,66596.3,76519.1,66579.7,66604.0
2026-06-18 20:20:00,66482.7,76388.6,66468.0,66489.5
2026-06-18 20:25:00,66353.6,76240.3,66347.3,66356.5
2026-06-18 20:30:00,66184.3,76045.8,66222.2,66166.6
2026-06-18 20:35:00,66125.9,75978.7,66072.4,66151.0
2026-06-18 20:40:00,66068.6,75912.9,66079.4,66063.6
2026-06-18 20:45:00,66039.7,75879.6,65996.3,66060.0
2026-06-18 20:50:00,65930.9,75754.6,65971.2,65912.1
2026-06-18 20:55:00,65823.9,75631.6,65831.8,65820.2
2026-06-18 21:00:00,65546.2,75312.6,65624.1,65509.7
2026-06-18 21:05:00,65279.2,75005.8,65381.2,65231.4
2026-06-18 21:10:00,65114.3,74816.3,65113.4,65114.6
2026-06-18 21:15:00,64932.1,74606.9,64902.2,64946.1
2026-06-18 21:20:00,64727.1,74371.4,64715.9,64732.3
2026-06-18 21:25:00,64558.1,74177.3,64547.7,64563.0
2026-06-18 21:30:00,64383.8,73977.0,64358.2,64395.8
2026-06-18 21:35:00,64262.8,73838.0,64279.5,64255.0
