날짜시간,앙상블예측(MW),발전량기준(MW),XGB예측(MW),LGB예측(MW)
2026-05-19 21:40:00,66227.5,76095.4,66173.1,66253.0
2026-05-19 21:45:00,66041.4,75881.6,66084.6,66021.2
2026-05-19 21:50:00,65886.0,75703.0,65840.2,65907.5
2026-05-19 21:55:00,65661.1,75444.6,65638.2,65671.8
2026-05-19 22:00:00,65412.5,75159.0,65418.2,65409.9
2026-05-19 22:05:00,65341.6,75077.5,65336.4,65344.1
2026-05-19 22:10:00,65221.2,74939.2,65260.7,65202.8
2026-05-19 22:15:00,64992.0,74675.8,64978.5,64998.3
2026-05-19 22:20:00,64801.2,74456.5,64828.4,64788.4
2026-05-19 22:25:00,64592.6,74216.9,64546.7,64614.1
2026-05-19 22:30:00,64431.0,74031.2,64381.4,64454.3
2026-05-19 22:35:00,64307.2,73889.0,64264.2,64327.4
2026-05-19 22:40:00,64184.2,73747.7,64158.5,64196.3
2026-05-19 22:45:00,64020.8,73559.9,64069.2,63998.2
2026-05-19 22:50:00,63872.1,73389.1,63877.7,63869.5
2026-05-19 22:55:00,63701.7,73193.3,63719.1,63693.6
2026-05-19 23:00:00,63669.9,73156.7,63743.7,63635.2
2026-05-19 23:05:00,63994.4,73529.6,64025.3,63979.9
2026-05-19 23:10:00,63916.9,73440.5,63966.8,63893.6
2026-05-19 23:15:00,63805.7,73312.7,63747.5,63832.9
2026-05-19 23:20:00,63620.2,73099.6,63638.8,63611.5
2026-05-19 23:25:00,63371.2,72813.5,63424.7,63346.1
2026-05-19 23:30:00,63047.5,72441.6,63005.7,63067.1
2026-05-19 23:35:00,62712.3,72056.4,62721.2,62708.1
2026-05-19 23:40:00,62373.4,71667.0,62375.8,62372.2
2026-05-19 23:45:00,62006.0,71244.9,62005.8,62006.1
2026-05-19 23:50:00,61664.7,70852.8,61596.1,61696.8
2026-05-19 23:55:00,61168.2,70282.3,61244.1,61132.6
2026-05-20 00:00:00,60497.8,69512.0,60538.6,60478.7
2026-05-20 00:05:00,60350.6,69342.9,60355.0,60348.6
2026-05-20 00:10:00,60098.8,69053.5,60012.8,60139.1
2026-05-20 00:15:00,59872.0,68792.9,59825.3,59893.9
2026-05-20 00:20:00,59497.6,68362.7,59506.6,59493.3
2026-05-20 00:25:00,59190.6,68009.9,59202.4,59185.0
2026-05-20 00:30:00,58858.5,67628.4,58950.8,58815.2
2026-05-20 00:35:00,58614.2,67347.7,58597.8,58621.9
2026-05-20 00:40:00,58420.0,67124.6,58444.2,58408.7
2026-05-20 00:45:00,58236.2,66913.4,58236.0,58236.3
2026-05-20 00:50:00,58015.5,66659.8,58049.2,57999.8
2026-05-20 00:55:00,57821.7,66437.1,57779.6,57841.4
2026-05-20 01:00:00,57695.8,66292.4,57597.4,57741.9
2026-05-20 01:05:00,57602.0,66184.7,57592.2,57606.7
2026-05-20 01:10:00,57467.3,66029.9,57470.8,57465.7
2026-05-20 01:15:00,57350.6,65895.8,57369.4,57341.8
2026-05-20 01:20:00,57272.1,65805.7,57228.5,57292.5
2026-05-20 01:25:00,57185.8,65706.4,57182.3,57187.4
2026-05-20 01:30:00,57133.3,65646.2,57174.7,57113.9
2026-05-20 01:35:00,57062.3,65564.6,57082.0,57053.1
2026-05-20 01:40:00,56984.5,65475.2,56960.8,56995.6
2026-05-20 01:45:00,56909.1,65388.5,56873.7,56925.6
2026-05-20 01:50:00,56842.9,65312.5,56867.6,56831.3
2026-05-20 01:55:00,56765.3,65223.3,56787.0,56755.1
2026-05-20 02:00:00,56678.0,65123.0,56696.4,56669.3
2026-05-20 02:05:00,56664.6,65107.6,56647.5,56672.6
2026-05-20 02:10:00,56595.3,65028.0,56624.5,56581.6
2026-05-20 02:15:00,56571.5,65000.6,56550.1,56581.5
2026-05-20 02:20:00,56487.7,64904.4,56540.4,56463.0
2026-05-20 02:25:00,56455.5,64867.3,56444.5,56460.6
2026-05-20 02:30:00,56382.1,64783.0,56427.0,56361.1
2026-05-20 02:35:00,56370.9,64770.2,56358.6,56376.7
2026-05-20 02:40:00,56307.3,64697.1,56329.0,56297.1
2026-05-20 02:45:00,56280.4,64666.2,56244.7,56297.2
2026-05-20 02:50:00,56278.5,64664.0,56238.5,56297.3
2026-05-20 02:55:00,56281.7,64667.7,56236.5,56302.9
2026-05-20 03:00:00,56261.6,64644.6,56248.8,56267.7
2026-05-20 03:05:00,56237.1,64616.5,56310.3,56202.9
2026-05-20 03:10:00,56180.3,64551.2,56166.3,56186.9
2026-05-20 03:15:00,56192.2,64564.9,56163.6,56205.6
2026-05-20 03:20:00,56197.4,64570.8,56175.7,56207.6
2026-05-20 03:25:00,56200.1,64574.0,56177.5,56210.8
2026-05-20 03:30:00,56185.7,64557.4,56149.3,56202.8
2026-05-20 03:35:00,56211.1,64586.6,56176.0,56227.6
2026-05-20 03:40:00,56182.9,64554.2,56155.8,56195.6
2026-05-20 03:45:00,56184.1,64555.5,56159.3,56195.7
2026-05-20 03:50:00,56183.1,64554.4,56156.2,56195.7
2026-05-20 03:55:00,56185.9,64557.6,56155.8,56200.0
2026-05-20 04:00:00,56298.7,64687.2,56191.3,56349.0
2026-05-20 04:05:00,56439.9,64849.4,56383.0,56466.5
2026-05-20 04:10:00,56518.4,64939.7,56451.8,56549.6
2026-05-20 04:15:00,56593.8,65026.3,56535.0,56621.4
2026-05-20 04:20:00,56687.3,65133.7,56645.6,56706.9
2026-05-20 04:25:00,56761.2,65218.6,56713.5,56783.5
2026-05-20 04:30:00,56784.0,65244.8,56812.3,56770.7
2026-05-20 04:35:00,56922.0,65403.3,56896.6,56933.9
2026-05-20 04:40:00,56993.1,65485.1,57009.1,56985.6
2026-05-20 04:45:00,57039.9,65538.8,57006.5,57055.5
2026-05-20 04:50:00,57068.0,65571.1,57103.9,57051.2
2026-05-20 04:55:00,57129.0,65641.2,57101.9,57141.7
2026-05-20 05:00:00,57175.8,65695.0,57235.1,57148.0
2026-05-20 05:05:00,57355.7,65901.7,57329.0,57368.2
2026-05-20 05:10:00,57502.3,66070.2,57466.7,57519.0
2026-05-20 05:15:00,57612.3,66196.5,57637.0,57600.7
2026-05-20 05:20:00,57690.3,66286.2,57726.4,57673.4
2026-05-20 05:25:00,57777.9,66386.8,57824.7,57755.9
2026-05-20 05:30:00,57858.8,66479.8,57898.2,57840.4
2026-05-20 05:35:00,58017.9,66662.6,58063.9,57996.4
2026-05-20 05:40:00,58124.7,66785.2,58106.6,58133.1
2026-05-20 05:45:00,58227.5,66903.5,58182.3,58248.7
2026-05-20 05:50:00,58363.8,67060.0,58388.0,58352.5
2026-05-20 05:55:00,58486.4,67200.9,58503.8,58478.3
2026-05-20 06:00:00,58722.1,67471.7,58711.4,58727.1
2026-05-20 06:05:00,59152.8,67966.6,59146.9,59155.6
2026-05-20 06:10:00,59348.6,68191.6,59302.7,59370.1
2026-05-20 06:15:00,59554.6,68428.2,59593.0,59536.5
2026-05-20 06:20:00,59682.9,68575.7,59714.3,59668.2
2026-05-20 06:25:00,59776.0,68682.6,59807.5,59761.3
2026-05-20 06:30:00,59957.8,68891.6,59901.4,59984.3
2026-05-20 06:35:00,60136.7,69097.1,60154.9,60128.2
2026-05-20 06:40:00,60231.5,69205.9,60278.0,60209.7
2026-05-20 06:45:00,60366.8,69361.4,60381.9,60359.7
2026-05-20 06:50:00,60495.0,69508.8,60466.2,60508.5
2026-05-20 06:55:00,60610.2,69641.1,60668.6,60582.9
2026-05-20 07:00:00,60942.4,70022.8,60922.7,60951.6
2026-05-20 07:05:00,61493.8,70656.4,61382.1,61546.1
2026-05-20 07:10:00,61780.6,70985.9,61710.1,61813.7
2026-05-20 07:15:00,62057.4,71303.9,62044.4,62063.5
2026-05-20 07:20:00,62191.5,71458.1,62232.9,62172.2
2026-05-20 07:25:00,62332.6,71620.2,62351.1,62324.0
2026-05-20 07:30:00,62454.3,71760.0,62477.8,62443.3
2026-05-20 07:35:00,62624.8,71955.9,62639.1,62618.1
2026-05-20 07:40:00,62681.5,72021.0,62748.1,62650.3
2026-05-20 07:45:00,62783.0,72137.6,62806.6,62771.9
2026-05-20 07:50:00,62886.1,72256.2,62916.9,62871.8
2026-05-20 07:55:00,62996.2,72382.6,63026.1,62982.2
2026-05-20 08:00:00,63285.7,72715.3,63277.9,63289.3
2026-05-20 08:05:00,63794.1,73299.4,63687.3,63844.1
2026-05-20 08:10:00,64088.4,73637.5,64003.2,64128.2
2026-05-20 08:15:00,64361.4,73951.2,64374.3,64355.3
2026-05-20 08:20:00,64593.7,74218.2,64601.0,64590.3
2026-05-20 08:25:00,64898.1,74567.9,64811.5,64938.7
2026-05-20 08:30:00,65058.6,74752.4,65007.7,65082.5
2026-05-20 08:35:00,65257.8,74981.2,65270.2,65252.0
2026-05-20 08:40:00,65269.6,74994.8,65372.1,65221.6
2026-05-20 08:45:00,65324.6,75058.0,65343.2,65315.9
2026-05-20 08:50:00,65315.4,75047.3,65360.4,65294.2
2026-05-20 08:55:00,65295.5,75024.6,65339.1,65275.1
2026-05-20 09:00:00,65072.9,74768.8,65146.3,65038.6
2026-05-20 09:05:00,65002.9,74688.4,65063.2,64974.7
2026-05-20 09:10:00,64978.6,74660.4,64989.2,64973.6
2026-05-20 09:15:00,64996.4,74680.8,65033.2,64979.1
2026-05-20 09:20:00,64960.2,74639.3,64947.5,64966.2
2026-05-20 09:25:00,64895.1,74564.5,64930.4,64878.6
2026-05-20 09:30:00,64777.1,74428.9,64774.5,64778.4
2026-05-20 09:35:00,64725.3,74369.4,64702.5,64736.0
2026-05-20 09:40:00,64599.8,74225.2,64566.4,64615.4
2026-05-20 09:45:00,64507.1,74118.7,64457.8,64530.2
2026-05-20 09:50:00,64370.7,73962.0,64334.3,64387.8
2026-05-20 09:55:00,64175.9,73738.2,64209.6,64160.2
2026-05-20 10:00:00,63916.1,73439.6,63947.4,63901.5
2026-05-20 10:05:00,63956.1,73485.6,63926.5,63970.0
2026-05-20 10:10:00,64010.7,73548.3,63951.9,64038.2
2026-05-20 10:15:00,64235.7,73806.8,64151.2,64275.3
2026-05-20 10:20:00,64290.9,73870.3,64224.0,64322.2
2026-05-20 10:25:00,64338.2,73924.6,64275.8,64367.5
2026-05-20 10:30:00,64203.0,73769.3,64163.7,64221.5
2026-05-20 10:35:00,64143.7,73701.1,64091.4,64168.2
2026-05-20 10:40:00,64030.4,73570.9,63973.9,64056.8
2026-05-20 10:45:00,63920.4,73444.5,63884.5,63937.2
2026-05-20 10:50:00,63819.7,73328.8,63769.6,63843.2
2026-05-20 10:55:00,63735.3,73231.9,63680.3,63761.1
2026-05-20 11:00:00,63604.1,73081.1,63543.4,63632.5
2026-05-20 11:05:00,63469.8,72926.8,63456.5,63476.1
2026-05-20 11:10:00,63417.6,72866.8,63364.7,63442.4
2026-05-20 11:15:00,63327.0,72762.7,63297.7,63340.7
2026-05-20 11:20:00,63198.7,72615.3,63144.8,63223.9
2026-05-20 11:25:00,63054.0,72449.1,63065.5,63048.6
2026-05-20 11:30:00,62879.3,72248.3,62889.0,62874.8
2026-05-20 11:35:00,62731.4,72078.4,62739.9,62727.4
2026-05-20 11:40:00,62474.5,71783.2,62468.4,62477.4
2026-05-20 11:45:00,62253.2,71528.9,62184.2,62285.5
2026-05-20 11:50:00,61937.1,71165.7,61902.8,61953.1
2026-05-20 11:55:00,61519.6,70686.0,61562.1,61499.7
2026-05-20 12:00:00,60903.4,69978.0,60895.0,60907.4
2026-05-20 12:05:00,60882.9,69954.4,60892.6,60878.3
2026-05-20 12:10:00,60871.0,69940.8,60819.0,60895.4
2026-05-20 12:15:00,60825.8,69888.8,60778.6,60847.9
2026-05-20 12:20:00,60770.9,69825.8,60706.5,60801.1
2026-05-20 12:25:00,60680.2,69721.5,60699.5,60671.1
2026-05-20 12:30:00,60501.8,69516.6,60568.6,60470.6
2026-05-20 12:35:00,60436.1,69441.1,60500.5,60405.9
2026-05-20 12:40:00,60432.1,69436.4,60445.2,60425.9
2026-05-20 12:45:00,60491.8,69505.0,60520.3,60478.4
2026-05-20 12:50:00,60668.7,69708.3,60671.9,60667.2
2026-05-20 12:55:00,60910.5,69986.2,60895.9,60917.4
2026-05-20 13:00:00,61313.8,70449.5,61350.8,61296.5
2026-05-20 13:05:00,61771.2,70975.1,61747.0,61782.5
2026-05-20 13:10:00,62233.0,71505.8,62168.6,62263.2
2026-05-20 13:15:00,62515.2,71830.0,62477.6,62532.8
2026-05-20 13:20:00,62736.9,72084.7,62677.4,62764.7
2026-05-20 13:25:00,62968.9,72351.3,62916.3,62993.6
2026-05-20 13:30:00,63230.5,72651.8,63212.0,63239.2
2026-05-20 13:35:00,63510.3,72973.4,63544.0,63494.5
2026-05-20 13:40:00,63688.8,73178.4,63646.7,63708.5
2026-05-20 13:45:00,63862.1,73377.6,63839.6,63872.7
2026-05-20 13:50:00,64025.5,73565.3,63994.2,64040.2
2026-05-20 13:55:00,64177.2,73739.6,64200.2,64166.4
2026-05-20 14:00:00,64323.0,73907.1,64362.4,64304.5
2026-05-20 14:05:00,64445.3,74047.7,64449.0,64443.6
2026-05-20 14:10:00,64569.8,74190.7,64561.7,64573.6
2026-05-20 14:15:00,64691.0,74329.9,64750.1,64663.3
2026-05-20 14:20:00,64848.4,74510.8,64841.4,64851.6
2026-05-20 14:25:00,64953.9,74632.0,65018.1,64923.8
2026-05-20 14:30:00,65026.8,74715.8,65100.5,64992.3
2026-05-20 14:35:00,65116.6,74819.0,65092.6,65127.9
2026-05-20 14:40:00,65167.5,74877.5,65175.5,65163.8
2026-05-20 14:45:00,65228.6,74947.6,65266.8,65210.7
2026-05-20 14:50:00,65266.0,74990.6,65348.0,65227.6
2026-05-20 14:55:00,65313.5,75045.2,65318.8,65311.0
2026-05-20 15:00:00,65250.6,74973.0,65301.0,65227.0
2026-05-20 15:05:00,65190.5,74903.9,65309.2,65134.9
2026-05-20 15:10:00,65284.0,75011.3,65284.8,65283.6
2026-05-20 15:15:00,65465.0,75219.3,65466.7,65464.3
2026-05-20 15:20:00,65685.5,75472.6,65627.3,65712.7
2026-05-20 15:25:00,65891.0,75708.8,65860.4,65905.3
2026-05-20 15:30:00,66019.5,75856.4,66014.1,66022.0
2026-05-20 15:35:00,66138.1,75992.6,66237.2,66091.7
2026-05-20 15:40:00,66284.5,76160.9,66295.3,66279.4
2026-05-20 15:45:00,66495.2,76403.0,66442.7,66519.8
2026-05-20 15:50:00,66639.6,76568.9,66649.4,66635.0
2026-05-20 15:55:00,66780.0,76730.2,66803.7,66768.9
2026-05-20 16:00:00,66898.1,76865.9,66848.3,66921.4
2026-05-20 16:05:00,66888.2,76854.6,66938.7,66864.6
2026-05-20 16:10:00,67025.8,77012.6,67052.2,67013.4
2026-05-20 16:15:00,67143.5,77147.8,67159.4,67136.0
2026-05-20 16:20:00,67233.2,77250.9,67253.0,67223.9
2026-05-20 16:25:00,67323.9,77355.1,67353.9,67309.8
2026-05-20 16:30:00,67404.7,77448.0,67479.7,67369.5
2026-05-20 16:35:00,67500.5,77558.0,67571.6,67467.1
2026-05-20 16:40:00,67589.3,77660.1,67674.2,67549.5
2026-05-20 16:45:00,67737.3,77830.2,67784.9,67715.1
2026-05-20 16:50:00,67802.9,77905.5,67835.7,67787.5
2026-05-20 16:55:00,67828.0,77934.3,67810.5,67836.1
2026-05-20 17:00:00,67746.6,77840.8,67811.4,67716.2
2026-05-20 17:05:00,67617.1,77692.1,67643.6,67604.8
2026-05-20 17:10:00,67646.0,77725.2,67685.7,67627.4
2026-05-20 17:15:00,67741.2,77834.6,67703.5,67758.8
2026-05-20 17:20:00,67766.3,77863.5,67796.9,67752.0
2026-05-20 17:25:00,67840.7,77948.9,67825.0,67848.0
2026-05-20 17:30:00,67862.6,77974.1,67911.9,67839.5
2026-05-20 17:35:00,67939.7,78062.7,67923.1,67947.4
2026-05-20 17:40:00,67975.7,78104.1,68014.2,67957.7
2026-05-20 17:45:00,68047.6,78186.7,68017.0,68062.0
2026-05-20 17:50:00,68050.6,78190.1,68090.4,68031.9
2026-05-20 17:55:00,68027.3,78163.4,68054.4,68014.6
2026-05-20 18:00:00,68005.6,78138.4,68038.7,67990.1
2026-05-20 18:05:00,67872.0,77985.0,67866.8,67874.5
2026-05-20 18:10:00,67908.6,78027.0,67865.5,67928.9
2026-05-20 18:15:00,67972.8,78100.7,68021.4,67950.0
2026-05-20 18:20:00,68034.1,78171.1,68011.7,68044.5
2026-05-20 18:25:00,68082.7,78227.0,68128.1,68061.4
2026-05-20 18:30:00,68151.8,78306.5,68142.5,68156.2
2026-05-20 18:35:00,68169.4,78326.7,68225.9,68143.0
2026-05-20 18:40:00,68154.1,78309.1,68210.5,68127.8
2026-05-20 18:45:00,68156.6,78311.9,68215.6,68129.0
2026-05-20 18:50:00,68149.9,78304.3,68183.2,68134.4
2026-05-20 18:55:00,68123.6,78274.0,68147.2,68112.6
2026-05-20 19:00:00,68063.0,78204.4,67975.6,68103.9
2026-05-20 19:05:00,67967.1,78094.2,67952.0,67974.2
2026-05-20 19:10:00,67984.4,78114.1,67913.3,68017.8
2026-05-20 19:15:00,67989.7,78120.2,67909.9,68027.1
2026-05-20 19:20:00,67987.3,78117.4,67911.0,68023.0
2026-05-20 19:25:00,67980.5,78109.6,67904.6,68016.0
2026-05-20 19:30:00,67972.9,78100.8,67899.0,68007.4
2026-05-20 19:35:00,67977.2,78105.8,67913.1,68007.3
2026-05-20 19:40:00,67947.6,78071.8,67908.5,67966.0
2026-05-20 19:45:00,67879.2,77993.1,67914.2,67862.7
2026-05-20 19:50:00,67800.9,77903.2,67749.0,67825.2
2026-05-20 19:55:00,67692.8,77779.0,67639.8,67717.6
2026-05-20 20:00:00,67507.2,77565.8,67482.7,67518.7
2026-05-20 20:05:00,67299.0,77326.6,67354.8,67272.9
2026-05-20 20:10:00,67148.0,77153.1,67203.7,67121.9
2026-05-20 20:15:00,67039.2,77028.1,67001.2,67057.0
2026-05-20 20:20:00,66928.4,76900.7,66885.4,66948.5
2026-05-20 20:25:00,66796.5,76749.2,66771.1,66808.4
2026-05-20 20:30:00,66659.6,76591.9,66629.8,66673.6
2026-05-20 20:35:00,66460.6,76363.2,66531.4,66427.4
2026-05-20 20:40:00,66315.0,76196.0,66315.0,66315.0
2026-05-20 20:45:00,66108.5,75958.7,66141.1,66093.2
2026-05-20 20:50:00,65869.6,75684.2,65871.8,65868.5
2026-05-20 20:55:00,65660.9,75444.3,65662.1,65660.3
2026-05-20 21:00:00,65418.8,75166.2,65458.9,65400.0
2026-05-20 21:05:00,65240.3,74961.1,65286.3,65218.7
2026-05-20 21:10:00,65060.6,74754.6,65134.9,65025.8
2026-05-20 21:15:00,64939.0,74615.0,64907.6,64953.8
2026-05-20 21:20:00,64761.0,74410.4,64798.9,64743.2
2026-05-20 21:25:00,64590.2,74214.1,64621.3,64575.6
2026-05-20 21:30:00,64480.2,74087.7,64454.2,64492.3
2026-05-20 21:35:00,64347.5,73935.3,64368.7,64337.5
2026-05-20 21:40:00,64191.9,73756.5,64167.3,64203.4
2026-05-20 21:45:00,64026.3,73566.2,64080.6,64000.9
2026-05-20 21:50:00,63878.6,73396.5,63886.6,63874.9
2026-05-20 21:55:00,63711.2,73204.2,63733.6,63700.7
2026-05-20 22:00:00,63522.7,72987.5,63592.4,63490.0
2026-05-20 22:05:00,63569.6,73041.5,63607.7,63551.8
2026-05-20 22:10:00,63480.8,72939.5,63459.5,63490.8
2026-05-20 22:15:00,63349.1,72788.1,63347.3,63349.9
2026-05-20 22:20:00,63277.1,72705.4,63254.3,63287.7
2026-05-20 22:25:00,63141.7,72549.8,63129.8,63147.2
2026-05-20 22:30:00,62912.0,72285.8,62878.0,62927.9
2026-05-20 22:35:00,62789.5,72145.1,62762.1,62802.3
2026-05-20 22:40:00,62690.5,72031.4,62665.5,62702.2
2026-05-20 22:45:00,62587.2,71912.7,62579.8,62590.7
2026-05-20 22:50:00,62482.6,71792.5,62453.8,62496.1
2026-05-20 22:55:00,62376.8,71670.9,62385.7,62372.6
2026-05-20 23:00:00,62430.2,71732.3,62402.6,62443.1
2026-05-20 23:05:00,62870.1,72237.7,62887.8,62861.7
2026-05-20 23:10:00,62963.6,72345.2,62953.4,62968.3
2026-05-20 23:15:00,62851.3,72216.2,62875.5,62840.0
2026-05-20 23:20:00,62593.4,71919.8,62587.1,62596.3
2026-05-20 23:25:00,62359.4,71651.0,62364.0,62357.3
2026-05-20 23:30:00,61962.9,71195.4,61983.3,61953.4
2026-05-20 23:35:00,61605.2,70784.4,61585.0,61614.7
2026-05-20 23:40:00,61181.1,70297.1,61209.0,61168.0
2026-05-20 23:45:00,60805.5,69865.6,60809.1,60803.8
2026-05-20 23:50:00,60426.2,69429.8,60438.1,60420.7
2026-05-20 23:55:00,60006.7,68947.7,60006.9,60006.6
2026-05-21 00:00:00,59396.2,68246.3,59468.3,59362.5
2026-05-21 00:05:00,59135.3,67946.5,59211.0,59099.9
2026-05-21 00:10:00,58799.6,67560.7,58831.1,58784.8
2026-05-21 00:15:00,58488.9,67203.7,58526.8,58471.1
2026-05-21 00:20:00,58235.8,66913.0,58178.0,58262.9
2026-05-21 00:25:00,58026.7,66672.7,58009.3,58034.8
2026-05-21 00:30:00,57826.1,66442.2,57766.3,57854.1
2026-05-21 00:35:00,57634.2,66221.7,57564.1,57667.0
2026-05-21 00:40:00,57456.2,66017.2,57379.8,57492.0
2026-05-21 00:45:00,57214.3,65739.3,57204.8,57218.8
2026-05-21 00:50:00,57002.6,65496.0,57037.1,56986.5
2026-05-21 00:55:00,56830.2,65297.9,56866.9,56813.0
2026-05-21 01:00:00,56733.8,65187.1,56744.6,56728.7
2026-05-21 01:05:00,56724.2,65176.1,56715.3,56728.4
2026-05-21 01:10:00,56590.8,65022.9,56563.9,56603.4
2026-05-21 01:15:00,56508.1,64927.8,56479.0,56521.7
2026-05-21 01:20:00,56427.6,64835.3,56415.4,56433.2
2026-05-21 01:25:00,56345.2,64740.6,56308.4,56362.5
2026-05-21 01:30:00,56277.2,64662.5,56301.0,56266.1
2026-05-21 01:35:00,56265.6,64649.2,56241.9,56276.7
2026-05-21 01:40:00,56199.9,64573.7,56244.0,56179.2
2026-05-21 01:45:00,56168.4,64537.5,56134.4,56184.3
2026-05-21 01:50:00,56190.1,64562.4,56139.9,56213.6
2026-05-21 01:55:00,56197.1,64570.5,56140.7,56223.6
2026-05-21 02:00:00,56146.4,64512.2,56121.9,56157.9
2026-05-21 02:05:00,56119.4,64481.2,56168.0,56096.6
2026-05-21 02:10:00,56070.2,64424.7,56035.0,56086.8
2026-05-21 02:15:00,56093.5,64451.4,56045.6,56116.0
2026-05-21 02:20:00,56088.4,64445.6,56042.8,56109.8
2026-05-21 02:25:00,56057.4,64410.0,56045.8,56062.9
2026-05-21 02:30:00,56038.8,64388.6,56031.2,56042.3
2026-05-21 02:35:00,56007.9,64353.0,56051.6,55987.4
2026-05-21 02:40:00,55928.8,64262.1,55935.9,55925.4
2026-05-21 02:45:00,55880.0,64206.2,55941.6,55851.2
2026-05-21 02:50:00,55817.3,64134.1,55829.6,55811.6
2026-05-21 02:55:00,55741.4,64046.9,55811.7,55708.5
2026-05-21 03:00:00,55678.6,63974.8,55670.3,55682.6
2026-05-21 03:05:00,55635.3,63925.0,55620.7,55642.1
2026-05-21 03:10:00,55615.9,63902.6,55593.8,55626.2
2026-05-21 03:15:00,55613.5,63899.9,55590.5,55624.3
2026-05-21 03:20:00,55602.1,63886.8,55588.0,55608.7
2026-05-21 03:25:00,55605.8,63891.1,55591.2,55612.6
2026-05-21 03:30:00,55596.9,63880.9,55580.4,55604.7
2026-05-21 03:35:00,55563.3,63842.2,55606.3,55543.1
2026-05-21 03:40:00,55486.7,63754.2,55485.5,55487.2
2026-05-21 03:45:00,55480.8,63747.4,55496.8,55473.3
2026-05-21 03:50:00,55394.4,63648.2,55490.8,55349.2
2026-05-21 03:55:00,55358.3,63606.6,55368.4,55353.5
2026-05-21 04:00:00,55375.7,63626.7,55423.4,55353.4
2026-05-21 04:05:00,55503.3,63773.3,55502.1,55503.8
2026-05-21 04:10:00,55586.1,63868.4,55579.7,55589.0
2026-05-21 04:15:00,55620.1,63907.5,55675.9,55594.0
2026-05-21 04:20:00,55682.7,63979.5,55670.6,55688.4
2026-05-21 04:25:00,55691.0,63988.9,55679.0,55696.6
2026-05-21 04:30:00,55717.6,64019.6,55774.4,55691.1
2026-05-21 04:35:00,55814.1,64130.4,55816.3,55813.1
2026-05-21 04:40:00,55831.7,64150.6,55892.6,55803.1
2026-05-21 04:45:00,55898.1,64226.9,55891.4,55901.2
2026-05-21 04:50:00,55894.6,64222.9,55894.7,55894.6
2026-05-21 04:55:00,55908.5,64238.9,55893.3,55915.6
2026-05-21 05:00:00,55980.7,64321.8,56078.6,55934.7
2026-05-21 05:05:00,56156.4,64523.7,56159.1,56155.1
2026-05-21 05:10:00,56232.0,64610.6,56310.2,56195.3
2026-05-21 05:15:00,56313.5,64704.2,56295.7,56321.8
2026-05-21 05:20:00,56410.5,64815.7,56386.8,56421.7
2026-05-21 05:25:00,56507.4,64927.0,56503.4,56509.2
2026-05-21 05:30:00,56587.3,65018.8,56596.6,56582.9
2026-05-21 05:35:00,56776.9,65236.6,56762.5,56783.6
2026-05-21 05:40:00,56886.8,65363.0,56890.6,56885.1
2026-05-21 05:45:00,57003.3,65496.8,56949.0,57028.8
2026-05-21 05:50:00,57131.1,65643.6,57173.4,57111.3
2026-05-21 05:55:00,57258.7,65790.2,57254.7,57260.5
2026-05-21 06:00:00,57478.7,66043.0,57487.6,57474.5
2026-05-21 06:05:00,57877.5,66501.2,57901.0,57866.5
2026-05-21 06:10:00,58078.8,66732.5,58069.5,58083.1
2026-05-21 06:15:00,58254.8,66934.8,58255.6,58254.4
2026-05-21 06:20:00,58368.4,67065.2,58402.0,58352.6
2026-05-21 06:25:00,58468.5,67180.3,58502.4,58452.6
2026-05-21 06:30:00,58592.9,67323.3,58576.6,58600.6
2026-05-21 06:35:00,58862.4,67632.9,58855.4,58865.7
2026-05-21 06:40:00,59003.9,67795.5,58946.1,59031.0
2026-05-21 06:45:00,59113.8,67921.7,59145.2,59099.1
2026-05-21 06:50:00,59217.0,68040.4,59239.2,59206.7
2026-05-21 06:55:00,59377.7,68225.0,59335.6,59397.4
2026-05-21 07:00:00,59631.0,68516.0,59685.8,59605.3
2026-05-21 07:05:00,60129.4,69088.7,60107.5,60139.7
2026-05-21 07:10:00,60383.0,69380.1,60383.2,60382.9
2026-05-21 07:15:00,60642.4,69678.1,60637.6,60644.6
2026-05-21 07:20:00,60778.8,69834.8,60761.8,60786.7
2026-05-21 07:25:00,60887.1,69959.3,60942.0,60861.3
2026-05-21 07:30:00,60994.3,70082.4,60978.3,61001.8
2026-05-21 07:35:00,61175.5,70290.7,61159.1,61183.2
2026-05-21 07:40:00,61238.3,70362.8,61284.2,61216.7
2026-05-21 07:45:00,61340.3,70480.0,61378.8,61322.3
2026-05-21 07:50:00,61413.7,70564.3,61462.1,61391.1
2026-05-21 07:55:00,61460.0,70617.5,61453.7,61462.9
2026-05-21 08:00:00,61760.8,70963.1,61737.6,61771.7
2026-05-21 08:05:00,62317.3,71602.6,62223.0,62361.5
2026-05-21 08:10:00,62686.3,72026.6,62600.9,62726.3
2026-05-21 08:15:00,63031.6,72423.3,62966.5,63062.1
2026-05-21 08:20:00,63191.7,72607.3,63181.5,63196.5
2026-05-21 08:25:00,63424.2,72874.4,63378.1,63445.8
2026-05-21 08:30:00,63515.9,72979.8,63611.8,63471.0
2026-05-21 08:35:00,63699.2,73190.4,63738.4,63680.8
2026-05-21 08:40:00,63730.0,73225.8,63821.7,63687.0
2026-05-21 08:45:00,63738.5,73235.6,63807.8,63706.1
2026-05-21 08:50:00,63744.6,73242.5,63806.1,63715.8
2026-05-21 08:55:00,63719.8,73214.0,63789.3,63687.2
2026-05-21 09:00:00,63532.0,72998.2,63613.8,63493.6
2026-05-21 09:05:00,63524.3,72989.4,63606.4,63485.8
2026-05-21 09:10:00,63585.0,73059.1,63626.8,63565.4
2026-05-21 09:15:00,63603.5,73080.4,63642.2,63585.4
2026-05-21 09:20:00,63565.0,73036.2,63570.0,63562.6
2026-05-21 09:25:00,63550.9,73020.0,63540.6,63555.7
2026-05-21 09:30:00,63463.5,72919.6,63470.4,63460.3
2026-05-21 09:35:00,63406.7,72854.3,63392.5,63413.3
2026-05-21 09:40:00,63270.8,72698.2,63283.1,63265.1
2026-05-21 09:45:00,63158.7,72569.4,63168.6,63154.1
2026-05-21 09:50:00,63054.1,72449.1,63068.6,63047.3
2026-05-21 09:55:00,62910.2,72283.8,62913.8,62908.5
2026-05-21 10:00:00,62610.7,71939.7,62665.8,62584.9
2026-05-21 10:05:00,62529.1,71845.9,62599.6,62496.0
2026-05-21 10:10:00,62500.1,71812.6,62513.0,62494.1
2026-05-21 10:15:00,62600.4,71927.8,62621.3,62590.6
2026-05-21 10:20:00,62595.5,71922.2,62586.3,62599.8
2026-05-21 10:25:00,62556.4,71877.3,62569.6,62550.3
2026-05-21 10:30:00,62359.4,71651.0,62346.9,62365.3
2026-05-21 10:35:00,62206.1,71474.8,62194.1,62211.8
2026-05-21 10:40:00,62120.9,71376.9,62100.2,62130.6
2026-05-21 10:45:00,62033.1,71276.1,62033.8,62032.8
2026-05-21 10:50:00,61883.3,71103.9,61906.4,61872.4
2026-05-21 10:55:00,61722.5,70919.2,61718.3,61724.5
2026-05-21 11:00:00,61597.0,70775.0,61609.6,61591.1
2026-05-21 11:05:00,61441.4,70596.2,61463.2,61431.2
2026-05-21 11:10:00,61340.5,70480.2,61350.1,61336.0
2026-05-21 11:15:00,61264.0,70392.3,61260.4,61265.7
2026-05-21 11:20:00,61133.3,70242.1,61124.9,61137.2
2026-05-21 11:25:00,60993.7,70081.8,60909.2,61033.3
2026-05-21 11:30:00,60736.1,69785.8,60788.7,60711.5
2026-05-21 11:35:00,60508.3,69524.1,60514.6,60505.4
2026-05-21 11:40:00,60232.1,69206.7,60278.2,60210.6
2026-05-21 11:45:00,59967.6,68902.7,59999.3,59952.7
2026-05-21 11:50:00,59688.6,68582.2,59645.4,59708.8
2026-05-21 11:55:00,59290.6,68124.9,59263.8,59303.1
2026-05-21 12:00:00,58794.6,67555.0,58840.2,58773.3
2026-05-21 12:05:00,58770.6,67527.5,58769.2,58771.3
2026-05-21 12:10:00,58734.7,67486.2,58656.6,58771.3
2026-05-21 12:15:00,58633.8,67370.3,58649.7,58626.4
2026-05-21 12:20:00,58569.5,67296.3,58577.7,58565.6
2026-05-21 12:25:00,58478.1,67191.3,58455.9,58488.5
2026-05-21 12:30:00,58298.5,66985.0,58302.7,58296.5
2026-05-21 12:35:00,58222.2,66897.3,58228.9,58219.0
2026-05-21 12:40:00,58268.2,66950.2,58244.6,58279.3
2026-05-21 12:45:00,58304.4,66991.7,58357.0,58279.7
2026-05-21 12:50:00,58418.1,67122.4,58417.7,58418.4
2026-05-21 12:55:00,58597.2,67328.2,58659.9,58567.8
2026-05-21 13:00:00,59034.7,67830.9,58986.5,59057.3
2026-05-21 13:05:00,59416.0,68269.0,59337.0,59453.0
2026-05-21 13:10:00,59721.4,68619.9,59668.5,59746.1
2026-05-21 13:15:00,59952.3,68885.2,59948.6,59954.1
2026-05-21 13:20:00,60135.8,69096.1,60148.1,60130.1
2026-05-21 13:25:00,60340.9,69331.7,60355.4,60334.1
2026-05-21 13:30:00,60525.3,69543.5,60537.4,60519.6
2026-05-21 13:35:00,60757.9,69810.8,60797.6,60739.3
2026-05-21 13:40:00,60972.7,70057.7,60996.4,60961.6
2026-05-21 13:45:00,61126.3,70234.1,61174.8,61103.6
2026-05-21 13:50:00,61282.0,70413.0,61249.0,61297.4
2026-05-21 13:55:00,61412.6,70563.1,61420.2,61409.1
2026-05-21 14:00:00,61548.3,70719.0,61496.7,61572.5
2026-05-21 14:05:00,61627.9,70810.5,61701.3,61593.5
2026-05-21 14:10:00,61781.2,70986.5,61811.5,61766.9
2026-05-21 14:15:00,61960.1,71192.2,61968.6,61956.2
2026-05-21 14:20:00,62076.3,71325.6,62083.9,62072.7
2026-05-21 14:25:00,62191.5,71458.0,62190.6,62191.9
2026-05-21 14:30:00,62263.4,71540.7,62274.6,62258.2
2026-05-21 14:35:00,62335.1,71623.0,62340.0,62332.8
2026-05-21 14:40:00,62424.6,71725.9,62435.0,62419.7
2026-05-21 14:45:00,62506.5,71820.0,62538.7,62491.4
2026-05-21 14:50:00,62551.3,71871.5,62603.2,62527.0
2026-05-21 14:55:00,62599.6,71926.9,62592.9,62602.7
2026-05-21 15:00:00,62651.6,71986.7,62670.2,62642.9
2026-05-21 15:05:00,62644.7,71978.7,62681.0,62627.7
2026-05-21 15:10:00,62756.6,72107.3,62788.0,62741.9
2026-05-21 15:15:00,62977.5,72361.2,63045.4,62945.7
2026-05-21 15:20:00,63218.1,72637.6,63196.6,63228.2
2026-05-21 15:25:00,63436.7,72888.7,63418.7,63445.1
2026-05-21 15:30:00,63627.7,73108.2,63644.8,63619.7
2026-05-21 15:35:00,63760.2,73260.5,63857.5,63714.6
2026-05-21 15:40:00,63940.3,73467.4,63957.2,63932.4
2026-05-21 15:45:00,64131.2,73686.7,64128.9,64132.2
2026-05-21 15:50:00,64377.7,73969.9,64321.5,64404.0
2026-05-21 15:55:00,64566.8,74187.2,64575.1,64562.9
2026-05-21 16:00:00,64699.5,74339.7,64687.4,64705.2
2026-05-21 16:05:00,64733.2,74378.4,64759.2,64721.0
2026-05-21 16:10:00,64872.8,74538.8,64877.8,64870.4
2026-05-21 16:15:00,65055.3,74748.5,65068.1,65049.3
2026-05-21 16:20:00,65237.2,74957.5,65271.1,65221.3
2026-05-21 16:25:00,65395.1,75139.0,65458.6,65365.4
2026-05-21 16:30:00,65523.5,75286.5,65511.6,65529.1
2026-05-21 16:35:00,65697.7,75486.7,65758.8,65669.1
2026-05-21 16:40:00,65863.6,75677.3,65846.4,65871.7
2026-05-21 16:45:00,66023.8,75861.3,66026.2,66022.6
2026-05-21 16:50:00,66109.3,75959.6,66207.8,66063.1
2026-05-21 16:55:00,66194.3,76057.3,66162.4,66209.3
2026-05-21 17:00:00,66206.8,76071.7,66211.6,66204.6
2026-05-21 17:05:00,66096.2,75944.5,66149.9,66071.0
2026-05-21 17:10:00,66168.0,76027.0,66206.0,66150.2
2026-05-21 17:15:00,66292.3,76169.8,66311.8,66283.1
2026-05-21 17:20:00,66387.6,76279.3,66364.3,66398.5
2026-05-21 17:25:00,66483.3,76389.3,66480.1,66484.7
2026-05-21 17:30:00,66561.7,76479.4,66567.5,66559.0
2026-05-21 17:35:00,66624.3,76551.3,66670.3,66602.7
2026-05-21 17:40:00,66675.9,76610.6,66654.2,66686.1
2026-05-21 17:45:00,66752.0,76698.0,66758.3,66749.1
2026-05-21 17:50:00,66785.7,76736.7,66838.6,66760.9
2026-05-21 17:55:00,66823.3,76780.0,66801.6,66833.5
2026-05-21 18:00:00,66806.0,76760.1,66779.7,66818.3
2026-05-21 18:05:00,66713.5,76653.9,66724.8,66708.3
2026-05-21 18:10:00,66744.5,76689.5,66739.8,66746.7
2026-05-21 18:15:00,66792.2,76744.3,66861.7,66759.7
2026-05-21 18:20:00,66853.5,76814.7,66846.1,66857.0
2026-05-21 18:25:00,66896.3,76863.8,66943.0,66874.4
2026-05-21 18:30:00,66974.9,76954.2,66992.8,66966.5
2026-05-21 18:35:00,66980.2,76960.3,67069.3,66938.5
2026-05-21 18:40:00,66960.1,76937.1,67035.2,66924.9
2026-05-21 18:45:00,66962.5,76940.0,67040.3,66926.1
2026-05-21 18:50:00,66922.5,76894.0,67005.4,66883.7
2026-05-21 18:55:00,66868.5,76832.0,66876.5,66864.8
2026-05-21 19:00:00,66786.0,76737.1,66809.2,66775.1
2026-05-21 19:05:00,66723.4,76665.1,66709.0,66730.1
2026-05-21 19:10:00,66677.4,76612.4,66659.3,66686.0
2026-05-21 19:15:00,66682.6,76618.3,66654.9,66695.6
2026-05-21 19:20:00,66679.4,76614.6,66653.4,66691.5
2026-05-21 19:25:00,66673.8,76608.2,66646.3,66686.6
2026-05-21 19:30:00,66665.2,76598.3,66642.9,66675.6
2026-05-21 19:35:00,66625.7,76552.9,66655.7,66611.7
2026-05-21 19:40:00,66597.2,76520.2,66554.8,66617.0
2026-05-21 19:45:00,66609.9,76534.8,66560.6,66633.0
2026-05-21 19:50:00,66577.5,76497.6,66539.8,66595.2
2026-05-21 19:55:00,66556.2,76473.1,66497.2,66583.9
2026-05-21 20:00:00,66438.6,76337.9,66469.3,66424.2
2026-05-21 20:05:00,66339.8,76224.4,66366.2,66327.4
2026-05-21 20:10:00,66293.5,76171.2,66328.5,66277.0
2026-05-21 20:15:00,66258.0,76130.4,66207.9,66281.4
2026-05-21 20:20:00,66245.3,76115.8,66203.7,66264.8
2026-05-21 20:25:00,66181.6,76042.7,66183.2,66180.8
2026-05-21 20:30:00,66122.5,75974.7,66055.3,66154.0
2026-05-21 20:35:00,66076.6,75922.1,66090.4,66070.2
2026-05-21 20:40:00,66044.1,75884.7,65995.6,66066.9
2026-05-21 20:45:00,66017.2,75853.8,66001.3,66024.7
2026-05-21 20:50:00,65883.5,75700.1,65862.2,65893.4
2026-05-21 20:55:00,65780.0,75581.2,65733.8,65801.6
2026-05-21 21:00:00,65501.8,75261.6,65533.1,65487.2
2026-05-21 21:05:00,65242.1,74963.2,65270.7,65228.7
2026-05-21 21:10:00,65068.6,74763.8,65129.1,65040.2
2026-05-21 21:15:00,64959.2,74638.1,64918.0,64978.4
2026-05-21 21:20:00,64762.6,74412.2,64809.0,64740.8
2026-05-21 21:25:00,64590.1,74214.0,64627.7,64572.5
2026-05-21 21:30:00,64480.3,74087.9,64456.8,64491.3
2026-05-21 21:35:00,64354.4,73943.2,64371.1,64346.6
2026-05-21 21:40:00,64194.4,73759.4,64170.6,64205.6
2026-05-21 21:45:00,64073.6,73620.5,64079.4,64070.8
2026-05-21 21:50:00,63903.4,73425.0,63969.7,63872.3
2026-05-21 21:55:00,63729.0,73224.6,63794.9,63698.1
2026-05-21 22:00:00,63602.7,73079.4,63608.6,63599.9
2026-05-21 22:05:00,63614.8,73093.4,63606.9,63618.5
2026-05-21 22:10:00,63479.8,72938.3,63457.8,63490.1
2026-05-21 22:15:00,63342.2,72780.2,63333.8,63346.1
2026-05-21 22:20:00,63276.6,72704.8,63252.3,63288.0
2026-05-21 22:25:00,63138.4,72546.0,63126.1,63144.2
2026-05-21 22:30:00,62909.3,72282.8,62876.1,62924.8
2026-05-21 22:35:00,62784.8,72139.7,62754.0,62799.2
2026-05-21 22:40:00,62688.2,72028.8,62663.1,62700.0
2026-05-21 22:45:00,62584.9,71910.1,62577.4,62588.5
2026-05-21 22:50:00,62481.6,71791.4,62455.2,62494.0
2026-05-21 22:55:00,62371.1,71664.4,62372.4,62370.5
2026-05-21 23:00:00,62362.0,71653.9,62400.0,62344.2
2026-05-21 23:05:00,62746.8,72096.0,62792.6,62725.3
2026-05-21 23:10:00,62756.3,72107.0,62741.5,62763.2
2026-05-21 23:15:00,62605.1,71933.2,62699.5,62560.8
2026-05-21 23:20:00,62398.3,71695.7,62399.1,62397.9
2026-05-21 23:25:00,62168.5,71431.6,62167.0,62169.2
2026-05-21 23:30:00,61811.2,71021.0,61782.4,61824.7
2026-05-21 23:35:00,61425.6,70578.0,61379.7,61447.1
2026-05-21 23:40:00,61042.1,70137.4,61012.2,61056.2
2026-05-21 23:45:00,60691.8,69734.9,60698.1,60688.8
2026-05-21 23:50:00,60334.0,69323.8,60349.0,60327.0
2026-05-21 23:55:00,59887.4,68810.7,59874.4,59893.6
2026-05-22 00:00:00,59255.7,68084.8,59264.4,59251.6
2026-05-22 00:05:00,59056.3,67855.7,59103.7,59034.1
2026-05-22 00:10:00,58720.2,67469.5,58723.3,58718.8
2026-05-22 00:15:00,58415.1,67119.0,58428.3,58408.9
2026-05-22 00:20:00,58182.1,66851.2,58168.8,58188.3
2026-05-22 00:25:00,57966.2,66603.2,57900.3,57997.1
2026-05-22 00:30:00,57770.1,66377.8,57742.4,57783.1
2026-05-22 00:35:00,57551.6,66126.8,57546.1,57554.2
2026-05-22 00:40:00,57336.4,65879.6,57279.4,57363.1
2026-05-22 00:45:00,57074.1,65578.1,57114.6,57055.1
2026-05-22 00:50:00,56872.6,65346.6,56856.3,56880.3
2026-05-22 00:55:00,56719.6,65170.8,56678.0,56739.0
2026-05-22 01:00:00,56632.5,65070.7,56565.5,56663.8
2026-05-22 01:05:00,56575.8,65005.6,56537.2,56593.9
2026-05-22 01:10:00,56425.7,64833.2,56489.4,56395.9
2026-05-22 01:15:00,56317.7,64709.0,56281.7,56334.6
2026-05-22 01:20:00,56235.3,64614.4,56190.6,56256.3
2026-05-22 01:25:00,56153.3,64520.2,56098.7,56179.0
2026-05-22 01:30:00,56090.9,64448.4,56101.9,56085.7
2026-05-22 01:35:00,56063.5,64417.0,56030.1,56079.1
2026-05-22 01:40:00,56057.0,64409.5,56018.7,56075.0
2026-05-22 01:45:00,56076.3,64431.7,56027.3,56099.3
2026-05-22 01:50:00,56027.2,64375.2,55985.2,56046.9
2026-05-22 01:55:00,55980.5,64321.6,56005.4,55968.8
2026-05-22 02:00:00,55908.6,64239.0,55898.5,55913.3
2026-05-22 02:05:00,55896.5,64225.0,55964.3,55864.7
2026-05-22 02:10:00,55850.6,64172.3,55837.7,55856.6
2026-05-22 02:15:00,55817.3,64134.1,55817.1,55817.4
2026-05-22 02:20:00,55737.7,64042.7,55811.5,55703.2
2026-05-22 02:25:00,55700.4,63999.8,55695.9,55702.5
2026-05-22 02:30:00,55631.2,63920.2,55683.2,55606.8
2026-05-22 02:35:00,55607.5,63893.0,55591.4,55615.1
2026-05-22 02:40:00,55602.4,63887.2,55576.8,55614.4
2026-05-22 02:45:00,55592.7,63876.0,55582.5,55597.5
2026-05-22 02:50:00,55534.4,63809.1,55577.3,55514.4
2026-05-22 02:55:00,55499.8,63769.3,55472.4,55512.7
2026-05-22 03:00:00,55439.2,63699.7,55456.0,55431.3
2026-05-22 03:05:00,55387.3,63640.0,55395.9,55383.2
2026-05-22 03:10:00,55365.1,63614.5,55373.1,55361.4
2026-05-22 03:15:00,55286.9,63524.7,55370.2,55247.9
2026-05-22 03:20:00,55253.4,63486.2,55271.0,55245.2
2026-05-22 03:25:00,55257.0,63490.3,55267.4,55252.2
2026-05-22 03:30:00,55245.4,63477.0,55244.4,55245.9
2026-05-22 03:35:00,55207.1,63433.0,55269.4,55177.9
2026-05-22 03:40:00,55122.7,63336.0,55134.5,55117.2
2026-05-22 03:45:00,55072.2,63278.0,55139.8,55040.6
2026-05-22 03:50:00,55031.8,63231.5,55039.4,55028.2
2026-05-22 03:55:00,55034.9,63235.1,55039.1,55033.0
2026-05-22 04:00:00,55141.7,63357.9,55104.6,55159.1
2026-05-22 04:05:00,55281.0,63517.9,55268.6,55286.9
2026-05-22 04:10:00,55358.1,63606.5,55347.8,55362.9
2026-05-22 04:15:00,55389.0,63642.0,55434.8,55367.6
2026-05-22 04:20:00,55451.3,63713.6,55430.0,55461.4
2026-05-22 04:25:00,55459.1,63722.5,55436.8,55469.6
2026-05-22 04:30:00,55488.3,63756.1,55539.5,55464.4
2026-05-22 04:35:00,55598.4,63882.6,55587.7,55603.4
2026-05-22 04:40:00,55612.9,63899.2,55653.4,55593.9
2026-05-22 04:45:00,55679.9,63976.2,55653.8,55692.1
2026-05-22 04:50:00,55673.1,63968.4,55649.9,55683.9
2026-05-22 04:55:00,55702.8,64002.5,55648.9,55728.1
2026-05-22 05:00:00,55772.3,64082.4,55868.6,55727.2
2026-05-22 05:05:00,55901.3,64230.5,55933.6,55886.1
2026-05-22 05:10:00,55956.6,64294.2,55981.2,55945.1
2026-05-22 05:15:00,56096.3,64454.6,56067.7,56109.7
2026-05-22 05:20:00,56195.3,64568.4,56171.0,56206.7
2026-05-22 05:25:00,56293.6,64681.3,56284.4,56297.9
2026-05-22 05:30:00,56380.4,64781.1,56370.6,56385.0
2026-05-22 05:35:00,56561.2,64988.9,56512.8,56583.9
2026-05-22 05:40:00,56642.5,65082.3,56716.8,56607.7
2026-05-22 05:45:00,56727.9,65180.3,56782.1,56702.5
2026-05-22 05:50:00,56830.7,65298.5,56878.7,56808.2
2026-05-22 05:55:00,56965.3,65453.2,56967.2,56964.4
2026-05-22 06:00:00,57189.2,65710.3,57153.3,57206.0
2026-05-22 06:05:00,57602.4,66185.2,57589.4,57608.5
2026-05-22 06:10:00,57754.6,66360.0,57790.0,57738.0
2026-05-22 06:15:00,57936.3,66568.8,57941.4,57933.9
2026-05-22 06:20:00,58077.9,66731.6,58037.8,58096.8
2026-05-22 06:25:00,58202.1,66874.2,58212.3,58197.3
2026-05-22 06:30:00,58317.3,67006.6,58294.4,58328.1
2026-05-22 06:35:00,58497.3,67213.4,58518.0,58487.6
2026-05-22 06:40:00,58569.3,67296.1,58555.9,58575.5
2026-05-22 06:45:00,58754.4,67508.8,58706.1,58777.1
2026-05-22 06:50:00,58898.2,67674.0,58861.9,58915.2
2026-05-22 06:55:00,59027.7,67822.8,59045.2,59019.5
2026-05-22 07:00:00,59293.3,68128.0,59265.8,59306.2
2026-05-22 07:05:00,59696.2,68590.9,59694.2,59697.1
2026-05-22 07:10:00,59891.2,68814.9,59863.9,59903.9
2026-05-22 07:15:00,60104.3,69059.8,60053.4,60128.1
2026-05-22 07:20:00,60219.6,69192.3,60276.4,60192.9
2026-05-22 07:25:00,60354.3,69347.1,60367.7,60348.0
2026-05-22 07:30:00,60428.7,69432.6,60388.4,60447.7
2026-05-22 07:35:00,60537.9,69558.1,60580.2,60518.1
2026-05-22 07:40:00,60592.7,69621.0,60612.8,60583.3
2026-05-22 07:45:00,60698.4,69742.4,60687.8,60703.3
2026-05-22 07:50:00,60769.3,69824.0,60796.5,60756.6
2026-05-22 07:55:00,60834.2,69898.5,60871.9,60816.6
2026-05-22 08:00:00,61120.0,70226.9,61076.4,61140.5
2026-05-22 08:05:00,61544.3,70714.4,61485.4,61571.9
2026-05-22 08:10:00,61791.5,70998.5,61798.7,61788.2
2026-05-22 08:15:00,62081.2,71331.3,62034.4,62103.1
2026-05-22 08:20:00,62239.6,71513.3,62241.9,62238.5
2026-05-22 08:25:00,62433.9,71736.6,62451.1,62425.9
2026-05-22 08:30:00,62542.4,71861.2,62553.9,62537.0
2026-05-22 08:35:00,62667.6,72005.1,62689.7,62657.2
2026-05-22 08:40:00,62670.1,72008.0,62782.7,62617.4
2026-05-22 08:45:00,62711.5,72055.5,62719.8,62707.6
2026-05-22 08:50:00,62692.6,72033.8,62735.6,62672.5
2026-05-22 08:55:00,62689.5,72030.2,62709.8,62680.0
2026-05-22 09:00:00,62575.4,71899.1,62601.7,62563.0
2026-05-22 09:05:00,62574.0,71897.6,62646.5,62540.1
2026-05-22 09:10:00,62619.3,71949.6,62653.5,62603.3
2026-05-22 09:15:00,62637.1,71970.0,62667.5,62622.8
2026-05-22 09:20:00,62604.4,71932.4,62597.8,62607.5
2026-05-22 09:25:00,62550.0,71870.0,62557.2,62546.7
2026-05-22 09:30:00,62389.6,71685.6,62394.6,62387.2
2026-05-22 09:35:00,62340.8,71629.6,62346.2,62338.3
2026-05-22 09:40:00,62192.4,71459.1,62204.1,62186.9
2026-05-22 09:45:00,62064.6,71312.3,62057.5,62068.0
2026-05-22 09:50:00,61946.5,71176.5,61942.9,61948.1
2026-05-22 09:55:00,61849.7,71065.4,61843.6,61852.6
2026-05-22 10:00:00,61631.5,70814.6,61665.7,61615.5
2026-05-22 10:05:00,61688.9,70880.6,61720.1,61674.3
2026-05-22 10:10:00,61730.7,70928.6,61723.6,61734.1
2026-05-22 10:15:00,61842.7,71057.3,61926.4,61803.5
2026-05-22 10:20:00,61843.6,71058.3,61871.4,61830.6
2026-05-22 10:25:00,61822.9,71034.5,61856.1,61807.3
2026-05-22 10:30:00,61728.4,70925.9,61742.5,61721.8
2026-05-22 10:35:00,61675.0,70864.5,61685.2,61670.1
2026-05-22 10:40:00,61596.1,70773.9,61571.6,61607.6
2026-05-22 10:45:00,61474.6,70634.3,61487.6,61468.5
2026-05-22 10:50:00,61385.1,70531.5,61401.3,61377.5
2026-05-22 10:55:00,61273.4,70403.2,61315.5,61253.7
2026-05-22 11:00:00,61161.8,70274.9,61175.0,61155.6
2026-05-22 11:05:00,61021.0,70113.1,61093.1,60987.2
2026-05-22 11:10:00,60880.6,69951.9,60891.8,60875.5
2026-05-22 11:15:00,60711.8,69757.9,60775.4,60682.1
2026-05-22 11:20:00,60484.3,69496.5,60522.8,60466.3
2026-05-22 11:25:00,60302.3,69287.3,60340.5,60284.4
2026-05-22 11:30:00,60076.6,69028.0,60065.3,60081.8
2026-05-22 11:35:00,59916.7,68844.3,59829.5,59957.6
2026-05-22 11:40:00,59677.7,68569.7,59707.1,59663.9
2026-05-22 11:45:00,59383.8,68232.0,59438.7,59358.1
2026-05-22 11:50:00,59086.1,67889.9,59096.4,59081.2
2026-05-22 11:55:00,58676.4,67419.2,58713.7,58659.0
2026-05-22 12:00:00,58254.2,66934.1,58218.4,58271.0
2026-05-22 12:05:00,58225.3,66900.8,58204.3,58235.1
2026-05-22 12:10:00,58210.4,66883.7,58167.8,58230.3
2026-05-22 12:15:00,58090.4,66745.9,58086.0,58092.5
2026-05-22 12:20:00,57927.0,66558.2,58018.3,57884.3
2026-05-22 12:25:00,57830.3,66447.0,57847.2,57822.4
2026-05-22 12:30:00,57689.1,66284.7,57699.6,57684.1
2026-05-22 12:35:00,57613.2,66197.6,57694.2,57575.3
2026-05-22 12:40:00,57638.1,66226.2,57629.0,57642.4
2026-05-22 12:45:00,57738.3,66341.3,57705.2,57753.7
2026-05-22 12:50:00,57884.3,66509.0,57849.6,57900.5
2026-05-22 12:55:00,58079.0,66732.8,58111.4,58063.8
2026-05-22 13:00:00,58327.5,67018.3,58391.8,58297.3
2026-05-22 13:05:00,58560.8,67286.4,58665.6,58511.7
2026-05-22 13:10:00,58787.2,67546.5,58783.5,58788.9
2026-05-22 13:15:00,58942.5,67724.9,58971.4,58929.0
2026-05-22 13:20:00,59106.2,67913.0,59071.4,59122.5
2026-05-22 13:25:00,59252.2,68080.8,59272.1,59243.0
2026-05-22 13:30:00,59463.4,68323.5,59492.2,59449.9
2026-05-22 13:35:00,59659.3,68548.5,59726.9,59627.6
2026-05-22 13:40:00,59797.2,68707.0,59821.7,59785.7
2026-05-22 13:45:00,59965.7,68900.6,59928.2,59983.3
2026-05-22 13:50:00,60105.2,69060.8,60084.7,60114.7
2026-05-22 13:55:00,60217.7,69190.1,60292.2,60182.7
2026-05-22 14:00:00,60358.4,69351.8,60361.3,60357.0
2026-05-22 14:05:00,60471.5,69481.7,60451.6,60480.8
2026-05-22 14:10:00,60636.1,69670.9,60653.8,60627.8
2026-05-22 14:15:00,60846.6,69912.8,60759.5,60887.4
2026-05-22 14:20:00,60996.1,70084.5,60912.2,61035.3
2026-05-22 14:25:00,61124.2,70231.7,61128.1,61122.3
2026-05-22 14:30:00,61220.4,70342.3,61178.0,61240.3
2026-05-22 14:35:00,61334.9,70473.8,61284.3,61358.6
2026-05-22 14:40:00,61371.1,70515.4,61386.6,61363.9
2026-05-22 14:45:00,61434.2,70587.9,61488.4,61408.8
2026-05-22 14:50:00,61532.5,70700.9,61470.1,61561.8
2026-05-22 14:55:00,61638.6,70822.7,61652.8,61631.9
2026-05-22 15:00:00,61664.7,70852.7,61750.2,61624.6
2026-05-22 15:05:00,61714.0,70909.3,61754.3,61695.0
2026-05-22 15:10:00,61858.8,71075.7,61831.2,61871.7
2026-05-22 15:15:00,62081.6,71331.8,62078.2,62083.3
2026-05-22 15:20:00,62239.2,71512.8,62235.5,62240.9
2026-05-22 15:25:00,62421.5,71722.3,62446.1,62409.9
2026-05-22 15:30:00,62578.6,71902.9,62592.5,62572.1
2026-05-22 15:35:00,62735.4,72083.0,62765.6,62721.3
2026-05-22 15:40:00,62857.6,72223.4,62891.7,62841.6
2026-05-22 15:45:00,63123.6,72529.1,63109.1,63130.5
2026-05-22 15:50:00,63258.7,72684.2,63272.1,63252.4
2026-05-22 15:55:00,63459.5,72914.9,63442.1,63467.6
2026-05-22 16:00:00,63636.6,73118.5,63580.6,63662.9
2026-05-22 16:05:00,63720.0,73214.3,63751.0,63705.5
2026-05-22 16:10:00,63835.1,73346.5,63902.4,63803.5
2026-05-22 16:15:00,64042.0,73584.3,64045.9,64040.2
2026-05-22 16:20:00,64185.5,73749.2,64198.9,64179.3
2026-05-22 16:25:00,64363.4,73953.6,64403.8,64344.5
2026-05-22 16:30:00,64523.4,74137.4,64555.9,64508.3
2026-05-22 16:35:00,64694.9,74334.5,64666.6,64708.2
2026-05-22 16:40:00,64897.8,74567.6,64896.2,64898.6
2026-05-22 16:45:00,65048.6,74740.8,65046.5,65049.5
2026-05-22 16:50:00,65166.0,74875.7,65219.4,65141.0
2026-05-22 16:55:00,65266.7,74991.4,65281.2,65259.9
2026-05-22 17:00:00,65306.6,75037.3,65303.9,65307.8
2026-05-22 17:05:00,65211.8,74928.4,65238.6,65199.3
2026-05-22 17:10:00,65256.0,74979.2,65277.5,65245.9
2026-05-22 17:15:00,65294.6,75023.5,65393.0,65248.6
2026-05-22 17:20:00,65356.7,75094.9,65381.7,65345.1
2026-05-22 17:25:00,65377.7,75119.0,65463.9,65337.3
2026-05-22 17:30:00,65451.9,75204.3,65446.2,65454.6
2026-05-22 17:35:00,65493.3,75251.8,65558.0,65462.9
2026-05-22 17:40:00,65576.6,75347.5,65547.7,65590.1
2026-05-22 17:45:00,65680.3,75466.6,65664.7,65687.5
2026-05-22 17:50:00,65739.8,75535.0,65705.1,65756.0
2026-05-22 17:55:00,65747.7,75544.1,65782.3,65731.4
2026-05-22 18:00:00,65799.4,75603.5,65781.6,65807.7
2026-05-22 18:05:00,65729.6,75523.3,65719.8,65734.1
2026-05-22 18:10:00,65771.4,75571.3,65843.7,65737.5
2026-05-22 18:15:00,65845.2,75656.1,65870.5,65833.3
2026-05-22 18:20:00,65918.7,75740.6,65931.9,65912.6
2026-05-22 18:25:00,65971.2,75800.9,66055.4,65931.7
2026-05-22 18:30:00,66023.9,75861.4,66053.7,66009.9
2026-05-22 18:35:00,66049.7,75891.1,66147.3,66003.9
2026-05-22 18:40:00,66143.1,75998.5,66129.2,66149.7
2026-05-22 18:45:00,66148.9,76005.1,66197.4,66126.2
2026-05-22 18:50:00,66164.0,76022.4,66167.3,66162.5
2026-05-22 18:55:00,66143.3,75998.6,66134.6,66147.4
2026-05-22 19:00:00,66069.4,75913.7,66084.4,66062.3
2026-05-22 19:05:00,66003.6,75838.2,65979.1,66015.2
2026-05-22 19:10:00,65961.9,75790.2,65939.2,65972.5
2026-05-22 19:15:00,65966.0,75794.9,65923.9,65985.7
2026-05-22 19:20:00,65957.7,75785.3,65906.7,65981.5
2026-05-22 19:25:00,65943.9,75769.5,65899.4,65964.7
2026-05-22 19:30:00,65938.3,75763.1,65896.8,65957.7
2026-05-22 19:35:00,65888.4,75705.8,65909.2,65878.7
2026-05-22 19:40:00,65832.9,75642.0,65781.1,65857.2
2026-05-22 19:45:00,65784.5,75586.3,65783.1,65785.1
2026-05-22 19:50:00,65715.9,75507.6,65654.6,65744.6
2026-05-22 19:55:00,65621.6,75399.2,65539.8,65660.0
2026-05-22 20:00:00,65488.4,75246.1,65435.8,65512.9
2026-05-22 20:05:00,65345.4,75081.9,65311.0,65361.5
2026-05-22 20:10:00,65265.3,74989.8,65292.3,65252.6
2026-05-22 20:15:00,65238.4,74959.0,65192.0,65260.2
2026-05-22 20:20:00,65160.1,74869.0,65178.1,65151.7
2026-05-22 20:25:00,65064.5,74759.2,65054.6,65069.2
2026-05-22 20:30:00,65015.9,74703.3,64955.6,65044.2
2026-05-22 20:35:00,64925.1,74598.9,64887.2,64942.8
2026-05-22 20:40:00,64823.6,74482.3,64793.5,64837.6
2026-05-22 20:45:00,64722.3,74365.9,64737.7,64715.1
2026-05-22 20:50:00,64588.0,74211.6,64613.1,64576.2
2026-05-22 20:55:00,64490.2,74099.2,64496.8,64487.0
2026-05-22 21:00:00,64316.6,73899.8,64326.1,64312.2
2026-05-22 21:05:00,64167.1,73728.0,64175.8,64163.0
2026-05-22 21:10:00,64044.8,73587.4,64074.2,64031.0
2026-05-22 21:15:00,63899.7,73420.7,63892.2,63903.2
2026-05-22 21:20:00,63778.8,73281.8,63804.0,63767.0
2026-05-22 21:25:00,63678.3,73166.4,63633.3,63699.4
2026-05-22 21:30:00,63547.6,73016.2,63508.7,63565.8
2026-05-22 21:35:00,63416.2,72865.2,63411.4,63418.5
2026-05-22 21:40:00,63241.3,72664.2,63251.6,63236.4
2026-05-22 21:45:00,63088.7,72489.0,63135.8,63066.7
2026-05-22 21:50:00,62972.2,72355.1,62944.5,62985.2
2026-05-22 21:55:00,62867.2,72234.4,62845.7,62877.3
2026-05-22 22:00:00,62786.9,72142.1,62793.4,62783.8
2026-05-22 22:05:00,62936.3,72313.8,62914.1,62946.7
2026-05-22 22:10:00,62894.7,72266.1,62863.1,62909.6
2026-05-22 22:15:00,62831.4,72193.3,62786.7,62852.3
2026-05-22 22:20:00,62729.3,72075.9,62687.0,62749.0
2026-05-22 22:25:00,62606.2,71934.5,62563.6,62626.1
2026-05-22 22:30:00,62441.5,71745.2,62451.9,62436.6
2026-05-22 22:35:00,62288.3,71569.2,62286.0,62289.4
2026-05-22 22:40:00,62084.8,71335.5,62089.2,62082.8
2026-05-22 22:45:00,61854.2,71070.5,61856.8,61853.0
2026-05-22 22:50:00,61634.8,70818.4,61659.3,61623.3
2026-05-22 22:55:00,61453.9,70610.6,61494.1,61435.1
2026-05-22 23:00:00,61487.9,70649.6,61496.7,61483.7
2026-05-22 23:05:00,61813.6,71023.8,61845.2,61798.7
2026-05-22 23:10:00,61779.4,70984.5,61770.3,61783.7
2026-05-22 23:15:00,61541.7,70711.4,61596.0,61516.3
2026-05-22 23:20:00,61280.6,70411.4,61313.4,61265.3
2026-05-22 23:25:00,61005.3,70095.1,60976.7,61018.7
2026-05-22 23:30:00,60655.0,69692.6,60650.0,60657.3
2026-05-22 23:35:00,60355.5,69348.5,60317.7,60373.3
2026-05-22 23:40:00,60050.1,68997.6,60016.4,60065.9
2026-05-22 23:45:00,59729.0,68628.6,59743.5,59722.2
2026-05-22 23:50:00,59406.6,68258.2,59452.0,59385.3
2026-05-22 23:55:00,59022.2,67816.5,59017.5,59024.4
2026-05-23 00:00:00,58494.0,67209.6,58558.6,58463.7
2026-05-23 00:05:00,58292.2,66977.7,58257.5,58308.4
2026-05-23 00:10:00,58044.8,66693.5,57977.2,58076.5
2026-05-23 00:15:00,57788.3,66398.7,57769.4,57797.1
2026-05-23 00:20:00,57472.9,66036.3,57462.1,57477.9
2026-05-23 00:25:00,57153.4,65669.3,57197.6,57132.7
2026-05-23 00:30:00,56900.7,65379.0,56876.8,56912.0
2026-05-23 00:35:00,56659.2,65101.4,56647.3,56664.7
2026-05-23 00:40:00,56464.9,64878.2,56467.4,56463.8
2026-05-23 00:45:00,56272.3,64656.8,56283.7,56266.9
2026-05-23 00:50:00,56127.9,64490.9,56101.0,56140.5
2026-05-23 00:55:00,55901.9,64231.2,55962.7,55873.4
2026-05-23 01:00:00,55694.7,63993.2,55732.2,55677.2
2026-05-23 01:05:00,55551.3,63828.4,55604.0,55526.6
2026-05-23 01:10:00,55418.9,63676.3,55404.0,55425.9
2026-05-23 01:15:00,55326.4,63570.0,55264.4,55355.4
2026-05-23 01:20:00,55189.1,63412.2,55134.1,55214.8
2026-05-23 01:25:00,55037.4,63238.0,55017.7,55046.6
2026-05-23 01:30:00,54909.2,63090.6,54918.3,54904.9
2026-05-23 01:35:00,54804.1,62969.9,54812.4,54800.2
2026-05-23 01:40:00,54680.5,62827.9,54687.2,54677.4
2026-05-23 01:45:00,54543.7,62670.7,54528.9,54550.7
2026-05-23 01:50:00,54397.1,62502.3,54405.2,54393.3
2026-05-23 01:55:00,54242.6,62324.8,54237.2,54245.2
2026-05-23 02:00:00,54198.1,62273.6,54123.5,54233.0
2026-05-23 02:05:00,54193.3,62268.1,54178.7,54200.1
2026-05-23 02:10:00,54180.0,62252.9,54162.8,54188.1
2026-05-23 02:15:00,54094.7,62154.8,54162.4,54063.0
2026-05-23 02:20:00,54034.7,62085.9,54017.8,54042.7
2026-05-23 02:25:00,53937.6,61974.3,54017.3,53900.3
2026-05-23 02:30:00,53868.2,61894.5,53851.9,53875.8
2026-05-23 02:35:00,53777.4,61790.3,53873.6,53732.3
2026-05-23 02:40:00,53721.4,61725.9,53714.5,53724.7
2026-05-23 02:45:00,53712.9,61716.1,53707.1,53715.7
2026-05-23 02:50:00,53615.9,61604.7,53693.9,53579.3
2026-05-23 02:55:00,53572.2,61554.4,53556.8,53579.3
2026-05-23 03:00:00,53566.2,61547.6,53561.9,53568.2
2026-05-23 03:05:00,53595.4,61581.2,53583.6,53601.0
2026-05-23 03:10:00,53586.2,61570.6,53574.1,53591.9
2026-05-23 03:15:00,53588.5,61573.2,53577.6,53593.6
2026-05-23 03:20:00,53552.9,61532.2,53558.3,53550.3
2026-05-23 03:25:00,53556.6,61536.6,53561.8,53554.2
2026-05-23 03:30:00,53567.1,61548.6,53559.3,53570.8
2026-05-23 03:35:00,53585.7,61569.9,53577.1,53589.7
2026-05-23 03:40:00,53586.9,61571.3,53562.5,53598.3
2026-05-23 03:45:00,53588.2,61572.9,53566.6,53598.4
2026-05-23 03:50:00,53588.3,61572.9,53568.6,53597.5
2026-05-23 03:55:00,53592.6,61577.9,53568.3,53604.0
2026-05-23 04:00:00,53613.1,61601.4,53593.5,53622.3
2026-05-23 04:05:00,53642.7,61635.4,53624.0,53651.4
2026-05-23 04:10:00,53630.3,61621.2,53602.2,53643.4
2026-05-23 04:15:00,53631.4,61622.4,53596.3,53647.8
2026-05-23 04:20:00,53656.7,61651.6,53590.0,53688.0
2026-05-23 04:25:00,53635.2,61626.8,53596.7,53653.2
2026-05-23 04:30:00,53630.0,61620.9,53593.5,53647.1
2026-05-23 04:35:00,53652.3,61646.5,53613.0,53670.8
2026-05-23 04:40:00,53630.7,61621.7,53591.6,53649.1
2026-05-23 04:45:00,53629.5,61620.3,53590.8,53647.6
2026-05-23 04:50:00,53622.8,61612.5,53587.3,53639.4
2026-05-23 04:55:00,53618.7,61607.9,53586.3,53633.9
2026-05-23 05:00:00,53621.9,61611.6,53620.6,53622.5
2026-05-23 05:05:00,53671.7,61668.7,53653.0,53680.4
2026-05-23 05:10:00,53640.3,61632.7,53629.5,53645.3
2026-05-23 05:15:00,53637.4,61629.4,53616.1,53647.4
2026-05-23 05:20:00,53634.7,61626.3,53608.9,53646.8
2026-05-23 05:25:00,53635.1,61626.7,53610.7,53646.5
2026-05-23 05:30:00,53633.0,61624.3,53612.4,53642.7
2026-05-23 05:35:00,53669.0,61665.6,53640.6,53682.3
2026-05-23 05:40:00,53635.8,61627.6,53610.7,53647.6
2026-05-23 05:45:00,53635.2,61626.9,53608.2,53647.9
2026-05-23 05:50:00,53630.3,61621.2,53607.8,53640.8
2026-05-23 05:55:00,53624.9,61615.0,53605.2,53634.1
2026-05-23 06:00:00,53647.5,61641.0,53644.3,53649.0
2026-05-23 06:05:00,53739.7,61747.0,53701.0,53757.9
2026-05-23 06:10:00,53776.1,61788.7,53776.8,53775.8
2026-05-23 06:15:00,53767.4,61778.7,53763.6,53769.1
2026-05-23 06:20:00,53746.1,61754.3,53747.9,53745.3
2026-05-23 06:25:00,53747.2,61755.5,53752.0,53744.9
2026-05-23 06:30:00,53735.7,61742.4,53746.0,53731.0
2026-05-23 06:35:00,53754.9,61764.4,53769.0,53748.3
2026-05-23 06:40:00,53717.0,61720.9,53740.0,53706.3
2026-05-23 06:45:00,53718.5,61722.5,53743.9,53706.6
2026-05-23 06:50:00,53709.8,61712.5,53739.0,53696.1
2026-05-23 06:55:00,53644.2,61637.2,53785.6,53578.0
2026-05-23 07:00:00,53624.9,61615.1,53663.2,53607.0
2026-05-23 07:05:00,53697.3,61698.2,53716.6,53688.2
2026-05-23 07:10:00,53605.9,61593.1,53597.9,53609.6
2026-05-23 07:15:00,53604.0,61591.0,53607.2,53602.5
2026-05-23 07:20:00,53557.9,61538.0,53560.5,53556.7
2026-05-23 07:25:00,53549.4,61528.3,53548.8,53549.7
2026-05-23 07:30:00,53411.3,61369.6,53503.8,53368.0
2026-05-23 07:35:00,53396.2,61352.2,53392.7,53397.8
2026-05-23 07:40:00,53360.2,61310.9,53355.0,53362.7
2026-05-23 07:45:00,53263.2,61199.4,53350.0,53222.5
2026-05-23 07:50:00,53202.8,61130.0,53163.8,53221.1
2026-05-23 07:55:00,53158.4,61079.0,53169.2,53153.3
2026-05-23 08:00:00,53134.8,61051.8,53109.3,53146.7
2026-05-23 08:05:00,53228.4,61159.5,53174.4,53253.7
2026-05-23 08:10:00,53264.7,61201.2,53265.6,53264.3
2026-05-23 08:15:00,53270.7,61208.0,53289.7,53261.8
2026-05-23 08:20:00,53242.2,61175.3,53237.7,53244.3
2026-05-23 08:25:00,53278.3,61216.7,53252.2,53290.5
2026-05-23 08:30:00,53224.8,61155.2,53209.4,53231.9
2026-05-23 08:35:00,53240.7,61173.5,53227.1,53247.0
2026-05-23 08:40:00,53192.3,61117.9,53175.2,53200.3
2026-05-23 08:45:00,53195.3,61121.4,53184.5,53200.3
2026-05-23 08:50:00,53163.1,61084.4,53152.5,53168.1
2026-05-23 08:55:00,52993.0,60889.0,52986.0,52996.3
2026-05-23 09:00:00,52900.9,60783.1,52934.0,52885.4
2026-05-23 09:05:00,52851.6,60726.5,52813.4,52869.5
2026-05-23 09:10:00,52883.6,60763.2,52856.2,52896.4
2026-05-23 09:15:00,52898.7,60780.6,52888.8,52903.4
2026-05-23 09:20:00,52881.5,60760.9,52848.8,52896.9
2026-05-23 09:25:00,52884.5,60764.2,52854.3,52898.6
2026-05-23 09:30:00,52845.0,60718.9,52818.3,52857.6
2026-05-23 09:35:00,52863.4,60740.0,52831.1,52878.5
2026-05-23 09:40:00,52824.6,60695.5,52798.1,52837.0
2026-05-23 09:45:00,52721.6,60577.1,52808.2,52681.0
2026-05-23 09:50:00,52662.3,60509.0,52622.3,52681.1
2026-05-23 09:55:00,52645.1,60489.2,52614.1,52659.6
2026-05-23 10:00:00,52613.2,60452.6,52589.1,52624.5
2026-05-23 10:05:00,52567.1,60399.6,52538.8,52580.4
2026-05-23 10:10:00,52578.3,60412.5,52566.0,52584.1
2026-05-23 10:15:00,52625.4,60466.6,52658.2,52610.1
2026-05-23 10:20:00,52574.1,60407.6,52746.1,52493.5
2026-05-23 10:25:00,52498.7,60321.0,52554.0,52472.8
2026-05-23 10:30:00,52419.8,60230.4,52423.2,52418.2
2026-05-23 10:35:00,52317.6,60112.9,52450.1,52255.5
2026-05-23 10:40:00,52241.5,60025.5,52203.9,52259.2
2026-05-23 10:45:00,52248.0,60032.9,52224.0,52259.2
2026-05-23 10:50:00,52237.8,60021.2,52208.8,52251.4
2026-05-23 10:55:00,52200.9,59978.8,52199.8,52201.4
2026-05-23 11:00:00,52137.5,59906.0,52145.5,52133.8
2026-05-23 11:05:00,51976.9,59721.5,51958.8,51985.4
2026-05-23 11:10:00,51978.2,59722.9,51958.8,51987.3
2026-05-23 11:15:00,51984.5,59730.1,51971.3,51990.6
2026-05-23 11:20:00,51974.1,59718.2,51950.7,51985.1
2026-05-23 11:25:00,51789.9,59506.6,51911.6,51732.9
2026-05-23 11:30:00,51699.4,59402.7,51675.2,51710.8
2026-05-23 11:35:00,51574.6,59259.2,51515.7,51602.2
2026-05-23 11:40:00,51510.1,59185.1,51484.3,51522.2
2026-05-23 11:45:00,51323.7,58970.9,51256.9,51355.0
2026-05-23 11:50:00,51279.8,58920.5,51209.9,51312.6
2026-05-23 11:55:00,50957.1,58549.7,50944.1,50963.1
2026-05-23 12:00:00,50833.4,58407.5,50783.4,50856.7
2026-05-23 12:05:00,50816.0,58387.6,50940.4,50757.8
2026-05-23 12:10:00,50815.7,58387.3,50945.5,50754.9
2026-05-23 12:15:00,50814.3,58385.6,50933.8,50758.3
2026-05-23 12:20:00,50806.1,58376.2,50912.7,50756.1
2026-05-23 12:25:00,50747.1,58308.4,50673.1,50781.8
2026-05-23 12:30:00,50689.9,58242.7,50643.8,50711.5
2026-05-23 12:35:00,50724.1,58281.9,50689.8,50740.1
2026-05-23 12:40:00,50751.7,58313.7,50722.5,50765.3
2026-05-23 12:45:00,50744.8,58305.8,50729.4,50752.0
2026-05-23 12:50:00,50761.1,58324.5,50760.4,50761.4
2026-05-23 12:55:00,50767.4,58331.8,50726.0,50786.9
2026-05-23 13:00:00,50849.7,58426.3,50824.3,50861.6
2026-05-23 13:05:00,50933.2,58522.3,51070.0,50869.2
2026-05-23 13:10:00,51083.3,58694.7,51043.8,51101.7
2026-05-23 13:15:00,51136.1,58755.4,51249.9,51082.9
2026-05-23 13:20:00,51268.8,58907.8,51229.0,51287.4
2026-05-23 13:25:00,51292.4,58934.9,51272.4,51301.7
2026-05-23 13:30:00,51286.4,58928.1,51269.5,51294.4
2026-05-23 13:35:00,51298.9,58942.4,51284.6,51305.6
2026-05-23 13:40:00,51271.8,58911.2,51247.4,51283.2
2026-05-23 13:45:00,51264.3,58902.7,51242.0,51274.8
2026-05-23 13:50:00,51234.3,58868.2,51214.4,51243.7
2026-05-23 13:55:00,51256.6,58893.8,51218.8,51274.3
2026-05-23 14:00:00,51275.9,58916.1,51243.8,51291.0
2026-05-23 14:05:00,51251.6,58888.1,51211.6,51270.4
2026-05-23 14:10:00,51267.5,58906.4,51247.0,51277.1
2026-05-23 14:15:00,51271.0,58910.4,51253.5,51279.1
2026-05-23 14:20:00,51266.4,58905.1,51244.2,51276.8
2026-05-23 14:25:00,51277.7,58918.1,51254.3,51288.7
2026-05-23 14:30:00,51270.5,58909.8,51247.1,51281.4
2026-05-23 14:35:00,51274.4,58914.3,51249.3,51286.2
2026-05-23 14:40:00,51275.3,58915.3,51253.9,51285.3
2026-05-23 14:45:00,51276.7,58916.9,51259.8,51284.6
2026-05-23 14:50:00,51270.1,58909.4,51246.0,51281.4
2026-05-23 14:55:00,51262.5,58900.6,51238.8,51273.6
2026-05-23 15:00:00,51311.2,58956.6,51303.9,51314.7
2026-05-23 15:05:00,51389.0,59046.0,51505.4,51334.5
2026-05-23 15:10:00,51571.4,59255.5,51576.9,51568.8
2026-05-23 15:15:00,51797.3,59515.1,51828.3,51782.8
2026-05-23 15:20:00,52009.7,59759.1,52055.9,51988.1
2026-05-23 15:25:00,52246.0,60030.7,52297.1,52222.1
2026-05-23 15:30:00,52420.6,60231.3,52478.8,52393.3
2026-05-23 15:35:00,52494.9,60316.6,52700.5,52398.6
2026-05-23 15:40:00,52644.7,60488.8,52712.5,52613.0
2026-05-23 15:45:00,52886.8,60767.0,52918.4,52872.0
2026-05-23 15:50:00,53065.5,60972.2,53095.6,53051.4
2026-05-23 15:55:00,53285.1,61224.6,53263.3,53295.4
2026-05-23 16:00:00,53468.1,61434.9,53426.2,53487.8
2026-05-23 16:05:00,53576.1,61558.9,53573.6,53577.2
2026-05-23 16:10:00,53822.9,61842.5,53814.9,53826.6
2026-05-23 16:15:00,53955.0,61994.3,53976.4,53945.0
2026-05-23 16:20:00,54135.4,62201.6,54147.2,54129.9
2026-05-23 16:25:00,54257.7,62342.1,54312.2,54232.2
2026-05-23 16:30:00,54426.6,62536.1,54439.7,54420.4
2026-05-23 16:35:00,54631.1,62771.1,54594.1,54648.4
2026-05-23 16:40:00,54846.1,63018.1,54832.6,54852.4
2026-05-23 16:45:00,55047.2,63249.3,55116.3,55014.9
2026-05-23 16:50:00,55217.2,63444.6,55253.6,55200.2
2026-05-23 16:55:00,55352.2,63599.7,55333.9,55360.8
2026-05-23 17:00:00,55476.0,63741.9,55540.5,55445.7
2026-05-23 17:05:00,55532.6,63806.9,55595.5,55503.1
2026-05-23 17:10:00,55671.5,63966.6,55676.2,55669.3
2026-05-23 17:15:00,55815.2,64131.6,55792.3,55825.9
2026-05-23 17:20:00,55948.2,64284.5,56006.9,55920.7
2026-05-23 17:25:00,56201.1,64575.1,56161.3,56219.8
2026-05-23 17:30:00,56362.4,64760.4,56348.4,56369.0
2026-05-23 17:35:00,56527.0,64949.6,56575.6,56504.3
2026-05-23 17:40:00,56660.0,65102.3,56637.7,56670.5
2026-05-23 17:45:00,56781.3,65241.7,56818.5,56763.9
2026-05-23 17:50:00,56891.8,65368.7,56904.8,56885.8
2026-05-23 17:55:00,57031.9,65529.6,56972.2,57059.8
2026-05-23 18:00:00,57155.7,65671.9,57154.9,57156.1
2026-05-23 18:05:00,57229.8,65757.1,57159.9,57262.6
2026-05-23 18:10:00,57350.1,65895.2,57363.9,57343.6
2026-05-23 18:15:00,57508.5,66077.3,57455.1,57533.5
2026-05-23 18:20:00,57592.8,66174.2,57625.2,57577.7
2026-05-23 18:25:00,57732.9,66335.1,57754.7,57722.7
2026-05-23 18:30:00,57877.7,66501.4,57840.8,57894.9
2026-05-23 18:35:00,57962.2,66598.5,58017.3,57936.3
2026-05-23 18:40:00,58027.4,66673.5,58081.3,58002.2
2026-05-23 18:45:00,58095.8,66752.0,58094.5,58096.4
2026-05-23 18:50:00,58108.3,66766.5,58144.0,58091.6
2026-05-23 18:55:00,58198.7,66870.4,58173.4,58210.6
2026-05-23 19:00:00,58291.7,66977.2,58268.8,58302.5
2026-05-23 19:05:00,58355.6,67050.6,58279.9,58391.1
2026-05-23 19:10:00,58388.8,67088.8,58432.1,58368.5
2026-05-23 19:15:00,58408.9,67111.9,58412.2,58407.4
2026-05-23 19:20:00,58411.6,67114.9,58409.0,58412.8
2026-05-23 19:25:00,58431.5,67137.8,58490.1,58404.1
2026-05-23 19:30:00,58437.6,67144.8,58491.2,58412.5
2026-05-23 19:35:00,58424.5,67129.7,58468.5,58403.9
2026-05-23 19:40:00,58410.3,67113.4,58464.8,58384.7
2026-05-23 19:45:00,58412.3,67115.8,58468.6,58386.0
2026-05-23 19:50:00,58384.3,67083.6,58444.3,58356.2
2026-05-23 19:55:00,58343.0,67036.1,58371.0,58329.8
2026-05-23 20:00:00,58267.9,66949.8,58341.4,58233.5
2026-05-23 20:05:00,58154.7,66819.8,58201.8,58132.7
2026-05-23 20:10:00,58109.7,66768.1,58138.3,58096.4
2026-05-23 20:15:00,58074.9,66728.0,58029.7,58096.0
2026-05-23 20:20:00,58000.4,66642.5,58026.3,57988.3
2026-05-23 20:25:00,57934.7,66566.9,57944.6,57930.0
2026-05-23 20:30:00,57885.4,66510.3,57839.1,57907.1
2026-05-23 20:35:00,57842.3,66460.8,57861.7,57833.2
2026-05-23 20:40:00,57808.0,66421.4,57768.6,57826.4
2026-05-23 20:45:00,57756.3,66362.0,57766.2,57751.6
2026-05-23 20:50:00,57729.5,66331.2,57746.0,57721.8
2026-05-23 20:55:00,57699.8,66297.1,57673.5,57712.1
2026-05-23 21:00:00,57553.7,66129.1,57578.2,57542.1
2026-05-23 21:05:00,57489.0,66054.8,57412.8,57524.6
2026-05-23 21:10:00,57404.3,65957.5,57416.9,57398.4
2026-05-23 21:15:00,57330.9,65873.2,57322.7,57334.7
2026-05-23 21:20:00,57262.6,65794.7,57239.6,57273.4
2026-05-23 21:25:00,57197.2,65719.6,57176.2,57207.1
2026-05-23 21:30:00,57160.8,65677.7,57153.1,57164.4
2026-05-23 21:35:00,57101.5,65609.6,57054.2,57123.6
2026-05-23 21:40:00,57031.8,65529.5,57028.4,57033.3
2026-05-23 21:45:00,56938.7,65422.5,56967.3,56925.2
2026-05-23 21:50:00,56856.5,65328.1,56872.2,56849.1
2026-05-23 21:55:00,56752.3,65208.4,56792.1,56733.6
2026-05-23 22:00:00,56664.6,65107.6,56697.9,56649.0
2026-05-23 22:05:00,56665.3,65108.5,56718.5,56640.4
2026-05-23 22:10:00,56577.4,65007.5,56610.1,56562.1
2026-05-23 22:15:00,56534.2,64957.8,56494.9,56552.6
2026-05-23 22:20:00,56415.8,64821.7,56394.7,56425.6
2026-05-23 22:25:00,56314.8,64705.7,56275.9,56333.1
2026-05-23 22:30:00,56182.8,64554.1,56150.0,56198.2
2026-05-23 22:35:00,56123.1,64485.5,56094.1,56136.7
2026-05-23 22:40:00,56023.5,64371.0,55971.5,56047.8
2026-05-23 22:45:00,55973.2,64313.2,55984.8,55967.8
2026-05-23 22:50:00,55901.2,64230.5,55875.5,55913.2
2026-05-23 22:55:00,55775.7,64086.3,55744.2,55790.5
2026-05-23 23:00:00,55769.7,64079.4,55736.0,55785.5
2026-05-23 23:05:00,55914.7,64246.0,55926.3,55909.3
2026-05-23 23:10:00,55902.5,64232.0,55963.0,55874.3
2026-05-23 23:15:00,55764.4,64073.3,55738.5,55776.5
2026-05-23 23:20:00,55600.7,63885.2,55603.3,55599.4
2026-05-23 23:25:00,55480.0,63746.5,55476.1,55481.8
2026-05-23 23:30:00,55249.3,63481.4,55278.1,55235.8
2026-05-23 23:35:00,55083.8,63291.3,55066.2,55092.1
2026-05-23 23:40:00,54870.6,63046.3,54854.0,54878.4
2026-05-23 23:45:00,54607.9,62744.5,54690.8,54569.1
2026-05-23 23:50:00,54373.9,62475.7,54456.4,54335.3
2026-05-23 23:55:00,54131.4,62196.9,54118.9,54137.2
2026-05-24 00:00:00,53830.9,61851.7,53738.6,53874.2
2026-05-24 00:05:00,53570.9,61553.0,53506.9,53600.9
2026-05-24 00:10:00,53363.8,61315.1,53332.4,53378.6
2026-05-24 00:15:00,53165.2,61086.9,53144.1,53175.1
2026-05-24 00:20:00,52795.7,60662.3,52826.1,52781.5
2026-05-24 00:25:00,52498.8,60321.2,52495.8,52500.3
2026-05-24 00:30:00,52313.5,60108.2,52288.9,52325.0
2026-05-24 00:35:00,52070.8,59829.4,52059.4,52076.2
2026-05-24 00:40:00,51908.0,59642.3,51875.3,51923.4
2026-05-24 00:45:00,51703.5,59407.4,51655.6,51726.0
2026-05-24 00:50:00,51481.3,59152.0,51459.5,51491.4
2026-05-24 00:55:00,51283.4,58924.6,51227.8,51309.4
2026-05-24 01:00:00,51124.3,58741.8,51059.3,51154.7
2026-05-24 01:05:00,51122.5,58739.8,51075.2,51144.7
2026-05-24 01:10:00,51066.3,58675.1,51058.3,51070.0
2026-05-24 01:15:00,50863.6,58442.2,50837.9,50875.6
2026-05-24 01:20:00,50795.6,58364.2,50833.7,50777.8
2026-05-24 01:25:00,50612.2,58153.5,50601.1,50617.5
2026-05-24 01:30:00,50623.0,58165.8,50607.0,50630.5
2026-05-24 01:35:00,50648.8,58195.5,50614.2,50665.0
2026-05-24 01:40:00,50629.7,58173.5,50606.8,50640.4
2026-05-24 01:45:00,50654.8,58202.3,50612.0,50674.8
2026-05-24 01:50:00,50657.4,58205.3,50611.5,50678.8
2026-05-24 01:55:00,50641.3,58186.8,50612.6,50654.7
2026-05-24 02:00:00,50626.7,58170.1,50595.2,50641.4
2026-05-24 02:05:00,50653.4,58200.8,50624.6,50667.0
2026-05-24 02:10:00,50649.0,58195.7,50606.3,50669.0
2026-05-24 02:15:00,50589.1,58126.8,50604.4,50581.9
2026-05-24 02:20:00,50622.5,58165.2,50610.6,50628.0
2026-05-24 02:25:00,50625.4,58168.6,50614.9,50630.3
2026-05-24 02:30:00,50625.4,58168.6,50613.8,50630.8
2026-05-24 02:35:00,50632.0,58176.2,50622.0,50636.8
2026-05-24 02:40:00,50625.8,58169.0,50609.0,50633.6
2026-05-24 02:45:00,50627.3,58170.7,50613.6,50633.7
2026-05-24 02:50:00,50627.2,58170.7,50612.2,50634.3
2026-05-24 02:55:00,50623.2,58166.0,50610.1,50629.3
2026-05-24 03:00:00,50632.6,58176.9,50622.7,50637.3
2026-05-24 03:05:00,50657.0,58204.9,50636.2,50666.7
2026-05-24 03:10:00,50651.4,58198.4,50633.2,50659.9
2026-05-24 03:15:00,50651.1,58198.1,50630.8,50660.6
2026-05-24 03:20:00,50650.4,58197.4,50632.0,50659.1
2026-05-24 03:25:00,50655.9,58203.6,50634.5,50665.9
2026-05-24 03:30:00,50654.1,58201.6,50637.6,50661.9
2026-05-24 03:35:00,50670.3,58220.1,50647.8,50680.8
2026-05-24 03:40:00,50655.0,58202.6,50634.2,50664.7
2026-05-24 03:45:00,50656.3,58204.1,50638.3,50664.8
2026-05-24 03:50:00,50655.6,58203.3,50636.5,50664.6
2026-05-24 03:55:00,50659.9,58208.3,50636.1,50671.1
2026-05-24 04:00:00,50679.8,58231.0,50666.2,50686.1
2026-05-24 04:05:00,50704.5,58259.4,50688.6,50711.9
2026-05-24 04:10:00,50695.8,58249.5,50673.8,50706.1
2026-05-24 04:15:00,50694.4,58247.8,50667.1,50707.2
2026-05-24 04:20:00,50693.5,58246.8,50664.5,50707.1
2026-05-24 04:25:00,50699.0,58253.2,50670.2,50712.5
2026-05-24 04:30:00,50697.4,58251.3,50673.8,50708.5
2026-05-24 04:35:00,50716.0,58272.6,50686.1,50730.0
2026-05-24 04:40:00,50696.2,58249.9,50665.6,50710.5
2026-05-24 04:45:00,50694.9,58248.4,50664.9,50708.9
2026-05-24 04:50:00,50689.2,58241.9,50662.4,50701.7
2026-05-24 04:55:00,50687.6,58240.0,50662.7,50699.2
2026-05-24 05:00:00,50686.1,58238.3,50669.0,50694.1
2026-05-24 05:05:00,50727.1,58285.4,50691.7,50743.6
2026-05-24 05:10:00,50700.3,58254.7,50675.1,50712.1
2026-05-24 05:15:00,50697.9,58251.8,50668.5,50711.6
2026-05-24 05:20:00,50694.8,58248.3,50663.1,50709.6
2026-05-24 05:25:00,50694.8,58248.4,50664.0,50709.3
2026-05-24 05:30:00,50696.1,58249.8,50671.6,50707.6
2026-05-24 05:35:00,50728.5,58287.1,50693.4,50744.9
2026-05-24 05:40:00,50697.1,58251.0,50664.5,50712.5
2026-05-24 05:45:00,50696.6,58250.3,50661.9,50712.8
2026-05-24 05:50:00,50691.8,58244.9,50661.6,50705.9
2026-05-24 05:55:00,50690.6,58243.6,50660.2,50704.9
2026-05-24 06:00:00,50702.8,58257.5,50681.9,50712.5
2026-05-24 06:05:00,50769.1,58333.7,50730.6,50787.1
2026-05-24 06:10:00,50704.5,58259.5,50669.3,50721.0
2026-05-24 06:15:00,50699.5,58253.7,50662.7,50716.7
2026-05-24 06:20:00,50680.4,58231.8,50650.1,50694.6
2026-05-24 06:25:00,50681.0,58232.5,50652.8,50694.2
2026-05-24 06:30:00,50672.7,58222.9,50651.6,50682.5
2026-05-24 06:35:00,50688.2,58240.8,50668.3,50697.6
2026-05-24 06:40:00,50653.6,58201.0,50640.8,50659.6
2026-05-24 06:45:00,50655.1,58202.7,50644.6,50660.0
2026-05-24 06:50:00,50645.2,58191.4,50637.1,50649.0
2026-05-24 06:55:00,50643.8,58189.7,50634.7,50648.0
2026-05-24 07:00:00,50646.0,58192.3,50624.1,50656.3
2026-05-24 07:05:00,50709.9,58265.6,50680.3,50723.7
2026-05-24 07:10:00,50664.0,58212.9,50632.5,50678.7
2026-05-24 07:15:00,50665.4,58214.6,50646.4,50674.4
2026-05-24 07:20:00,50621.2,58163.7,50602.7,50629.9
2026-05-24 07:25:00,50612.3,58153.5,50589.6,50622.9
2026-05-24 07:30:00,50579.0,58115.3,50556.5,50589.6
2026-05-24 07:35:00,50464.2,57983.3,50597.4,50401.8
2026-05-24 07:40:00,50333.0,57832.6,50298.1,50349.3
2026-05-24 07:45:00,50294.4,57788.3,50296.7,50293.4
2026-05-24 07:50:00,50132.3,57602.0,50301.6,50053.0
2026-05-24 07:55:00,50048.0,57505.2,50036.6,50053.4
2026-05-24 08:00:00,50138.8,57609.5,50120.0,50147.6
2026-05-24 08:05:00,50206.3,57687.0,50173.7,50221.6
2026-05-24 08:10:00,50181.3,57658.3,50134.4,50203.2
2026-05-24 08:15:00,50187.3,57665.2,50159.1,50200.5
2026-05-24 08:20:00,50089.4,57552.7,50112.1,50078.8
2026-05-24 08:25:00,50085.2,57547.9,50090.3,50082.8
2026-05-24 08:30:00,50039.2,57495.0,50053.3,50032.6
2026-05-24 08:35:00,50074.0,57535.0,50088.0,50067.4
2026-05-24 08:40:00,50010.7,57462.3,50039.5,49997.2
2026-05-24 08:45:00,49864.4,57294.2,50023.9,49789.7
2026-05-24 08:50:00,49758.7,57172.8,49760.7,49757.8
2026-05-24 08:55:00,49747.3,57159.6,49753.6,49744.3
2026-05-24 09:00:00,49776.2,57192.8,49734.5,49795.7
2026-05-24 09:05:00,49819.3,57242.4,49772.7,49841.2
2026-05-24 09:10:00,49853.1,57281.2,49823.6,49866.9
2026-05-24 09:15:00,49862.5,57292.1,49850.6,49868.1
2026-05-24 09:20:00,49852.4,57280.4,49822.6,49866.3
2026-05-24 09:25:00,49854.8,57283.2,49826.6,49868.1
2026-05-24 09:30:00,49824.9,57248.9,49802.8,49835.3
2026-05-24 09:35:00,49841.8,57268.3,49814.1,49854.8
2026-05-24 09:40:00,49805.1,57226.0,49782.6,49815.6
2026-05-24 09:45:00,49808.4,57229.8,49792.7,49815.7
2026-05-24 09:50:00,49801.4,57221.8,49781.0,49810.9
2026-05-24 09:55:00,49801.4,57221.8,49773.4,49814.5
2026-05-24 10:00:00,49786.2,57204.4,49751.8,49802.4
2026-05-24 10:05:00,49908.3,57344.7,49852.6,49934.5
2026-05-24 10:10:00,49923.1,57361.6,49888.5,49939.3
2026-05-24 10:15:00,49947.2,57389.3,49956.0,49943.1
2026-05-24 10:20:00,49913.8,57351.0,49893.2,49923.5
2026-05-24 10:25:00,49896.2,57330.7,49882.1,49902.7
2026-05-24 10:30:00,49831.7,57256.6,49808.3,49842.6
2026-05-24 10:35:00,49845.4,57272.4,49822.5,49856.2
2026-05-24 10:40:00,49818.3,57241.3,49800.4,49826.7
2026-05-24 10:45:00,49821.3,57244.7,49809.6,49826.8
2026-05-24 10:50:00,49813.7,57235.9,49795.8,49822.1
2026-05-24 10:55:00,49814.2,57236.5,49787.8,49826.6
2026-05-24 11:00:00,49798.1,57218.0,49758.6,49816.6
2026-05-24 11:05:00,49814.5,57236.9,49764.1,49838.1
2026-05-24 11:10:00,49816.9,57239.6,49772.9,49837.5
2026-05-24 11:15:00,49821.1,57244.4,49784.6,49838.2
2026-05-24 11:20:00,49812.5,57234.5,49770.4,49832.1
2026-05-24 11:25:00,49823.5,57247.2,49777.3,49845.1
2026-05-24 11:30:00,49808.3,57229.8,49769.9,49826.3
2026-05-24 11:35:00,49821.9,57245.4,49784.0,49839.7
2026-05-24 11:40:00,49787.3,57205.6,49755.1,49802.4
2026-05-24 11:45:00,49785.7,57203.8,49754.7,49800.2
2026-05-24 11:50:00,49777.0,57193.8,49756.9,49786.5
2026-05-24 11:55:00,49785.9,57204.0,49748.8,49803.3
2026-05-24 12:00:00,49789.3,57207.9,49738.1,49813.2
2026-05-24 12:05:00,49882.1,57314.5,49833.1,49905.0
2026-05-24 12:10:00,49887.5,57320.7,49854.3,49903.0
2026-05-24 12:15:00,49883.2,57315.8,49841.9,49902.6
2026-05-24 12:20:00,49890.2,57323.8,49855.2,49906.5
2026-05-24 12:25:00,49893.6,57327.7,49856.6,49910.9
2026-05-24 12:30:00,49883.2,57315.8,49848.0,49899.7
2026-05-24 12:35:00,49894.1,57328.3,49862.9,49908.7
2026-05-24 12:40:00,49920.7,57358.9,49896.6,49932.0
2026-05-24 12:45:00,49929.3,57368.7,49904.5,49940.9
2026-05-24 12:50:00,49951.9,57394.8,49942.7,49956.3
2026-05-24 12:55:00,49960.2,57404.3,49953.2,49963.5
2026-05-24 13:00:00,50069.1,57529.5,50022.7,50090.9
2026-05-24 13:05:00,50300.9,57795.8,50265.8,50317.4
2026-05-24 13:10:00,50367.1,57871.8,50480.0,50314.2
2026-05-24 13:15:00,50514.9,58041.6,50487.8,50527.6
2026-05-24 13:20:00,50506.3,58031.7,50466.9,50524.7
2026-05-24 13:25:00,50521.3,58049.0,50483.2,50539.1
2026-05-24 13:30:00,50518.4,58045.6,50484.2,50534.4
2026-05-24 13:35:00,50529.6,58058.5,50499.0,50543.9
2026-05-24 13:40:00,50503.0,58028.0,50463.7,50521.5
2026-05-24 13:45:00,50501.0,58025.7,50464.7,50518.0
2026-05-24 13:50:00,50570.9,58106.0,50489.8,50608.9
2026-05-24 13:55:00,50656.1,58203.9,50757.3,50608.7
2026-05-24 14:00:00,50810.3,58381.1,50755.6,50836.0
2026-05-24 14:05:00,50747.7,58309.1,50704.2,50768.0
2026-05-24 14:10:00,50770.4,58335.1,50747.8,50780.9
2026-05-24 14:15:00,50770.0,58334.7,50750.9,50778.9
2026-05-24 14:20:00,50808.0,58378.4,50741.3,50839.2
2026-05-24 14:25:00,50822.4,58394.9,50760.9,50851.2
2026-05-24 14:30:00,50891.8,58474.6,50988.6,50846.4
2026-05-24 14:35:00,51007.6,58607.7,51009.2,51006.8
2026-05-24 14:40:00,51066.9,58675.9,51013.5,51091.9
2026-05-24 14:45:00,51140.0,58759.8,51244.0,51091.2
2026-05-24 14:50:00,51279.4,58920.0,51231.5,51301.8
2026-05-24 14:55:00,51271.8,58911.3,51251.8,51281.2
2026-05-24 15:00:00,51324.7,58972.1,51320.8,51326.6
2026-05-24 15:05:00,51529.2,59207.0,51519.0,51533.9
2026-05-24 15:10:00,51661.7,59359.3,51806.2,51594.0
2026-05-24 15:15:00,51833.4,59556.6,51843.1,51828.9
2026-05-24 15:20:00,52032.0,59784.8,52053.5,52021.9
2026-05-24 15:25:00,52284.9,60075.4,52310.9,52272.7
2026-05-24 15:30:00,52454.5,60270.2,52495.3,52435.4
2026-05-24 15:35:00,52665.6,60512.7,52716.0,52642.0
2026-05-24 15:40:00,52859.3,60735.3,52898.4,52841.0
2026-05-24 15:45:00,53061.3,60967.5,53076.4,53054.3
2026-05-24 15:50:00,53291.3,61231.7,53267.1,53302.6
2026-05-24 15:55:00,53446.5,61410.0,53446.7,53446.4
2026-05-24 16:00:00,53661.8,61657.4,53629.4,53677.0
2026-05-24 16:05:00,53772.3,61784.4,53750.2,53782.7
2026-05-24 16:10:00,53980.6,62023.7,53971.5,53984.8
2026-05-24 16:15:00,54142.2,62209.4,54156.5,54135.6
2026-05-24 16:20:00,54260.9,62345.8,54305.3,54240.1
2026-05-24 16:25:00,54468.0,62583.8,54457.7,54472.9
2026-05-24 16:30:00,54653.4,62796.8,54691.8,54635.4
2026-05-24 16:35:00,54842.9,63014.5,54834.0,54847.1
2026-05-24 16:40:00,55004.8,63200.5,54996.7,55008.6
2026-05-24 16:45:00,55227.4,63456.3,55276.4,55204.5
2026-05-24 16:50:00,55357.9,63606.3,55334.5,55368.9
2026-05-24 16:55:00,55514.1,63785.7,55567.6,55489.1
2026-05-24 17:00:00,55687.3,63984.7,55663.9,55698.3
2026-05-24 17:05:00,55747.2,64053.5,55799.6,55722.6
2026-05-24 17:10:00,55928.9,64262.3,55881.2,55951.2
2026-05-24 17:15:00,56037.4,64386.9,56098.4,56008.8
2026-05-24 17:20:00,56212.4,64588.0,56234.0,56202.2
2026-05-24 17:25:00,56333.7,64727.4,56321.8,56339.2
2026-05-24 17:30:00,56485.2,64901.5,56472.8,56491.0
2026-05-24 17:35:00,56652.2,65093.4,56636.4,56659.6
2026-05-24 17:40:00,56773.0,65232.2,56810.5,56755.5
2026-05-24 17:45:00,56897.5,65375.3,56923.3,56885.5
2026-05-24 17:50:00,57037.5,65536.1,56980.5,57064.2
2026-05-24 17:55:00,57134.9,65648.0,57154.9,57125.5
2026-05-24 18:00:00,57213.4,65738.2,57265.3,57189.1
2026-05-24 18:05:00,57311.7,65851.1,57300.1,57317.1
2026-05-24 18:10:00,57426.2,65982.7,57425.2,57426.7
2026-05-24 18:15:00,57514.6,66084.2,57508.9,57517.2
2026-05-24 18:20:00,57594.9,66176.6,57619.4,57583.5
2026-05-24 18:25:00,57710.8,66309.8,57740.7,57696.8
2026-05-24 18:30:00,57791.5,66402.4,57855.5,57761.5
2026-05-24 18:35:00,57835.9,66453.5,57901.0,57805.4
2026-05-24 18:40:00,57894.3,66520.6,57887.6,57897.5
2026-05-24 18:45:00,57914.0,66543.1,58003.1,57872.2
2026-05-24 18:50:00,57987.2,66627.3,57974.3,57993.3
2026-05-24 18:55:00,58047.0,66696.0,58114.3,58015.5
2026-05-24 19:00:00,58139.6,66802.4,58122.6,58147.6
2026-05-24 19:05:00,58189.7,66860.0,58203.1,58183.4
2026-05-24 19:10:00,58222.4,66897.5,58240.5,58213.9
2026-05-24 19:15:00,58250.9,66930.3,58224.3,58263.4
2026-05-24 19:20:00,58250.6,66930.0,58301.5,58226.8
2026-05-24 19:25:00,58235.3,66912.3,58308.1,58201.1
2026-05-24 19:30:00,58243.3,66921.5,58303.5,58215.0
2026-05-24 19:35:00,58233.5,66910.3,58294.0,58205.1
2026-05-24 19:40:00,58235.8,66913.0,58287.1,58211.9
2026-05-24 19:45:00,58238.8,66916.4,58297.8,58211.2
2026-05-24 19:50:00,58215.6,66889.7,58259.7,58194.9
2026-05-24 19:55:00,58173.9,66841.8,58168.0,58176.7
2026-05-24 20:00:00,58118.8,66778.5,58124.2,58116.3
2026-05-24 20:05:00,58073.2,66726.1,58016.8,58099.6
2026-05-24 20:10:00,58003.7,66646.2,58041.6,57985.9
2026-05-24 20:15:00,57928.9,66560.3,57944.8,57921.4
2026-05-24 20:20:00,57890.6,66516.3,57852.8,57908.3
2026-05-24 20:25:00,57833.5,66450.7,57848.0,57826.7
2026-05-24 20:30:00,57784.5,66394.4,57745.9,57802.6
2026-05-24 20:35:00,57749.4,66354.1,57765.1,57742.1
2026-05-24 20:40:00,57741.8,66345.3,57759.0,57733.7
2026-05-24 20:45:00,57720.2,66320.6,57688.8,57735.0
2026-05-24 20:50:00,57698.6,66295.7,57653.4,57719.8
2026-05-24 20:55:00,57659.7,66251.0,57655.0,57661.9
2026-05-24 21:00:00,57551.2,66126.3,57554.6,57549.6
2026-05-24 21:05:00,57470.2,66033.3,57386.1,57509.6
2026-05-24 21:10:00,57398.8,65951.2,57410.9,57393.1
2026-05-24 21:15:00,57323.0,65864.2,57324.1,57322.5
2026-05-24 21:20:00,57264.8,65797.3,57242.9,57275.1
2026-05-24 21:25:00,57196.3,65718.5,57169.6,57208.8
2026-05-24 21:30:00,57124.5,65636.0,57147.8,57113.5
2026-05-24 21:35:00,57021.5,65517.7,57043.4,57011.2
2026-05-24 21:40:00,56911.1,65390.8,56934.8,56900.0
2026-05-24 21:45:00,56838.5,65307.5,56864.1,56826.5
2026-05-24 21:50:00,56751.8,65207.9,56774.0,56741.5
2026-05-24 21:55:00,56660.7,65103.2,56700.3,56642.2
2026-05-24 22:00:00,56536.9,64960.9,56583.1,56515.3
2026-05-24 22:05:00,56530.0,64953.0,56545.0,56523.0
2026-05-24 22:10:00,56436.5,64845.6,56435.2,56437.1
2026-05-24 22:15:00,56328.3,64721.2,56291.9,56345.3
2026-05-24 22:20:00,56217.0,64593.4,56198.7,56225.6
2026-05-24 22:25:00,56105.8,64465.6,56073.2,56121.1
2026-05-24 22:30:00,55975.0,64315.2,55931.3,55995.4
2026-05-24 22:35:00,55874.2,64199.4,55856.7,55882.4
2026-05-24 22:40:00,55800.8,64115.2,55767.9,55816.3
2026-05-24 22:45:00,55682.3,63979.0,55724.8,55662.5
2026-05-24 22:50:00,55559.7,63838.1,55496.1,55589.6
2026-05-24 22:55:00,55444.4,63705.6,55403.7,55463.4
2026-05-24 23:00:00,55394.7,63648.5,55397.0,55393.6
2026-05-24 23:05:00,55571.9,63852.1,55581.2,55567.5
2026-05-24 23:10:00,55500.8,63770.5,55485.4,55508.1
2026-05-24 23:15:00,55394.3,63648.1,55351.6,55414.3
2026-05-24 23:20:00,55241.0,63471.9,55217.4,55252.1
2026-05-24 23:25:00,55031.3,63231.0,55094.3,55001.8
2026-05-24 23:30:00,54815.3,62982.8,54819.4,54813.4
2026-05-24 23:35:00,54602.7,62738.5,54535.8,54634.0
2026-05-24 23:40:00,54348.8,62446.8,54435.3,54308.3
2026-05-24 23:45:00,54187.0,62260.9,54144.3,54207.1
2026-05-24 23:50:00,53910.9,61943.7,53970.6,53883.0
2026-05-24 23:55:00,53690.9,61690.8,53634.8,53717.2
2026-05-25 00:00:00,53280.0,61218.7,53202.8,53316.1
2026-05-25 00:05:00,53088.8,60999.0,53035.1,53113.9
2026-05-25 00:10:00,52822.4,60692.9,52839.0,52814.5
2026-05-25 00:15:00,52546.0,60375.3,52645.0,52499.6
2026-05-25 00:20:00,52312.3,60106.8,52293.6,52321.1
2026-05-25 00:25:00,52063.2,59820.6,52033.8,52076.9
2026-05-25 00:30:00,51887.9,59619.2,51843.8,51908.5
2026-05-25 00:35:00,51692.7,59394.9,51647.3,51713.9
2026-05-25 00:40:00,51477.7,59147.9,51458.4,51486.7
2026-05-25 00:45:00,51290.8,58933.1,51230.8,51318.9
2026-05-25 00:50:00,51120.1,58737.0,51036.3,51159.3
2026-05-25 00:55:00,51082.7,58694.1,51034.9,51105.1
2026-05-25 01:00:00,50932.8,58521.8,51039.9,50882.7
2026-05-25 01:05:00,50891.0,58473.7,50849.1,50910.6
2026-05-25 01:10:00,50810.7,58381.4,50838.2,50797.8
2026-05-25 01:15:00,50624.0,58167.0,50604.7,50633.0
2026-05-25 01:20:00,50632.9,58177.2,50610.6,50643.4
2026-05-25 01:25:00,50663.4,58212.3,50609.6,50688.7
2026-05-25 01:30:00,50640.2,58185.6,50610.4,50654.1
2026-05-25 01:35:00,50668.7,58218.3,50629.2,50687.2
2026-05-25 01:40:00,50665.6,58214.8,50616.6,50688.6
2026-05-25 01:45:00,50652.0,58199.2,50616.8,50668.5
2026-05-25 01:50:00,50650.7,58197.7,50598.6,50675.2
2026-05-25 01:55:00,50648.2,58194.8,50598.2,50671.6
2026-05-25 02:00:00,50646.8,58193.1,50608.2,50664.8
2026-05-25 02:05:00,50616.4,58158.2,50640.8,50604.9
2026-05-25 02:10:00,50633.5,58177.9,50617.2,50641.2
2026-05-25 02:15:00,50632.1,58176.3,50613.8,50640.7
2026-05-25 02:20:00,50631.1,58175.2,50614.3,50639.0
2026-05-25 02:25:00,50632.8,58177.0,50618.3,50639.5
2026-05-25 02:30:00,50631.4,58175.4,50616.2,50638.5
2026-05-25 02:35:00,50639.5,58184.8,50625.6,50646.0
2026-05-25 02:40:00,50634.2,58178.7,50613.0,50644.1
2026-05-25 02:45:00,50635.7,58180.4,50617.6,50644.2
2026-05-25 02:50:00,50635.4,58180.1,50615.1,50644.9
2026-05-25 02:55:00,50630.5,58174.4,50613.4,50638.5
2026-05-25 03:00:00,50646.0,58192.2,50629.6,50653.6
2026-05-25 03:05:00,50672.1,58222.3,50647.8,50683.5
2026-05-25 03:10:00,50665.8,58215.0,50646.1,50675.1
2026-05-25 03:15:00,50666.3,58215.6,50644.2,50676.7
2026-05-25 03:20:00,50665.5,58214.7,50645.3,50675.0
2026-05-25 03:25:00,50669.6,58219.4,50647.3,50680.1
2026-05-25 03:30:00,50666.1,58215.3,50648.1,50674.5
2026-05-25 03:35:00,50683.7,58235.5,50659.6,50694.9
2026-05-25 03:40:00,50668.6,58218.3,50644.2,50680.1
2026-05-25 03:45:00,50670.0,58219.8,50648.3,50680.2
2026-05-25 03:50:00,50669.3,58219.0,50646.1,50680.2
2026-05-25 03:55:00,50673.4,58223.8,50648.4,50685.2
2026-05-25 04:00:00,50728.0,58286.5,50707.1,50737.8
2026-05-25 04:05:00,50754.6,58317.0,50734.1,50764.1
2026-05-25 04:10:00,50743.0,58303.7,50713.5,50756.8
2026-05-25 04:15:00,50742.8,58303.5,50706.8,50759.7
2026-05-25 04:20:00,50741.8,58302.3,50704.2,50759.4
2026-05-25 04:25:00,50746.3,58307.5,50711.0,50762.8
2026-05-25 04:30:00,50742.9,58303.5,50712.3,50757.2
2026-05-25 04:35:00,50762.2,58325.8,50727.4,50778.6
2026-05-25 04:40:00,50740.0,58300.2,50701.4,50758.0
2026-05-25 04:45:00,50739.8,58300.0,50700.7,50758.1
2026-05-25 04:50:00,50734.9,58294.4,50698.2,50752.1
2026-05-25 04:55:00,50734.6,58294.0,50702.3,50749.7
2026-05-25 05:00:00,50773.6,58338.9,50742.7,50788.0
2026-05-25 05:05:00,50823.1,58395.8,50793.7,50836.9
2026-05-25 05:10:00,50864.4,58443.2,50996.0,50802.8
2026-05-25 05:15:00,50983.2,58579.7,50976.6,50986.2
2026-05-25 05:20:00,51047.7,58653.8,50999.3,51070.3
2026-05-25 05:25:00,51048.0,58654.2,51002.1,51069.6
2026-05-25 05:30:00,51038.8,58643.6,51008.2,51053.2
2026-05-25 05:35:00,51081.3,58692.4,51045.0,51098.3
2026-05-25 05:40:00,51120.8,58737.8,51232.3,51068.6
2026-05-25 05:45:00,51265.4,58904.0,51238.6,51278.0
2026-05-25 05:50:00,51269.7,58908.9,51258.9,51274.8
2026-05-25 05:55:00,51272.1,58911.6,51265.8,51275.0
2026-05-25 06:00:00,51334.5,58983.3,51320.5,51341.0
2026-05-25 06:05:00,51637.7,59331.7,51634.4,51639.2
2026-05-25 06:10:00,51769.9,59483.7,51740.6,51783.7
2026-05-25 06:15:00,51962.8,59705.2,51949.0,51969.2
2026-05-25 06:20:00,51944.8,59684.6,51958.8,51938.2
2026-05-25 06:25:00,51957.1,59698.7,51961.5,51955.0
2026-05-25 06:30:00,51938.3,59677.1,51952.3,51931.8
2026-05-25 06:35:00,51960.6,59702.7,51984.0,51949.6
2026-05-25 06:40:00,51907.5,59641.7,51951.1,51887.1
2026-05-25 06:45:00,51905.9,59639.9,51945.4,51887.4
2026-05-25 06:50:00,51903.2,59636.8,51945.3,51883.5
2026-05-25 06:55:00,51993.8,59740.9,51967.3,52006.3
2026-05-25 07:00:00,52227.4,60009.3,52187.6,52246.1
2026-05-25 07:05:00,52495.9,60317.7,52496.0,52495.8
2026-05-25 07:10:00,52541.3,60369.9,52562.0,52531.5
2026-05-25 07:15:00,52537.0,60365.0,52571.3,52520.9
2026-05-25 07:20:00,52485.7,60306.0,52518.5,52470.3
2026-05-25 07:25:00,52476.8,60295.8,52506.3,52462.9
2026-05-25 07:30:00,52433.1,60245.6,52465.8,52417.8
2026-05-25 07:35:00,52564.1,60396.2,52576.1,52558.5
2026-05-25 07:40:00,52495.2,60317.0,52526.3,52480.7
2026-05-25 07:45:00,52499.8,60322.2,52526.9,52487.1
2026-05-25 07:50:00,52505.0,60328.3,52539.7,52488.8
2026-05-25 07:55:00,52518.2,60343.4,52549.8,52503.4
2026-05-25 08:00:00,52583.7,60418.6,52584.6,52583.2
2026-05-25 08:05:00,52643.6,60487.5,52647.0,52642.1
2026-05-25 08:10:00,52756.9,60617.6,52756.5,52757.1
2026-05-25 08:15:00,52784.4,60649.2,52786.0,52783.6
2026-05-25 08:20:00,52750.1,60609.8,52730.4,52759.3
2026-05-25 08:25:00,52762.2,60623.7,52749.5,52768.1
2026-05-25 08:30:00,52712.7,60566.9,52709.7,52714.2
2026-05-25 08:35:00,52732.1,60589.2,52727.1,52734.5
2026-05-25 08:40:00,52647.2,60491.6,52665.9,52638.4
2026-05-25 08:45:00,52638.6,60481.8,52666.6,52625.5
2026-05-25 08:50:00,52504.5,60327.6,52643.4,52439.4
2026-05-25 08:55:00,52456.9,60273.0,52470.6,52450.4
2026-05-25 09:00:00,52405.4,60213.8,52401.8,52407.1
2026-05-25 09:05:00,52346.0,60145.5,52453.3,52295.7
2026-05-25 09:10:00,52316.4,60111.5,52276.9,52334.9
2026-05-25 09:15:00,52332.9,60130.5,52312.8,52342.3
2026-05-25 09:20:00,52312.8,60107.4,52269.9,52332.9
2026-05-25 09:25:00,52315.0,60109.9,52273.9,52334.2
2026-05-25 09:30:00,52273.5,60062.2,52247.1,52285.8
2026-05-25 09:35:00,52258.1,60044.5,52261.5,52256.4
2026-05-25 09:40:00,52196.3,59973.5,52225.4,52182.6
2026-05-25 09:45:00,52067.1,59825.2,52237.8,51987.2
2026-05-25 09:50:00,52004.0,59752.6,51991.6,52009.8
2026-05-25 09:55:00,52000.9,59749.0,51982.2,52009.6
2026-05-25 10:00:00,51974.5,59718.8,51953.2,51984.5
2026-05-25 10:05:00,51908.0,59642.3,52013.4,51858.7
2026-05-25 10:10:00,51867.4,59595.7,51839.3,51880.6
2026-05-25 10:15:00,51942.8,59682.2,51929.2,51949.1
2026-05-25 10:20:00,51882.2,59612.6,51838.0,51902.8
2026-05-25 10:25:00,51852.7,59578.7,51823.1,51866.5
2026-05-25 10:30:00,51786.9,59503.1,51754.6,51802.0
2026-05-25 10:35:00,51779.8,59495.0,51765.0,51786.8
2026-05-25 10:40:00,51759.3,59471.4,51743.5,51766.7
2026-05-25 10:45:00,51825.3,59547.3,51807.2,51833.8
2026-05-25 10:50:00,51815.3,59535.8,51790.7,51826.8
2026-05-25 10:55:00,51812.6,59532.7,51780.6,51827.6
2026-05-25 11:00:00,51765.0,59478.0,51743.7,51775.0
2026-05-25 11:05:00,51791.0,59507.8,51767.2,51802.1
2026-05-25 11:10:00,51798.9,59516.9,51778.8,51808.3
2026-05-25 11:15:00,51803.4,59522.1,51794.7,51807.5
2026-05-25 11:20:00,51791.5,59508.4,51770.4,51801.4
2026-05-25 11:25:00,51803.2,59521.9,51776.6,51815.7
2026-05-25 11:30:00,51779.1,59494.2,51762.1,51787.0
2026-05-25 11:35:00,51798.4,59516.4,51779.5,51807.3
2026-05-25 11:40:00,51762.6,59475.2,51749.2,51768.9
2026-05-25 11:45:00,51761.7,59474.2,51751.1,51766.7
2026-05-25 11:50:00,51651.0,59347.0,51706.8,51624.9
2026-05-25 11:55:00,51434.5,59098.3,51483.7,51411.5
2026-05-25 12:00:00,51233.6,58867.4,51252.2,51224.9
2026-05-25 12:05:00,51213.9,58844.8,51201.5,51219.8
2026-05-25 12:10:00,51224.1,58856.5,51228.0,51222.2
2026-05-25 12:15:00,51218.6,58850.2,51211.6,51221.9
2026-05-25 12:20:00,51220.2,58852.0,51208.3,51225.8
2026-05-25 12:25:00,51224.0,58856.3,51207.7,51231.6
2026-05-25 12:30:00,51183.7,58810.0,51176.0,51187.3
2026-05-25 12:35:00,51235.2,58869.2,51218.0,51243.2
2026-05-25 12:40:00,51273.1,58912.8,51259.9,51279.3
2026-05-25 12:45:00,51284.6,58926.1,51280.2,51286.7
2026-05-25 12:50:00,51291.7,58934.1,51265.3,51304.0
2026-05-25 12:55:00,51292.0,58934.5,51257.4,51308.2
2026-05-25 13:00:00,51369.7,59023.8,51344.5,51381.4
2026-05-25 13:05:00,51557.9,59240.1,51561.8,51556.1
2026-05-25 13:10:00,51761.2,59473.6,51756.7,51763.2
2026-05-25 13:15:00,51963.0,59705.4,51986.7,51951.8
2026-05-25 13:20:00,51962.4,59704.8,51962.7,51962.3
2026-05-25 13:25:00,51977.5,59722.1,51976.8,51977.8
2026-05-25 13:30:00,52191.9,59968.5,52192.7,52191.6
2026-05-25 13:35:00,52276.1,60065.3,52427.2,52205.4
2026-05-25 13:40:00,52356.4,60157.5,52388.5,52341.4
2026-05-25 13:45:00,52346.4,60146.0,52388.8,52326.6
2026-05-25 13:50:00,52396.9,60204.0,52363.0,52412.8
2026-05-25 13:55:00,52422.7,60233.7,52390.4,52437.8
2026-05-25 14:00:00,52630.3,60472.3,52578.1,52654.8
2026-05-25 14:05:00,52653.2,60498.5,52764.1,52601.3
2026-05-25 14:10:00,52790.1,60655.8,52822.1,52775.1
2026-05-25 14:15:00,52804.1,60672.0,52832.8,52790.7
2026-05-25 14:20:00,52798.6,60665.5,52818.3,52789.3
2026-05-25 14:25:00,52842.5,60716.0,52821.8,52852.2
2026-05-25 14:30:00,52973.4,60866.4,52956.2,52981.4
2026-05-25 14:35:00,53023.3,60923.8,52989.9,53039.0
2026-05-25 14:40:00,53173.8,61096.7,53179.6,53171.1
2026-05-25 14:45:00,53246.3,61180.0,53372.6,53187.1
2026-05-25 14:50:00,53332.3,61278.8,53343.9,53326.9
2026-05-25 14:55:00,53298.7,61240.2,53326.4,53285.7
2026-05-25 15:00:00,53279.4,61218.1,53318.4,53261.2
2026-05-25 15:05:00,53286.4,61226.1,53312.1,53274.3
2026-05-25 15:10:00,53368.2,61320.1,53401.5,53352.7
2026-05-25 15:15:00,53592.1,61577.3,53638.7,53570.3
2026-05-25 15:20:00,53740.5,61747.8,53779.3,53722.3
2026-05-25 15:25:00,53958.5,61998.3,53975.5,53950.5
2026-05-25 15:30:00,54075.7,62132.9,54113.6,54057.9
2026-05-25 15:35:00,54238.1,62319.6,54255.1,54230.1
2026-05-25 15:40:00,54396.2,62501.3,54407.2,54391.1
2026-05-25 15:45:00,54553.8,62682.3,54557.3,54552.2
2026-05-25 15:50:00,54748.8,62906.3,54734.1,54755.6
2026-05-25 15:55:00,54988.6,63181.9,54978.7,54993.2
2026-05-25 16:00:00,55135.5,63350.7,55190.4,55109.8
2026-05-25 16:05:00,55275.3,63511.4,55258.0,55283.5
2026-05-25 16:10:00,55472.5,63737.9,55474.8,55471.4
2026-05-25 16:15:00,55630.8,63919.8,55734.4,55582.3
2026-05-25 16:20:00,55810.7,64126.5,55812.4,55809.9
2026-05-25 16:25:00,55971.3,64311.0,56038.4,55939.8
2026-05-25 16:30:00,56169.6,64538.8,56129.4,56188.4
2026-05-25 16:35:00,56400.7,64804.4,56390.6,56405.5
2026-05-25 16:40:00,56574.2,65003.7,56549.0,56586.0
2026-05-25 16:45:00,56733.7,65187.0,56801.3,56702.0
2026-05-25 16:50:00,56865.3,65338.2,56924.0,56837.7
2026-05-25 16:55:00,57056.1,65557.5,57003.7,57080.7
2026-05-25 17:00:00,57179.1,65698.8,57161.2,57187.4
2026-05-25 17:05:00,57230.7,65758.0,57167.9,57260.1
2026-05-25 17:10:00,57401.8,65954.7,57414.8,57395.7
2026-05-25 17:15:00,57567.4,66144.9,57595.6,57554.2
2026-05-25 17:20:00,57768.6,66376.1,57798.9,57754.4
2026-05-25 17:25:00,57914.0,66543.1,57965.6,57889.8
2026-05-25 17:30:00,58086.2,66741.0,58062.8,58097.1
2026-05-25 17:35:00,58200.2,66872.0,58241.9,58180.6
2026-05-25 17:40:00,58349.4,67043.4,58331.8,58357.6
2026-05-25 17:45:00,58440.4,67148.0,58486.1,58418.9
2026-05-25 17:50:00,58565.6,67291.9,58579.9,58558.9
2026-05-25 17:55:00,58733.7,67485.0,58663.3,58766.7
2026-05-25 18:00:00,58828.0,67593.4,58841.5,58821.7
2026-05-25 18:05:00,58845.9,67614.0,58838.5,58849.4
2026-05-25 18:10:00,58993.8,67783.9,58922.5,59027.2
2026-05-25 18:15:00,59090.2,67894.6,59125.1,59073.8
2026-05-25 18:20:00,59173.2,67990.0,59199.1,59161.1
2026-05-25 18:25:00,59265.0,68095.5,59318.8,59239.8
2026-05-25 18:30:00,59453.9,68312.5,59457.3,59452.2
2026-05-25 18:35:00,59589.0,68467.8,59617.4,59575.7
2026-05-25 18:40:00,59677.0,68568.8,59672.6,59679.0
2026-05-25 18:45:00,59745.2,68647.2,59758.2,59739.1
2026-05-25 18:50:00,59849.8,68767.4,59841.4,59853.7
2026-05-25 18:55:00,59903.7,68829.4,59899.5,59905.7
2026-05-25 19:00:00,59930.7,68860.3,59881.4,59953.7
2026-05-25 19:05:00,59943.0,68874.5,59967.1,59931.7
2026-05-25 19:10:00,59953.8,68886.9,59996.4,59933.8
2026-05-25 19:15:00,59954.6,68887.8,59980.0,59942.6
2026-05-25 19:20:00,59948.6,68881.0,59952.5,59946.8
2026-05-25 19:25:00,60010.3,68951.8,59999.6,60015.3
2026-05-25 19:30:00,60077.7,69029.3,60067.3,60082.5
2026-05-25 19:35:00,60122.0,69080.2,60056.8,60152.6
2026-05-25 19:40:00,60151.6,69114.2,60138.4,60157.8
2026-05-25 19:45:00,60112.2,69068.9,60144.1,60097.3
2026-05-25 19:50:00,60039.3,68985.2,60085.6,60017.6
2026-05-25 19:55:00,59949.0,68881.4,59995.5,59927.2
2026-05-25 20:00:00,59858.8,68777.8,59879.0,59849.4
2026-05-25 20:05:00,59769.3,68674.9,59793.7,59757.9
2026-05-25 20:10:00,59717.3,68615.2,59735.4,59708.8
2026-05-25 20:15:00,59677.9,68569.9,59630.7,59700.0
2026-05-25 20:20:00,59623.9,68507.8,59625.0,59623.4
2026-05-25 20:25:00,59622.3,68506.0,59622.3,59622.2
2026-05-25 20:30:00,59575.5,68452.2,59536.8,59593.6
2026-05-25 20:35:00,59555.7,68429.5,59552.8,59557.0
2026-05-25 20:40:00,59551.9,68425.2,59548.4,59553.6
2026-05-25 20:45:00,59554.6,68428.2,59554.2,59554.8
2026-05-25 20:50:00,59520.6,68389.2,59492.8,59533.6
2026-05-25 20:55:00,59489.8,68353.7,59405.7,59529.1
2026-05-25 21:00:00,59312.5,68150.0,59348.6,59295.5
2026-05-25 21:05:00,59198.3,68018.9,59199.1,59197.9
2026-05-25 21:10:00,59059.1,67858.9,59132.4,59024.8
2026-05-25 21:15:00,58963.8,67749.4,59027.6,58934.0
2026-05-25 21:20:00,58873.3,67645.4,58935.0,58844.3
2026-05-25 21:25:00,58798.6,67559.5,58823.7,58786.8
2026-05-25 21:30:00,58682.3,67426.0,58731.2,58659.4
2026-05-25 21:35:00,58574.2,67301.7,58560.2,58580.7
2026-05-25 21:40:00,58475.2,67188.0,58452.0,58486.0
2026-05-25 21:45:00,58389.2,67089.1,58361.7,58402.0
2026-05-25 21:50:00,58310.9,66999.2,58287.8,58321.7
2026-05-25 21:55:00,58234.9,66911.9,58188.9,58256.4
2026-05-25 22:00:00,58141.0,66804.1,58180.6,58122.5
2026-05-25 22:05:00,58197.6,66869.1,58235.6,58179.9
2026-05-25 22:10:00,58148.5,66812.6,58123.1,58160.4
2026-05-25 22:15:00,58073.3,66726.2,58082.9,58068.8
2026-05-25 22:20:00,57972.2,66610.1,57988.1,57964.8
2026-05-25 22:25:00,57883.5,66508.1,57879.9,57885.2
2026-05-25 22:30:00,57761.8,66368.4,57725.2,57779.0
2026-05-25 22:35:00,57674.7,66268.2,57670.9,57676.5
2026-05-25 22:40:00,57569.4,66147.2,57579.8,57564.5
2026-05-25 22:45:00,57503.7,66071.7,57508.4,57501.5
2026-05-25 22:50:00,57366.7,65914.4,57390.0,57355.9
2026-05-25 22:55:00,57280.1,65814.9,57236.4,57300.6
2026-05-25 23:00:00,57288.4,65824.4,57294.1,57285.8
2026-05-25 23:05:00,57508.5,66077.2,57574.0,57477.8
2026-05-25 23:10:00,57460.0,66021.6,57489.1,57446.4
2026-05-25 23:15:00,57283.1,65818.3,57255.1,57296.3
2026-05-25 23:20:00,57104.9,65613.5,57137.3,57089.7
2026-05-25 23:25:00,56931.4,65414.2,56932.2,56931.1
2026-05-25 23:30:00,56683.2,65129.0,56665.5,56691.5
2026-05-25 23:35:00,56473.5,64888.0,56429.7,56494.0
2026-05-25 23:40:00,56236.9,64616.2,56273.3,56219.9
2026-05-25 23:45:00,56024.0,64371.6,55979.3,56045.0
2026-05-25 23:50:00,55842.8,64163.4,55862.7,55833.5
2026-05-25 23:55:00,55627.5,63916.0,55577.1,55651.1
2026-05-26 00:00:00,55232.9,63462.6,55212.5,55242.5
2026-05-26 00:05:00,55165.1,63384.7,55182.2,55157.1
2026-05-26 00:10:00,55000.6,63195.7,54941.3,55028.4
2026-05-26 00:15:00,54755.6,62914.1,54831.8,54719.8
2026-05-26 00:20:00,54567.3,62697.8,54557.5,54571.9
2026-05-26 00:25:00,54347.6,62445.3,54346.7,54347.9
2026-05-26 00:30:00,54217.8,62296.3,54209.3,54221.9
2026-05-26 00:35:00,54087.7,62146.8,54068.3,54096.9
2026-05-26 00:40:00,53914.0,61947.2,53894.3,53923.2
2026-05-26 00:45:00,53775.5,61788.1,53750.9,53787.1
2026-05-26 00:50:00,53597.2,61583.2,53582.4,53604.1
2026-05-26 00:55:00,53469.7,61436.6,53453.4,53477.2
2026-05-26 01:00:00,53359.8,61310.4,53334.6,53371.6
2026-05-26 01:05:00,53317.0,61261.3,53388.0,53283.8
2026-05-26 01:10:00,53207.7,61135.6,53141.6,53238.7
2026-05-26 01:15:00,53145.5,61064.1,53165.4,53136.1
2026-05-26 01:20:00,53040.4,60943.4,53035.5,53042.7
2026-05-26 01:25:00,53008.2,60906.4,53000.3,53011.9
2026-05-26 01:30:00,52896.0,60777.6,52975.0,52859.0
2026-05-26 01:35:00,52854.0,60729.2,52823.1,52868.4
2026-05-26 01:40:00,52833.6,60705.9,52806.5,52846.3
2026-05-26 01:45:00,52849.5,60724.0,52807.0,52869.4
2026-05-26 01:50:00,52795.0,60661.4,52801.2,52792.1
2026-05-26 01:55:00,52648.2,60492.8,52633.0,52655.3
2026-05-26 02:00:00,52670.2,60518.1,52634.7,52686.8
2026-05-26 02:05:00,52715.9,60570.6,52692.7,52726.8
2026-05-26 02:10:00,52701.2,60553.7,52664.9,52718.2
2026-05-26 02:15:00,52674.7,60523.3,52663.7,52679.9
2026-05-26 02:20:00,52656.7,60502.6,52656.3,52656.9
2026-05-26 02:25:00,52674.3,60522.7,52660.5,52680.7
2026-05-26 02:30:00,52652.7,60498.0,52663.4,52647.7
2026-05-26 02:35:00,52654.3,60499.8,52647.3,52657.6
2026-05-26 02:40:00,52649.2,60494.0,52632.8,52656.9
2026-05-26 02:45:00,52651.1,60496.1,52638.4,52657.0
2026-05-26 02:50:00,52667.6,60515.1,52644.2,52678.5
2026-05-26 02:55:00,52665.1,60512.2,52642.5,52675.7
2026-05-26 03:00:00,52684.0,60533.9,52681.3,52685.3
2026-05-26 03:05:00,52730.8,60587.6,52720.8,52735.4
2026-05-26 03:10:00,52717.1,60572.0,52714.7,52718.2
2026-05-26 03:15:00,52719.5,60574.7,52713.7,52722.2
2026-05-26 03:20:00,52717.6,60572.5,52714.8,52718.9
2026-05-26 03:25:00,52721.2,60576.7,52718.0,52722.8
2026-05-26 03:30:00,52712.4,60566.6,52705.1,52715.8
2026-05-26 03:35:00,52736.4,60594.1,52733.2,52737.9
2026-05-26 03:40:00,52720.2,60575.5,52715.6,52722.4
2026-05-26 03:45:00,52721.9,60577.5,52720.9,52722.4
2026-05-26 03:50:00,52720.5,60575.8,52716.4,52722.4
2026-05-26 03:55:00,52723.8,60579.6,52716.3,52727.3
2026-05-26 04:00:00,52739.5,60597.7,52741.1,52738.8
2026-05-26 04:05:00,52790.0,60655.8,52800.0,52785.4
2026-05-26 04:10:00,52772.2,60635.3,52774.0,52771.4
2026-05-26 04:15:00,52771.6,60634.6,52768.7,52773.0
2026-05-26 04:20:00,52769.9,60632.6,52767.5,52771.1
2026-05-26 04:25:00,52775.9,60639.5,52775.4,52776.1
2026-05-26 04:30:00,52766.9,60629.2,52762.2,52769.2
2026-05-26 04:35:00,52802.2,60669.8,52807.6,52799.7
2026-05-26 04:40:00,52776.3,60640.0,52766.9,52780.7
2026-05-26 04:45:00,52774.7,60638.1,52765.2,52779.2
2026-05-26 04:50:00,52769.6,60632.2,52761.8,52773.2
2026-05-26 04:55:00,52767.9,60630.3,52762.1,52770.6
2026-05-26 05:00:00,52803.7,60671.5,52813.4,52799.2
2026-05-26 05:05:00,52875.8,60754.4,52884.0,52872.0
2026-05-26 05:10:00,52991.4,60887.1,53033.2,52971.8
2026-05-26 05:15:00,53105.3,61017.9,53199.8,53061.0
2026-05-26 05:20:00,53192.6,61118.3,53195.7,53191.2
2026-05-26 05:25:00,53384.4,61338.7,53368.1,53392.1
2026-05-26 05:30:00,53559.4,61539.8,53551.8,53563.0
2026-05-26 05:35:00,53769.1,61780.7,53767.6,53769.9
2026-05-26 05:40:00,53880.8,61909.0,53889.1,53876.9
2026-05-26 05:45:00,54061.9,62117.1,54070.3,54057.9
2026-05-26 05:50:00,54254.9,62338.8,54227.8,54267.5
2026-05-26 05:55:00,54415.9,62523.8,54393.6,54426.3
2026-05-26 06:00:00,54696.0,62845.7,54660.7,54712.5
2026-05-26 06:05:00,55059.0,63262.8,55041.8,55067.0
2026-05-26 06:10:00,55291.2,63529.6,55257.4,55307.0
2026-05-26 06:15:00,55498.7,63768.0,55515.2,55491.0
2026-05-26 06:20:00,55707.3,64007.7,55709.8,55706.2
2026-05-26 06:25:00,55876.2,64201.7,55923.2,55854.2
2026-05-26 06:30:00,56054.2,64406.3,56052.4,56055.1
2026-05-26 06:35:00,56331.7,64725.1,56299.5,56346.8
2026-05-26 06:40:00,56464.2,64877.4,56435.7,56477.6
2026-05-26 06:45:00,56622.5,65059.2,56648.3,56610.3
2026-05-26 06:50:00,56793.7,65256.0,56754.4,56812.2
2026-05-26 06:55:00,56977.7,65467.4,56926.1,57001.9
2026-05-26 07:00:00,57290.8,65827.1,57229.0,57319.8
2026-05-26 07:05:00,57722.3,66322.9,57730.4,57718.5
2026-05-26 07:10:00,57996.5,66638.0,57948.0,58019.2
2026-05-26 07:15:00,58225.9,66901.6,58242.1,58218.3
2026-05-26 07:20:00,58403.7,67105.9,58431.6,58390.6
2026-05-26 07:25:00,58529.3,67250.2,58512.5,58537.2
2026-05-26 07:30:00,58681.7,67425.2,58663.4,58690.2
2026-05-26 07:35:00,58889.2,67663.7,58837.8,58913.2
2026-05-26 07:40:00,59008.0,67800.2,59049.0,58988.8
2026-05-26 07:45:00,59083.1,67886.5,59122.7,59064.6
2026-05-26 07:50:00,59192.3,68012.0,59230.6,59174.4
2026-05-26 07:55:00,59263.0,68093.2,59314.2,59239.1
2026-05-26 08:00:00,59559.2,68433.6,59605.2,59537.7
2026-05-26 08:05:00,60023.7,68967.2,60017.7,60026.5
2026-05-26 08:10:00,60324.2,69312.5,60293.5,60338.5
2026-05-26 08:15:00,60583.6,69610.5,60555.1,60596.9
2026-05-26 08:20:00,60772.5,69827.6,60776.3,60770.7
2026-05-26 08:25:00,60966.2,70050.2,60993.6,60953.4
2026-05-26 08:30:00,61083.9,70185.4,61107.7,61072.7
2026-05-26 08:35:00,61269.6,70398.8,61249.3,61279.1
2026-05-26 08:40:00,61324.7,70462.1,61358.5,61308.8
2026-05-26 08:45:00,61353.5,70495.2,61331.0,61364.0
2026-05-26 08:50:00,61371.3,70515.6,61421.1,61348.0
2026-05-26 08:55:00,61377.4,70522.7,61431.6,61352.0
2026-05-26 09:00:00,61237.7,70362.2,61278.5,61218.7
2026-05-26 09:05:00,61291.8,70424.3,61326.9,61275.4
2026-05-26 09:10:00,61329.2,70467.2,61349.7,61319.6
2026-05-26 09:15:00,61376.9,70522.1,61351.1,61389.0
2026-05-26 09:20:00,61365.4,70508.9,61379.8,61358.7
2026-05-26 09:25:00,61329.0,70467.0,61382.7,61303.8
2026-05-26 09:30:00,61230.4,70353.7,61193.9,61247.4
2026-05-26 09:35:00,61180.8,70296.8,61110.4,61213.8
2026-05-26 09:40:00,61079.8,70180.7,61076.7,61081.3
2026-05-26 09:45:00,60954.7,70037.0,60996.1,60935.4
2026-05-26 09:50:00,60832.1,69896.1,60866.7,60815.9
2026-05-26 09:55:00,60698.0,69742.0,60648.5,60721.2
2026-05-26 10:00:00,60477.4,69488.6,60508.2,60463.0
2026-05-26 10:05:00,60479.5,69490.9,60526.5,60457.5
2026-05-26 10:10:00,60529.5,69548.5,60543.9,60522.8
2026-05-26 10:15:00,60588.1,69615.8,60638.6,60564.5
2026-05-26 10:20:00,60630.7,69664.7,60603.0,60643.7
2026-05-26 10:25:00,60600.2,69629.6,60585.1,60607.3
2026-05-26 10:30:00,60504.3,69519.5,60472.1,60519.5
2026-05-26 10:35:00,60405.3,69405.7,60418.0,60399.4
2026-05-26 10:40:00,60275.3,69256.4,60297.1,60265.1
2026-05-26 10:45:00,60179.9,69146.7,60128.5,60204.0
2026-05-26 10:50:00,60083.0,69035.4,60012.8,60115.9
2026-05-26 10:55:00,59994.3,68933.4,59917.9,60030.1
2026-05-26 11:00:00,59820.7,68734.0,59797.3,59831.7
2026-05-26 11:05:00,59674.6,68566.1,59751.4,59638.6
2026-05-26 11:10:00,59550.5,68423.5,59566.4,59543.1
2026-05-26 11:15:00,59486.1,68349.5,59492.1,59483.3
2026-05-26 11:20:00,59375.0,68221.9,59362.6,59380.8
2026-05-26 11:25:00,59223.3,68047.6,59269.2,59201.8
2026-05-26 11:30:00,59035.8,67832.1,59037.1,59035.2
2026-05-26 11:35:00,58936.6,67718.2,58866.2,58969.6
2026-05-26 11:40:00,58840.7,67608.0,58748.4,58884.0
2026-05-26 11:45:00,58732.9,67484.1,58657.5,58768.2
2026-05-26 11:50:00,58467.0,67178.5,58476.1,58462.7
2026-05-26 11:55:00,58077.7,66731.3,58130.0,58053.3
2026-05-26 12:00:00,57483.9,66049.0,57672.8,57395.4
2026-05-26 12:05:00,57474.9,66038.7,57484.8,57470.2
2026-05-26 12:10:00,57469.6,66032.6,57460.2,57474.0
2026-05-26 12:15:00,57454.3,66014.9,57468.2,57447.7
2026-05-26 12:20:00,57443.0,66002.0,57417.6,57454.9
2026-05-26 12:25:00,57437.6,65995.8,57388.0,57460.8
2026-05-26 12:30:00,57388.2,65939.1,57316.2,57422.0
2026-05-26 12:35:00,57462.2,66024.1,57440.6,57472.4
2026-05-26 12:40:00,57608.7,66192.4,57496.5,57661.3
2026-05-26 12:45:00,57753.5,66358.8,57715.6,57771.3
2026-05-26 12:50:00,57929.2,66560.6,57931.2,57928.2
2026-05-26 12:55:00,58105.0,66762.6,58023.4,58143.2
2026-05-26 13:00:00,58444.3,67152.5,58413.1,58458.9
2026-05-26 13:05:00,58739.0,67491.1,58786.0,58716.9
2026-05-26 13:10:00,59023.6,67818.2,59002.3,59033.6
2026-05-26 13:15:00,59291.4,68125.8,59213.1,59328.1
2026-05-26 13:20:00,59509.5,68376.4,59508.8,59509.9
2026-05-26 13:25:00,59796.6,68706.2,59724.4,59830.4
2026-05-26 13:30:00,60042.3,68988.6,59986.2,60068.6
2026-05-26 13:35:00,60287.8,69270.7,60336.9,60264.8
2026-05-26 13:40:00,60510.9,69527.1,60548.1,60493.5
2026-05-26 13:45:00,60672.0,69712.2,60727.1,60646.2
2026-05-26 13:50:00,60826.1,69889.2,60871.9,60804.7
2026-05-26 13:55:00,60998.4,70087.2,60993.1,61000.9
2026-05-26 14:00:00,61132.5,70241.3,61124.6,61136.2
2026-05-26 14:05:00,61257.2,70384.6,61221.9,61273.8
2026-05-26 14:10:00,61442.8,70597.8,61453.7,61437.7
2026-05-26 14:15:00,61601.1,70779.7,61653.0,61576.9
2026-05-26 14:20:00,61661.2,70848.8,61679.1,61652.9
2026-05-26 14:25:00,61779.5,70984.6,61779.8,61779.3
2026-05-26 14:30:00,61926.5,71153.5,61895.5,61940.9
2026-05-26 14:35:00,62060.8,71307.8,62070.6,62056.1
2026-05-26 14:40:00,62170.3,71433.7,62156.2,62177.0
2026-05-26 14:45:00,62267.7,71545.6,62276.8,62263.5
2026-05-26 14:50:00,62337.5,71625.7,62341.1,62335.8
2026-05-26 14:55:00,62415.4,71715.3,62430.2,62408.4
2026-05-26 15:00:00,62441.4,71745.2,62502.3,62412.8
2026-05-26 15:05:00,62452.6,71758.0,62520.7,62420.6
2026-05-26 15:10:00,62631.2,71963.3,62630.3,62631.7
2026-05-26 15:15:00,62863.9,72230.6,62846.8,62871.9
2026-05-26 15:20:00,63157.8,72568.3,63114.2,63178.3
2026-05-26 15:25:00,63440.0,72892.6,63425.8,63446.6
2026-05-26 15:30:00,63686.4,73175.7,63661.3,63698.2
2026-05-26 15:35:00,63888.1,73407.5,63874.4,63894.5
2026-05-26 15:40:00,64127.0,73681.9,64147.7,64117.3
2026-05-26 15:45:00,64412.2,74009.6,64355.6,64438.7
2026-05-26 15:50:00,64590.6,74214.6,64625.4,64574.2
2026-05-26 15:55:00,64853.6,74516.8,64794.9,64881.2
2026-05-26 16:00:00,65009.5,74695.9,64976.6,65024.9
2026-05-26 16:05:00,65056.0,74749.3,65048.9,65059.3
2026-05-26 16:10:00,65227.2,74946.1,65272.3,65206.1
2026-05-26 16:15:00,65428.2,75177.0,65498.9,65395.1
2026-05-26 16:20:00,65617.4,75394.4,65660.0,65597.4
2026-05-26 16:25:00,65794.6,75598.0,65773.5,65804.5
2026-05-26 16:30:00,65947.9,75774.2,65937.5,65952.8
2026-05-26 16:35:00,66147.9,76003.9,66168.4,66138.3
2026-05-26 16:40:00,66364.6,76252.9,66345.9,66373.4
2026-05-26 16:45:00,66581.7,76502.3,66564.6,66589.7
2026-05-26 16:50:00,66774.2,76723.5,66741.2,66789.6
2026-05-26 16:55:00,66933.9,76907.1,66885.7,66956.5
2026-05-26 17:00:00,66955.3,76931.7,66940.9,66962.0
2026-05-26 17:05:00,66870.6,76834.4,66974.0,66822.2
2026-05-26 17:10:00,66929.5,76902.0,67027.5,66883.6
2026-05-26 17:15:00,67037.2,77025.7,67023.0,67043.8
2026-05-26 17:20:00,67106.1,77104.9,67094.5,67111.6
2026-05-26 17:25:00,67169.2,77177.4,67213.6,67148.4
2026-05-26 17:30:00,67191.2,77202.7,67291.0,67144.5
2026-05-26 17:35:00,67191.7,77203.3,67293.9,67143.8
2026-05-26 17:40:00,67181.4,77191.4,67276.4,67136.8
2026-05-26 17:45:00,67178.4,77188.0,67281.5,67130.2
2026-05-26 17:50:00,67142.2,77146.3,67237.4,67097.6
2026-05-26 17:55:00,67097.8,77095.3,67123.8,67085.5
2026-05-26 18:00:00,67012.3,76997.2,67090.6,66975.7
2026-05-26 18:05:00,66885.4,76851.3,66924.2,66867.2
2026-05-26 18:10:00,66927.9,76900.2,66949.3,66917.9
2026-05-26 18:15:00,66953.2,76929.2,66980.2,66940.6
2026-05-26 18:20:00,66979.8,76959.8,67058.9,66942.8
2026-05-26 18:25:00,66994.1,76976.2,67063.9,66961.4
2026-05-26 18:30:00,67065.9,77058.8,67076.4,67061.0
2026-05-26 18:35:00,67086.8,77082.7,67170.0,67047.8
2026-05-26 18:40:00,67072.6,77066.4,67153.7,67034.6
2026-05-26 18:45:00,67075.1,77069.3,67158.8,67035.9
2026-05-26 18:50:00,67040.7,77029.8,67135.1,66996.5
2026-05-26 18:55:00,66969.4,76947.9,66987.2,66961.1
2026-05-26 19:00:00,66876.2,76840.8,66910.5,66860.2
2026-05-26 19:05:00,66753.9,76700.2,66815.3,66725.1
2026-05-26 19:10:00,66715.9,76656.5,66784.9,66683.5
2026-05-26 19:15:00,66686.5,76622.8,66672.4,66693.1
2026-05-26 19:20:00,66683.5,76619.4,66671.2,66689.3
2026-05-26 19:25:00,66677.6,76612.5,66664.6,66683.6
2026-05-26 19:30:00,66668.8,76602.5,66660.7,66672.6
2026-05-26 19:35:00,66671.6,76605.7,66669.8,66672.5
2026-05-26 19:40:00,66669.0,76602.7,66649.2,66678.3
2026-05-26 19:45:00,66671.7,76605.7,66655.0,66679.5
2026-05-26 19:50:00,66646.6,76576.9,66621.6,66658.3
2026-05-26 19:55:00,66597.4,76520.4,66619.0,66587.3
2026-05-26 20:00:00,66510.4,76420.5,66477.9,66525.7
2026-05-26 20:05:00,66407.6,76302.3,66365.2,66427.4
2026-05-26 20:10:00,66356.3,76243.4,66328.3,66369.4
2026-05-26 20:15:00,66353.4,76240.0,66317.9,66369.9
2026-05-26 20:20:00,66287.9,76164.8,66312.7,66276.3
2026-05-26 20:25:00,66237.9,76107.4,66195.6,66257.8
2026-05-26 20:30:00,66152.3,76009.0,66158.5,66149.5
2026-05-26 20:35:00,66140.0,75994.8,66083.9,66166.3
2026-05-26 20:40:00,66067.9,75912.0,66078.7,66062.8
2026-05-26 20:45:00,66042.1,75882.3,65995.2,66064.0
2026-05-26 20:50:00,65979.5,75810.5,65967.9,65984.9
2026-05-26 20:55:00,65869.1,75683.6,65846.3,65879.7
2026-05-26 21:00:00,65610.0,75385.9,65631.1,65600.2
2026-05-26 21:05:00,65358.0,75096.4,65383.7,65346.0
2026-05-26 21:10:00,65191.9,74905.5,65216.8,65180.3
2026-05-26 21:15:00,65008.0,74694.2,64987.6,65017.5
2026-05-26 21:20:00,64838.3,74499.2,64806.1,64853.4
2026-05-26 21:25:00,64649.3,74282.0,64624.3,64661.0
2026-05-26 21:30:00,64506.9,74118.4,64546.7,64488.3
2026-05-26 21:35:00,64386.2,73979.7,64365.3,64395.9
2026-05-26 21:40:00,64221.2,73790.2,64260.8,64202.7
2026-05-26 21:45:00,64068.9,73615.1,64069.5,64068.6
2026-05-26 21:50:00,63900.9,73422.1,63964.6,63871.1
2026-05-26 21:55:00,63727.0,73222.3,63789.8,63697.6
2026-05-26 22:00:00,63547.6,73016.2,63601.0,63522.6
2026-05-26 22:05:00,63599.7,73076.1,63590.9,63603.9
2026-05-26 22:10:00,63468.3,72925.0,63469.6,63467.6
2026-05-26 22:15:00,63334.2,72771.0,63332.8,63334.9
2026-05-26 22:20:00,63165.9,72577.6,63138.5,63178.8
2026-05-26 22:25:00,63060.6,72456.7,63043.8,63068.5
2026-05-26 22:30:00,62906.2,72279.3,62871.8,62922.4
2026-05-26 22:35:00,62781.7,72136.1,62749.4,62796.8
2026-05-26 22:40:00,62685.1,72025.2,62658.4,62697.6
2026-05-26 22:45:00,62581.8,71906.5,62572.7,62586.1
2026-05-26 22:50:00,62478.5,71787.8,62450.1,62491.8
2026-05-26 22:55:00,62368.8,71661.7,62368.3,62369.0
2026-05-26 23:00:00,62362.5,71654.5,62399.8,62345.0
2026-05-26 23:05:00,62740.9,72089.3,62777.8,62723.6
2026-05-26 23:10:00,62749.8,72099.5,62726.2,62760.8
2026-05-26 23:15:00,62568.3,71891.0,62596.0,62555.3
2026-05-26 23:20:00,62315.1,71600.0,62300.0,62322.2
2026-05-26 23:25:00,62073.3,71322.2,62063.2,62078.0
2026-05-26 23:30:00,61696.2,70889.0,61677.3,61705.1
2026-05-26 23:35:00,61308.8,70443.8,61283.2,61320.8
2026-05-26 23:40:00,60896.1,69969.6,60912.7,60888.3
2026-05-26 23:45:00,60515.5,69532.3,60522.1,60512.3
2026-05-26 23:50:00,60125.9,69084.6,60179.4,60100.8
2026-05-26 23:55:00,59702.9,68598.7,59718.6,59695.6
2026-05-27 00:00:00,59053.1,67852.1,59084.8,59038.3
2026-05-27 00:05:00,58830.2,67595.9,58844.5,58823.4
2026-05-27 00:10:00,58474.2,67186.9,58517.8,58453.8
2026-05-27 00:15:00,58218.3,66892.8,58170.4,58240.7
2026-05-27 00:20:00,57993.2,66634.2,57908.8,58032.8
2026-05-27 00:25:00,57749.4,66354.1,57729.8,57758.7
2026-05-27 00:30:00,57521.2,66091.9,57525.8,57519.1
2026-05-27 00:35:00,57221.3,65747.3,57282.3,57192.7
2026-05-27 00:40:00,56985.9,65476.8,57034.1,56963.3
2026-05-27 00:45:00,56770.5,65229.3,56764.4,56773.3
2026-05-27 00:50:00,56623.2,65060.0,56594.0,56636.9
2026-05-27 00:55:00,56477.4,64892.5,56414.7,56506.8
2026-05-27 01:00:00,56354.6,64751.4,56354.4,56354.7
2026-05-27 01:05:00,56236.4,64615.6,56323.6,56195.6
2026-05-27 01:10:00,56109.2,64469.4,56114.5,56106.7
2026-05-27 01:15:00,56000.5,64344.6,55963.7,56017.7
2026-05-27 01:20:00,55886.5,64213.6,55875.4,55891.8
2026-05-27 01:25:00,55819.0,64136.1,55796.6,55829.5
2026-05-27 01:30:00,55756.3,64064.0,55788.6,55741.2
2026-05-27 01:35:00,55677.5,63973.4,55657.0,55687.0
2026-05-27 01:40:00,55599.9,63884.3,55549.6,55623.5
2026-05-27 01:45:00,55510.2,63781.2,55550.5,55491.3
2026-05-27 01:50:00,55469.1,63734.0,55470.4,55468.5
2026-05-27 01:55:00,55405.2,63660.6,55459.6,55379.7
2026-05-27 02:00:00,55347.9,63594.7,55310.9,55365.2
2026-05-27 02:05:00,55321.8,63564.7,55377.0,55295.9
2026-05-27 02:10:00,55264.1,63498.4,55237.6,55276.5
2026-05-27 02:15:00,55258.4,63491.9,55241.8,55266.1
2026-05-27 02:20:00,55237.2,63467.5,55244.9,55233.5
2026-05-27 02:25:00,55157.9,63376.4,55220.9,55128.4
2026-05-27 02:30:00,55111.8,63323.5,55083.8,55125.0
2026-05-27 02:35:00,55047.5,63249.6,55117.3,55014.8
2026-05-27 02:40:00,55012.9,63209.8,55007.5,55015.4
2026-05-27 02:45:00,55006.8,63202.9,55013.1,55003.9
2026-05-27 02:50:00,55026.8,63225.8,55007.1,55036.0
2026-05-27 02:55:00,55030.5,63230.0,55020.0,55035.3
2026-05-27 03:00:00,54969.7,63160.2,55024.4,54944.1
2026-05-27 03:05:00,54900.6,63080.8,54895.0,54903.3
2026-05-27 03:10:00,54885.2,63063.1,54880.6,54887.3
2026-05-27 03:15:00,54885.4,63063.3,54877.8,54888.9
2026-05-27 03:20:00,54890.0,63068.6,54876.5,54896.4
2026-05-27 03:25:00,54894.9,63074.2,54888.4,54897.9
2026-05-27 03:30:00,54899.4,63079.4,54877.1,54909.8
2026-05-27 03:35:00,54927.2,63111.4,54911.7,54934.5
2026-05-27 03:40:00,54912.7,63094.7,54893.3,54921.8
2026-05-27 03:45:00,54914.7,63097.0,54899.4,54921.8
2026-05-27 03:50:00,54911.1,63092.8,54894.1,54919.1
2026-05-27 03:55:00,54915.2,63097.6,54894.6,54924.9
2026-05-27 04:00:00,55003.4,63198.9,54943.0,55031.7
2026-05-27 04:05:00,55166.6,63386.4,55148.4,55175.1
2026-05-27 04:10:00,55231.3,63460.8,55214.7,55239.1
2026-05-27 04:15:00,55269.1,63504.2,55324.9,55243.0
2026-05-27 04:20:00,55333.6,63578.3,55322.0,55339.1
2026-05-27 04:25:00,55342.1,63588.1,55330.4,55347.6
2026-05-27 04:30:00,55334.0,63578.8,55317.5,55341.8
2026-05-27 04:35:00,55372.2,63622.7,55363.5,55376.3
2026-05-27 04:40:00,55444.9,63706.2,55458.9,55438.3
2026-05-27 04:45:00,55490.6,63758.7,55457.1,55506.2
2026-05-27 04:50:00,55585.0,63867.1,55568.2,55592.9
2026-05-27 04:55:00,55622.4,63910.1,55664.6,55602.6
2026-05-27 05:00:00,55727.8,64031.3,55739.2,55722.5
2026-05-27 05:05:00,55906.8,64236.9,55931.7,55895.1
2026-05-27 05:10:00,55989.2,64331.6,56068.4,55952.1
2026-05-27 05:15:00,56084.2,64440.7,56073.4,56089.2
2026-05-27 05:20:00,56181.3,64552.4,56177.8,56183.0
2026-05-27 05:25:00,56298.9,64687.4,56291.1,56302.5
2026-05-27 05:30:00,56381.8,64782.7,56375.9,56384.6
2026-05-27 05:35:00,56553.0,64979.4,56524.2,56566.5
2026-05-27 05:40:00,56681.0,65126.4,56722.1,56661.7
2026-05-27 05:45:00,56814.8,65280.2,56787.8,56827.4
2026-05-27 05:50:00,56928.6,65410.9,56895.3,56944.2
2026-05-27 05:55:00,57055.4,65556.6,57054.3,57055.9
2026-05-27 06:00:00,57311.8,65851.3,57313.0,57311.2
2026-05-27 06:05:00,57722.8,66323.5,57695.3,57735.7
2026-05-27 06:10:00,57907.4,66535.6,57885.0,57917.9
2026-05-27 06:15:00,58072.9,66725.8,58078.2,58070.5
2026-05-27 06:20:00,58208.3,66881.3,58226.5,58199.7
2026-05-27 06:25:00,58338.8,67031.2,58333.9,58341.1
2026-05-27 06:30:00,58456.5,67166.6,58470.6,58450.0
2026-05-27 06:35:00,58618.4,67352.6,58626.5,58614.6
2026-05-27 06:40:00,58794.2,67554.5,58801.1,58791.0
2026-05-27 06:45:00,58929.5,67710.0,58946.8,58921.4
2026-05-27 06:50:00,59082.4,67885.7,59059.3,59093.3
2026-05-27 06:55:00,59206.1,68027.8,59224.4,59197.5
2026-05-27 07:00:00,59490.8,68354.9,59475.0,59498.2
2026-05-27 07:05:00,59904.3,68830.1,59939.6,59887.8
2026-05-27 07:10:00,60152.6,69115.4,60087.5,60183.2
2026-05-27 07:15:00,60351.6,69344.0,60367.4,60344.2
2026-05-27 07:20:00,60488.8,69501.6,60470.7,60497.2
2026-05-27 07:25:00,60612.3,69643.5,60671.1,60584.7
2026-05-27 07:30:00,60668.9,69708.6,60706.5,60651.3
2026-05-27 07:35:00,60835.1,69899.5,60867.9,60819.7
2026-05-27 07:40:00,60945.0,70025.8,60901.1,60965.6
2026-05-27 07:45:00,61046.1,70142.0,61080.9,61029.8
2026-05-27 07:50:00,61140.0,70249.8,61147.8,61136.3
2026-05-27 07:55:00,61186.6,70303.4,61158.4,61199.8
2026-05-27 08:00:00,61422.4,70574.3,61441.4,61413.5
2026-05-27 08:05:00,61855.6,71072.1,61818.5,61873.0
2026-05-27 08:10:00,62176.1,71440.4,62104.4,62209.7
2026-05-27 08:15:00,62469.9,71777.9,62440.7,62483.5
2026-05-27 08:20:00,62639.8,71973.1,62603.4,62656.8
2026-05-27 08:25:00,62833.4,72195.6,62810.9,62843.9
2026-05-27 08:30:00,62935.6,72313.0,62924.9,62940.6
2026-05-27 08:35:00,63071.4,72469.0,63056.1,63078.6
2026-05-27 08:40:00,63042.6,72436.0,63146.5,62994.0
2026-05-27 08:45:00,63022.5,72412.8,63123.6,62975.1
2026-05-27 08:50:00,62966.8,72348.9,63035.6,62934.6
2026-05-27 08:55:00,62947.6,72326.8,63014.2,62916.4
2026-05-27 09:00:00,62761.3,72112.8,62869.3,62710.7
2026-05-27 09:05:00,62680.2,72019.6,62821.2,62614.2
2026-05-27 09:10:00,62735.3,72082.9,62747.3,62729.6
2026-05-27 09:15:00,62703.4,72046.3,62737.1,62687.7
2026-05-27 09:20:00,62665.3,72002.4,62668.2,62663.9
2026-05-27 09:25:00,62569.4,71892.3,62636.4,62538.1
2026-05-27 09:30:00,62354.9,71645.8,62353.4,62355.7
2026-05-27 09:35:00,62191.4,71457.9,62192.3,62191.0
2026-05-27 09:40:00,62038.6,71282.3,62018.8,62047.8
2026-05-27 09:45:00,61924.2,71150.9,61929.6,61921.6
2026-05-27 09:50:00,61833.4,71046.6,61831.9,61834.1
2026-05-27 09:55:00,61707.0,70901.3,61707.9,61706.5
2026-05-27 10:00:00,61512.2,70677.6,61476.6,61528.9
2026-05-27 10:05:00,61563.6,70736.5,61524.7,61581.8
2026-05-27 10:10:00,61582.0,70757.7,61622.7,61562.9
2026-05-27 10:15:00,61699.4,70892.6,61730.4,61684.8
2026-05-27 10:20:00,61687.3,70878.7,61712.1,61675.6
2026-05-27 10:25:00,61660.4,70847.8,61680.1,61651.2
2026-05-27 10:30:00,61579.4,70754.7,61567.5,61585.0
2026-05-27 10:35:00,61489.1,70651.0,61505.6,61481.4
2026-05-27 10:40:00,61366.3,70509.9,61404.1,61348.6
2026-05-27 10:45:00,61272.7,70402.4,61329.2,61246.3
2026-05-27 10:50:00,61144.0,70254.5,61207.3,61114.4
2026-05-27 10:55:00,61029.4,70122.8,61048.4,61020.6
2026-05-27 11:00:00,60824.0,69886.8,60833.8,60819.4
2026-05-27 11:05:00,60623.6,69656.5,60640.0,60615.9
2026-05-27 11:10:00,60395.2,69394.0,60434.0,60377.0
2026-05-27 11:15:00,60219.3,69192.0,60263.1,60198.8
2026-05-27 11:20:00,60017.5,68960.1,60029.8,60011.7
2026-05-27 11:25:00,59807.2,68718.4,59842.4,59790.7
2026-05-27 11:30:00,59563.0,68437.9,59537.3,59575.0
2026-05-27 11:35:00,59359.6,68204.2,59394.4,59343.3
2026-05-27 11:40:00,59138.1,67949.6,59167.0,59124.5
2026-05-27 11:45:00,58903.3,67679.9,58883.8,58912.5
2026-05-27 11:50:00,58627.7,67363.3,58612.1,58635.1
2026-05-27 11:55:00,58142.0,66805.2,58244.3,58094.1
2026-05-27 12:00:00,57668.6,66261.3,57692.3,57657.5
2026-05-27 12:05:00,57635.6,66223.3,57636.2,57635.3
2026-05-27 12:10:00,57560.8,66137.4,57554.8,57563.6
2026-05-27 12:15:00,57488.3,66054.0,57469.0,57497.3
2026-05-27 12:20:00,57388.8,65939.7,57463.4,57353.8
2026-05-27 12:25:00,57321.1,65862.0,57367.7,57299.3
2026-05-27 12:30:00,57164.7,65682.2,57178.1,57158.4
2026-05-27 12:35:00,57179.9,65699.7,57155.9,57191.1
2026-05-27 12:40:00,57316.2,65856.3,57175.4,57382.1
2026-05-27 12:45:00,57465.9,66028.3,57441.6,57477.2
2026-05-27 12:50:00,57660.4,66251.8,57550.2,57712.0
2026-05-27 12:55:00,57903.4,66531.0,57900.2,57904.9
2026-05-27 13:00:00,58262.0,66943.1,58276.4,58255.3
2026-05-27 13:05:00,58541.7,67264.4,58598.3,58515.2
2026-05-27 13:10:00,58845.4,67613.3,58866.2,58835.6
2026-05-27 13:15:00,59087.3,67891.3,59030.6,59113.9
2026-05-27 13:20:00,59271.8,68103.3,59263.2,59275.8
2026-05-27 13:25:00,59537.8,68408.9,59548.3,59532.9
2026-05-27 13:30:00,59807.0,68718.2,59793.8,59813.1
2026-05-27 13:35:00,60086.1,69039.0,60059.9,60098.4
2026-05-27 13:40:00,60281.8,69263.8,60353.0,60248.4
2026-05-27 13:45:00,60466.2,69475.7,60534.3,60434.3
2026-05-27 13:50:00,60600.4,69629.8,60596.0,60602.4
2026-05-27 13:55:00,60759.3,69812.4,60826.1,60727.9
2026-05-27 14:00:00,60887.0,69959.2,60918.6,60872.2
2026-05-27 14:05:00,61033.6,70127.6,61056.2,61023.0
2026-05-27 14:10:00,61232.9,70356.6,61165.8,61264.4
2026-05-27 14:15:00,61398.9,70547.3,61349.8,61421.9
2026-05-27 14:20:00,61500.4,70664.0,61503.5,61498.9
2026-05-27 14:25:00,61608.8,70788.5,61597.4,61614.2
2026-05-27 14:30:00,61720.5,70916.8,61662.5,61747.6
2026-05-27 14:35:00,61867.8,71086.1,61853.4,61874.6
2026-05-27 14:40:00,61973.1,71207.1,61972.0,61973.7
2026-05-27 14:45:00,62076.4,71325.8,62088.4,62070.8
2026-05-27 14:50:00,62165.3,71427.9,62160.1,62167.7
2026-05-27 14:55:00,62237.2,71510.6,62232.4,62239.5
2026-05-27 15:00:00,62291.7,71573.2,62340.7,62268.7
2026-05-27 15:05:00,62349.9,71640.0,62358.7,62345.8
2026-05-27 15:10:00,62503.0,71816.0,62532.9,62489.1
2026-05-27 15:15:00,62715.6,72060.2,62764.0,62692.9
2026-05-27 15:20:00,62972.0,72354.9,62921.6,62995.7
2026-05-27 15:25:00,63221.6,72641.7,63230.3,63217.6
2026-05-27 15:30:00,63385.0,72829.4,63372.6,63390.8
2026-05-27 15:35:00,63617.2,73096.2,63602.6,63624.1
2026-05-27 15:40:00,63827.2,73337.5,63881.3,63801.9
2026-05-27 15:45:00,64087.9,73637.0,64083.9,64089.8
2026-05-27 15:50:00,64282.1,73860.2,64343.9,64253.2
2026-05-27 15:55:00,64474.8,74081.5,64499.9,64463.0
2026-05-27 16:00:00,64619.4,74247.7,64608.0,64624.8
2026-05-27 16:05:00,64668.2,74303.7,64663.4,64670.4
2026-05-27 16:10:00,64817.3,74475.0,64882.2,64786.8
2026-05-27 16:15:00,64997.2,74681.8,64965.2,65012.2
2026-05-27 16:20:00,65170.4,74880.8,65180.4,65165.7
2026-05-27 16:25:00,65354.4,75092.2,65381.7,65341.6
2026-05-27 16:30:00,65487.1,75244.7,65531.3,65466.4
2026-05-27 16:35:00,65670.6,75455.5,65640.3,65684.8
2026-05-27 16:40:00,65870.3,75685.0,65847.4,65881.0
2026-05-27 16:45:00,66023.9,75861.5,66026.6,66022.7
2026-05-27 16:50:00,66112.7,75963.5,66207.5,66068.3
2026-05-27 16:55:00,66203.3,76067.6,66175.5,66216.3
2026-05-27 17:00:00,66208.5,76073.5,66221.6,66202.3
2026-05-27 17:05:00,66102.8,75952.1,66150.4,66080.6
2026-05-27 17:10:00,66170.3,76029.7,66214.8,66149.5
2026-05-27 17:15:00,66292.0,76169.5,66319.3,66279.2
2026-05-27 17:20:00,66385.0,76276.4,66364.7,66394.5
2026-05-27 17:25:00,66481.9,76387.7,66480.5,66482.5
2026-05-27 17:30:00,66560.3,76477.8,66567.9,66556.7
2026-05-27 17:35:00,66622.9,76549.7,66670.7,66600.5
2026-05-27 17:40:00,66674.5,76609.0,66654.6,66683.8
2026-05-27 17:45:00,66750.6,76696.4,66758.7,66746.8
2026-05-27 17:50:00,66785.3,76736.3,66838.2,66760.4
2026-05-27 17:55:00,66823.6,76780.3,66800.0,66834.6
2026-05-27 18:00:00,66807.9,76762.2,66778.6,66821.6
2026-05-27 18:05:00,66718.1,76659.1,66724.5,66715.1
2026-05-27 18:10:00,66744.6,76689.6,66739.4,66747.0
2026-05-27 18:15:00,66789.9,76741.6,66861.3,66756.4
2026-05-27 18:20:00,66851.4,76812.2,66846.5,66853.6
2026-05-27 18:25:00,66895.3,76862.7,66943.5,66872.7
2026-05-27 18:30:00,66973.9,76953.1,66993.2,66964.9
2026-05-27 18:35:00,66979.3,76959.2,67069.8,66936.9
2026-05-27 18:40:00,66959.1,76936.0,67035.6,66923.3
2026-05-27 18:45:00,66961.6,76938.9,67040.7,66924.5
2026-05-27 18:50:00,66922.6,76894.0,67005.1,66883.9
2026-05-27 18:55:00,66869.5,76833.0,66875.7,66866.5
2026-05-27 19:00:00,66784.5,76735.4,66808.9,66773.1
2026-05-27 19:05:00,66720.0,76661.3,66707.9,66725.7
2026-05-27 19:10:00,66676.4,76611.2,66660.0,66684.1
2026-05-27 19:15:00,66682.2,76617.8,66657.1,66694.0
2026-05-27 19:20:00,66678.9,76614.0,66655.6,66689.8
2026-05-27 19:25:00,66673.3,76607.6,66648.5,66684.9
2026-05-27 19:30:00,66664.7,76597.7,66645.1,66673.9
2026-05-27 19:35:00,66625.2,76552.4,66657.9,66609.9
2026-05-27 19:40:00,66596.2,76519.0,66555.3,66615.3
2026-05-27 19:45:00,66608.9,76533.6,66561.0,66631.3
2026-05-27 19:50:00,66576.7,76496.6,66539.4,66594.1
2026-05-27 19:55:00,66555.3,76472.1,66496.4,66582.9
2026-05-27 20:00:00,66424.9,76322.2,66468.9,66404.3
2026-05-27 20:05:00,66304.6,76184.0,66267.1,66322.2
2026-05-27 20:10:00,66254.8,76126.8,66217.8,66272.2
2026-05-27 20:15:00,66253.8,76125.6,66208.8,66274.8
2026-05-27 20:20:00,66236.1,76105.3,66188.9,66258.2
2026-05-27 20:25:00,66177.0,76037.3,66182.9,66174.2
2026-05-27 20:30:00,66118.1,75969.6,66055.6,66147.3
2026-05-27 20:35:00,66072.0,75916.7,66090.0,66063.6
2026-05-27 20:40:00,66039.5,75879.4,65995.2,66060.2
2026-05-27 20:45:00,65948.8,75775.2,66000.9,65924.4
2026-05-27 20:50:00,65879.8,75695.9,65861.0,65888.6
2026-05-27 20:55:00,65776.2,75576.9,65731.3,65797.3
2026-05-27 21:00:00,65492.3,75250.6,65530.7,65474.3
2026-05-27 21:05:00,65256.0,74979.2,65269.9,65249.5
2026-05-27 21:10:00,65066.0,74760.8,65128.3,65036.8
2026-05-27 21:15:00,64955.0,74633.3,64916.2,64973.2
2026-05-27 21:20:00,64758.7,74407.8,64808.1,64735.6
2026-05-27 21:25:00,64588.5,74212.2,64633.8,64567.3
2026-05-27 21:30:00,64489.2,74098.1,64448.2,64508.4
2026-05-27 21:35:00,64401.5,73997.3,64370.3,64416.1
2026-05-27 21:40:00,64279.5,73857.2,64265.3,64286.2
2026-05-27 21:45:00,64104.0,73655.5,64187.0,64065.2
2026-05-27 21:50:00,63931.4,73457.1,63968.0,63914.2
2026-05-27 21:55:00,63772.2,73274.2,63798.4,63759.9
2026-05-27 22:00:00,63599.8,73076.1,63607.7,63596.0
2026-05-27 22:05:00,63613.3,73091.7,63610.4,63614.6
2026-05-27 22:10:00,63477.0,72935.0,63457.0,63486.3
2026-05-27 22:15:00,63339.6,72777.2,63333.8,63342.3
2026-05-27 22:20:00,63274.0,72701.8,63252.3,63284.2
2026-05-27 22:25:00,63135.5,72542.7,63125.3,63140.3
2026-05-27 22:30:00,62905.8,72278.8,62873.4,62921.0
2026-05-27 22:35:00,62781.3,72135.8,62751.3,62795.4
2026-05-27 22:40:00,62685.5,72025.7,62662.8,62696.2
2026-05-27 22:45:00,62582.2,71907.0,62577.2,62584.6
2026-05-27 22:50:00,62477.2,71786.3,62455.2,62487.5
2026-05-27 22:55:00,62367.9,71660.8,62372.4,62365.8
2026-05-27 23:00:00,62360.4,71652.1,62399.9,62341.9
2026-05-27 23:05:00,62744.3,72093.2,62796.3,62720.0
2026-05-27 23:10:00,62755.8,72106.5,62741.4,62762.6
2026-05-27 23:15:00,62604.6,71932.7,62699.5,62560.2
2026-05-27 23:20:00,62397.9,71695.2,62399.1,62397.3
2026-05-27 23:25:00,62164.0,71426.4,62166.4,62162.8
2026-05-27 23:30:00,61810.8,71020.6,61788.8,61821.0
2026-05-27 23:35:00,61425.5,70577.8,61384.0,61444.9
2026-05-27 23:40:00,61042.2,70137.5,61017.2,61053.9
2026-05-27 23:45:00,60692.0,69735.1,60703.1,60686.8
2026-05-27 23:50:00,60334.3,69324.1,60354.0,60325.0
2026-05-27 23:55:00,59882.6,68805.1,59876.4,59885.5
2026-05-28 00:00:00,59242.1,68069.1,59252.4,59237.2
2026-05-28 00:05:00,59032.4,67828.2,59024.6,59036.1
2026-05-28 00:10:00,58720.1,67469.4,58727.5,58716.7
2026-05-28 00:15:00,58415.7,67119.6,58433.0,58407.6
2026-05-28 00:20:00,58182.6,66851.9,58173.4,58187.0
2026-05-28 00:25:00,57966.6,66603.7,57904.4,57995.8
2026-05-28 00:30:00,57767.7,66375.1,57744.7,57778.5
2026-05-28 00:35:00,57550.8,66125.9,57550.3,57551.1
2026-05-28 00:40:00,57334.3,65877.1,57284.7,57357.5
2026-05-28 00:45:00,57072.0,65575.7,57119.9,57049.5
2026-05-28 00:50:00,56870.0,65343.6,56861.2,56874.1
2026-05-28 00:55:00,56718.4,65169.4,56682.5,56735.2
2026-05-28 01:00:00,56624.6,65061.7,56558.9,56655.4
2026-05-28 01:05:00,56575.8,65005.6,56537.4,56593.8
2026-05-28 01:10:00,56420.8,64827.5,56488.6,56389.1
2026-05-28 01:15:00,56303.7,64692.9,56281.2,56314.2
2026-05-28 01:20:00,56229.7,64607.9,56190.2,56248.2
2026-05-28 01:25:00,56147.8,64513.8,56097.8,56171.2
2026-05-28 01:30:00,56083.2,64439.6,56100.3,56075.2
2026-05-28 01:35:00,56056.2,64408.6,56029.9,56068.6
2026-05-28 01:40:00,56049.9,64401.3,56018.9,56064.4
2026-05-28 01:45:00,56013.1,64359.0,56027.2,56006.5
2026-05-28 01:50:00,55891.0,64218.7,55883.1,55894.7
2026-05-28 01:55:00,55831.0,64149.8,55807.3,55842.1
2026-05-28 02:00:00,55788.0,64100.4,55780.5,55791.5
2026-05-28 02:05:00,55747.0,64053.2,55732.5,55753.7
2026-05-28 02:10:00,55706.1,64006.3,55703.3,55707.4
2026-05-28 02:15:00,55634.6,63924.1,55699.5,55604.2
2026-05-28 02:20:00,55593.9,63877.4,55581.0,55600.0
2026-05-28 02:25:00,55537.6,63812.7,55584.4,55515.6
2026-05-28 02:30:00,55483.7,63750.8,55458.8,55495.3
2026-05-28 02:35:00,55418.2,63675.6,55479.8,55389.4
2026-05-28 02:40:00,55372.1,63622.5,55336.6,55388.7
2026-05-28 02:45:00,55376.2,63627.2,55349.4,55388.8
2026-05-28 02:50:00,55352.8,63600.4,55348.8,55354.7
2026-05-28 02:55:00,55283.2,63520.4,55347.6,55253.0
2026-05-28 03:00:00,55219.5,63447.2,55242.4,55208.8
2026-05-28 03:05:00,55166.2,63386.0,55155.4,55171.2
2026-05-28 03:10:00,55150.6,63368.0,55134.0,55158.3
2026-05-28 03:15:00,55123.6,63337.0,55141.2,55115.3
2026-05-28 03:20:00,55070.1,63275.6,55138.7,55038.0
2026-05-28 03:25:00,55035.4,63235.7,55046.2,55030.4
2026-05-28 03:30:00,55048.0,63250.1,55035.6,55053.8
2026-05-28 03:35:00,55077.9,63284.5,55076.6,55078.5
2026-05-28 03:40:00,55061.5,63265.6,55058.2,55063.0
2026-05-28 03:45:00,55063.5,63267.9,55064.4,55063.1
2026-05-28 03:50:00,55017.1,63214.6,55058.4,54997.7
2026-05-28 03:55:00,55007.3,63203.4,55018.7,55001.9
2026-05-28 04:00:00,55090.7,63299.2,55070.0,55100.4
2026-05-28 04:05:00,55148.7,63365.9,55143.0,55151.4
2026-05-28 04:10:00,55208.5,63434.5,55201.7,55211.6
2026-05-28 04:15:00,55224.6,63453.1,55194.6,55238.7
2026-05-28 04:20:00,55222.9,63451.1,55196.5,55235.3
2026-05-28 04:25:00,55231.1,63460.5,55204.6,55243.5
2026-05-28 04:30:00,55261.2,63495.1,55309.0,55238.8
2026-05-28 04:35:00,55362.7,63611.8,55351.6,55368.0
2026-05-28 04:40:00,55373.1,63623.7,55448.2,55337.9
2026-05-28 04:45:00,55478.9,63745.2,55446.5,55494.0
2026-05-28 04:50:00,55509.3,63780.1,55556.0,55487.4
2026-05-28 04:55:00,55576.3,63857.2,55554.6,55586.5
2026-05-28 05:00:00,55636.8,63926.7,55735.5,55590.5
2026-05-28 05:05:00,55780.3,64091.6,55823.7,55760.0
2026-05-28 05:10:00,55850.5,64172.2,55854.7,55848.5
2026-05-28 05:15:00,55947.1,64283.2,55950.6,55945.5
2026-05-28 05:20:00,56083.1,64439.5,56068.6,56089.9
2026-05-28 05:25:00,56182.5,64553.7,56178.8,56184.3
2026-05-28 05:30:00,56291.4,64678.8,56278.3,56297.6
2026-05-28 05:35:00,56447.3,64858.0,56438.2,56451.6
2026-05-28 05:40:00,56543.9,64969.0,56596.2,56519.4
2026-05-28 05:45:00,56681.4,65126.9,56720.5,56663.1
2026-05-28 05:50:00,56788.8,65250.3,56788.5,56788.9
2026-05-28 05:55:00,56927.6,65409.9,56900.0,56940.6
2026-05-28 06:00:00,57161.2,65678.2,57172.9,57155.7
2026-05-28 06:05:00,57564.4,66141.5,57526.4,57582.2
2026-05-28 06:10:00,57830.4,66447.2,57818.7,57835.9
2026-05-28 06:15:00,57977.7,66616.4,57987.2,57973.2
2026-05-28 06:20:00,58122.7,66783.0,58145.8,58111.9
2026-05-28 06:25:00,58269.5,66951.7,58238.8,58283.9
2026-05-28 06:30:00,58365.5,67061.9,58384.7,58356.5
2026-05-28 06:35:00,58522.8,67242.7,58526.5,58521.0
2026-05-28 06:40:00,58698.9,67445.0,58683.7,58706.0
2026-05-28 06:45:00,58864.4,67635.1,58887.6,58853.5
2026-05-28 06:50:00,59005.7,67797.5,58961.5,59026.3
2026-05-28 06:55:00,59114.5,67922.5,59143.2,59101.0
2026-05-28 07:00:00,59362.2,68207.2,59378.6,59354.5
2026-05-28 07:05:00,59814.9,68727.4,59843.8,59801.4
2026-05-28 07:10:00,60075.6,69026.9,60087.8,60069.9
2026-05-28 07:15:00,60321.0,69308.9,60262.1,60348.6
2026-05-28 07:20:00,60425.0,69428.4,60473.4,60402.4
2026-05-28 07:25:00,60523.5,69541.5,60572.2,60500.6
2026-05-28 07:30:00,60571.6,69596.7,60618.0,60549.8
2026-05-28 07:35:00,60727.9,69776.4,60781.4,60702.8
2026-05-28 07:40:00,60794.0,69852.3,60815.9,60783.7
2026-05-28 07:45:00,60868.1,69937.5,60891.7,60857.1
2026-05-28 07:50:00,60961.3,70044.6,60989.5,60948.1
2026-05-28 07:55:00,61051.2,70147.9,61076.9,61039.3
2026-05-28 08:00:00,61348.3,70489.2,61346.9,61348.9
2026-05-28 08:05:00,61759.8,70962.1,61807.1,61737.7
2026-05-28 08:10:00,62120.9,71376.9,62006.7,62174.4
2026-05-28 08:15:00,62470.0,71778.0,62441.0,62483.5
2026-05-28 08:20:00,62643.9,71977.8,62603.7,62662.7
2026-05-28 08:25:00,62851.1,72215.9,62829.7,62861.1
2026-05-28 08:30:00,62955.2,72335.5,62954.0,62955.7
2026-05-28 08:35:00,63138.3,72545.9,63136.3,63139.2
2026-05-28 08:40:00,63087.3,72487.3,63165.4,63050.7
2026-05-28 08:45:00,63093.4,72494.4,63147.3,63068.2
2026-05-28 08:50:00,63063.5,72460.0,63113.3,63040.2
2026-05-28 08:55:00,63054.5,72449.6,63124.9,63021.5
2026-05-28 09:00:00,62892.0,72263.0,62964.4,62858.1
2026-05-28 09:05:00,62848.4,72212.8,62910.5,62819.3
2026-05-28 09:10:00,62826.6,72187.7,62854.0,62813.7
2026-05-28 09:15:00,62803.6,72161.3,62845.7,62783.8
2026-05-28 09:20:00,62755.9,72106.5,62774.7,62747.1
2026-05-28 09:25:00,62684.9,72024.9,62741.9,62658.2
2026-05-28 09:30:00,62560.5,71882.0,62545.4,62567.5
2026-05-28 09:35:00,62380.0,71674.6,62382.5,62378.8
2026-05-28 09:40:00,62207.8,71476.8,62157.7,62231.3
2026-05-28 09:45:00,62101.8,71355.0,62099.4,62102.9
2026-05-28 09:50:00,61957.3,71189.0,61901.4,61983.5
2026-05-28 09:55:00,61781.6,70987.0,61811.2,61767.7
2026-05-28 10:00:00,61542.3,70712.1,61573.9,61527.4
2026-05-28 10:05:00,61579.4,70754.7,61605.9,61566.9
2026-05-28 10:10:00,61625.1,70807.3,61603.2,61635.4
2026-05-28 10:15:00,61784.3,70990.2,61818.9,61768.2
2026-05-28 10:20:00,61788.7,70995.2,61808.4,61779.5
2026-05-28 10:25:00,61737.5,70936.4,61791.7,61712.2
2026-05-28 10:30:00,61644.0,70828.9,61665.2,61634.1
2026-05-28 10:35:00,61609.9,70789.8,61596.6,61616.2
2026-05-28 10:40:00,61516.3,70682.2,61481.9,61532.4
2026-05-28 10:45:00,61463.4,70621.4,61424.4,61481.6
2026-05-28 10:50:00,61343.7,70483.9,61403.1,61315.8
2026-05-28 10:55:00,61269.1,70398.2,61280.7,61263.7
2026-05-28 11:00:00,61093.8,70196.7,61135.1,61074.4
2026-05-28 11:05:00,60919.5,69996.5,60984.9,60888.9
2026-05-28 11:10:00,60754.3,69806.7,60761.2,60751.2
2026-05-28 11:15:00,60599.8,69629.1,60659.1,60572.0
2026-05-28 11:20:00,60368.9,69363.8,60417.8,60345.9
2026-05-28 11:25:00,60164.1,69128.5,60109.6,60189.6
2026-05-28 11:30:00,59912.1,68839.0,59881.9,59926.3
2026-05-28 11:35:00,59713.3,68610.6,59752.5,59694.9
2026-05-28 11:40:00,59454.5,68313.2,59437.1,59462.6
2026-05-28 11:45:00,59248.0,68076.0,59262.7,59241.2
2026-05-28 11:50:00,58962.1,67747.5,58906.7,58988.1
2026-05-28 11:55:00,58522.3,67242.1,58535.0,58516.3
2026-05-28 12:00:00,57994.0,66635.1,58084.0,57951.8
2026-05-28 12:05:00,57981.5,66620.8,57926.5,58007.3
2026-05-28 12:10:00,57924.5,66555.2,57921.3,57926.0
2026-05-28 12:15:00,57819.6,66434.7,57832.7,57813.4
2026-05-28 12:20:00,57745.8,66349.9,57737.2,57749.8
2026-05-28 12:25:00,57644.8,66233.9,57664.9,57635.4
2026-05-28 12:30:00,57477.1,66041.2,57493.2,57469.6
2026-05-28 12:35:00,57444.3,66003.5,57466.6,57433.9
2026-05-28 12:40:00,57568.7,66146.4,57450.9,57623.9
2026-05-28 12:45:00,57705.9,66304.0,57716.3,57701.0
2026-05-28 12:50:00,57884.8,66509.6,57891.0,57881.9
2026-05-28 12:55:00,58099.4,66756.2,58110.7,58094.1
2026-05-28 13:00:00,58383.3,67082.5,58405.8,58372.8
2026-05-28 13:05:00,58656.9,67396.7,58672.6,58649.5
2026-05-28 13:10:00,58980.9,67769.1,58914.9,59011.9
2026-05-28 13:15:00,59193.7,68013.5,59201.3,59190.1
2026-05-28 13:20:00,59344.2,68186.5,59378.6,59328.0
2026-05-28 13:25:00,59603.1,68484.0,59610.4,59599.7
2026-05-28 13:30:00,59835.0,68750.5,59792.4,59855.0
2026-05-28 13:35:00,60088.0,69041.1,60103.7,60080.6
2026-05-28 13:40:00,60297.9,69282.3,60307.6,60293.3
2026-05-28 13:45:00,60452.8,69460.3,60495.0,60433.0
2026-05-28 13:50:00,60580.0,69606.5,60557.7,60590.5
2026-05-28 13:55:00,60704.5,69749.4,60772.7,60672.5
2026-05-28 14:00:00,60806.5,69866.7,60838.2,60791.7
2026-05-28 14:05:00,60922.0,69999.4,60941.4,60912.9
2026-05-28 14:10:00,61108.6,70213.7,61066.6,61128.2
2026-05-28 14:15:00,61240.9,70365.7,61232.6,61244.7
2026-05-28 14:20:00,61387.5,70534.2,61410.5,61376.7
2026-05-28 14:25:00,61494.6,70657.3,61503.1,61490.6
2026-05-28 14:30:00,61612.5,70792.7,61571.4,61631.7
2026-05-28 14:35:00,61718.8,70914.9,61670.9,61741.2
2026-05-28 14:40:00,61851.8,71067.7,61859.1,61848.4
2026-05-28 14:45:00,61972.6,71206.5,61983.8,61967.4
2026-05-28 14:50:00,62066.3,71314.2,62064.6,62067.1
2026-05-28 14:55:00,62132.4,71390.1,62116.1,62140.0
2026-05-28 15:00:00,62197.2,71464.6,62227.0,62183.2
2026-05-28 15:05:00,62265.5,71543.1,62263.8,62266.4
2026-05-28 15:10:00,62387.9,71683.7,62456.7,62355.7
2026-05-28 15:15:00,62664.1,72001.0,62671.3,62660.7
2026-05-28 15:20:00,62845.9,72209.9,62930.2,62806.4
2026-05-28 15:25:00,63061.9,72458.2,63043.9,63070.4
2026-05-28 15:30:00,63268.9,72696.0,63279.6,63263.9
2026-05-28 15:35:00,63485.6,72945.0,63462.4,63496.5
2026-05-28 15:40:00,63712.8,73206.0,63680.3,63728.0
2026-05-28 15:45:00,63936.0,73462.4,63945.0,63931.7
2026-05-28 15:50:00,64167.7,73728.7,64147.8,64177.0
2026-05-28 15:55:00,64395.9,73990.8,64404.8,64391.7
2026-05-28 16:00:00,64586.9,74210.4,64509.9,64623.0
2026-05-28 16:05:00,64669.5,74305.2,64662.1,64672.9
2026-05-28 16:10:00,64824.2,74483.0,64892.0,64792.4
2026-05-28 16:15:00,64992.4,74676.3,64967.2,65004.2
2026-05-28 16:20:00,65202.5,74917.7,65152.5,65225.9
2026-05-28 16:25:00,65351.1,75088.5,65388.8,65333.5
2026-05-28 16:30:00,65489.1,75247.0,65534.8,65467.7
2026-05-28 16:35:00,65686.1,75473.3,65649.9,65703.1
2026-05-28 16:40:00,65867.3,75681.6,65841.3,65879.5
2026-05-28 16:45:00,66038.0,75877.7,66035.7,66039.1
2026-05-28 16:50:00,66186.2,76047.9,66216.0,66172.2
2026-05-28 16:55:00,66313.3,76194.0,66311.9,66313.9
2026-05-28 17:00:00,66319.8,76201.5,66322.3,66318.7
2026-05-28 17:05:00,66210.9,76076.4,66249.2,66193.0
2026-05-28 17:10:00,66292.3,76169.9,66306.9,66285.5
2026-05-28 17:15:00,66406.1,76300.6,66415.9,66401.5
2026-05-28 17:20:00,66480.0,76385.5,66467.9,66485.6
2026-05-28 17:25:00,66569.6,76488.5,66581.7,66564.0
2026-05-28 17:30:00,66695.3,76632.9,66688.4,66698.5
2026-05-28 17:35:00,66786.6,76737.8,66769.1,66794.7
2026-05-28 17:40:00,66888.0,76854.3,66858.4,66901.9
2026-05-28 17:45:00,66985.6,76966.4,66990.4,66983.3
2026-05-28 17:50:00,66971.1,76949.8,67056.9,66931.0
2026-05-28 17:55:00,66950.3,76925.9,67008.5,66923.1
2026-05-28 18:00:00,66902.4,76870.9,66893.2,66906.7
2026-05-28 18:05:00,66817.5,76773.3,66849.7,66802.4
2026-05-28 18:10:00,66840.9,76800.2,66873.8,66825.4
2026-05-28 18:15:00,66853.1,76814.3,66889.2,66836.3
2026-05-28 18:20:00,66880.1,76845.2,66969.5,66838.2
2026-05-28 18:25:00,66952.3,76928.2,66983.5,66937.6
2026-05-28 18:30:00,66957.1,76933.7,66973.2,66949.5
2026-05-28 18:35:00,66972.5,76951.4,67049.8,66936.2
2026-05-28 18:40:00,66958.5,76935.4,67035.1,66922.7
2026-05-28 18:45:00,66961.0,76938.2,67040.3,66923.9
2026-05-28 18:50:00,66922.0,76893.4,67004.6,66883.3
2026-05-28 18:55:00,66868.0,76831.3,66875.7,66864.4
2026-05-28 19:00:00,66785.6,76736.7,66808.4,66774.9
2026-05-28 19:05:00,66722.6,76664.2,66707.5,66729.6
2026-05-28 19:10:00,66677.2,76612.1,66659.6,66685.5
2026-05-28 19:15:00,66681.8,76617.4,66656.6,66693.6
2026-05-28 19:20:00,66678.5,76613.6,66655.2,66689.5
2026-05-28 19:25:00,66672.9,76607.2,66648.1,66684.6
2026-05-28 19:30:00,66664.3,76597.3,66644.6,66673.5
2026-05-28 19:35:00,66624.9,76552.0,66657.4,66609.6
2026-05-28 19:40:00,66595.8,76518.6,66554.8,66615.0
2026-05-28 19:45:00,66608.5,76533.2,66560.5,66631.0
2026-05-28 19:50:00,66576.9,76496.9,66539.0,66594.7
2026-05-28 19:55:00,66555.7,76472.5,66496.4,66583.4
2026-05-28 20:00:00,66428.0,76325.8,66468.4,66409.0
2026-05-28 20:05:00,66339.5,76224.1,66366.2,66327.0
2026-05-28 20:10:00,66293.1,76170.8,66328.5,66276.6
2026-05-28 20:15:00,66256.9,76129.2,66207.9,66279.8
2026-05-28 20:20:00,66239.4,76109.0,66188.5,66263.2
2026-05-28 20:25:00,66180.3,76041.1,66182.4,66179.2
2026-05-28 20:30:00,66121.1,75973.2,66054.5,66152.4
2026-05-28 20:35:00,66075.3,75920.5,66089.5,66068.6
2026-05-28 20:40:00,66042.8,75883.1,65994.7,66065.3
2026-05-28 20:45:00,66015.9,75852.3,66000.4,66023.1
2026-05-28 20:50:00,65882.7,75699.2,65860.6,65893.0
2026-05-28 20:55:00,65778.9,75580.0,65731.5,65801.1
2026-05-28 21:00:00,65495.3,75254.1,65530.7,65478.7
2026-05-28 21:05:00,65241.5,74962.5,65269.9,65228.2
2026-05-28 21:10:00,65068.0,74763.1,65128.3,65039.8
2026-05-28 21:15:00,64957.5,74636.2,64916.2,64976.9
2026-05-28 21:20:00,64761.2,74410.6,64808.1,64739.3
2026-05-28 21:25:00,64591.2,74215.2,64634.4,64570.9
2026-05-28 21:30:00,64491.7,74100.9,64448.2,64512.1
2026-05-28 21:35:00,64404.0,74000.1,64370.3,64419.7
2026-05-28 21:40:00,64282.0,73860.0,64265.3,64289.9
2026-05-28 21:45:00,64104.7,73656.3,64181.3,64068.9
2026-05-28 21:50:00,63933.4,73459.5,63968.0,63917.2
2026-05-28 21:55:00,63774.2,73276.6,63798.4,63762.9
2026-05-28 22:00:00,63602.3,73079.0,63607.7,63599.7
2026-05-28 22:05:00,63615.8,73094.5,63610.4,63618.3
2026-05-28 22:10:00,63512.7,72976.1,63561.4,63490.0
2026-05-28 22:15:00,63342.1,72780.0,63333.8,63345.9
2026-05-28 22:20:00,63276.5,72704.7,63252.3,63287.8
2026-05-28 22:25:00,63138.0,72545.6,63125.3,63144.0
2026-05-28 22:30:00,62908.9,72282.3,62875.3,62924.6
2026-05-28 22:35:00,62783.8,72138.6,62751.3,62799.0
2026-05-28 22:40:00,62688.0,72028.5,62662.8,62699.8
2026-05-28 22:45:00,62584.7,71909.9,62577.2,62588.3
2026-05-28 22:50:00,62479.6,71789.1,62455.2,62491.1
2026-05-28 22:55:00,62370.4,71663.6,62372.4,62369.5
2026-05-28 23:00:00,62361.8,71653.7,62399.9,62344.0
2026-05-28 23:05:00,62747.8,72097.3,62796.3,62725.1
2026-05-28 23:10:00,62756.1,72106.8,62741.4,62763.0
2026-05-28 23:15:00,62604.9,71933.1,62699.5,62560.6
2026-05-28 23:20:00,62398.2,71695.5,62399.1,62397.7
2026-05-28 23:25:00,62168.1,71431.2,62166.2,62169.0
2026-05-28 23:30:00,61813.1,71023.3,61788.8,61824.5
2026-05-28 23:35:00,61426.9,70579.5,61384.0,61446.9
2026-05-28 23:40:00,61043.6,70139.1,61017.2,61056.0
2026-05-28 23:45:00,60693.2,69736.5,60703.1,60688.6
2026-05-28 23:50:00,60335.5,69325.5,60354.0,60326.8
2026-05-28 23:55:00,59890.2,68813.9,59883.5,59893.4
2026-05-29 00:00:00,59254.0,68082.8,59259.4,59251.4
2026-05-29 00:05:00,59055.6,67854.9,59102.0,59033.9
2026-05-29 00:10:00,58719.6,67468.8,58721.6,58718.6
2026-05-29 00:15:00,58414.5,67118.2,58426.7,58408.7
2026-05-29 00:20:00,58181.4,66850.5,58167.2,58188.1
2026-05-29 00:25:00,57965.6,66602.4,57898.6,57996.9
2026-05-29 00:30:00,57769.4,66377.1,57740.7,57782.9
2026-05-29 00:35:00,57551.0,66126.1,57544.4,57554.0
2026-05-29 00:40:00,57335.8,65878.8,57277.8,57363.0
2026-05-29 00:45:00,57073.2,65577.1,57112.9,57054.6
2026-05-29 00:50:00,56871.7,65345.6,56854.6,56879.8
2026-05-29 00:55:00,56711.6,65161.6,56676.3,56728.1
2026-05-29 01:00:00,56630.5,65068.4,56560.3,56663.3
2026-05-29 01:05:00,56572.6,65001.9,56533.6,56590.8
2026-05-29 01:10:00,56422.4,64829.3,56485.5,56392.8
2026-05-29 01:15:00,56314.3,64705.2,56277.7,56331.5
2026-05-29 01:20:00,56232.0,64610.6,56186.6,56253.2
2026-05-29 01:25:00,56150.0,64516.3,56094.7,56175.9
2026-05-29 01:30:00,56087.9,64445.0,56099.0,56082.6
2026-05-29 01:35:00,56060.3,64413.3,56026.7,56076.1
2026-05-29 01:40:00,56053.9,64405.9,56015.3,56071.9
2026-05-29 01:45:00,56073.1,64428.0,56023.9,56096.2
2026-05-29 01:50:00,56026.3,64374.2,55983.5,56046.4
2026-05-29 01:55:00,55978.9,64319.8,56001.6,55968.3
2026-05-29 02:00:00,55907.3,64237.5,55894.7,55913.1
2026-05-29 02:05:00,55895.1,64223.5,55960.6,55864.5
2026-05-29 02:10:00,55847.7,64169.0,55834.0,55854.1
2026-05-29 02:15:00,55814.4,64130.7,55813.4,55814.8
2026-05-29 02:20:00,55735.3,64039.8,55807.8,55701.3
2026-05-29 02:25:00,55697.9,63996.9,55692.2,55700.7
2026-05-29 02:30:00,55626.9,63915.4,55674.0,55604.9
2026-05-29 02:35:00,55605.1,63890.2,55587.7,55613.2
2026-05-29 02:40:00,55599.9,63884.3,55573.1,55612.5
2026-05-29 02:45:00,55533.3,63807.7,55578.8,55511.9
2026-05-29 02:50:00,55498.9,63768.2,55469.9,55512.5
2026-05-29 02:55:00,55490.5,63758.6,55468.7,55500.8
2026-05-29 03:00:00,55438.6,63698.9,55454.3,55431.2
2026-05-29 03:05:00,55386.6,63639.2,55394.2,55383.0
2026-05-29 03:10:00,55364.4,63613.8,55371.4,55361.2
2026-05-29 03:15:00,55286.3,63523.9,55368.6,55247.7
2026-05-29 03:20:00,55254.6,63487.6,55269.2,55247.8
2026-05-29 03:25:00,55251.8,63484.3,55245.4,55254.8
2026-05-29 03:30:00,55247.7,63479.6,55246.3,55248.4
2026-05-29 03:35:00,55209.4,63435.7,55271.3,55180.5
2026-05-29 03:40:00,55125.9,63339.6,55136.4,55121.0
2026-05-29 03:45:00,55067.0,63272.0,55142.5,55031.6
2026-05-29 03:50:00,55034.1,63234.2,55041.3,55030.7
2026-05-29 03:55:00,55037.5,63238.1,55041.8,55035.5
2026-05-29 04:00:00,55142.9,63359.1,55107.0,55159.7
2026-05-29 04:05:00,55282.0,63519.1,55270.6,55287.4
2026-05-29 04:10:00,55358.9,63607.4,55349.4,55363.4
2026-05-29 04:15:00,55390.0,63643.1,55436.7,55368.1
2026-05-29 04:20:00,55452.2,63714.6,55431.5,55461.9
2026-05-29 04:25:00,55460.0,63723.6,55438.5,55470.1
2026-05-29 04:30:00,55490.5,63758.6,55540.5,55467.0
2026-05-29 04:35:00,55600.8,63885.4,55589.6,55606.1
2026-05-29 04:40:00,55684.8,63981.8,55653.7,55699.4
2026-05-29 04:45:00,55681.8,63978.4,55653.9,55694.8
2026-05-29 04:50:00,55675.0,63970.5,55650.1,55686.6
2026-05-29 04:55:00,55702.7,64002.4,55649.1,55727.7
2026-05-29 05:00:00,55772.2,64082.2,55868.4,55727.1
2026-05-29 05:05:00,55901.8,64231.1,55933.5,55886.9
2026-05-29 05:10:00,55956.5,64294.0,55981.2,55944.9
2026-05-29 05:15:00,56096.7,64455.1,56069.6,56109.5
2026-05-29 05:20:00,56195.9,64569.1,56173.0,56206.6
2026-05-29 05:25:00,56293.7,64681.5,56285.2,56297.7
2026-05-29 05:30:00,56381.2,64782.0,56372.8,56385.1
2026-05-29 05:35:00,56557.0,64984.0,56518.8,56574.9
2026-05-29 05:40:00,56643.9,65083.8,56720.9,56607.8
2026-05-29 05:45:00,56729.2,65181.9,56786.2,56702.5
2026-05-29 05:50:00,56832.0,65300.0,56882.8,56808.3
2026-05-29 05:55:00,56966.4,65454.4,56970.4,56964.5
2026-05-29 06:00:00,57190.9,65712.4,57157.9,57206.4
2026-05-29 06:05:00,57603.2,66186.0,57587.3,57610.6
2026-05-29 06:10:00,57757.6,66363.5,57795.0,57740.1
2026-05-29 06:15:00,57939.3,66572.3,57946.2,57936.1
2026-05-29 06:20:00,58080.3,66734.2,58040.5,58098.9
2026-05-29 06:25:00,58203.4,66875.7,58215.1,58197.9
2026-05-29 06:30:00,58320.3,67010.0,58304.7,58327.6
2026-05-29 06:35:00,58499.5,67215.9,58524.4,58487.8
2026-05-29 06:40:00,58569.4,67296.3,58555.9,58575.7
2026-05-29 06:45:00,58754.6,67509.0,58706.1,58777.3
2026-05-29 06:50:00,58898.3,67674.1,58861.9,58915.4
2026-05-29 06:55:00,59029.0,67824.3,59045.2,59021.4
2026-05-29 07:00:00,59293.4,68128.1,59265.8,59306.4
2026-05-29 07:05:00,59696.3,68591.0,59694.2,59697.3
2026-05-29 07:10:00,59891.3,68815.1,59863.9,59904.1
2026-05-29 07:15:00,60104.4,69060.0,60053.4,60128.3
2026-05-29 07:20:00,60219.4,69192.1,60276.4,60192.7
2026-05-29 07:25:00,60354.2,69346.9,60367.7,60347.8
2026-05-29 07:30:00,60428.6,69432.5,60388.4,60447.5
2026-05-29 07:35:00,60537.8,69557.9,60580.2,60517.9
2026-05-29 07:40:00,60592.6,69620.9,60612.7,60583.1
2026-05-29 07:45:00,60698.2,69742.3,60687.8,60703.1
2026-05-29 07:50:00,60769.2,69823.8,60796.4,60756.4
2026-05-29 07:55:00,60834.1,69898.4,60871.9,60816.4
2026-05-29 08:00:00,61119.9,70226.8,61076.4,61140.3
2026-05-29 08:05:00,61544.2,70714.2,61485.4,61571.7
2026-05-29 08:10:00,61791.4,70998.3,61798.7,61788.0
2026-05-29 08:15:00,62083.3,71333.7,62041.3,62102.9
2026-05-29 08:20:00,62239.7,71513.5,62242.8,62238.3
2026-05-29 08:25:00,62434.1,71736.8,62452.0,62425.7
2026-05-29 08:30:00,62542.6,71861.4,62554.8,62536.8
2026-05-29 08:35:00,62667.8,72005.2,62690.6,62657.0
2026-05-29 08:40:00,62670.3,72008.2,62783.6,62617.2
2026-05-29 08:45:00,62711.7,72055.7,62720.7,62707.4
2026-05-29 08:50:00,62692.8,72034.0,62736.5,62672.3
2026-05-29 08:55:00,62689.5,72030.2,62710.2,62679.8
2026-05-29 09:00:00,62576.4,71900.3,62605.4,62562.8
2026-05-29 09:05:00,62575.1,71898.8,62650.2,62539.9
2026-05-29 09:10:00,62620.4,71950.8,62657.2,62603.1
2026-05-29 09:15:00,62638.1,71971.2,62671.2,62622.6
2026-05-29 09:20:00,62605.5,71933.7,62601.5,62607.3
2026-05-29 09:25:00,62551.1,71871.2,62560.9,62546.5
2026-05-29 09:30:00,62390.7,71686.9,62398.4,62387.1
2026-05-29 09:35:00,62341.9,71630.8,62349.9,62338.1
2026-05-29 09:40:00,62193.5,71460.3,62207.9,62186.7
2026-05-29 09:45:00,62065.7,71313.5,62061.2,62067.8
2026-05-29 09:50:00,61946.5,71176.5,61943.3,61948.0
2026-05-29 09:55:00,61849.6,71065.2,61843.6,61852.4
2026-05-29 10:00:00,61631.4,70814.5,61665.7,61615.3
2026-05-29 10:05:00,61688.8,70880.4,61720.1,61674.1
2026-05-29 10:10:00,61730.6,70928.4,61723.5,61733.9
2026-05-29 10:15:00,61842.7,71057.3,61926.8,61803.3
2026-05-29 10:20:00,61843.9,71058.6,61871.8,61830.8
2026-05-29 10:25:00,61821.9,71033.4,61856.6,61805.7
2026-05-29 10:30:00,61728.4,70925.9,61742.9,61721.6
2026-05-29 10:35:00,61674.8,70864.4,61685.2,61669.9
2026-05-29 10:40:00,61596.2,70774.1,61571.6,61607.8
2026-05-29 10:45:00,61474.7,70634.5,61487.6,61468.7
2026-05-29 10:50:00,61385.3,70531.7,61401.3,61377.7
2026-05-29 10:55:00,61274.7,70404.6,61315.5,61255.6
2026-05-29 11:00:00,61161.0,70274.0,61172.2,61155.8
2026-05-29 11:05:00,61021.2,70113.3,61092.4,60987.8
2026-05-29 11:10:00,60879.9,69951.0,60889.0,60875.7
2026-05-29 11:15:00,60711.7,69757.7,60773.6,60682.7
2026-05-29 11:20:00,60484.2,69496.3,60521.0,60466.9
2026-05-29 11:25:00,60302.5,69287.5,60339.0,60285.4
2026-05-29 11:30:00,60075.7,69027.0,60062.9,60081.7
2026-05-29 11:35:00,59917.0,68844.6,59828.2,59958.6
2026-05-29 11:40:00,59677.2,68569.1,59703.6,59664.8
2026-05-29 11:45:00,59383.3,68231.4,59435.1,59359.0
2026-05-29 11:50:00,59085.5,67889.3,59092.8,59082.1
2026-05-29 11:55:00,58676.7,67419.6,58709.1,58661.6
2026-05-29 12:00:00,58251.0,66930.4,58206.4,58271.9
2026-05-29 12:05:00,58226.0,66901.7,58203.8,58236.4
2026-05-29 12:10:00,58210.9,66884.4,58166.8,58231.6
2026-05-29 12:15:00,58092.0,66747.8,58088.2,58093.8
2026-05-29 12:20:00,57928.3,66559.7,58019.6,57885.6
2026-05-29 12:25:00,57831.5,66448.4,57848.1,57823.7
2026-05-29 12:30:00,57686.8,66282.1,57692.0,57684.3
2026-05-29 12:35:00,57613.5,66197.9,57692.4,57576.6
2026-05-29 12:40:00,57641.2,66229.7,57630.4,57646.2
2026-05-29 12:45:00,57742.9,66346.6,57711.5,57757.6
2026-05-29 12:50:00,57888.4,66513.7,57854.3,57904.3
2026-05-29 12:55:00,58087.4,66742.4,58129.4,58067.7
2026-05-29 13:00:00,58325.8,67016.3,58390.7,58295.3
2026-05-29 13:05:00,58561.4,67287.0,58664.5,58513.0
2026-05-29 13:10:00,58787.0,67546.3,58780.2,58790.2
2026-05-29 13:15:00,58943.7,67726.3,58972.4,58930.3
2026-05-29 13:20:00,59106.8,67913.7,59070.5,59123.8
2026-05-29 13:25:00,59251.4,68079.8,59267.4,59243.9
2026-05-29 13:30:00,59463.6,68323.7,59490.8,59450.8
2026-05-29 13:35:00,59659.9,68549.2,59726.7,59628.6
2026-05-29 13:40:00,59797.1,68706.8,59819.4,59786.6
2026-05-29 13:45:00,59965.6,68900.5,59925.8,59984.3
2026-05-29 13:50:00,60104.8,69060.5,60082.4,60115.4
2026-05-29 13:55:00,60218.9,69191.6,60292.2,60184.6
2026-05-29 14:00:00,60358.6,69352.1,60361.8,60357.2
2026-05-29 14:05:00,60471.5,69481.7,60452.0,60480.6
2026-05-29 14:10:00,60636.1,69670.9,60654.2,60627.6
2026-05-29 14:15:00,60846.6,69912.8,60759.9,60887.2
2026-05-29 14:20:00,60996.1,70084.5,60912.6,61035.2
2026-05-29 14:25:00,61124.2,70231.7,61128.5,61122.2
2026-05-29 14:30:00,61220.4,70342.3,61178.4,61240.1
2026-05-29 14:35:00,61334.9,70473.8,61284.7,61358.4
2026-05-29 14:40:00,61371.1,70515.4,61387.1,61363.7
2026-05-29 14:45:00,61434.2,70587.9,61488.9,61408.6
2026-05-29 14:50:00,61532.5,70700.9,61470.5,61561.6
2026-05-29 14:55:00,61638.5,70822.6,61652.7,61631.8
2026-05-29 15:00:00,61664.7,70852.7,61750.6,61624.5
2026-05-29 15:05:00,61714.0,70909.3,61754.7,61694.9
2026-05-29 15:10:00,61858.8,71075.7,61831.6,61871.5
2026-05-29 15:15:00,62081.8,71332.0,62079.2,62083.1
2026-05-29 15:20:00,62240.2,71514.0,62239.0,62240.7
2026-05-29 15:25:00,62422.5,71723.4,62449.6,62409.7
2026-05-29 15:30:00,62579.6,71904.0,62596.1,62571.9
2026-05-29 15:35:00,62741.4,72089.9,62769.1,62728.4
2026-05-29 15:40:00,62858.6,72224.5,62895.2,62841.4
2026-05-29 15:45:00,63124.9,72530.5,63113.3,63130.3
2026-05-29 15:50:00,63259.8,72685.5,63275.9,63252.2
2026-05-29 15:55:00,63460.6,72916.2,63446.0,63467.4
2026-05-29 16:00:00,63636.7,73118.6,63581.3,63662.7
2026-05-29 16:05:00,63720.1,73214.4,63751.6,63705.3
2026-05-29 16:10:00,63834.5,73345.8,63902.4,63802.7
2026-05-29 16:15:00,64041.5,73583.6,64045.9,64039.4
2026-05-29 16:20:00,64185.0,73748.5,64198.9,64178.4
2026-05-29 16:25:00,64362.9,73952.9,64403.8,64343.7
2026-05-29 16:30:00,64522.9,74136.8,64555.8,64507.4
2026-05-29 16:35:00,64694.4,74333.8,64666.5,64707.4
2026-05-29 16:40:00,64897.3,74567.0,64896.2,64897.8
2026-05-29 16:45:00,65048.0,74740.1,65046.5,65048.7
2026-05-29 16:50:00,65165.4,74875.1,65219.4,65140.2
2026-05-29 16:55:00,65266.1,74990.8,65281.2,65259.1
2026-05-29 17:00:00,65303.0,75033.2,65303.9,65302.6
2026-05-29 17:05:00,65211.3,74927.8,65238.5,65198.5
2026-05-29 17:10:00,65255.5,74978.5,65277.5,65245.1
2026-05-29 17:15:00,65293.8,75022.6,65392.1,65247.8
2026-05-29 17:20:00,65355.9,75094.0,65380.8,65344.2
2026-05-29 17:25:00,65376.9,75118.0,65463.1,65336.5
2026-05-29 17:30:00,65451.1,75203.3,65445.3,65453.8
2026-05-29 17:35:00,65492.4,75250.8,65557.2,65462.1
2026-05-29 17:40:00,65575.8,75346.6,65546.8,65589.3
2026-05-29 17:45:00,65679.4,75465.7,65663.9,65686.7
2026-05-29 17:50:00,65739.0,75534.1,65703.6,65755.5
2026-05-29 17:55:00,65746.9,75543.2,65780.9,65731.0
2026-05-29 18:00:00,65799.4,75603.5,65780.8,65808.1
2026-05-29 18:05:00,65729.5,75523.2,65719.2,65734.3
2026-05-29 18:10:00,65771.3,75571.2,65843.0,65737.7
2026-05-29 18:15:00,65844.0,75654.8,65870.4,65831.6
2026-05-29 18:20:00,65917.6,75739.3,65931.9,65910.9
2026-05-29 18:25:00,65970.0,75799.6,66055.4,65930.0
2026-05-29 18:30:00,66022.7,75860.1,66053.7,66008.2
2026-05-29 18:35:00,66048.5,75889.8,66147.3,66002.3
2026-05-29 18:40:00,66142.0,75997.2,66129.2,66148.0
2026-05-29 18:45:00,66147.5,76003.5,66196.6,66124.6
2026-05-29 18:50:00,66163.6,76022.0,66165.7,66162.6
2026-05-29 18:55:00,66142.9,75998.2,66132.9,66147.5
2026-05-29 19:00:00,66068.7,75913.0,66082.8,66062.1
2026-05-29 19:05:00,66003.1,75837.5,65978.3,66014.7
2026-05-29 19:10:00,65961.6,75789.9,65939.2,65972.1
2026-05-29 19:15:00,65964.6,75793.3,65923.9,65983.6
2026-05-29 19:20:00,65956.2,75783.7,65906.7,65979.5
2026-05-29 19:25:00,65942.4,75767.9,65899.4,65962.6
2026-05-29 19:30:00,65936.9,75761.4,65896.8,65955.6
2026-05-29 19:35:00,65887.0,75704.2,65909.2,65876.6
2026-05-29 19:40:00,65831.5,75640.4,65781.1,65855.1
2026-05-29 19:45:00,65783.0,75584.7,65783.1,65783.0
2026-05-29 19:50:00,65715.6,75507.2,65654.6,65744.2
2026-05-29 19:55:00,65621.3,75398.9,65539.8,65659.5
2026-05-29 20:00:00,65488.0,75245.7,65435.8,65512.5
2026-05-29 20:05:00,65344.6,75080.9,65309.4,65361.1
2026-05-29 20:10:00,65264.4,74988.8,65290.6,65252.2
2026-05-29 20:15:00,65236.5,74956.8,65189.4,65258.6
2026-05-29 20:20:00,65159.0,74867.6,65176.5,65150.8
2026-05-29 20:25:00,65063.4,74757.8,65052.9,65068.3
2026-05-29 20:30:00,65014.7,74701.9,64953.9,65043.2
2026-05-29 20:35:00,64923.9,74597.5,64885.6,64941.8
2026-05-29 20:40:00,64822.6,74481.2,64792.7,64836.7
2026-05-29 20:45:00,64721.4,74364.9,64736.9,64714.1
2026-05-29 20:50:00,64587.8,74211.4,64612.2,64576.4
2026-05-29 20:55:00,64490.0,74099.0,64496.0,64487.2
2026-05-29 21:00:00,64316.5,73899.6,64325.2,64312.4
2026-05-29 21:05:00,64166.9,73727.8,64175.0,64163.2
2026-05-29 21:10:00,64044.6,73587.3,64073.3,64031.2
2026-05-29 21:15:00,63898.5,73419.3,63890.5,63902.2
2026-05-29 21:20:00,63778.4,73281.4,63803.2,63766.8
2026-05-29 21:25:00,63677.9,73165.9,63632.5,63699.2
2026-05-29 21:30:00,63547.2,73015.7,63507.9,63565.6
2026-05-29 21:35:00,63415.8,72864.8,63410.5,63418.3
2026-05-29 21:40:00,63240.9,72663.8,63250.8,63236.2
2026-05-29 21:45:00,63088.4,72488.5,63135.0,63066.5
2026-05-29 21:50:00,62972.1,72354.9,62944.5,62985.0
2026-05-29 21:55:00,62867.1,72234.2,62845.6,62877.1
2026-05-29 22:00:00,62786.7,72142.0,62793.4,62783.6
2026-05-29 22:05:00,62936.2,72313.6,62914.1,62946.5
2026-05-29 22:10:00,62894.6,72265.9,62863.0,62909.4
2026-05-29 22:15:00,62831.3,72193.1,62786.7,62852.1
2026-05-29 22:20:00,62729.1,72075.8,62687.0,62748.8
2026-05-29 22:25:00,62606.0,71934.3,62563.6,62625.9
2026-05-29 22:30:00,62442.0,71745.9,62454.1,62436.4
2026-05-29 22:35:00,62288.1,71569.1,62286.0,62289.2
2026-05-29 22:40:00,62084.5,71335.0,62088.4,62082.6
2026-05-29 22:45:00,61853.2,71069.4,61854.1,61852.8
2026-05-29 22:50:00,61634.2,70817.7,61657.8,61623.1
2026-05-29 22:55:00,61453.3,70609.9,61492.6,61434.9
2026-05-29 23:00:00,61482.9,70643.9,61481.6,61483.6
2026-05-29 23:05:00,61808.6,71018.1,61830.2,61798.6
2026-05-29 23:10:00,61774.2,70978.6,61754.5,61783.5
2026-05-29 23:15:00,61541.9,70711.7,61597.0,61516.1
2026-05-29 23:20:00,61280.4,70411.2,61313.1,61265.1
2026-05-29 23:25:00,61006.8,70096.8,60981.7,61018.6
2026-05-29 23:30:00,60656.3,69694.1,60654.7,60657.1
2026-05-29 23:35:00,60357.0,69350.2,60322.7,60373.1
2026-05-29 23:40:00,60051.6,68999.3,60021.4,60065.8
2026-05-29 23:45:00,59730.4,68630.3,59748.5,59722.0
2026-05-29 23:50:00,59408.0,68259.8,59457.0,59385.1
2026-05-29 23:55:00,59026.4,67821.3,59026.6,59026.3
2026-05-30 00:00:00,58542.5,67265.3,58558.6,58534.9
2026-05-30 00:05:00,58323.9,67014.2,58357.5,58308.2
2026-05-30 00:10:00,58073.9,66726.9,58068.9,58076.3
2026-05-30 00:15:00,57788.1,66398.6,57769.4,57796.9
2026-05-30 00:20:00,57472.7,66036.2,57462.1,57477.7
2026-05-30 00:25:00,57153.3,65669.1,57197.5,57132.5
2026-05-30 00:30:00,56900.4,65378.5,56876.8,56911.4
2026-05-30 00:35:00,56658.8,65101.0,56647.3,56664.2
2026-05-30 00:40:00,56462.8,64875.8,56463.8,56462.4
2026-05-30 00:45:00,56272.7,64657.3,56288.0,56265.5
2026-05-30 00:50:00,56126.2,64489.0,56099.3,56138.8
2026-05-30 00:55:00,55863.9,64187.7,55847.4,55871.7
2026-05-30 01:00:00,55713.6,64015.0,55716.4,55712.3
2026-05-30 01:05:00,55549.1,63825.9,55599.9,55525.2
2026-05-30 01:10:00,55416.5,63673.6,55399.6,55424.5
2026-05-30 01:15:00,55324.8,63568.2,55262.3,55354.0
2026-05-30 01:20:00,55187.9,63410.8,55133.2,55213.4
2026-05-30 01:25:00,55036.9,63237.4,55017.3,55046.1
2026-05-30 01:30:00,54908.8,63090.3,54918.3,54904.4
2026-05-30 01:35:00,54803.6,62969.3,54811.7,54799.7
2026-05-30 01:40:00,54679.1,62826.3,54685.3,54676.2
2026-05-30 01:45:00,54542.0,62668.8,54526.2,54549.5
2026-05-30 01:50:00,54395.7,62500.6,54403.3,54392.1
2026-05-30 01:55:00,54241.1,62323.0,54234.8,54244.0
2026-05-30 02:00:00,54180.4,62253.3,54121.1,54208.2
2026-05-30 02:05:00,54114.1,62177.1,54176.4,54084.9
2026-05-30 02:10:00,54049.5,62102.9,54023.7,54061.7
2026-05-30 02:15:00,54022.0,62071.2,54018.9,54023.4
2026-05-30 02:20:00,53937.6,61974.2,54015.3,53901.2
2026-05-30 02:25:00,53877.4,61905.1,53845.1,53892.5
2026-05-30 02:30:00,53762.5,61773.1,53848.4,53722.2
2026-05-30 02:35:00,53724.3,61729.2,53713.3,53729.5
2026-05-30 02:40:00,53717.4,61721.3,53712.9,53719.5
2026-05-30 02:45:00,53693.0,61693.3,53703.0,53688.4
2026-05-30 02:50:00,53572.6,61555.0,53558.7,53579.2
2026-05-30 02:55:00,53572.0,61554.3,53556.8,53579.1
2026-05-30 03:00:00,53566.1,61547.4,53561.9,53568.0
2026-05-30 03:05:00,53597.2,61583.2,53589.5,53600.8
2026-05-30 03:10:00,53588.0,61572.6,53580.0,53591.8
2026-05-30 03:15:00,53556.6,61536.5,53562.2,53554.0
2026-05-30 03:20:00,53552.7,61532.1,53558.3,53550.1
2026-05-30 03:25:00,53572.0,61554.2,53561.8,53576.8
2026-05-30 03:30:00,53567.1,61548.6,53559.7,53570.6
2026-05-30 03:35:00,53585.5,61569.8,53577.1,53589.5
2026-05-30 03:40:00,53586.7,61571.2,53562.5,53598.1
2026-05-30 03:45:00,53592.6,61577.9,53580.7,53598.2
2026-05-30 03:50:00,53588.1,61572.8,53568.6,53597.3
2026-05-30 03:55:00,53592.5,61577.8,53568.3,53603.8
2026-05-30 04:00:00,53613.0,61601.3,53593.4,53622.1
2026-05-30 04:05:00,53642.5,61635.3,53623.9,53651.3
2026-05-30 04:10:00,53630.1,61621.0,53602.2,53643.2
2026-05-30 04:15:00,53631.2,61622.3,53596.3,53647.6
2026-05-30 04:20:00,53656.6,61651.4,53590.0,53687.8
2026-05-30 04:25:00,53635.1,61626.7,53596.7,53653.0
2026-05-30 04:30:00,53629.9,61620.7,53593.5,53646.9
2026-05-30 04:35:00,53652.2,61646.4,53612.9,53670.6
2026-05-30 04:40:00,53630.6,61621.6,53591.6,53648.9
2026-05-30 04:45:00,53629.3,61620.1,53590.8,53647.4
2026-05-30 04:50:00,53622.6,61612.4,53587.3,53639.2
2026-05-30 04:55:00,53618.6,61607.7,53586.3,53633.7
2026-05-30 05:00:00,53621.8,61611.4,53620.6,53622.3
2026-05-30 05:05:00,53671.5,61668.6,53653.0,53680.2
2026-05-30 05:10:00,53640.1,61632.5,53629.5,53645.1
2026-05-30 05:15:00,53637.3,61629.2,53616.1,53647.2
2026-05-30 05:20:00,53634.6,61626.1,53608.9,53646.6
2026-05-30 05:25:00,53634.9,61626.5,53610.7,53646.3
2026-05-30 05:30:00,53632.9,61624.2,53612.4,53642.5
2026-05-30 05:35:00,53668.8,61665.5,53640.6,53682.1
2026-05-30 05:40:00,53635.7,61627.4,53610.7,53647.4
2026-05-30 05:45:00,53635.1,61626.7,53608.2,53647.7
2026-05-30 05:50:00,53630.1,61621.0,53607.8,53640.6
2026-05-30 05:55:00,53624.7,61614.8,53605.2,53633.9
2026-05-30 06:00:00,53647.4,61640.8,53644.3,53648.8
2026-05-30 06:05:00,53741.4,61748.8,53701.0,53760.3
2026-05-30 06:10:00,53776.0,61788.6,53776.8,53775.6
2026-05-30 06:15:00,53767.6,61778.9,53764.7,53768.9
2026-05-30 06:20:00,53746.3,61754.5,53748.9,53745.1
2026-05-30 06:25:00,53747.1,61755.4,53752.0,53744.8
2026-05-30 06:30:00,53735.6,61742.2,53745.9,53730.8
2026-05-30 06:35:00,53754.7,61764.2,53769.0,53748.1
2026-05-30 06:40:00,53716.9,61720.7,53740.0,53706.1
2026-05-30 06:45:00,53643.0,61635.8,53743.9,53595.7
2026-05-30 06:50:00,53589.0,61573.7,53597.1,53585.2
2026-05-30 06:55:00,53582.8,61566.6,53593.5,53577.8
2026-05-30 07:00:00,53608.8,61596.5,53612.9,53606.8
2026-05-30 07:05:00,53681.1,61679.6,53666.3,53688.0
2026-05-30 07:10:00,53605.7,61593.0,53597.9,53609.4
2026-05-30 07:15:00,53603.9,61590.8,53607.2,53602.3
2026-05-30 07:20:00,53557.8,61537.9,53560.4,53556.5
2026-05-30 07:25:00,53549.3,61528.2,53548.8,53549.5
2026-05-30 07:30:00,53411.2,61369.4,53503.7,53367.8
2026-05-30 07:35:00,53396.0,61352.0,53392.7,53397.6
2026-05-30 07:40:00,53360.1,61310.7,53354.9,53362.5
2026-05-30 07:45:00,53267.6,61204.4,53364.2,53222.3
2026-05-30 07:50:00,53207.2,61135.1,53178.0,53220.9
2026-05-30 07:55:00,53158.2,61078.8,53169.2,53153.1
2026-05-30 08:00:00,53134.6,61051.7,53109.3,53146.5
2026-05-30 08:05:00,53228.3,61159.3,53174.4,53253.5
2026-05-30 08:10:00,53264.6,61201.0,53265.6,53264.1
2026-05-30 08:15:00,53270.6,61207.9,53289.7,53261.6
2026-05-30 08:20:00,53242.0,61175.1,53237.7,53244.1
2026-05-30 08:25:00,53278.1,61216.6,53252.2,53290.3
2026-05-30 08:30:00,53224.6,61155.1,53209.4,53231.8
2026-05-30 08:35:00,53240.5,61173.4,53227.1,53246.8
2026-05-30 08:40:00,53192.1,61117.8,53175.2,53200.1
2026-05-30 08:45:00,53195.1,61121.2,53184.5,53200.1
2026-05-30 08:50:00,53163.0,61084.3,53152.5,53167.9
2026-05-30 08:55:00,52992.9,60888.8,52986.0,52996.1
2026-05-30 09:00:00,52901.3,60783.6,52935.7,52885.2
2026-05-30 09:05:00,52852.0,60727.0,52815.0,52869.3
2026-05-30 09:10:00,52884.0,60763.7,52857.9,52896.2
2026-05-30 09:15:00,52899.1,60781.1,52890.4,52903.2
2026-05-30 09:20:00,52881.9,60761.4,52850.4,52896.7
2026-05-30 09:25:00,52884.9,60764.7,52855.9,52898.4
2026-05-30 09:30:00,52845.4,60719.4,52819.9,52857.4
2026-05-30 09:35:00,52863.8,60740.5,52832.8,52878.3
2026-05-30 09:40:00,52825.0,60696.0,52799.8,52836.9
2026-05-30 09:45:00,52722.0,60577.5,52809.9,52680.8
2026-05-30 09:50:00,52662.7,60509.5,52624.0,52680.9
2026-05-30 09:55:00,52645.5,60489.7,52615.8,52659.4
2026-05-30 10:00:00,52613.6,60453.1,52590.8,52624.4
2026-05-30 10:05:00,52567.5,60400.1,52540.5,52580.2
2026-05-30 10:10:00,52578.7,60413.0,52567.6,52583.9
2026-05-30 10:15:00,52625.9,60467.1,52659.9,52609.9
2026-05-30 10:20:00,52574.5,60408.1,52747.8,52493.3
2026-05-30 10:25:00,52499.1,60321.4,52555.6,52472.6
2026-05-30 10:30:00,52420.2,60230.8,52424.9,52418.0
2026-05-30 10:35:00,52318.0,60113.4,52451.8,52255.4
2026-05-30 10:40:00,52242.0,60026.0,52205.6,52259.0
2026-05-30 10:45:00,52248.4,60033.4,52225.6,52259.0
2026-05-30 10:50:00,52238.2,60021.7,52210.5,52251.2
2026-05-30 10:55:00,52201.3,59979.2,52201.4,52201.2
2026-05-30 11:00:00,52137.9,59906.5,52147.2,52133.6
2026-05-30 11:05:00,51977.3,59721.9,51960.5,51985.2
2026-05-30 11:10:00,51978.6,59723.4,51960.5,51987.1
2026-05-30 11:15:00,51984.9,59730.6,51973.0,51990.4
2026-05-30 11:20:00,51974.5,59718.7,51952.4,51984.9
2026-05-30 11:25:00,51790.3,59507.1,51913.3,51732.7
2026-05-30 11:30:00,51699.8,59403.1,51676.8,51710.6
2026-05-30 11:35:00,51575.0,59259.7,51517.4,51602.0
2026-05-30 11:40:00,51510.5,59185.6,51486.0,51522.0
2026-05-30 11:45:00,51324.1,58971.4,51258.6,51354.8
2026-05-30 11:50:00,51280.2,58921.0,51211.5,51312.4
2026-05-30 11:55:00,50958.3,58551.1,50948.3,50962.9
2026-05-30 12:00:00,50833.8,58408.0,50785.1,50856.5
2026-05-30 12:05:00,50816.4,58388.1,50942.1,50757.6
2026-05-30 12:10:00,50816.1,58387.7,50947.2,50754.8
2026-05-30 12:15:00,50814.7,58386.1,50935.5,50758.1
2026-05-30 12:20:00,50806.5,58376.6,50914.3,50755.9
2026-05-30 12:25:00,50747.5,58308.9,50674.8,50781.6
2026-05-30 12:30:00,50690.3,58243.1,50645.4,50711.3
2026-05-30 12:35:00,50724.5,58282.4,50691.4,50739.9
2026-05-30 12:40:00,50752.1,58314.1,50724.2,50765.1
2026-05-30 12:45:00,50745.2,58306.2,50731.1,50751.8
2026-05-30 12:50:00,50763.0,58326.7,50766.7,50761.2
2026-05-30 12:55:00,50769.3,58333.9,50732.2,50786.7
2026-05-30 13:00:00,50850.9,58427.7,50828.5,50861.4
2026-05-30 13:05:00,50934.5,58523.7,51074.2,50869.0
2026-05-30 13:10:00,51083.7,58695.1,51045.5,51101.6
2026-05-30 13:15:00,51136.5,58755.9,51251.5,51082.7
2026-05-30 13:20:00,51269.2,58908.3,51230.6,51287.3
2026-05-30 13:25:00,51292.8,58935.4,51274.1,51301.5
2026-05-30 13:30:00,51286.8,58928.6,51271.2,51294.2
2026-05-30 13:35:00,51299.3,58942.9,51286.2,51305.4
2026-05-30 13:40:00,51272.2,58911.7,51249.1,51283.0
2026-05-30 13:45:00,51264.7,58903.2,51243.6,51274.6
2026-05-30 13:50:00,51234.7,58868.7,51216.0,51243.5
2026-05-30 13:55:00,51257.0,58894.3,51220.5,51274.1
2026-05-30 14:00:00,51276.3,58916.5,51245.4,51290.8
2026-05-30 14:05:00,51252.0,58888.6,51213.3,51270.2
2026-05-30 14:10:00,51267.9,58906.8,51248.7,51276.9
2026-05-30 14:15:00,51271.3,58910.7,51254.9,51279.0
2026-05-30 14:20:00,51266.7,58905.4,51245.5,51276.6
2026-05-30 14:25:00,51278.0,58918.4,51255.6,51288.5
2026-05-30 14:30:00,51270.8,58910.1,51248.5,51281.2
2026-05-30 14:35:00,51274.7,58914.7,51250.6,51286.0
2026-05-30 14:40:00,51275.6,58915.6,51255.2,51285.1
2026-05-30 14:45:00,51277.1,58917.4,51261.4,51284.4
2026-05-30 14:50:00,51270.5,58909.8,51247.7,51281.2
2026-05-30 14:55:00,51262.9,58901.0,51240.5,51273.4
2026-05-30 15:00:00,51311.6,58957.1,51305.6,51314.5
2026-05-30 15:05:00,51389.4,59046.5,51507.1,51334.3
2026-05-30 15:10:00,51571.8,59256.0,51578.5,51568.6
2026-05-30 15:15:00,51797.7,59515.6,51830.0,51782.6
2026-05-30 15:20:00,52010.1,59759.6,52057.5,51987.9
2026-05-30 15:25:00,52246.4,60031.1,52298.8,52221.9
2026-05-30 15:30:00,52421.0,60231.7,52480.5,52393.2
2026-05-30 15:35:00,52495.3,60317.1,52702.1,52398.4
2026-05-30 15:40:00,52645.1,60489.2,52714.2,52612.8
2026-05-30 15:45:00,52887.2,60767.4,52920.1,52871.8
2026-05-30 15:50:00,53066.0,60972.9,53097.7,53051.2
2026-05-30 15:55:00,53285.6,61225.1,53265.0,53295.2
2026-05-30 16:00:00,53468.5,61435.3,53427.8,53487.6
2026-05-30 16:05:00,53576.5,61559.4,53575.3,53577.0
2026-05-30 16:10:00,53823.3,61843.0,53816.6,53826.4
2026-05-30 16:15:00,53955.4,61994.8,53978.1,53944.8
2026-05-30 16:20:00,54135.8,62202.1,54148.8,54129.7
2026-05-30 16:25:00,54258.1,62342.6,54313.9,54232.0
2026-05-30 16:30:00,54426.5,62536.1,54439.9,54420.2
2026-05-30 16:35:00,54631.0,62771.1,54594.3,54648.3
2026-05-30 16:40:00,54846.5,63018.6,54832.4,54853.1
2026-05-30 16:45:00,55048.3,63250.4,55118.0,55015.6
2026-05-30 16:50:00,55217.7,63445.1,55253.5,55200.9
2026-05-30 16:55:00,55352.7,63600.3,55334.1,55361.5
2026-05-30 17:00:00,55476.1,63742.0,55539.2,55446.5
2026-05-30 17:05:00,55532.5,63806.9,55595.8,55502.9
2026-05-30 17:10:00,55671.4,63966.4,55676.2,55669.1
2026-05-30 17:15:00,55815.0,64131.5,55792.3,55825.7
2026-05-30 17:20:00,55948.1,64284.3,56006.9,55920.5
2026-05-30 17:25:00,56201.0,64575.0,56161.3,56219.6
2026-05-30 17:30:00,56362.7,64760.7,56349.4,56368.9
2026-05-30 17:35:00,56527.1,64949.7,56576.2,56504.2
2026-05-30 17:40:00,56659.9,65102.2,56637.7,56670.3
2026-05-30 17:45:00,56781.1,65241.5,56818.4,56763.7
2026-05-30 17:50:00,56891.7,65368.6,56904.8,56885.6
2026-05-30 17:55:00,57030.3,65527.9,56972.2,57057.6
2026-05-30 18:00:00,57152.4,65668.2,57145.0,57155.9
2026-05-30 18:05:00,57229.7,65756.9,57159.8,57262.4
2026-05-30 18:10:00,57349.9,65895.1,57363.9,57343.4
2026-05-30 18:15:00,57508.4,66077.1,57455.1,57533.3
2026-05-30 18:20:00,57592.7,66174.0,57625.2,57577.5
2026-05-30 18:25:00,57732.7,66334.9,57754.7,57722.5
2026-05-30 18:30:00,57877.5,66501.3,57840.8,57894.7
2026-05-30 18:35:00,57962.0,66598.4,58017.2,57936.1
2026-05-30 18:40:00,58027.3,66673.3,58081.2,58002.0
2026-05-30 18:45:00,58095.6,66751.9,58094.4,58096.2
2026-05-30 18:50:00,58108.2,66766.3,58144.0,58091.4
2026-05-30 18:55:00,58198.6,66870.2,58173.4,58210.4
2026-05-30 19:00:00,58291.6,66977.0,58268.8,58302.3
2026-05-30 19:05:00,58355.5,67050.4,58279.8,58390.9
2026-05-30 19:10:00,58388.7,67088.6,58432.1,58368.4
2026-05-30 19:15:00,58408.8,67111.7,58412.2,58407.2
2026-05-30 19:20:00,58410.5,67113.6,58405.9,58412.6
2026-05-30 19:25:00,58430.4,67136.5,58487.0,58403.9
2026-05-30 19:30:00,58436.5,67143.5,58488.0,58412.3
2026-05-30 19:35:00,58424.3,67129.6,58468.5,58403.7
2026-05-30 19:40:00,58409.2,67112.1,58461.7,58384.6
2026-05-30 19:45:00,58388.1,67087.9,58393.0,58385.8
2026-05-30 19:50:00,58360.1,67055.7,58368.8,58356.0
2026-05-30 19:55:00,58299.5,66986.2,58367.9,58267.5
2026-05-30 20:00:00,58232.2,66908.8,58229.9,58233.3
2026-05-30 20:05:00,58154.4,66819.4,58201.0,58132.5
2026-05-30 20:10:00,58109.4,66767.7,58137.6,58096.2
2026-05-30 20:15:00,58074.5,66727.6,58029.0,58095.8
2026-05-30 20:20:00,57999.3,66641.2,58023.1,57988.1
2026-05-30 20:25:00,57933.5,66565.6,57941.5,57929.8
2026-05-30 20:30:00,57884.1,66508.8,57835.3,57906.9
2026-05-30 20:35:00,57842.1,66460.6,57861.7,57833.0
2026-05-30 20:40:00,57805.8,66418.9,57762.1,57826.3
2026-05-30 20:45:00,57750.0,66354.8,57767.8,57741.7
2026-05-30 20:50:00,57729.4,66331.0,57746.0,57721.6
2026-05-30 20:55:00,57705.0,66303.1,57673.5,57719.8
2026-05-30 21:00:00,57553.3,66128.8,57577.6,57541.9
2026-05-30 21:05:00,57488.8,66054.7,57412.8,57524.5
2026-05-30 21:10:00,57404.2,65957.4,57416.8,57398.2
2026-05-30 21:15:00,57330.8,65873.0,57322.7,57334.5
2026-05-30 21:20:00,57262.5,65794.6,57239.6,57273.2
2026-05-30 21:25:00,57197.1,65719.4,57176.2,57206.9
2026-05-30 21:30:00,57162.3,65679.5,57159.3,57163.7
2026-05-30 21:35:00,57101.1,65609.1,57054.2,57123.0
2026-05-30 21:40:00,57031.4,65529.0,57028.4,57032.8
2026-05-30 21:45:00,56938.3,65422.1,56967.3,56924.7
2026-05-30 21:50:00,56856.1,65327.6,56872.2,56848.6
2026-05-30 21:55:00,56751.9,65207.9,56792.1,56733.1
2026-05-30 22:00:00,56664.2,65107.2,56697.8,56648.4
2026-05-30 22:05:00,56664.9,65108.0,56718.5,56639.9
2026-05-30 22:10:00,56575.6,65005.3,56608.2,56560.3
2026-05-30 22:15:00,56466.5,64880.0,56493.0,56454.1
2026-05-30 22:20:00,56360.4,64758.1,56392.8,56345.2
2026-05-30 22:25:00,56251.4,64632.9,56274.0,56240.9
2026-05-30 22:30:00,56126.7,64489.6,56144.8,56118.3
2026-05-30 22:35:00,56010.8,64356.4,55967.7,56031.0
2026-05-30 22:40:00,55890.4,64218.1,55866.1,55901.8
2026-05-30 22:45:00,55819.7,64136.9,55783.1,55836.9
2026-05-30 22:50:00,55693.3,63991.6,55721.0,55680.4
2026-05-30 22:55:00,55602.6,63887.4,55603.1,55602.4
2026-05-30 23:00:00,55637.9,63928.0,55637.3,55638.2
2026-05-30 23:05:00,55835.0,64154.4,55831.4,55836.6
2026-05-30 23:10:00,55844.1,64164.9,55866.2,55833.8
2026-05-30 23:15:00,55751.2,64058.1,55733.3,55759.5
2026-05-30 23:20:00,55579.9,63861.3,55576.7,55581.4
2026-05-30 23:25:00,55400.6,63655.3,55444.9,55379.8
2026-05-30 23:30:00,55196.0,63420.2,55144.0,55220.3
2026-05-30 23:35:00,54977.3,63168.9,54952.5,54988.9
2026-05-30 23:40:00,54732.4,62887.6,54725.4,54735.7
2026-05-30 23:45:00,54525.5,62649.8,54562.2,54508.3
2026-05-30 23:50:00,54324.3,62418.6,54286.3,54342.0
2026-05-30 23:55:00,54062.5,62117.8,54131.2,54030.3
2026-05-31 00:00:00,53790.3,61805.0,53745.2,53811.4
2026-05-31 00:05:00,53570.8,61552.8,53505.5,53601.3
2026-05-31 00:10:00,53363.7,61314.9,53331.0,53379.0
2026-05-31 00:15:00,53051.1,60955.7,53145.7,53006.8
2026-05-31 00:20:00,52795.5,60662.1,52824.7,52781.9
2026-05-31 00:25:00,52493.2,60314.6,52478.4,52500.1
2026-05-31 00:30:00,52312.9,60107.5,52287.5,52324.8
2026-05-31 00:35:00,52078.4,59838.1,52056.8,52088.5
2026-05-31 00:40:00,51918.6,59654.5,51876.7,51938.2
2026-05-31 00:45:00,51659.5,59356.7,51664.4,51657.2
2026-05-31 00:50:00,51481.6,59152.3,51461.0,51491.2
2026-05-31 00:55:00,51283.7,58925.0,51229.3,51309.2
2026-05-31 01:00:00,51127.6,58745.6,51060.2,51159.2
2026-05-31 01:05:00,51128.1,58746.2,51075.8,51152.6
2026-05-31 01:10:00,51066.3,58675.2,51058.9,51069.8
2026-05-31 01:15:00,50932.6,58521.6,51054.4,50875.6
2026-05-31 01:20:00,50795.7,58364.2,50834.3,50777.6
2026-05-31 01:25:00,50612.5,58153.8,50602.4,50617.3
2026-05-31 01:30:00,50622.5,58165.2,50605.7,50630.3
2026-05-31 01:35:00,50659.2,58207.4,50617.5,50678.7
2026-05-31 01:40:00,50630.9,58174.8,50609.2,50641.0
2026-05-31 01:45:00,50655.4,58203.0,50614.3,50674.6
2026-05-31 01:50:00,50658.0,58206.0,50613.9,50678.6
2026-05-31 01:55:00,50641.9,58187.5,50614.9,50654.5
2026-05-31 02:00:00,50628.5,58172.2,50601.4,50641.3
2026-05-31 02:05:00,50655.4,58203.0,50631.0,50666.8
2026-05-31 02:10:00,50650.9,58197.9,50612.7,50668.8
2026-05-31 02:15:00,50653.5,58200.9,50623.2,50667.7
2026-05-31 02:20:00,50624.2,58167.2,50616.3,50627.8
2026-05-31 02:25:00,50627.3,58170.8,50621.4,50630.1
2026-05-31 02:30:00,50626.5,58169.8,50617.5,50630.6
2026-05-31 02:35:00,50634.0,58178.4,50628.4,50636.6
2026-05-31 02:40:00,50627.5,58171.0,50614.7,50633.4
2026-05-31 02:45:00,50629.0,58172.7,50619.3,50633.5
2026-05-31 02:50:00,50628.7,58172.4,50617.2,50634.1
2026-05-31 02:55:00,50624.9,58168.0,50615.8,50629.1
2026-05-31 03:00:00,50632.9,58177.3,50624.0,50637.1
2026-05-31 03:05:00,50657.4,58205.3,50637.8,50666.5
2026-05-31 03:10:00,50651.8,58198.9,50634.8,50659.7
2026-05-31 03:15:00,50651.5,58198.5,50632.5,50660.4
2026-05-31 03:20:00,50650.6,58197.6,50632.9,50658.9
2026-05-31 03:25:00,50656.4,58204.2,50636.4,50665.8
2026-05-31 03:30:00,50653.8,58201.2,50636.7,50661.7
2026-05-31 03:35:00,50670.8,58220.7,50649.7,50680.6
2026-05-31 03:40:00,50655.2,58202.8,50635.1,50664.5
2026-05-31 03:45:00,50656.5,58204.3,50639.2,50664.6
2026-05-31 03:50:00,50655.8,58203.5,50637.5,50664.4
2026-05-31 03:55:00,50660.1,58208.5,50637.0,50670.9
2026-05-31 04:00:00,50680.1,58231.4,50667.6,50685.9
2026-05-31 04:05:00,50704.9,58259.9,50690.3,50711.7
2026-05-31 04:10:00,50696.2,58249.9,50675.4,50705.9
2026-05-31 04:15:00,50694.8,58248.3,50668.7,50707.0
2026-05-31 04:20:00,50693.7,58247.0,50665.4,50706.9
2026-05-31 04:25:00,50699.5,58253.7,50672.1,50712.4
2026-05-31 04:30:00,50697.0,58250.9,50672.9,50708.3
2026-05-31 04:35:00,50716.4,58273.2,50688.0,50729.8
2026-05-31 04:40:00,50696.3,58250.1,50666.6,50710.3
2026-05-31 04:45:00,50695.1,58248.6,50665.8,50708.7
2026-05-31 04:50:00,50688.4,58240.9,50663.4,50700.1
2026-05-31 04:55:00,50687.7,58240.2,50663.6,50699.1
2026-05-31 05:00:00,50685.3,58237.4,50666.8,50693.9
2026-05-31 05:05:00,50726.8,58285.1,50691.3,50743.4
2026-05-31 05:10:00,50700.1,58254.4,50674.7,50711.9
2026-05-31 05:15:00,50697.6,58251.6,50668.1,50711.4
2026-05-31 05:20:00,50694.3,58247.8,50662.0,50709.4
2026-05-31 05:25:00,50694.7,58248.2,50663.8,50709.1
2026-05-31 05:30:00,50695.1,58248.6,50668.7,50707.4
2026-05-31 05:35:00,50728.3,58286.9,50693.3,50744.8
2026-05-31 05:40:00,50696.7,58250.5,50663.4,50712.3
2026-05-31 05:45:00,50696.1,58249.8,50660.8,50712.6
2026-05-31 05:50:00,50691.3,58244.3,50660.5,50705.8
2026-05-31 05:55:00,50690.2,58243.0,50659.1,50704.7
2026-05-31 06:00:00,50702.4,58257.1,50681.3,50712.3
2026-05-31 06:05:00,50768.8,58333.4,50730.2,50787.0
2026-05-31 06:10:00,50704.3,58259.2,50668.9,50720.8
2026-05-31 06:15:00,50699.2,58253.4,50662.3,50716.5
2026-05-31 06:20:00,50679.9,58231.2,50649.0,50694.4
2026-05-31 06:25:00,50680.8,58232.3,50652.6,50694.1
2026-05-31 06:30:00,50671.6,58221.7,50648.8,50682.3
2026-05-31 06:35:00,50688.1,58240.6,50668.1,50697.4
2026-05-31 06:40:00,50653.1,58200.5,50639.7,50659.4
2026-05-31 06:45:00,50654.6,58202.1,50643.5,50659.8
2026-05-31 06:50:00,50644.8,58190.8,50636.0,50648.8
2026-05-31 06:55:00,50643.3,58189.2,50633.7,50647.8
2026-05-31 07:00:00,50645.7,58191.9,50623.4,50656.1
2026-05-31 07:05:00,50709.6,58265.3,50679.9,50723.5
2026-05-31 07:10:00,50663.7,58212.6,50632.1,50678.5
2026-05-31 07:15:00,50665.2,58214.3,50646.0,50674.2
2026-05-31 07:20:00,50620.7,58163.2,50601.6,50629.7
2026-05-31 07:25:00,50612.1,58153.3,50589.5,50622.7
2026-05-31 07:30:00,50577.8,58113.8,50553.0,50589.4
2026-05-31 07:35:00,50464.0,57983.1,50597.2,50401.6
2026-05-31 07:40:00,50332.5,57832.0,50296.9,50349.1
2026-05-31 07:45:00,50293.4,57787.1,50293.9,50293.2
2026-05-31 07:50:00,50131.8,57601.5,50300.4,50052.9
2026-05-31 07:55:00,50047.5,57504.6,50035.4,50053.2
2026-05-31 08:00:00,50141.5,57612.6,50118.8,50152.1
2026-05-31 08:05:00,50209.0,57690.1,50172.6,50226.1
2026-05-31 08:10:00,50184.0,57661.4,50133.2,50207.7
2026-05-31 08:15:00,50190.0,57668.3,50157.9,50205.0
2026-05-31 08:20:00,50091.6,57555.3,50110.9,50082.6
2026-05-31 08:25:00,50087.7,57550.8,50090.1,50086.6
2026-05-31 08:30:00,50040.9,57497.0,50050.4,50036.4
2026-05-31 08:35:00,50076.5,57537.9,50087.7,50071.2
2026-05-31 08:40:00,50013.0,57464.9,50038.4,50001.1
2026-05-31 08:45:00,49866.7,57296.8,50022.7,49793.6
2026-05-31 08:50:00,49760.9,57175.3,49759.6,49761.6
2026-05-31 08:55:00,49756.4,57170.2,49752.4,49758.3
2026-05-31 09:00:00,49779.5,57196.6,49735.2,49800.2
2026-05-31 09:05:00,49822.7,57246.2,49773.4,49845.7
2026-05-31 09:10:00,49856.4,57285.0,49824.4,49871.4
2026-05-31 09:15:00,49865.9,57295.9,49851.4,49872.6
2026-05-31 09:20:00,49855.2,57283.7,49823.3,49870.2
2026-05-31 09:25:00,49858.0,57286.8,49828.3,49871.9
2026-05-31 09:30:00,49827.2,57251.5,49801.8,49839.1
2026-05-31 09:35:00,49845.0,57271.9,49815.8,49858.7
2026-05-31 09:40:00,49807.9,57229.3,49783.3,49819.5
2026-05-31 09:45:00,49811.2,57233.1,49793.4,49819.5
2026-05-31 09:50:00,49804.2,57225.1,49781.7,49814.8
2026-05-31 09:55:00,49804.3,57225.1,49774.2,49818.4
2026-05-31 10:00:00,49786.4,57204.6,49752.8,49802.2
2026-05-31 10:05:00,49908.5,57344.9,49853.5,49934.3
2026-05-31 10:10:00,49923.3,57361.8,49889.5,49939.1
2026-05-31 10:15:00,49947.4,57389.5,49957.0,49942.9
2026-05-31 10:20:00,49914.0,57351.2,49894.2,49923.3
2026-05-31 10:25:00,49896.6,57331.2,49883.8,49902.5
2026-05-31 10:30:00,49831.2,57256.1,49807.3,49842.4
2026-05-31 10:35:00,49845.8,57272.9,49824.2,49856.0
2026-05-31 10:40:00,49818.5,57241.5,49801.4,49826.6
2026-05-31 10:45:00,49821.5,57244.9,49810.6,49826.6
2026-05-31 10:50:00,49813.9,57236.1,49796.8,49821.9
2026-05-31 10:55:00,49814.4,57236.7,49788.8,49826.4
2026-05-31 11:00:00,49798.4,57218.4,49760.1,49816.4
2026-05-31 11:05:00,49814.9,57237.3,49765.6,49838.0
2026-05-31 11:10:00,49817.2,57240.0,49774.3,49837.3
2026-05-31 11:15:00,49821.4,57244.8,49786.0,49838.0
2026-05-31 11:20:00,49812.8,57234.9,49771.9,49831.9
2026-05-31 11:25:00,49824.0,57247.8,49779.5,49844.9
2026-05-31 11:30:00,49808.0,57229.4,49769.3,49826.2
2026-05-31 11:35:00,49822.5,57246.1,49786.1,49839.5
2026-05-31 11:40:00,49787.6,57206.0,49756.6,49802.2
2026-05-31 11:45:00,49786.0,57204.2,49756.2,49800.0
2026-05-31 11:50:00,49777.4,57194.2,49758.3,49786.3
2026-05-31 11:55:00,49786.3,57204.4,49750.3,49803.1
2026-05-31 12:00:00,49791.8,57210.8,49746.5,49813.0
2026-05-31 12:05:00,49884.6,57317.4,49841.5,49904.8
2026-05-31 12:10:00,49890.0,57323.6,49862.7,49902.8
2026-05-31 12:15:00,49885.7,57318.7,49850.2,49902.4
2026-05-31 12:20:00,49892.7,57326.7,49863.6,49906.3
2026-05-31 12:25:00,49896.1,57330.7,49865.0,49910.8
2026-05-31 12:30:00,49882.5,57314.9,49846.0,49899.5
2026-05-31 12:35:00,49896.6,57331.2,49871.3,49908.5
2026-05-31 12:40:00,49923.2,57361.8,49905.0,49931.8
2026-05-31 12:45:00,49931.8,57371.7,49912.9,49940.7
2026-05-31 12:50:00,49947.9,57390.1,49930.4,49956.1
2026-05-31 12:55:00,49956.2,57399.6,49940.9,49963.3
2026-05-31 13:00:00,50071.7,57532.4,50031.0,50090.7
2026-05-31 13:05:00,50303.5,57798.7,50274.1,50317.2
2026-05-31 13:10:00,50369.6,57874.7,50488.3,50314.0
2026-05-31 13:15:00,50517.5,58044.6,50496.2,50527.4
2026-05-31 13:20:00,50508.8,58034.6,50475.2,50524.5
2026-05-31 13:25:00,50523.8,58051.9,50491.6,50538.9
2026-05-31 13:30:00,50520.3,58047.8,50490.6,50534.2
2026-05-31 13:35:00,50532.1,58061.4,50507.4,50543.7
2026-05-31 13:40:00,50505.6,58030.9,50472.1,50521.3
2026-05-31 13:45:00,50512.3,58038.6,50500.5,50517.8
2026-05-31 13:50:00,50571.1,58106.2,50490.7,50608.7
2026-05-31 13:55:00,50656.3,58204.1,50758.3,50608.5
2026-05-31 14:00:00,50810.5,58381.3,50756.6,50835.8
2026-05-31 14:05:00,50747.8,58309.3,50705.2,50767.8
2026-05-31 14:10:00,50770.5,58335.3,50748.7,50780.8
2026-05-31 14:15:00,50770.8,58335.7,50754.0,50778.7
2026-05-31 14:20:00,50808.9,58379.4,50744.5,50839.0
2026-05-31 14:25:00,50820.3,58392.5,50754.8,50851.0
2026-05-31 14:30:00,50892.0,58474.9,50989.7,50846.2
2026-05-31 14:35:00,51008.4,58608.7,51012.3,51006.6
2026-05-31 14:40:00,51067.8,58676.9,51016.6,51091.7
2026-05-31 14:45:00,51140.8,58760.8,51247.1,51091.1
2026-05-31 14:50:00,51280.3,58921.0,51234.7,51301.6
2026-05-31 14:55:00,51272.7,58912.3,51254.9,51281.0
2026-05-31 15:00:00,51325.2,58972.7,51322.8,51326.4
2026-05-31 15:05:00,51529.7,59207.6,51521.0,51533.7
2026-05-31 15:10:00,51662.2,59359.9,51808.3,51593.8
2026-05-31 15:15:00,51834.0,59557.2,51845.1,51828.7
2026-05-31 15:20:00,52032.5,59785.4,52055.5,52021.7
2026-05-31 15:25:00,52285.4,60075.9,52312.7,52272.5
2026-05-31 15:30:00,52454.7,60270.5,52496.5,52435.2
2026-05-31 15:35:00,52666.0,60513.3,52717.8,52641.8
2026-05-31 15:40:00,52859.8,60735.9,52900.4,52840.8
2026-05-31 15:45:00,53061.8,60968.1,53078.4,53054.1
2026-05-31 15:50:00,53291.8,61232.3,53269.1,53302.4
2026-05-31 15:55:00,53447.0,61410.6,53448.8,53446.2
2026-05-31 16:00:00,53662.7,61658.4,53632.6,53676.8
2026-05-31 16:05:00,53773.2,61785.4,53753.4,53782.5
2026-05-31 16:10:00,53981.5,62024.7,53974.6,53984.7
2026-05-31 16:15:00,54143.1,62210.4,54159.6,54135.4
2026-05-31 16:20:00,54261.8,62346.8,54308.4,54239.9
2026-05-31 16:25:00,54468.5,62584.3,54459.4,54472.7
2026-05-31 16:30:00,54653.2,62796.5,54691.4,54635.3
2026-05-31 16:35:00,54843.8,63015.5,54837.2,54846.9
2026-05-31 16:40:00,55005.6,63201.4,54999.7,55008.3
2026-05-31 16:45:00,55228.8,63457.8,55281.0,55204.3
2026-05-31 16:50:00,55358.8,63607.2,55337.5,55368.7
2026-05-31 16:55:00,55514.9,63786.7,55570.7,55488.8
2026-05-31 17:00:00,55687.6,63985.0,55665.0,55698.2
2026-05-31 17:05:00,55747.5,64053.8,55800.7,55722.5
2026-05-31 17:10:00,55929.6,64263.1,55883.6,55951.1
2026-05-31 17:15:00,56039.0,64388.8,56103.8,56008.7
2026-05-31 17:20:00,56214.9,64590.9,56237.5,56204.3
2026-05-31 17:25:00,56335.6,64729.6,56323.8,56341.2
2026-05-31 17:30:00,56486.9,64903.4,56473.8,56493.0
2026-05-31 17:35:00,56654.2,65095.7,56638.5,56661.6
2026-05-31 17:40:00,56772.8,65231.9,56810.3,56755.2
2026-05-31 17:45:00,56897.5,65375.2,56923.4,56885.3
2026-05-31 17:50:00,57037.1,65535.7,56980.6,57063.6
2026-05-31 17:55:00,57134.5,65647.6,57155.0,57125.0
2026-05-31 18:00:00,57210.2,65734.5,57255.6,57188.9
2026-05-31 18:05:00,57311.6,65851.0,57300.2,57316.9
2026-05-31 18:10:00,57426.1,65982.6,57425.3,57426.5
2026-05-31 18:15:00,57514.5,66084.1,57509.0,57517.1
2026-05-31 18:20:00,57594.8,66176.5,57619.5,57583.3
2026-05-31 18:25:00,57710.7,66309.6,57740.7,57696.7
2026-05-31 18:30:00,57791.1,66402.0,57854.8,57761.3
2026-05-31 18:35:00,57835.8,66453.3,57900.9,57805.3
2026-05-31 18:40:00,57894.2,66520.5,57887.7,57897.3
2026-05-31 18:45:00,57913.9,66543.0,58003.2,57872.0
2026-05-31 18:50:00,57987.1,66627.2,57974.4,57993.1
2026-05-31 18:55:00,58046.9,66695.9,58114.4,58015.3
2026-05-31 19:00:00,58139.9,66802.7,58123.8,58147.4
2026-05-31 19:05:00,58190.0,66860.3,58204.3,58183.2
2026-05-31 19:10:00,58222.6,66897.8,58241.7,58213.7
2026-05-31 19:15:00,58251.2,66930.6,58225.6,58263.2
2026-05-31 19:20:00,58250.9,66930.3,58302.7,58226.6
2026-05-31 19:25:00,58235.5,66912.6,58309.4,58200.9
2026-05-31 19:30:00,58242.9,66921.1,58302.7,58214.9
2026-05-31 19:35:00,58232.8,66909.4,58292.1,58204.9
2026-05-31 19:40:00,58235.1,66912.1,58285.2,58211.7
2026-05-31 19:45:00,58238.1,66915.6,58295.9,58211.0
2026-05-31 19:50:00,58214.8,66888.9,58257.8,58194.7
2026-05-31 19:55:00,58173.2,66841.0,58166.1,58176.5
2026-05-31 20:00:00,58119.0,66778.7,58125.2,58116.1
2026-05-31 20:05:00,58073.4,66726.3,58017.7,58099.4
2026-05-31 20:10:00,58003.8,66646.4,58042.5,57985.7
2026-05-31 20:15:00,57929.0,66560.5,57945.8,57921.2
2026-05-31 20:20:00,57890.0,66515.6,57851.4,57908.2
2026-05-31 20:25:00,57832.9,66450.0,57846.6,57826.5
2026-05-31 20:30:00,57783.3,66393.0,57742.5,57802.4
2026-05-31 20:35:00,57748.9,66353.4,57763.6,57741.9
2026-05-31 20:40:00,57716.8,66316.6,57681.0,57733.6
2026-05-31 20:45:00,57678.8,66273.0,57687.4,57674.8
2026-05-31 20:50:00,57658.4,66249.5,57655.6,57659.7
2026-05-31 20:55:00,57634.2,66221.7,57575.4,57661.7
2026-05-31 21:00:00,57525.7,66097.0,57475.0,57549.4
2026-05-31 21:05:00,57431.4,65988.6,57387.7,57451.8
2026-05-31 21:10:00,57331.6,65874.0,57333.4,57330.7
2026-05-31 21:15:00,57254.2,65785.1,57248.6,57256.8
2026-05-31 21:20:00,57195.2,65717.3,57165.8,57209.0
2026-05-31 21:25:00,57137.4,65650.8,57144.2,57134.1
2026-05-31 21:30:00,57033.4,65531.4,57053.9,57023.8
2026-05-31 21:35:00,56916.2,65396.7,56949.7,56900.6
2026-05-31 21:40:00,56832.5,65300.6,56851.9,56823.5
2026-05-31 21:45:00,56748.5,65204.1,56777.9,56734.8
2026-05-31 21:50:00,56657.5,65099.5,56696.3,56639.4
2026-05-31 21:55:00,56547.2,64972.8,56595.4,56524.6
2026-05-31 22:00:00,56446.5,64857.0,56507.8,56417.7
2026-05-31 22:05:00,56475.6,64890.5,56546.1,56442.6
2026-05-31 22:10:00,56380.3,64781.0,56430.6,56356.7
2026-05-31 22:15:00,56315.4,64706.4,56291.7,56326.5
2026-05-31 22:20:00,56201.5,64575.6,56198.4,56203.0
2026-05-31 22:25:00,56101.1,64460.2,56067.3,56116.9
2026-05-31 22:30:00,55983.6,64325.1,55929.1,56009.1
2026-05-31 22:35:00,55872.6,64197.6,55856.4,55880.2
2026-05-31 22:40:00,55748.2,64054.6,55725.8,55758.7
2026-05-31 22:45:00,55646.5,63937.9,55600.5,55668.1
2026-05-31 22:50:00,55535.8,63810.7,55501.8,55551.8
2026-05-31 22:55:00,55465.3,63729.6,55413.5,55489.5
2026-05-31 23:00:00,55433.3,63692.8,55518.6,55393.3
2026-05-31 23:05:00,55567.5,63847.0,55568.2,55567.2
2026-05-31 23:10:00,55500.2,63769.7,55483.9,55507.8
2026-05-31 23:15:00,55394.5,63648.2,55352.7,55414.0
2026-05-31 23:20:00,55240.4,63471.2,55216.1,55251.7
2026-05-31 23:25:00,55031.2,63230.8,55094.6,55001.5
2026-05-31 23:30:00,54814.5,62981.8,54817.3,54813.1
2026-05-31 23:35:00,54603.6,62739.5,54539.4,54633.6
2026-05-31 23:40:00,54347.9,62445.7,54430.9,54309.0
2026-05-31 23:45:00,54194.3,62269.2,54165.5,54207.8
2026-05-31 23:50:00,53987.5,62031.6,53971.9,53994.7
2026-05-31 23:55:00,53691.6,61691.7,53635.6,53717.9
2026-06-01 00:00:00,53233.3,61165.1,53193.9,53251.8
2026-06-01 00:05:00,53140.5,61058.4,53093.8,53162.4
2026-06-01 00:10:00,52859.2,60735.3,52875.4,52851.7
2026-06-01 00:15:00,52669.9,60517.7,52685.0,52662.8
2026-06-01 00:20:00,52505.0,60328.3,52492.0,52511.1
2026-06-01 00:25:00,52348.9,60148.9,52322.4,52361.4
2026-06-01 00:30:00,52103.5,59866.9,52072.6,52117.9
2026-06-01 00:35:00,51929.0,59666.4,51907.1,51939.3
2026-06-01 00:40:00,51712.4,59417.6,51691.7,51722.1
2026-06-01 00:45:00,51538.4,59217.6,51489.8,51561.1
2026-06-01 00:50:00,51412.2,59072.6,51470.9,51384.7
2026-06-01 00:55:00,51310.8,58956.1,51277.5,51326.4
2026-06-01 01:00:00,51214.2,58845.1,51277.9,51184.3
2026-06-01 01:05:00,51130.1,58748.4,51104.6,51142.0
2026-06-01 01:10:00,51085.9,58697.6,51092.9,51082.5
2026-06-01 01:15:00,50927.0,58515.1,51102.5,50844.7
2026-06-01 01:20:00,50865.1,58444.0,50874.2,50860.8
2026-06-01 01:25:00,50897.5,58481.2,50877.9,50906.6
2026-06-01 01:30:00,50928.5,58516.9,50899.8,50942.0
2026-06-01 01:35:00,50945.6,58536.5,50893.7,50969.9
2026-06-01 01:40:00,50941.7,58532.0,50880.0,50970.6
2026-06-01 01:45:00,50915.1,58501.4,50879.1,50931.9
2026-06-01 01:50:00,50905.2,58490.1,50881.0,50916.6
2026-06-01 01:55:00,50902.7,58487.2,50881.0,50912.8
2026-06-01 02:00:00,50880.1,58461.2,50856.1,50891.4
2026-06-01 02:05:00,50917.8,58504.5,50891.8,50929.9
2026-06-01 02:10:00,50901.0,58485.3,50874.6,50913.4
2026-06-01 02:15:00,50912.8,58498.8,50887.9,50924.5
2026-06-01 02:20:00,50911.3,58497.1,50889.1,50921.7
2026-06-01 02:25:00,50913.1,58499.1,50893.5,50922.3
2026-06-01 02:30:00,50909.5,58495.0,50886.2,50920.5
2026-06-01 02:35:00,50920.7,58507.9,50902.9,50929.1
2026-06-01 02:40:00,50914.0,58500.2,50887.1,50926.7
2026-06-01 02:45:00,50915.3,58501.6,50890.8,50926.8
2026-06-01 02:50:00,50914.9,58501.2,50888.0,50927.5
2026-06-01 02:55:00,50910.0,58495.6,50886.7,50920.9
2026-06-01 03:00:00,50926.9,58515.0,50906.4,50936.4
2026-06-01 03:05:00,50970.2,58564.8,50938.3,50985.2
2026-06-01 03:10:00,50960.2,58553.3,50936.0,50971.5
2026-06-01 03:15:00,50960.7,58553.9,50934.1,50973.2
2026-06-01 03:20:00,50959.4,58552.3,50935.9,50970.4
2026-06-01 03:25:00,50963.7,58557.3,50938.7,50975.5
2026-06-01 03:30:00,50957.7,58550.5,50933.5,50969.1
2026-06-01 03:35:00,50980.0,58576.0,50953.1,50992.6
2026-06-01 03:40:00,50961.7,58555.0,50932.6,50975.3
2026-06-01 03:45:00,50962.9,58556.3,50936.1,50975.4
2026-06-01 03:50:00,50962.0,58555.3,50933.4,50975.4
2026-06-01 03:55:00,50960.9,58554.1,50936.1,50972.6
2026-06-01 04:00:00,51008.3,58608.5,50989.8,51016.9
2026-06-01 04:05:00,51055.6,58662.9,51041.8,51062.1
2026-06-01 04:10:00,51038.2,58642.9,51015.1,51049.0
2026-06-01 04:15:00,51037.7,58642.3,51007.5,51051.9
2026-06-01 04:20:00,51037.0,58641.6,51003.8,51052.6
2026-06-01 04:25:00,51041.7,58646.9,51011.0,51056.0
2026-06-01 04:30:00,51035.8,58640.1,51006.2,51049.7
2026-06-01 04:35:00,51070.7,58680.3,51047.0,51081.9
2026-06-01 04:40:00,51112.7,58728.5,51231.8,51056.9
2026-06-01 04:45:00,51246.0,58881.6,51228.2,51254.3
2026-06-01 04:50:00,51244.5,58879.9,51234.1,51249.3
2026-06-01 04:55:00,51243.9,58879.3,51238.0,51246.7
2026-06-01 05:00:00,51317.6,58963.9,51331.7,51311.0
2026-06-01 05:05:00,51489.9,59161.9,51644.7,51417.4
2026-06-01 05:10:00,51600.8,59289.3,51591.5,51605.2
2026-06-01 05:15:00,51797.0,59514.7,51784.3,51802.9
2026-06-01 05:20:00,52018.3,59769.0,51997.5,52028.0
2026-06-01 05:25:00,52275.1,60064.1,52246.6,52288.5
2026-06-01 05:30:00,52461.1,60277.8,52442.1,52470.0
2026-06-01 05:35:00,52723.2,60578.9,52733.1,52718.5
2026-06-01 05:40:00,52852.4,60727.4,52870.2,52844.1
2026-06-01 05:45:00,53064.8,60971.4,53022.8,53084.4
2026-06-01 05:50:00,53309.4,61252.5,53260.1,53332.4
2026-06-01 05:55:00,53478.2,61446.5,53459.1,53487.2
2026-06-01 06:00:00,53809.5,61827.1,53827.0,53801.3
2026-06-01 06:05:00,54285.5,62374.1,54275.0,54290.5
2026-06-01 06:10:00,54581.1,62713.7,54563.7,54589.3
2026-06-01 06:15:00,54812.4,62979.5,54824.6,54806.7
2026-06-01 06:20:00,55051.4,63254.1,55035.8,55058.8
2026-06-01 06:25:00,55347.7,63594.5,55317.8,55361.8
2026-06-01 06:30:00,55611.9,63898.1,55641.3,55598.2
2026-06-01 06:35:00,55972.2,64312.1,55929.4,55992.3
2026-06-01 06:40:00,56240.8,64620.7,56181.1,56268.8
2026-06-01 06:45:00,56484.2,64900.3,56541.2,56457.5
2026-06-01 06:50:00,56777.2,65237.0,56739.1,56795.0
2026-06-01 06:55:00,57068.3,65571.5,57075.0,57065.1
2026-06-01 07:00:00,57534.0,66106.5,57515.1,57542.8
2026-06-01 07:05:00,58089.4,66744.7,58109.9,58079.8
2026-06-01 07:10:00,58454.4,67164.1,58479.0,58442.9
2026-06-01 07:15:00,58842.4,67609.9,58822.4,58851.8
2026-06-01 07:20:00,59130.5,67941.0,59100.2,59144.7
2026-06-01 07:25:00,59411.6,68263.9,59376.7,59427.9
2026-06-01 07:30:00,59700.4,68595.7,59638.1,59729.6
2026-06-01 07:35:00,60076.4,69027.7,60012.4,60106.3
2026-06-01 07:40:00,60402.0,69401.9,60353.0,60424.9
2026-06-01 07:45:00,60697.6,69741.6,60712.1,60690.8
2026-06-01 07:50:00,61018.1,70109.8,60982.6,61034.8
2026-06-01 07:55:00,61298.1,70431.5,61235.9,61327.2
2026-06-01 08:00:00,61716.0,70911.7,61737.3,61706.0
2026-06-01 08:05:00,62361.0,71652.8,62287.9,62395.3
2026-06-01 08:10:00,62759.6,72110.8,62740.1,62768.7
2026-06-01 08:15:00,63123.1,72528.5,63229.7,63073.2
2026-06-01 08:20:00,63385.0,72829.4,63421.1,63368.2
2026-06-01 08:25:00,63756.3,73256.0,63755.4,63756.8
2026-06-01 08:30:00,63975.1,73507.4,64017.4,63955.3
2026-06-01 08:35:00,64319.6,73903.3,64282.2,64337.2
2026-06-01 08:40:00,64618.2,74246.3,64565.8,64642.7
2026-06-01 08:45:00,64858.4,74522.4,64827.3,64873.0
2026-06-01 08:50:00,65004.3,74689.9,65088.7,64964.7
2026-06-01 08:55:00,65211.9,74928.5,65201.8,65216.7
2026-06-01 09:00:00,65223.5,74941.8,65234.0,65218.6
2026-06-01 09:05:00,65318.1,75050.5,65278.1,65336.9
2026-06-01 09:10:00,65409.9,75156.0,65421.7,65404.4
2026-06-01 09:15:00,65530.9,75295.0,65530.9,65530.9
2026-06-01 09:20:00,65651.7,75433.8,65694.5,65631.7
2026-06-01 09:25:00,65778.2,75579.2,65768.4,65782.8
2026-06-01 09:30:00,65822.9,75630.5,65822.6,65823.0
2026-06-01 09:35:00,65858.5,75671.4,65929.6,65825.1
2026-06-01 09:40:00,65872.5,75687.5,65872.2,65872.7
2026-06-01 09:45:00,65869.7,75684.3,65871.7,65868.8
2026-06-01 09:50:00,65836.4,75646.0,65855.7,65827.3
2026-06-01 09:55:00,65750.4,75547.3,65806.0,65724.4
2026-06-01 10:00:00,65647.7,75429.2,65705.7,65620.5
2026-06-01 10:05:00,65625.0,75403.1,65755.8,65563.6
2026-06-01 10:10:00,65642.7,75423.4,65675.7,65627.2
2026-06-01 10:15:00,65787.3,75589.6,65848.8,65758.5
2026-06-01 10:20:00,65836.9,75646.6,65827.8,65841.2
2026-06-01 10:25:00,65819.8,75626.9,65910.8,65777.1
2026-06-01 10:30:00,65743.5,75539.2,65814.2,65710.4
2026-06-01 10:35:00,65695.2,75483.8,65756.8,65666.4
2026-06-01 10:40:00,65659.2,75442.4,65651.4,65662.8
2026-06-01 10:45:00,65662.1,75445.8,65660.5,65662.9
2026-06-01 10:50:00,65632.8,75412.1,65639.8,65629.6
2026-06-01 10:55:00,65566.0,75335.3,65636.0,65533.2
2026-06-01 11:00:00,65428.5,75177.3,65428.5,65428.4
2026-06-01 11:05:00,65286.1,75013.8,65376.3,65243.9
2026-06-01 11:10:00,65220.6,74938.5,65225.1,65218.5
2026-06-01 11:15:00,65107.1,74808.1,65090.4,65115.0
2026-06-01 11:20:00,65007.8,74694.0,64984.6,65018.7
2026-06-01 11:25:00,64915.5,74587.9,64874.7,64934.6
2026-06-01 11:30:00,64744.4,74391.4,64743.9,64744.7
2026-06-01 11:35:00,64594.4,74219.0,64581.6,64600.4
2026-06-01 11:40:00,64472.8,74079.2,64433.8,64491.1
2026-06-01 11:45:00,64300.6,73881.4,64325.2,64289.1
2026-06-01 11:50:00,64067.3,73613.3,64018.6,64090.0
2026-06-01 11:55:00,63738.6,73235.6,63744.2,63735.9
2026-06-01 12:00:00,63294.1,72724.9,63347.0,63269.3
2026-06-01 12:05:00,63389.5,72834.5,63335.3,63414.8
2026-06-01 12:10:00,63562.8,73033.7,63452.4,63614.6
2026-06-01 12:15:00,63672.0,73159.1,63565.3,63722.0
2026-06-01 12:20:00,63749.9,73248.7,63699.6,63773.5
2026-06-01 12:25:00,63789.7,73294.4,63740.2,63813.0
2026-06-01 12:30:00,63688.8,73178.4,63627.2,63717.6
2026-06-01 12:35:00,63713.1,73206.3,63643.5,63745.6
2026-06-01 12:40:00,63739.3,73236.4,63788.6,63716.2
2026-06-01 12:45:00,63827.2,73337.4,63822.7,63829.3
2026-06-01 12:50:00,63971.9,73503.7,63994.7,63961.2
2026-06-01 12:55:00,64152.9,73711.7,64156.0,64151.5
2026-06-01 13:00:00,64597.0,74222.0,64465.8,64658.5
2026-06-01 13:05:00,65041.7,74732.9,64970.8,65074.9
2026-06-01 13:10:00,65358.8,75097.2,65413.2,65333.3
2026-06-01 13:15:00,65502.3,75262.2,65582.8,65464.6
2026-06-01 13:20:00,65703.6,75493.5,65661.9,65723.2
2026-06-01 13:25:00,65932.4,75756.3,65904.7,65945.4
2026-06-01 13:30:00,66123.7,75976.2,66190.3,66092.6
2026-06-01 13:35:00,66390.1,76282.2,66411.5,66380.1
2026-06-01 13:40:00,66600.8,76524.3,66571.3,66614.6
2026-06-01 13:45:00,66795.9,76748.5,66770.5,66807.8
2026-06-01 13:50:00,66927.3,76899.4,66903.7,66938.3
2026-06-01 13:55:00,67065.7,77058.5,67056.1,67070.2
2026-06-01 14:00:00,67150.6,77156.0,67223.4,67116.4
2026-06-01 14:05:00,67166.8,77174.7,67198.3,67152.1
2026-06-01 14:10:00,67244.7,77264.1,67320.5,67209.2
2026-06-01 14:15:00,67315.7,77345.8,67335.4,67306.5
2026-06-01 14:20:00,67368.9,77406.8,67455.2,67328.4
2026-06-01 14:25:00,67443.0,77492.0,67455.9,67436.9
2026-06-01 14:30:00,67501.6,77559.4,67518.7,67493.6
2026-06-01 14:35:00,67538.0,77601.1,67637.7,67491.3
2026-06-01 14:40:00,67646.1,77725.4,67645.7,67646.3
2026-06-01 14:45:00,67729.1,77820.7,67730.8,67728.2
2026-06-01 14:50:00,67754.5,77850.0,67828.9,67719.7
2026-06-01 14:55:00,67827.5,77933.8,67799.0,67840.9
2026-06-01 15:00:00,67763.0,77859.7,67851.3,67721.7
2026-06-01 15:05:00,67737.6,77830.5,67742.5,67735.3
2026-06-01 15:10:00,67820.5,77925.7,67856.2,67803.7
2026-06-01 15:15:00,67993.1,78124.1,68020.3,67980.3
2026-06-01 15:20:00,68178.9,78337.5,68129.2,68202.2
2026-06-01 15:25:00,68309.7,78487.9,68351.6,68290.1
2026-06-01 15:30:00,68435.3,78632.2,68422.4,68441.4
2026-06-01 15:35:00,68596.1,78816.9,68566.1,68610.2
2026-06-01 15:40:00,68742.2,78984.8,68769.6,68729.4
2026-06-01 15:45:00,68913.6,79181.7,68949.1,68897.0
2026-06-01 15:50:00,69071.0,79362.6,69047.2,69082.1
2026-06-01 15:55:00,69167.2,79473.2,69199.9,69151.9
2026-06-01 16:00:00,69224.8,79539.3,69235.8,69219.6
2026-06-01 16:05:00,69198.6,79509.2,69181.9,69206.5
2026-06-01 16:10:00,69275.8,79597.9,69316.8,69256.6
2026-06-01 16:15:00,69386.0,79724.6,69434.9,69363.2
2026-06-01 16:20:00,69450.7,79798.9,69440.2,69455.7
2026-06-01 16:25:00,69535.0,79895.8,69551.4,69527.4
2026-06-01 16:30:00,69627.3,80001.7,69709.5,69588.8
2026-06-01 16:35:00,69750.6,80143.5,69813.4,69721.2
2026-06-01 16:40:00,69869.3,80279.8,69935.6,69838.2
2026-06-01 16:45:00,69994.6,80423.7,70045.7,69970.6
2026-06-01 16:50:00,70008.5,80439.8,70003.1,70011.1
2026-06-01 16:55:00,70010.0,80441.5,70076.8,69978.8
2026-06-01 17:00:00,69893.6,80307.8,69999.0,69844.2
2026-06-01 17:05:00,69694.9,80079.5,69750.6,69668.9
2026-06-01 17:10:00,69745.6,80137.7,69711.2,69761.7
2026-06-01 17:15:00,69766.9,80162.2,69758.6,69770.8
2026-06-01 17:20:00,69810.1,80211.8,69892.2,69771.7
2026-06-01 17:25:00,69882.9,80295.5,69883.7,69882.5
2026-06-01 17:30:00,69888.6,80302.0,69976.4,69847.5
2026-06-01 17:35:00,69908.0,80324.3,69998.0,69865.9
2026-06-01 17:40:00,69902.6,80318.0,69981.4,69865.6
2026-06-01 17:45:00,69896.4,80311.0,69986.5,69854.2
2026-06-01 17:50:00,69860.7,80270.0,69942.2,69822.5
2026-06-01 17:55:00,69807.0,80208.3,69811.5,69804.9
2026-06-01 18:00:00,69807.3,80208.6,69789.3,69815.7
2026-06-01 18:05:00,69745.4,80137.4,69727.1,69753.9
2026-06-01 18:10:00,69751.2,80144.2,69746.3,69753.5
2026-06-01 18:15:00,69811.5,80213.5,69908.0,69766.3
2026-06-01 18:20:00,69878.8,80290.7,69891.2,69873.0
2026-06-01 18:25:00,69919.6,80337.6,69990.8,69886.2
2026-06-01 18:30:00,69932.2,80352.1,70014.9,69893.5
2026-06-01 18:35:00,69992.5,80421.3,69988.3,69994.4
2026-06-01 18:40:00,69979.7,80406.7,69972.3,69983.2
2026-06-01 18:45:00,69982.2,80409.6,69977.4,69984.4
2026-06-01 18:50:00,69945.2,80367.0,69952.4,69941.9
2026-06-01 18:55:00,69920.1,80338.2,69911.6,69924.1
2026-06-01 19:00:00,69802.8,80203.4,69839.7,69785.6
2026-06-01 19:05:00,69662.8,80042.6,69695.9,69647.4
2026-06-01 19:10:00,69612.6,79984.9,69642.4,69598.7
2026-06-01 19:15:00,69578.1,79945.2,69532.1,69599.6
2026-06-01 19:20:00,69576.0,79942.8,69523.7,69600.5
2026-06-01 19:25:00,69569.9,79935.8,69517.3,69594.6
2026-06-01 19:30:00,69556.1,79919.9,69515.8,69575.0
2026-06-01 19:35:00,69492.3,79846.7,69528.8,69475.2
2026-06-01 19:40:00,69456.4,79805.5,69410.7,69477.9
2026-06-01 19:45:00,69459.1,79808.5,69416.4,69479.1
2026-06-01 19:50:00,69389.9,79729.0,69383.2,69393.0
2026-06-01 19:55:00,69307.2,79633.9,69366.0,69279.6
2026-06-01 20:00:00,69133.5,79434.4,69163.4,69119.5
2026-06-01 20:05:00,69000.4,79281.5,68913.0,69041.4
2026-06-01 20:10:00,68932.0,79202.9,68880.0,68956.4
2026-06-01 20:15:00,68847.7,79106.0,68872.1,68836.3
2026-06-01 20:20:00,68731.2,78972.2,68747.7,68723.5
2026-06-01 20:25:00,68597.4,78818.4,68627.5,68583.3
2026-06-01 20:30:00,68454.3,78653.9,68465.5,68449.0
2026-06-01 20:35:00,68280.7,78454.5,68233.0,68303.0
2026-06-01 20:40:00,68123.8,78274.3,68128.2,68121.8
2026-06-01 20:45:00,67987.1,78117.2,67923.8,68016.8
2026-06-01 20:50:00,67764.3,77861.2,67767.1,67763.0
2026-06-01 20:55:00,67534.4,77597.1,67555.5,67524.6
2026-06-01 21:00:00,67228.0,77245.0,67234.2,67225.1
2026-06-01 21:05:00,67023.6,77010.1,66990.7,67038.9
2026-06-01 21:10:00,66884.1,76849.8,66825.5,66911.5
2026-06-01 21:15:00,66741.5,76686.0,66710.9,66755.9
2026-06-01 21:20:00,66529.0,76441.9,66527.6,66529.7
2026-06-01 21:25:00,66337.8,76222.2,66302.4,66354.4
2026-06-01 21:30:00,66196.0,76059.2,66210.2,66189.3
2026-06-01 21:35:00,65980.2,75811.2,66028.7,65957.5
2026-06-01 21:40:00,65765.6,75564.6,65768.8,65764.1
2026-06-01 21:45:00,65539.9,75305.3,65603.8,65510.0
2026-06-01 21:50:00,65306.0,75036.6,65386.7,65268.2
2026-06-01 21:55:00,65100.6,74800.6,65092.8,65104.2
2026-06-01 22:00:00,64861.8,74526.2,64850.0,64867.3
2026-06-01 22:05:00,64805.4,74461.4,64823.6,64796.9
2026-06-01 22:10:00,64690.3,74329.2,64640.1,64713.9
2026-06-01 22:15:00,64572.1,74193.3,64536.8,64588.6
2026-06-01 22:20:00,64418.4,74016.7,64438.8,64408.8
2026-06-01 22:25:00,64255.6,73829.7,64229.5,64267.9
2026-06-01 22:30:00,64015.7,73554.1,63997.3,64024.4
2026-06-01 22:35:00,63855.3,73369.8,63864.6,63851.0
2026-06-01 22:40:00,63686.7,73176.0,63702.4,63679.3
2026-06-01 22:45:00,63513.4,72976.8,63559.2,63491.9
2026-06-01 22:50:00,63301.1,72733.0,63295.6,63303.7
2026-06-01 22:55:00,63138.7,72546.4,63090.7,63161.2
2026-06-01 23:00:00,63100.7,72502.7,63071.1,63114.6
2026-06-01 23:05:00,63466.7,72923.2,63463.3,63468.3
2026-06-01 23:10:00,63438.7,72891.1,63418.9,63448.0
2026-06-01 23:15:00,63315.3,72749.2,63286.5,63328.7
2026-06-01 23:20:00,63092.8,72493.7,63034.5,63120.2
2026-06-01 23:25:00,62880.7,72249.9,62830.4,62904.3
2026-06-01 23:30:00,62590.6,71916.6,62552.3,62608.6
2026-06-01 23:35:00,62279.4,71559.1,62246.3,62295.0
2026-06-01 23:40:00,61887.4,71108.6,61921.2,61871.5
2026-06-01 23:45:00,61494.1,70656.7,61475.0,61503.0
2026-06-01 23:50:00,61094.2,70197.2,61135.2,61075.0
2026-06-01 23:55:00,60644.9,69681.0,60671.1,60632.6
2026-06-02 00:00:00,60092.1,69045.8,60033.3,60119.6
2026-06-02 00:05:00,60012.6,68954.5,59998.1,60019.4
2026-06-02 00:10:00,59690.4,68584.2,59719.5,59676.7
2026-06-02 00:15:00,59318.9,68157.5,59330.0,59313.7
2026-06-02 00:20:00,58990.9,67780.5,58986.2,58993.1
2026-06-02 00:25:00,58678.6,67421.7,58747.7,58646.2
2026-06-02 00:30:00,58431.5,67137.8,58389.1,58451.3
2026-06-02 00:35:00,58233.1,66909.9,58230.6,58234.3
2026-06-02 00:40:00,58039.1,66687.0,58057.8,58030.4
2026-06-02 00:45:00,57816.6,66431.3,57785.2,57831.3
2026-06-02 00:50:00,57630.9,66218.0,57549.0,57669.3
2026-06-02 00:55:00,57471.1,66034.3,57376.9,57515.3
2026-06-02 01:00:00,57294.6,65831.4,57327.9,57278.9
2026-06-02 01:05:00,57182.5,65702.7,57217.1,57166.3
2026-06-02 01:10:00,57071.8,65575.5,57025.3,57093.6
2026-06-02 01:15:00,56979.2,65469.2,56946.0,56994.8
2026-06-02 01:20:00,56897.0,65374.6,56856.6,56915.9
2026-06-02 01:25:00,56837.1,65305.9,56766.4,56870.3
2026-06-02 01:30:00,56722.6,65174.3,56733.0,56717.7
2026-06-02 01:35:00,56617.5,65053.5,56600.8,56625.3
2026-06-02 01:40:00,56527.5,64950.1,56520.6,56530.8
2026-06-02 01:45:00,56420.9,64827.7,56402.9,56429.4
2026-06-02 01:50:00,56346.7,64742.3,56322.4,56358.1
2026-06-02 01:55:00,56290.7,64678.0,56332.8,56270.9
2026-06-02 02:00:00,56238.9,64618.5,56212.4,56251.3
2026-06-02 02:05:00,56202.2,64576.4,56179.6,56212.9
2026-06-02 02:10:00,56187.2,64559.1,56142.7,56208.0
2026-06-02 02:15:00,56187.0,64558.9,56139.0,56209.5
2026-06-02 02:20:00,56184.1,64555.5,56137.4,56206.0
2026-06-02 02:25:00,56148.0,64514.1,56139.9,56151.8
2026-06-02 02:30:00,56070.6,64425.1,56105.8,56054.1
2026-06-02 02:35:00,56060.2,64413.2,56032.1,56073.4
2026-06-02 02:40:00,56079.6,64435.5,56032.2,56101.8
2026-06-02 02:45:00,56080.8,64436.9,56035.9,56101.9
2026-06-02 02:50:00,56048.7,64400.0,56032.4,56056.4
2026-06-02 02:55:00,55977.6,64318.3,56031.8,55952.2
2026-06-02 03:00:00,55889.4,64216.9,55901.3,55883.8
2026-06-02 03:05:00,55858.5,64181.5,55853.0,55861.1
2026-06-02 03:10:00,55810.3,64126.0,55819.2,55806.1
2026-06-02 03:15:00,55740.9,64046.3,55814.6,55706.4
2026-06-02 03:20:00,55704.0,64003.9,55694.2,55708.6
2026-06-02 03:25:00,55643.0,63933.8,55697.0,55617.7
2026-06-02 03:30:00,55598.4,63882.5,55574.0,55609.8
2026-06-02 03:35:00,55563.3,63842.3,55598.4,55546.9
2026-06-02 03:40:00,55500.6,63770.2,55469.4,55515.2
2026-06-02 03:45:00,55495.0,63763.7,55473.0,55505.3
2026-06-02 03:50:00,55494.7,63763.4,55471.9,55505.3
2026-06-02 03:55:00,55495.3,63764.1,55480.0,55502.5
2026-06-02 04:00:00,55562.4,63841.2,55527.6,55578.7
2026-06-02 04:05:00,55618.4,63905.6,55607.2,55623.7
2026-06-02 04:10:00,55675.2,63970.9,55675.8,55675.0
2026-06-02 04:15:00,55673.7,63969.0,55667.3,55676.6
2026-06-02 04:20:00,55683.7,63980.6,55661.6,55694.1
2026-06-02 04:25:00,55690.8,63988.7,55672.6,55699.3
2026-06-02 04:30:00,55717.2,64019.1,55769.7,55692.6
2026-06-02 04:35:00,55810.2,64126.0,55814.7,55808.2
2026-06-02 04:40:00,55819.1,64136.1,55887.8,55786.9
2026-06-02 04:45:00,55835.0,64154.4,55884.9,55811.6
2026-06-02 04:50:00,55911.4,64242.2,55879.5,55926.4
2026-06-02 04:55:00,55942.3,64277.7,55981.7,55923.8
2026-06-02 05:00:00,56039.4,64389.3,56069.6,56025.3
2026-06-02 05:05:00,56195.4,64568.5,56273.9,56158.7
2026-06-02 05:10:00,56297.2,64685.5,56314.4,56289.1
2026-06-02 05:15:00,56400.3,64804.0,56397.7,56401.5
2026-06-02 05:20:00,56514.1,64934.6,56490.8,56524.9
2026-06-02 05:25:00,56619.5,65055.9,56613.3,56622.5
2026-06-02 05:30:00,56726.0,65178.2,56715.3,56731.0
2026-06-02 05:35:00,56849.0,65319.5,56841.8,56852.3
2026-06-02 05:40:00,56976.5,65466.0,56974.4,56977.4
2026-06-02 05:45:00,57103.9,65612.3,57048.1,57130.0
2026-06-02 05:50:00,57273.9,65807.7,57258.2,57281.3
2026-06-02 05:55:00,57385.7,65936.1,57378.4,57389.1
2026-06-02 06:00:00,57649.9,66239.7,57664.6,57643.0
2026-06-02 06:05:00,58100.5,66757.5,58033.5,58131.9
2026-06-02 06:10:00,58296.5,66982.7,58282.8,58302.9
2026-06-02 06:15:00,58488.8,67203.7,58459.1,58502.8
2026-06-02 06:20:00,58622.7,67357.5,58608.8,58629.3
2026-06-02 06:25:00,58808.6,67571.1,58809.3,58808.4
2026-06-02 06:30:00,58988.1,67777.3,58975.6,58994.0
2026-06-02 06:35:00,59223.1,68047.4,59226.9,59221.4
2026-06-02 06:40:00,59447.3,68304.9,59376.5,59480.4
2026-06-02 06:45:00,59654.9,68543.5,59678.2,59644.0
2026-06-02 06:50:00,59826.9,68741.1,59840.7,59820.4
2026-06-02 06:55:00,60050.8,68998.3,60034.7,60058.3
2026-06-02 07:00:00,60368.5,69363.4,60384.8,60360.8
2026-06-02 07:05:00,60930.6,70009.2,60836.1,60974.8
2026-06-02 07:10:00,61266.3,70395.0,61196.1,61299.2
2026-06-02 07:15:00,61564.0,70737.1,61591.7,61551.1
2026-06-02 07:20:00,61781.8,70987.3,61785.3,61780.2
2026-06-02 07:25:00,62004.5,71243.1,62002.9,62005.2
2026-06-02 07:30:00,62159.8,71421.6,62129.2,62174.1
2026-06-02 07:35:00,62372.3,71665.8,62427.4,62346.5
2026-06-02 07:40:00,62535.9,71853.7,62528.9,62539.2
2026-06-02 07:45:00,62690.4,72031.2,62687.8,62691.6
2026-06-02 07:50:00,62879.9,72249.0,62890.2,62875.1
2026-06-02 07:55:00,63074.8,72472.9,63087.2,63069.0
2026-06-02 08:00:00,63469.4,72926.4,63481.3,63463.9
2026-06-02 08:05:00,64089.3,73638.6,64017.3,64123.0
2026-06-02 08:10:00,64479.2,74086.6,64482.9,64477.5
2026-06-02 08:15:00,64816.4,74474.0,64844.1,64803.4
2026-06-02 08:20:00,65093.8,74792.7,65067.2,65106.2
2026-06-02 08:25:00,65430.0,75179.0,65418.7,65435.3
2026-06-02 08:30:00,65659.4,75442.6,65736.6,65623.2
2026-06-02 08:35:00,65984.2,75815.8,65988.3,65982.3
2026-06-02 08:40:00,66127.5,75980.5,66178.8,66103.5
2026-06-02 08:45:00,66315.0,76195.9,66344.2,66301.3
2026-06-02 08:50:00,66433.8,76332.5,66461.6,66420.8
2026-06-02 08:55:00,66569.3,76488.2,66648.2,66532.4
2026-06-02 09:00:00,66561.4,76479.1,66572.4,66556.3
2026-06-02 09:05:00,66613.6,76539.0,66672.8,66585.9
2026-06-02 09:10:00,66732.8,76675.9,66725.3,66736.3
2026-06-02 09:15:00,66812.4,76767.5,66802.9,66816.9
2026-06-02 09:20:00,66855.6,76817.1,66859.0,66854.1
2026-06-02 09:25:00,66862.7,76825.2,66916.6,66837.5
2026-06-02 09:30:00,66843.3,76802.9,66826.9,66851.0
2026-06-02 09:35:00,66824.0,76780.8,66786.2,66841.7
2026-06-02 09:40:00,66794.6,76747.0,66759.6,66811.0
2026-06-02 09:45:00,66788.8,76740.3,66758.6,66802.9
2026-06-02 09:50:00,66753.9,76700.2,66735.8,66762.4
2026-06-02 09:55:00,66670.5,76604.4,66696.1,66658.5
2026-06-02 10:00:00,66561.4,76479.1,66540.0,66571.4
2026-06-02 10:05:00,66583.8,76504.7,66609.9,66571.5
2026-06-02 10:10:00,66704.1,76643.0,66643.7,66732.4
2026-06-02 10:15:00,66896.6,76864.2,66844.3,66921.1
2026-06-02 10:20:00,66990.7,76972.3,66968.0,67001.4
2026-06-02 10:25:00,67034.9,77023.1,67052.2,67026.8
2026-06-02 10:30:00,66957.2,76933.8,66954.2,66958.6
2026-06-02 10:35:00,66930.5,76903.1,66989.4,66902.9
2026-06-02 10:40:00,66888.4,76854.8,66877.6,66893.4
2026-06-02 10:45:00,66892.1,76859.0,66889.1,66893.5
2026-06-02 10:50:00,66862.6,76825.2,66867.9,66860.2
2026-06-02 10:55:00,66781.5,76731.9,66844.7,66751.9
2026-06-02 11:00:00,66636.3,76565.1,66653.5,66628.3
2026-06-02 11:05:00,66510.0,76419.9,66484.5,66521.9
2026-06-02 11:10:00,66448.7,76349.6,66391.9,66475.4
2026-06-02 11:15:00,66378.6,76269.0,66401.9,66367.7
2026-06-02 11:20:00,66328.0,76210.8,66276.7,66352.0
2026-06-02 11:25:00,66288.5,76165.5,66291.6,66287.0
2026-06-02 11:30:00,66224.3,76091.7,66136.1,66265.6
2026-06-02 11:35:00,66201.5,76065.5,66170.8,66215.9
2026-06-02 11:40:00,66131.3,75984.8,66030.4,66178.5
2026-06-02 11:45:00,66049.9,75891.3,66021.1,66063.4
2026-06-02 11:50:00,65874.8,75690.1,65796.0,65911.7
2026-06-02 11:55:00,65521.1,75283.7,65488.2,65536.4
2026-06-02 12:00:00,65065.7,74760.5,65116.3,65042.0
2026-06-02 12:05:00,65016.7,74704.2,65060.0,64996.4
2026-06-02 12:10:00,64942.7,74619.2,64970.0,64930.0
2026-06-02 12:15:00,64853.7,74516.9,64954.6,64806.5
2026-06-02 12:20:00,64773.4,74424.6,64876.3,64725.1
2026-06-02 12:25:00,64703.3,74344.0,64775.0,64669.6
2026-06-02 12:30:00,64581.5,74204.1,64589.9,64577.5
2026-06-02 12:35:00,64487.0,74095.6,64584.6,64441.3
2026-06-02 12:40:00,64505.8,74117.2,64539.2,64490.2
2026-06-02 12:45:00,64551.1,74169.3,64573.0,64540.9
2026-06-02 12:50:00,64661.7,74296.3,64663.9,64660.7
2026-06-02 12:55:00,64875.6,74542.1,64935.7,64847.5
2026-06-02 13:00:00,65338.9,75074.4,65261.5,65375.1
2026-06-02 13:05:00,65715.3,75506.8,65721.3,65712.4
2026-06-02 13:10:00,66061.0,75904.0,66000.5,66089.3
2026-06-02 13:15:00,66321.3,76203.2,66286.5,66337.6
2026-06-02 13:20:00,66515.6,76426.4,66480.7,66531.9
2026-06-02 13:25:00,66734.3,76677.7,66720.6,66740.6
2026-06-02 13:30:00,66961.7,76939.0,66909.5,66986.2
2026-06-02 13:35:00,67252.7,77273.4,67275.0,67242.3
2026-06-02 13:40:00,67447.6,77497.3,67406.1,67467.0
2026-06-02 13:45:00,67666.3,77748.6,67639.6,67678.8
2026-06-02 13:50:00,67804.1,77906.9,67786.7,67812.3
2026-06-02 13:55:00,67960.2,78086.3,68048.7,67918.8
2026-06-02 14:00:00,68048.5,78187.8,68105.4,68021.9
2026-06-02 14:05:00,68075.3,78218.5,68174.0,68029.0
2026-06-02 14:10:00,68225.8,78391.4,68221.8,68227.6
2026-06-02 14:15:00,68340.7,78523.4,68308.2,68355.9
2026-06-02 14:20:00,68431.8,78628.1,68458.2,68419.4
2026-06-02 14:25:00,68554.7,78769.3,68514.1,68573.7
2026-06-02 14:30:00,68629.2,78854.9,68614.1,68636.3
2026-06-02 14:35:00,68662.1,78892.8,68709.1,68640.1
2026-06-02 14:40:00,68762.2,79007.8,68730.9,68776.9
2026-06-02 14:45:00,68895.8,79161.3,68876.9,68904.7
2026-06-02 14:50:00,68964.0,79239.6,68956.9,68967.3
2026-06-02 14:55:00,68975.4,79252.7,69025.8,68951.7
2026-06-02 15:00:00,68927.4,79197.6,69027.6,68880.5
2026-06-02 15:05:00,68940.6,79212.7,69026.5,68900.4
2026-06-02 15:10:00,69082.0,79375.2,69150.1,69050.1
2026-06-02 15:15:00,69245.3,79562.9,69289.1,69224.8
2026-06-02 15:20:00,69420.7,79764.4,69369.7,69444.6
2026-06-02 15:25:00,69538.4,79899.6,69582.6,69517.6
2026-06-02 15:30:00,69662.9,80042.7,69725.3,69633.7
2026-06-02 15:35:00,69792.7,80191.8,69838.6,69771.1
2026-06-02 15:40:00,69924.4,80343.2,69975.0,69900.8
2026-06-02 15:45:00,70069.7,80510.0,70091.8,70059.3
2026-06-02 15:50:00,70250.3,80717.6,70209.5,70269.4
2026-06-02 15:55:00,70359.7,80843.3,70304.8,70385.4
2026-06-02 16:00:00,70401.1,80890.9,70352.7,70423.8
2026-06-02 16:05:00,70321.3,80799.1,70299.0,70331.7
2026-06-02 16:10:00,70394.0,80882.7,70441.8,70371.6
2026-06-02 16:15:00,70467.2,80966.9,70448.6,70476.0
2026-06-02 16:20:00,70511.6,81017.9,70581.0,70479.1
2026-06-02 16:25:00,70598.3,81117.5,70579.8,70607.1
2026-06-02 16:30:00,70644.7,81170.7,70698.2,70619.6
2026-06-02 16:35:00,70735.2,81274.7,70713.8,70745.2
2026-06-02 16:40:00,70832.7,81386.8,70840.4,70829.2
2026-06-02 16:45:00,70939.4,81509.4,70845.5,70983.4
2026-06-02 16:50:00,71034.2,81618.4,70963.4,71067.4
2026-06-02 16:55:00,71046.2,81632.0,71074.8,71032.7
2026-06-02 17:00:00,70927.8,81496.0,70990.4,70898.5
2026-06-02 17:05:00,70762.5,81306.1,70711.9,70786.2
2026-06-02 17:10:00,70746.4,81287.6,70799.5,70721.6
2026-06-02 17:15:00,70787.0,81334.3,70827.5,70768.0
2026-06-02 17:20:00,70882.8,81444.3,70815.4,70914.4
2026-06-02 17:25:00,70935.8,81505.3,70972.3,70918.8
2026-06-02 17:30:00,71004.1,81583.7,70957.1,71026.2
2026-06-02 17:35:00,71069.9,81659.3,71124.2,71044.4
2026-06-02 17:40:00,71068.1,81657.3,71116.1,71045.6
2026-06-02 17:45:00,71070.0,81659.4,71121.2,71046.0
2026-06-02 17:50:00,71031.3,81614.9,71078.0,71009.4
2026-06-02 17:55:00,71005.4,81585.2,71035.8,70991.2
2026-06-02 18:00:00,70998.1,81576.8,71027.9,70984.1
2026-06-02 18:05:00,70910.1,81475.7,70929.6,70901.0
2026-06-02 18:10:00,70929.3,81497.7,70970.0,70910.2
2026-06-02 18:15:00,71037.1,81621.6,70997.4,71055.7
2026-06-02 18:20:00,71077.8,81668.4,71127.4,71054.5
2026-06-02 18:25:00,71149.4,81750.7,71138.0,71154.7
2026-06-02 18:30:00,71198.4,81806.9,71287.4,71156.7
2026-06-02 18:35:00,71180.0,81785.8,71261.2,71142.0
2026-06-02 18:40:00,71166.7,81770.6,71245.7,71129.8
2026-06-02 18:45:00,71169.2,81773.4,71250.8,71131.0
2026-06-02 18:50:00,71129.9,81728.3,71215.6,71089.8
2026-06-02 18:55:00,71053.5,81640.5,71023.3,71067.7
2026-06-02 19:00:00,70948.3,81519.6,70964.4,70940.7
2026-06-02 19:05:00,70862.5,81421.1,70762.4,70909.4
2026-06-02 19:10:00,70841.8,81397.3,70885.7,70821.3
2026-06-02 19:15:00,70839.4,81394.5,70876.1,70822.2
2026-06-02 19:20:00,70840.8,81396.0,70877.2,70823.7
2026-06-02 19:25:00,70833.8,81388.0,70869.5,70817.0
2026-06-02 19:30:00,70763.6,81307.4,70704.9,70791.1
2026-06-02 19:35:00,70771.3,81316.2,70719.8,70795.4
2026-06-02 19:40:00,70770.9,81315.8,70713.0,70798.0
2026-06-02 19:45:00,70773.6,81318.9,70718.9,70799.2
2026-06-02 19:50:00,70735.4,81274.9,70688.6,70757.3
2026-06-02 19:55:00,70606.8,81127.2,70668.0,70578.1
2026-06-02 20:00:00,70365.6,80850.1,70434.9,70333.2
2026-06-02 20:05:00,70127.8,80576.8,70147.6,70118.5
2026-06-02 20:10:00,69959.2,80383.1,70076.3,69904.3
2026-06-02 20:15:00,69760.5,80154.9,69774.4,69754.1
2026-06-02 20:20:00,69566.3,79931.7,69666.8,69519.2
2026-06-02 20:25:00,69407.8,79749.6,69405.1,69409.1
2026-06-02 20:30:00,69212.8,79525.5,69269.6,69186.2
2026-06-02 20:35:00,69060.2,79350.2,69011.0,69083.3
2026-06-02 20:40:00,68862.0,79122.5,68888.3,68849.7
2026-06-02 20:45:00,68662.5,78893.2,68686.4,68651.2
2026-06-02 20:50:00,68442.2,78640.1,68419.9,68452.7
2026-06-02 20:55:00,68217.3,78381.6,68220.3,68215.8
2026-06-02 21:00:00,67911.8,78030.7,67877.7,67927.8
2026-06-02 21:05:00,67668.5,77751.1,67722.7,67643.1
2026-06-02 21:10:00,67454.3,77505.0,67459.3,67452.0
2026-06-02 21:15:00,67245.5,77265.1,67235.2,67250.3
2026-06-02 21:20:00,67008.4,76992.6,67007.2,67008.9
2026-06-02 21:25:00,66846.7,76806.9,66804.2,66866.6
2026-06-02 21:30:00,66629.4,76557.2,66591.8,66647.0
2026-06-02 21:35:00,66415.7,76311.6,66397.4,66424.2
2026-06-02 21:40:00,66232.0,76100.6,66182.6,66255.2
2026-06-02 21:45:00,66047.3,75888.3,66106.8,66019.4
2026-06-02 21:50:00,65866.1,75680.2,65849.4,65874.0
2026-06-02 21:55:00,65690.2,75478.1,65657.1,65705.8
2026-06-02 22:00:00,65425.1,75173.4,65442.6,65416.9
2026-06-02 22:05:00,65358.5,75097.0,65444.4,65318.3
2026-06-02 22:10:00,65266.5,74991.2,65256.3,65271.3
2026-06-02 22:15:00,65144.6,74851.2,65116.4,65157.8
2026-06-02 22:20:00,64973.0,74654.0,64984.3,64967.8
2026-06-02 22:25:00,64791.4,74445.3,64774.7,64799.2
2026-06-02 22:30:00,64607.2,74233.6,64559.9,64629.3
2026-06-02 22:35:00,64466.0,74071.4,64439.3,64478.5
2026-06-02 22:40:00,64291.9,73871.4,64344.6,64267.2
2026-06-02 22:45:00,64144.9,73702.5,64173.7,64131.4
2026-06-02 22:50:00,63982.3,73515.7,63959.1,63993.2
2026-06-02 22:55:00,63792.5,73297.6,63879.0,63752.0
2026-06-02 23:00:00,63752.3,73251.4,63764.5,63746.6
2026-06-02 23:05:00,64101.3,73652.4,64133.2,64086.3
2026-06-02 23:10:00,64083.5,73631.9,64092.2,64079.4
2026-06-02 23:15:00,63954.0,73483.2,63970.7,63946.2
2026-06-02 23:20:00,63798.8,73304.9,63786.2,63804.8
2026-06-02 23:25:00,63538.9,73006.2,63505.2,63554.7
2026-06-02 23:30:00,63209.6,72627.9,63213.0,63208.1
2026-06-02 23:35:00,62870.9,72238.7,62864.3,62874.0
2026-06-02 23:40:00,62566.6,71889.1,62579.9,62560.4
2026-06-02 23:45:00,62199.5,71467.2,62198.7,62199.9
2026-06-02 23:50:00,61868.1,71086.4,61805.3,61897.4
2026-06-02 23:55:00,61434.8,70588.5,61418.7,61442.3
2026-06-03 00:00:00,60836.1,69900.7,60896.4,60807.9
2026-06-03 00:05:00,60611.3,69642.4,60570.4,60630.5
2026-06-03 00:10:00,60283.0,69265.1,60289.2,60280.0
2026-06-03 00:15:00,60032.1,68976.9,60007.5,60043.6
2026-06-03 00:20:00,59697.6,68592.6,59737.7,59678.9
2026-06-03 00:25:00,59346.2,68188.8,59365.9,59337.0
2026-06-03 00:30:00,59061.0,67861.0,59119.7,59033.5
2026-06-03 00:35:00,58801.2,67562.6,58900.3,58754.8
2026-06-03 00:40:00,58550.8,67274.9,58608.4,58523.8
2026-06-03 00:45:00,58319.6,67009.3,58353.6,58303.7
2026-06-03 00:50:00,58157.5,66822.9,58147.6,58162.1
2026-06-03 00:55:00,57926.4,66557.5,57941.7,57919.3
2026-06-03 01:00:00,57758.0,66363.9,57719.0,57776.2
2026-06-03 01:05:00,57637.4,66225.3,57638.6,57636.8
2026-06-03 01:10:00,57521.6,66092.3,57442.0,57558.9
2026-06-03 01:15:00,57313.3,65853.0,57330.0,57305.5
2026-06-03 01:20:00,57153.7,65669.6,57173.4,57144.4
2026-06-03 01:25:00,57069.8,65573.2,57047.1,57080.4
2026-06-03 01:30:00,56945.0,65429.9,56942.2,56946.4
2026-06-03 01:35:00,56825.0,65291.9,56845.9,56815.2
2026-06-03 01:40:00,56696.1,65143.8,56745.4,56673.1
2026-06-03 01:45:00,56552.2,64978.5,56566.3,56545.5
2026-06-03 01:50:00,56438.3,64847.6,56493.4,56412.5
2026-06-03 01:55:00,56303.6,64692.8,56303.4,56303.6
2026-06-03 02:00:00,56219.9,64596.7,56180.0,56238.7
2026-06-03 02:05:00,56174.8,64544.9,56132.0,56194.9
2026-06-03 02:10:00,56153.6,64520.5,56128.3,56165.5
2026-06-03 02:15:00,56076.3,64431.6,56109.6,56060.6
2026-06-03 02:20:00,56022.0,64369.2,55992.5,56035.8
2026-06-03 02:25:00,55974.5,64314.7,55995.6,55964.6
2026-06-03 02:30:00,55843.1,64163.7,55851.0,55839.4
2026-06-03 02:35:00,55776.0,64086.6,55755.0,55785.9
2026-06-03 02:40:00,55643.9,63934.9,55634.5,55648.4
2026-06-03 02:45:00,55586.9,63869.3,55553.4,55602.6
2026-06-03 02:50:00,55503.8,63773.9,55556.1,55479.4
2026-06-03 02:55:00,55458.0,63721.3,55444.7,55464.3
2026-06-03 03:00:00,55361.7,63610.6,55421.8,55333.6
2026-06-03 03:05:00,55280.4,63517.2,55346.8,55249.4
2026-06-03 03:10:00,55235.5,63465.6,55230.2,55237.9
2026-06-03 03:15:00,55165.2,63384.8,55220.6,55139.3
2026-06-03 03:20:00,55121.1,63334.2,55107.4,55127.6
2026-06-03 03:25:00,55066.3,63271.1,55108.0,55046.7
2026-06-03 03:30:00,55003.8,63199.4,54993.1,55008.9
2026-06-03 03:35:00,54989.7,63183.2,55012.8,54978.9
2026-06-03 03:40:00,54924.4,63108.1,55007.0,54885.7
2026-06-03 03:45:00,54884.8,63062.6,54879.9,54887.0
2026-06-03 03:50:00,54875.2,63051.6,54874.6,54875.5
2026-06-03 03:55:00,54842.3,63013.8,54849.7,54838.9
2026-06-03 04:00:00,54808.2,62974.6,54768.1,54827.0
2026-06-03 04:05:00,54843.0,63014.6,54809.6,54858.6
2026-06-03 04:10:00,54836.8,63007.5,54793.1,54857.3
2026-06-03 04:15:00,54837.8,63008.6,54792.1,54859.2
2026-06-03 04:20:00,54844.9,63016.8,54781.4,54874.6
2026-06-03 04:25:00,54816.9,62984.6,54793.7,54827.7
2026-06-03 04:30:00,54813.3,62980.5,54792.3,54823.1
2026-06-03 04:35:00,54844.6,63016.4,54821.0,54855.7
2026-06-03 04:40:00,54818.4,62986.3,54792.3,54830.6
2026-06-03 04:45:00,54816.2,62983.9,54788.8,54829.1
2026-06-03 04:50:00,54811.7,62978.6,54785.2,54824.1
2026-06-03 04:55:00,54810.3,62977.1,54784.4,54822.5
2026-06-03 05:00:00,54826.7,62995.9,54830.7,54824.8
2026-06-03 05:05:00,54881.9,63059.3,54876.5,54884.4
2026-06-03 05:10:00,54974.5,63165.7,54976.9,54973.4
2026-06-03 05:15:00,54970.2,63160.8,54959.7,54975.2
2026-06-03 05:20:00,54967.9,63158.1,54950.1,54976.2
2026-06-03 05:25:00,54967.4,63157.5,54949.4,54975.8
2026-06-03 05:30:00,54964.3,63154.0,54952.8,54969.6
2026-06-03 05:35:00,55010.1,63206.6,54991.8,55018.7
2026-06-03 05:40:00,55111.7,63323.4,55086.5,55123.5
2026-06-03 05:45:00,55143.3,63359.6,55184.8,55123.8
2026-06-03 05:50:00,55196.7,63421.0,55186.4,55201.5
2026-06-03 05:55:00,55194.2,63418.2,55183.5,55199.2
2026-06-03 06:00:00,55242.5,63473.7,55245.6,55241.1
2026-06-03 06:05:00,55376.7,63627.8,55434.2,55349.7
2026-06-03 06:10:00,55434.4,63694.1,55442.9,55430.4
2026-06-03 06:15:00,55419.0,63676.4,55427.6,55414.9
2026-06-03 06:20:00,55455.9,63718.9,55449.2,55459.1
2026-06-03 06:25:00,55455.5,63718.4,55449.5,55458.3
2026-06-03 06:30:00,55440.6,63701.3,55443.6,55439.2
2026-06-03 06:35:00,55472.0,63737.3,55467.1,55474.3
2026-06-03 06:40:00,55450.0,63712.1,55537.0,55409.3
2026-06-03 06:45:00,55400.4,63655.1,55422.9,55389.8
2026-06-03 06:50:00,55392.7,63646.3,55420.1,55379.9
2026-06-03 06:55:00,55425.7,63684.1,55420.7,55428.1
2026-06-03 07:00:00,55501.9,63771.7,55480.3,55512.0
2026-06-03 07:05:00,55703.0,64002.7,55680.2,55713.6
2026-06-03 07:10:00,55757.1,64064.9,55794.6,55739.4
2026-06-03 07:15:00,55814.2,64130.6,55829.9,55806.9
2026-06-03 07:20:00,55790.3,64103.0,55890.2,55743.5
2026-06-03 07:25:00,55747.0,64053.3,55763.3,55739.4
2026-06-03 07:30:00,55708.9,64009.5,55724.0,55701.8
2026-06-03 07:35:00,55704.1,64004.1,55771.9,55672.4
2026-06-03 07:40:00,55653.3,63945.7,55743.5,55611.0
2026-06-03 07:45:00,55634.6,63924.1,55628.4,55637.4
2026-06-03 07:50:00,55637.9,63928.0,55640.5,55636.7
2026-06-03 07:55:00,55629.5,63918.3,55635.4,55626.7
2026-06-03 08:00:00,55736.2,64040.9,55754.3,55727.7
2026-06-03 08:05:00,55914.4,64245.6,55929.9,55907.1
2026-06-03 08:10:00,55972.0,64311.9,56063.5,55929.2
2026-06-03 08:15:00,56075.5,64430.8,56079.0,56073.9
2026-06-03 08:20:00,56121.2,64483.3,56135.8,56114.4
2026-06-03 08:25:00,56132.1,64495.8,56148.9,56124.2
2026-06-03 08:30:00,56145.6,64511.3,56223.9,56108.9
2026-06-03 08:35:00,56207.2,64582.1,56252.5,56186.0
2026-06-03 08:40:00,56205.6,64580.3,56200.3,56208.1
2026-06-03 08:45:00,56200.0,64573.8,56210.1,56195.2
2026-06-03 08:50:00,56176.0,64546.2,56186.4,56171.1
2026-06-03 08:55:00,56167.2,64536.1,56181.9,56160.3
2026-06-03 09:00:00,56174.4,64544.4,56167.1,56177.8
2026-06-03 09:05:00,56231.9,64610.4,56238.0,56229.0
2026-06-03 09:10:00,56246.0,64626.7,56250.0,56244.2
2026-06-03 09:15:00,56340.1,64734.8,56382.7,56320.2
2026-06-03 09:20:00,56365.6,64764.1,56330.7,56382.0
2026-06-03 09:25:00,56426.0,64833.5,56416.6,56430.4
2026-06-03 09:30:00,56453.8,64865.4,56396.0,56480.8
2026-06-03 09:35:00,56508.0,64927.7,56514.6,56504.9
2026-06-03 09:40:00,56524.4,64946.6,56488.2,56541.4
2026-06-03 09:45:00,56528.4,64951.2,56500.6,56541.5
2026-06-03 09:50:00,56519.3,64940.6,56485.8,56535.0
2026-06-03 09:55:00,56507.0,64926.5,56477.6,56520.7
2026-06-03 10:00:00,56498.4,64916.6,56514.5,56490.8
2026-06-03 10:05:00,56648.5,65089.1,56637.4,56653.7
2026-06-03 10:10:00,56782.7,65243.4,56816.5,56766.9
2026-06-03 10:15:00,56983.5,65474.1,57007.3,56972.4
2026-06-03 10:20:00,57058.7,65560.4,57053.8,57060.9
2026-06-03 10:25:00,57113.9,65623.9,57145.8,57099.0
2026-06-03 10:30:00,57082.0,65587.2,57146.4,57051.9
2026-06-03 10:35:00,57081.6,65586.7,57096.2,57074.7
2026-06-03 10:40:00,57059.9,65561.8,57075.2,57052.7
2026-06-03 10:45:00,57097.6,65605.1,57086.7,57102.7
2026-06-03 10:50:00,57112.8,65622.6,57147.1,57096.7
2026-06-03 10:55:00,57100.8,65608.8,57138.1,57083.3
2026-06-03 11:00:00,57044.3,65543.9,57099.2,57018.5
2026-06-03 11:05:00,56968.2,65456.5,57031.5,56938.6
2026-06-03 11:10:00,56940.0,65424.1,56921.9,56948.5
2026-06-03 11:15:00,56897.8,65375.6,56925.4,56884.9
2026-06-03 11:20:00,56849.8,65320.4,56817.9,56864.7
2026-06-03 11:25:00,56797.1,65259.8,56821.0,56785.8
2026-06-03 11:30:00,56739.5,65193.7,56691.9,56761.8
2026-06-03 11:35:00,56704.9,65154.0,56715.4,56700.0
2026-06-03 11:40:00,56646.9,65087.3,56590.5,56673.4
2026-06-03 11:45:00,56593.1,65025.4,56591.2,56593.9
2026-06-03 11:50:00,56524.4,64946.6,56457.1,56555.9
2026-06-03 11:55:00,56337.3,64731.5,56308.0,56351.0
2026-06-03 12:00:00,56179.4,64550.1,56078.1,56226.9
2026-06-03 12:05:00,56321.3,64713.2,56242.1,56358.5
2026-06-03 12:10:00,56396.9,64800.0,56331.0,56427.7
2026-06-03 12:15:00,56477.7,64892.8,56424.6,56502.5
2026-06-03 12:20:00,56520.4,64942.0,56546.5,56508.2
2026-06-03 12:25:00,56574.3,65003.9,56540.9,56590.0
2026-06-03 12:30:00,56558.6,64985.8,56579.5,56548.8
2026-06-03 12:35:00,56613.4,65048.8,56640.7,56600.6
2026-06-03 12:40:00,56716.4,65167.2,56676.4,56735.2
2026-06-03 12:45:00,56804.0,65267.8,56787.0,56811.9
2026-06-03 12:50:00,56914.0,65394.2,56907.1,56917.2
2026-06-03 12:55:00,57060.8,65562.9,57099.9,57042.5
2026-06-03 13:00:00,57341.2,65885.0,57322.6,57349.9
2026-06-03 13:05:00,57542.9,66116.7,57596.6,57517.7
2026-06-03 13:10:00,57775.9,66384.5,57726.4,57799.0
2026-06-03 13:15:00,57935.5,66567.9,57946.0,57930.6
2026-06-03 13:20:00,58056.4,66706.8,58029.0,58069.2
2026-06-03 13:25:00,58196.1,66867.3,58231.1,58179.7
2026-06-03 13:30:00,58355.6,67050.6,58346.0,58360.1
2026-06-03 13:35:00,58488.3,67203.1,58526.0,58470.7
2026-06-03 13:40:00,58572.0,67299.3,58605.7,58556.3
2026-06-03 13:45:00,58736.8,67488.6,58704.3,58752.1
2026-06-03 13:50:00,58807.0,67569.2,58842.9,58790.1
2026-06-03 13:55:00,58917.5,67696.2,58927.2,58912.9
2026-06-03 14:00:00,59035.6,67831.9,59033.2,59036.7
2026-06-03 14:05:00,59123.5,67932.9,59094.8,59137.0
2026-06-03 14:10:00,59234.0,68059.9,59229.1,59236.3
2026-06-03 14:15:00,59365.7,68211.2,59352.1,59372.1
2026-06-03 14:20:00,59502.5,68368.4,59524.2,59492.3
2026-06-03 14:25:00,59672.1,68563.2,59626.2,59693.6
2026-06-03 14:30:00,59760.7,68665.0,59774.1,59754.4
2026-06-03 14:35:00,59879.5,68801.5,59899.2,59870.2
2026-06-03 14:40:00,60000.8,68941.0,59988.3,60006.7
2026-06-03 14:45:00,60115.8,69073.0,60151.9,60098.8
2026-06-03 14:50:00,60214.0,69185.9,60250.2,60197.1
2026-06-03 14:55:00,60348.5,69340.4,60348.6,60348.4
2026-06-03 15:00:00,60426.8,69430.4,60412.3,60433.6
2026-06-03 15:05:00,60519.0,69536.3,60521.6,60517.7
2026-06-03 15:10:00,60655.7,69693.4,60699.7,60635.1
2026-06-03 15:15:00,60880.0,69951.2,60836.1,60900.6
2026-06-03 15:20:00,61103.2,70207.5,61101.8,61103.8
2026-06-03 15:25:00,61298.3,70431.7,61311.0,61292.3
2026-06-03 15:30:00,61438.5,70592.8,61477.8,61420.1
2026-06-03 15:35:00,61591.6,70768.7,61665.3,61557.1
2026-06-03 15:40:00,61695.4,70888.1,61761.7,61664.4
2026-06-03 15:45:00,61904.9,71128.7,61860.4,61925.7
2026-06-03 15:50:00,62118.6,71374.3,62059.0,62146.6
2026-06-03 15:55:00,62353.2,71643.8,62342.4,62358.2
2026-06-03 16:00:00,62516.9,71831.9,62468.3,62539.6
2026-06-03 16:05:00,62570.3,71893.3,62601.0,62556.0
2026-06-03 16:10:00,62693.9,72035.3,62731.6,62676.2
2026-06-03 16:15:00,62906.7,72279.8,62923.9,62898.7
2026-06-03 16:20:00,63124.7,72530.2,63130.2,63122.0
2026-06-03 16:25:00,63251.3,72675.8,63286.9,63234.7
2026-06-03 16:30:00,63440.2,72892.7,63453.4,63433.9
2026-06-03 16:35:00,63665.5,73151.7,63658.9,63668.6
2026-06-03 16:40:00,63857.6,73372.3,63858.0,63857.3
2026-06-03 16:45:00,64060.9,73606.0,64045.7,64068.1
2026-06-03 16:50:00,64187.5,73751.4,64182.7,64189.7
2026-06-03 16:55:00,64346.2,73933.8,64358.3,64340.5
2026-06-03 17:00:00,64429.5,74029.5,64374.5,64455.3
2026-06-03 17:05:00,64439.8,74041.4,64411.6,64453.1
2026-06-03 17:10:00,64563.2,74183.2,64539.0,64574.6
2026-06-03 17:15:00,64731.9,74376.9,64790.4,64704.4
2026-06-03 17:20:00,64842.7,74504.2,64890.5,64820.3
2026-06-03 17:25:00,64975.9,74657.3,65030.1,64950.5
2026-06-03 17:30:00,65162.0,74871.2,65157.0,65164.3
2026-06-03 17:35:00,65289.2,75017.2,65339.8,65265.4
2026-06-03 17:40:00,65417.9,75165.1,65426.4,65413.9
2026-06-03 17:45:00,65503.1,75263.0,65497.5,65505.7
2026-06-03 17:50:00,65603.0,75377.9,65585.4,65611.3
2026-06-03 17:55:00,65680.6,75467.0,65680.5,65680.6
2026-06-03 18:00:00,65787.5,75589.8,65782.4,65789.8
2026-06-03 18:05:00,65812.5,75618.6,65805.4,65815.9
2026-06-03 18:10:00,65889.8,75707.4,65891.5,65889.1
2026-06-03 18:15:00,65976.7,75807.2,65992.9,65969.1
2026-06-03 18:20:00,66047.9,75889.0,66074.1,66035.6
2026-06-03 18:25:00,66217.9,76084.4,66213.8,66219.9
2026-06-03 18:30:00,66324.9,76207.4,66336.9,66319.3
2026-06-03 18:35:00,66443.9,76344.0,66515.1,66410.5
2026-06-03 18:40:00,66522.4,76434.3,66587.9,66491.7
2026-06-03 18:45:00,66629.2,76556.9,66593.7,66645.8
2026-06-03 18:50:00,66676.5,76611.2,66678.8,66675.3
2026-06-03 18:55:00,66736.1,76679.7,66720.4,66743.4
2026-06-03 19:00:00,66684.6,76620.6,66641.7,66704.7
2026-06-03 19:05:00,66655.8,76587.5,66616.0,66674.4
2026-06-03 19:10:00,66678.5,76613.6,66678.8,66678.4
2026-06-03 19:15:00,66718.1,76659.1,66665.8,66742.6
2026-06-03 19:20:00,66723.3,76665.1,66676.4,66745.2
2026-06-03 19:25:00,66724.8,76666.8,66677.3,66747.0
2026-06-03 19:30:00,66708.4,76648.0,66668.1,66727.3
2026-06-03 19:35:00,66704.5,76643.5,66666.5,66722.3
2026-06-03 19:40:00,66706.0,76645.2,66659.6,66727.7
2026-06-03 19:45:00,66708.6,76648.2,66665.3,66729.0
2026-06-03 19:50:00,66675.5,76610.1,66640.1,66692.0
2026-06-03 19:55:00,66667.0,76600.3,66630.1,66684.2
2026-06-03 20:00:00,66571.6,76490.8,66580.2,66567.6
2026-06-03 20:05:00,66524.4,76436.5,66480.6,66544.9
2026-06-03 20:10:00,66471.1,76375.3,66435.7,66487.8
2026-06-03 20:15:00,66465.4,76368.7,66420.0,66486.6
2026-06-03 20:20:00,66458.1,76360.3,66412.8,66479.3
2026-06-03 20:25:00,66385.6,76277.1,66404.3,66376.9
2026-06-03 20:30:00,66328.1,76211.0,66286.1,66347.8
2026-06-03 20:35:00,66284.1,76160.4,66311.8,66271.1
2026-06-03 20:40:00,66232.8,76101.5,66181.1,66257.0
2026-06-03 20:45:00,66180.0,76040.8,66186.8,66176.8
2026-06-03 20:50:00,66112.2,75962.9,66053.7,66139.5
2026-06-03 20:55:00,66005.9,75840.8,65953.2,66030.6
2026-06-03 21:00:00,65694.0,75482.4,65720.5,65681.6
2026-06-03 21:05:00,65462.9,75216.9,65470.4,65459.4
2026-06-03 21:10:00,65249.0,74971.1,65264.9,65241.5
2026-06-03 21:15:00,65025.7,74714.6,65085.6,64997.7
2026-06-03 21:20:00,64807.6,74463.9,64776.4,64822.2
2026-06-03 21:25:00,64628.7,74258.3,64597.3,64643.3
2026-06-03 21:30:00,64464.1,74069.3,64439.3,64475.7
2026-06-03 21:35:00,64324.7,73909.1,64339.3,64317.8
2026-06-03 21:40:00,64201.5,73767.5,64136.0,64232.1
2026-06-03 21:45:00,64047.1,73590.1,64047.7,64046.8
2026-06-03 21:50:00,63853.6,73367.8,63859.6,63850.8
2026-06-03 21:55:00,63682.2,73170.8,63701.3,63673.3
2026-06-03 22:00:00,63461.4,72917.1,63461.6,63461.3
2026-06-03 22:05:00,63482.7,72941.6,63493.6,63477.6
2026-06-03 22:10:00,63378.9,72822.4,63373.1,63381.6
2026-06-03 22:15:00,63246.6,72670.3,63236.6,63251.3
2026-06-03 22:20:00,63139.4,72547.2,63127.9,63144.8
2026-06-03 22:25:00,62927.1,72303.3,62914.0,62933.3
2026-06-03 22:30:00,62743.9,72092.8,62719.5,62755.4
2026-06-03 22:35:00,62598.5,71925.7,62566.2,62613.7
2026-06-03 22:40:00,62466.5,71774.0,62467.2,62466.2
2026-06-03 22:45:00,62314.2,71599.0,62290.6,62325.2
2026-06-03 22:50:00,62148.6,71408.8,62192.5,62128.0
2026-06-03 22:55:00,61984.5,71220.1,61995.0,61979.5
2026-06-03 23:00:00,62003.6,71242.1,61983.4,62013.0
2026-06-03 23:05:00,62365.9,71658.5,62334.5,62380.7
2026-06-03 23:10:00,62341.1,71629.9,62317.1,62352.4
2026-06-03 23:15:00,62154.8,71415.9,62138.4,62162.5
2026-06-03 23:20:00,61921.6,71147.9,61882.7,61939.8
2026-06-03 23:25:00,61719.8,70916.1,61676.2,61740.2
2026-06-03 23:30:00,61412.6,70563.1,61408.7,61414.4
2026-06-03 23:35:00,61048.2,70144.4,61004.0,61069.0
2026-06-03 23:40:00,60686.2,69728.5,60741.7,60660.2
2026-06-03 23:45:00,60388.2,69386.1,60387.4,60388.6
2026-06-03 23:50:00,60061.2,69010.3,60093.3,60046.1
2026-06-03 23:55:00,59697.6,68592.5,59699.7,59696.6
2026-06-04 00:00:00,59077.5,67880.1,59096.8,59068.5
2026-06-04 00:05:00,58864.7,67635.6,58936.8,58831.0
2026-06-04 00:10:00,58552.5,67276.9,58517.8,58568.8
2026-06-04 00:15:00,58259.1,66939.7,58274.4,58251.9
2026-06-04 00:20:00,58023.7,66669.3,58000.7,58034.5
2026-06-04 00:25:00,57810.5,66424.3,57733.6,57846.6
2026-06-04 00:30:00,57564.9,66142.0,57535.6,57578.6
2026-06-04 00:35:00,57356.4,65902.5,57371.9,57349.2
2026-06-04 00:40:00,57133.7,65646.6,57116.3,57141.9
2026-06-04 00:45:00,56906.9,65386.0,56946.5,56888.3
2026-06-04 00:50:00,56726.0,65178.2,56759.5,56710.3
2026-06-04 00:55:00,56559.5,64986.9,56496.1,56589.3
2026-06-04 01:00:00,56454.3,64866.0,56459.9,56451.8
2026-06-04 01:05:00,56350.2,64746.4,56408.1,56323.1
2026-06-04 01:10:00,56233.9,64612.7,56299.9,56203.0
2026-06-04 01:15:00,56123.5,64485.9,56081.0,56143.4
2026-06-04 01:20:00,56040.1,64390.0,55979.9,56068.3
2026-06-04 01:25:00,55970.3,64309.9,55986.9,55962.6
2026-06-04 01:30:00,55906.3,64236.3,55889.7,55914.1
2026-06-04 01:35:00,55881.2,64207.5,55931.0,55857.9
2026-06-04 01:40:00,55797.1,64110.9,55786.7,55802.1
2026-06-04 01:45:00,55734.5,64038.9,55769.2,55718.2
2026-06-04 01:50:00,55683.6,63980.5,55661.4,55694.1
2026-06-04 01:55:00,55598.9,63883.2,55575.4,55609.9
2026-06-04 02:00:00,55527.3,63800.9,55554.3,55514.7
2026-06-04 02:05:00,55540.1,63815.6,55506.2,55556.0
2026-06-04 02:10:00,55494.4,63763.1,55469.6,55506.0
2026-06-04 02:15:00,55487.8,63755.4,55467.3,55497.4
2026-06-04 02:20:00,55482.6,63749.6,55465.1,55490.9
2026-06-04 02:25:00,55409.3,63665.3,55474.9,55378.6
2026-06-04 02:30:00,55336.8,63582.0,55332.8,55338.7
2026-06-04 02:35:00,55251.3,63483.7,55258.3,55248.0
2026-06-04 02:40:00,55234.0,63463.9,55241.3,55230.6
2026-06-04 02:45:00,55166.7,63386.6,55224.8,55139.6
2026-06-04 02:50:00,55134.2,63349.2,55114.6,55143.4
2026-06-04 02:55:00,55099.0,63308.7,55102.8,55097.2
2026-06-04 03:00:00,54990.9,63184.5,55010.3,54981.8
2026-06-04 03:05:00,54978.6,63170.4,55063.1,54939.0
2026-06-04 03:10:00,54919.0,63101.9,54909.1,54923.6
2026-06-04 03:15:00,54919.4,63102.4,54905.6,54925.8
2026-06-04 03:20:00,54895.6,63075.0,54904.1,54891.6
2026-06-04 03:25:00,54890.3,63068.9,54879.2,54895.5
2026-06-04 03:30:00,54881.8,63059.2,54869.7,54887.5
2026-06-04 03:35:00,54911.3,63093.0,54894.3,54919.2
2026-06-04 03:40:00,54894.6,63073.9,54875.2,54903.7
2026-06-04 03:45:00,54899.2,63079.2,54889.7,54903.7
2026-06-04 03:50:00,54908.9,63090.4,54884.3,54920.5
2026-06-04 03:55:00,54909.0,63090.4,54891.9,54917.0
2026-06-04 04:00:00,54995.6,63189.9,54932.7,55025.0
2026-06-04 04:05:00,55098.0,63307.6,55142.5,55077.2
2026-06-04 04:10:00,55137.4,63352.8,55105.6,55152.2
2026-06-04 04:15:00,55224.5,63453.0,55202.8,55234.7
2026-06-04 04:20:00,55223.6,63452.0,55196.8,55236.2
2026-06-04 04:25:00,55229.2,63458.3,55204.3,55240.9
2026-06-04 04:30:00,55257.8,63491.2,55310.9,55232.9
2026-06-04 04:35:00,55367.0,63616.7,55357.6,55371.4
2026-06-04 04:40:00,55363.0,63612.1,55404.6,55343.5
2026-06-04 04:45:00,55360.7,63609.4,55400.5,55342.0
2026-06-04 04:50:00,55416.7,63673.8,55440.0,55405.8
2026-06-04 04:55:00,55472.8,63738.3,55438.8,55488.8
2026-06-04 05:00:00,55555.7,63833.5,55637.0,55517.6
2026-06-04 05:05:00,55691.7,63989.8,55722.4,55677.4
2026-06-04 05:10:00,55779.5,64090.7,55853.2,55745.0
2026-06-04 05:15:00,55846.7,64167.8,55835.1,55852.1
2026-06-04 05:20:00,55951.9,64288.8,55946.1,55954.7
2026-06-04 05:25:00,56088.4,64445.6,56071.5,56096.3
2026-06-04 05:30:00,56179.6,64550.4,56170.1,56184.1
2026-06-04 05:35:00,56357.7,64755.0,56341.8,56365.1
2026-06-04 05:40:00,56449.8,64860.8,56473.0,56438.9
2026-06-04 05:45:00,56548.7,64974.4,56592.9,56528.0
2026-06-04 05:50:00,56684.6,65130.6,56722.3,56667.0
2026-06-04 05:55:00,56815.6,65281.1,56794.7,56825.4
2026-06-04 06:00:00,57061.3,65563.4,57116.7,57035.3
2026-06-04 06:05:00,57467.8,66030.5,57427.0,57486.9
2026-06-04 06:10:00,57755.3,66360.9,57752.0,57756.9
2026-06-04 06:15:00,57996.1,66637.6,58011.3,57989.0
2026-06-04 06:20:00,58082.1,66736.4,58163.9,58043.8
2026-06-04 06:25:00,58243.5,66921.7,58247.9,58241.4
2026-06-04 06:30:00,58385.1,67084.5,58411.6,58372.8
2026-06-04 06:35:00,58598.4,67329.5,58553.5,58619.4
2026-06-04 06:40:00,58795.2,67555.7,58811.0,58787.8
2026-06-04 06:45:00,58997.2,67787.8,58989.3,59000.9
2026-06-04 06:50:00,59161.8,67976.9,59171.7,59157.2
2026-06-04 06:55:00,59315.9,68153.9,59362.3,59294.1
2026-06-04 07:00:00,59667.4,68557.8,59629.5,59685.1
2026-06-04 07:05:00,60135.8,69096.0,60142.3,60132.7
2026-06-04 07:10:00,60417.6,69419.9,60420.1,60416.5
2026-06-04 07:15:00,60681.1,69722.6,60689.3,60677.2
2026-06-04 07:20:00,60858.2,69926.1,60893.7,60841.6
2026-06-04 07:25:00,61066.6,70165.5,61115.0,61043.9
2026-06-04 07:30:00,61204.0,70323.4,61220.5,61196.3
2026-06-04 07:35:00,61407.5,70557.2,61418.2,61402.5
2026-06-04 07:40:00,61558.7,70731.0,61550.3,61562.7
2026-06-04 07:45:00,61719.3,70915.5,61718.4,61719.8
2026-06-04 07:50:00,61845.9,71060.9,61858.5,61840.0
2026-06-04 07:55:00,62014.0,71254.1,61987.8,62026.3
2026-06-04 08:00:00,62425.0,71726.3,62436.4,62419.6
2026-06-04 08:05:00,63016.8,72406.3,62957.8,63044.5
2026-06-04 08:10:00,63386.9,72831.5,63337.7,63409.9
2026-06-04 08:15:00,63776.0,73278.7,63733.0,63796.2
2026-06-04 08:20:00,64078.6,73626.3,64053.9,64090.1
2026-06-04 08:25:00,64407.3,74004.0,64465.4,64380.1
2026-06-04 08:30:00,64683.3,74321.2,64678.8,64685.5
2026-06-04 08:35:00,65002.4,74687.8,65032.3,64988.4
2026-06-04 08:40:00,65181.7,74893.8,65195.9,65175.0
2026-06-04 08:45:00,65367.5,75107.3,65360.0,65371.0
2026-06-04 08:50:00,65441.0,75191.7,65517.5,65405.1
2026-06-04 08:55:00,65519.5,75281.9,65616.6,65474.1
2026-06-04 09:00:00,65495.5,75254.4,65619.1,65437.6
2026-06-04 09:05:00,65566.1,75335.5,65570.2,65564.2
2026-06-04 09:10:00,65707.1,75497.5,65710.5,65705.5
2026-06-04 09:15:00,65797.8,75601.7,65809.5,65792.3
2026-06-04 09:20:00,65844.5,75655.3,65847.5,65843.1
2026-06-04 09:25:00,65908.9,75729.4,65935.7,65896.4
2026-06-04 09:30:00,65843.8,75654.5,65845.9,65842.8
2026-06-04 09:35:00,65868.0,75682.3,65874.3,65865.1
2026-06-04 09:40:00,65824.5,75632.4,65809.9,65831.3
2026-06-04 09:45:00,65770.4,75570.2,65835.6,65739.9
2026-06-04 09:50:00,65705.5,75495.7,65714.0,65701.6
2026-06-04 09:55:00,65592.4,75365.7,65587.5,65594.7
2026-06-04 10:00:00,65426.5,75175.1,65466.0,65408.0
2026-06-04 10:05:00,65405.0,75150.3,65508.2,65356.6
2026-06-04 10:10:00,65418.1,75165.4,65434.8,65410.2
2026-06-04 10:15:00,65541.2,75306.9,65543.3,65540.3
2026-06-04 10:20:00,65559.7,75328.0,65630.7,65526.4
2026-06-04 10:25:00,65605.8,75381.1,65622.5,65598.0
2026-06-04 10:30:00,65527.9,75291.5,65517.5,65532.7
2026-06-04 10:35:00,65479.1,75235.5,65549.8,65446.0
2026-06-04 10:40:00,65426.8,75175.3,65402.2,65438.3
2026-06-04 10:45:00,65382.5,75124.5,65448.7,65351.5
2026-06-04 10:50:00,65326.3,75059.9,65343.2,65318.4
2026-06-04 10:55:00,65246.5,74968.2,65249.0,65245.4
2026-06-04 11:00:00,65086.2,74784.0,65145.8,65058.2
2026-06-04 11:05:00,64998.9,74683.7,65023.4,64987.4
2026-06-04 11:10:00,64918.6,74591.4,64909.2,64922.9
2026-06-04 11:15:00,64808.8,74465.3,64822.0,64802.6
2026-06-04 11:20:00,64713.5,74355.8,64707.3,64716.3
2026-06-04 11:25:00,64621.3,74249.9,64611.7,64625.8
2026-06-04 11:30:00,64460.0,74064.5,64413.0,64482.0
2026-06-04 11:35:00,64319.5,73903.1,64339.0,64310.3
2026-06-04 11:40:00,64163.6,73724.0,64099.5,64193.6
2026-06-04 11:45:00,64016.9,73555.4,63980.4,64034.1
2026-06-04 11:50:00,63762.7,73263.3,63675.1,63803.7
2026-06-04 11:55:00,63442.2,72895.1,63360.8,63480.3
2026-06-04 12:00:00,63077.2,72475.7,63042.7,63093.4
2026-06-04 12:05:00,63228.5,72649.5,63175.6,63253.2
2026-06-04 12:10:00,63268.1,72695.1,63213.4,63293.7
2026-06-04 12:15:00,63342.5,72780.5,63275.3,63373.9
2026-06-04 12:20:00,63434.0,72885.6,63395.5,63452.0
2026-06-04 12:25:00,63396.3,72842.4,63467.8,63362.8
2026-06-04 12:30:00,63273.6,72701.3,63265.5,63277.4
2026-06-04 12:35:00,63271.3,72698.7,63252.2,63280.2
2026-06-04 12:40:00,63362.1,72803.0,63316.3,63383.5
2026-06-04 12:45:00,63452.6,72907.0,63459.6,63449.3
2026-06-04 12:50:00,63678.8,73167.0,63646.4,63694.0
2026-06-04 12:55:00,63894.1,73414.4,63889.5,63896.3
2026-06-04 13:00:00,64291.4,73870.9,64257.6,64307.3
2026-06-04 13:05:00,64702.2,74342.8,64649.9,64726.7
2026-06-04 13:10:00,65027.6,74716.8,65021.0,65030.7
2026-06-04 13:15:00,65222.0,74940.1,65228.8,65218.8
2026-06-04 13:20:00,65369.5,75109.6,65380.9,65364.2
2026-06-04 13:25:00,65541.7,75307.4,65591.3,65518.4
2026-06-04 13:30:00,65790.2,75592.9,65821.2,65775.6
2026-06-04 13:35:00,66067.1,75911.1,66030.7,66084.1
2026-06-04 13:40:00,66289.3,76166.4,66238.9,66312.8
2026-06-04 13:45:00,66469.2,76373.2,66446.2,66480.0
2026-06-04 13:50:00,66575.8,76495.6,66602.7,66563.2
2026-06-04 13:55:00,66727.0,76669.4,66719.1,66730.8
2026-06-04 14:00:00,66802.1,76755.7,66764.6,66819.7
2026-06-04 14:05:00,66863.3,76826.0,66849.8,66869.7
2026-06-04 14:10:00,66952.4,76928.4,66998.6,66930.8
2026-06-04 14:15:00,67015.4,77000.7,67031.8,67007.8
2026-06-04 14:20:00,67094.8,77091.9,67088.9,67097.6
2026-06-04 14:25:00,67134.3,77137.3,67214.3,67096.8
2026-06-04 14:30:00,67141.7,77145.8,67191.8,67118.2
2026-06-04 14:35:00,67146.2,77150.9,67199.7,67121.1
2026-06-04 14:40:00,67117.2,77117.7,67177.8,67088.8
2026-06-04 14:45:00,67120.1,77121.0,67188.1,67088.2
2026-06-04 14:50:00,67101.7,77099.9,67169.9,67069.8
2026-06-04 14:55:00,67080.4,77075.4,67128.0,67058.1
2026-06-04 15:00:00,66956.1,76932.6,67084.8,66895.8
2026-06-04 15:05:00,66868.7,76832.1,66978.7,66817.1
2026-06-04 15:10:00,66917.7,76888.4,66999.8,66879.2
2026-06-04 15:15:00,67071.4,77065.1,67064.1,67074.9
2026-06-04 15:20:00,67189.9,77201.2,67234.8,67168.9
2026-06-04 15:25:00,67266.7,77289.4,67330.7,67236.7
2026-06-04 15:30:00,67339.6,77373.2,67375.6,67322.7
2026-06-04 15:35:00,67466.5,77519.0,67439.1,67479.2
2026-06-04 15:40:00,67572.6,77640.9,67538.1,67588.7
2026-06-04 15:45:00,67722.3,77812.9,67679.2,67742.4
2026-06-04 15:50:00,67834.6,77941.9,67889.3,67808.9
2026-06-04 15:55:00,67911.0,78029.7,67941.2,67896.9
2026-06-04 16:00:00,67948.7,78073.1,67993.3,67927.8
2026-06-04 16:05:00,67855.9,77966.4,67929.8,67821.2
2026-06-04 16:10:00,67969.2,78096.6,67950.6,67978.0
2026-06-04 16:15:00,68105.6,78253.3,68085.5,68115.1
2026-06-04 16:20:00,68188.0,78348.0,68163.3,68199.5
2026-06-04 16:25:00,68306.7,78484.4,68299.3,68310.2
2026-06-04 16:30:00,68398.4,78589.8,68402.4,68396.5
2026-06-04 16:35:00,68505.6,78713.0,68553.8,68483.0
2026-06-04 16:40:00,68585.8,78805.1,68635.3,68562.7
2026-06-04 16:45:00,68700.5,78936.9,68737.1,68683.4
2026-06-04 16:50:00,68801.9,79053.4,68837.9,68785.1
2026-06-04 16:55:00,68866.9,79128.0,68823.8,68887.1
2026-06-04 17:00:00,68865.2,79126.2,68865.4,68865.2
2026-06-04 17:05:00,68759.7,79004.9,68751.5,68763.5
2026-06-04 17:10:00,68850.3,79109.0,68845.2,68852.7
2026-06-04 17:15:00,68926.8,79196.9,68975.1,68904.2
2026-06-04 17:20:00,69010.7,79293.3,69067.0,68984.3
2026-06-04 17:25:00,69079.7,79372.6,69089.6,69075.1
2026-06-04 17:30:00,69094.3,79389.3,69171.0,69058.3
2026-06-04 17:35:00,69161.4,79466.5,69175.8,69154.7
2026-06-04 17:40:00,69217.1,79530.4,69278.8,69188.2
2026-06-04 17:45:00,69276.6,79598.8,69283.9,69273.1
2026-06-04 17:50:00,69270.6,79592.0,69352.6,69232.3
2026-06-04 17:55:00,69241.7,79558.7,69313.7,69208.0
2026-06-04 18:00:00,69207.6,79519.5,69192.6,69214.6
2026-06-04 18:05:00,69079.5,79372.3,69113.1,69063.7
2026-06-04 18:10:00,69097.8,79393.4,69135.8,69080.0
2026-06-04 18:15:00,69173.3,79480.1,69155.7,69181.5
2026-06-04 18:20:00,69207.8,79519.8,69269.1,69179.1
2026-06-04 18:25:00,69220.3,79534.1,69280.1,69192.3
2026-06-04 18:30:00,69290.5,79614.7,69296.2,69287.8
2026-06-04 18:35:00,69299.0,79624.5,69351.2,69274.5
2026-06-04 18:40:00,69260.5,79580.3,69337.6,69224.3
2026-06-04 18:45:00,69227.6,79542.5,69231.8,69225.6
2026-06-04 18:50:00,69185.9,79494.6,69195.3,69181.5
2026-06-04 18:55:00,69099.4,79395.2,69165.5,69068.5
2026-06-04 19:00:00,69024.9,79309.6,68962.8,69053.9
2026-06-04 19:05:00,68932.7,79203.6,68841.6,68975.3
2026-06-04 19:10:00,68936.0,79207.5,68918.9,68944.0
2026-06-04 19:15:00,68929.1,79199.6,68894.3,68945.5
2026-06-04 19:20:00,68894.6,79159.9,68896.7,68893.6
2026-06-04 19:25:00,68852.9,79112.0,68782.2,68886.1
2026-06-04 19:30:00,68738.2,78980.2,68765.6,68725.4
2026-06-04 19:35:00,68621.3,78845.9,68668.1,68599.4
2026-06-04 19:40:00,68513.6,78722.1,68547.2,68497.8
2026-06-04 19:45:00,68427.8,78623.5,68444.1,68420.1
2026-06-04 19:50:00,68397.6,78588.8,68322.8,68432.6
2026-06-04 19:55:00,68337.4,78519.7,68326.1,68342.7
2026-06-04 20:00:00,68211.9,78375.5,68154.7,68238.7
2026-06-04 20:05:00,68100.8,78247.9,68035.7,68131.4
2026-06-04 20:10:00,68030.2,78166.7,68003.4,68042.7
2026-06-04 20:15:00,67907.5,78025.7,67983.6,67871.9
2026-06-04 20:20:00,67764.8,77861.8,67853.8,67723.1
2026-06-04 20:25:00,67616.7,77691.6,67610.8,67619.5
2026-06-04 20:30:00,67376.3,77415.4,67441.6,67345.7
2026-06-04 20:35:00,67181.4,77191.5,67257.5,67145.8
2026-06-04 20:40:00,67003.7,76987.3,67027.8,66992.4
2026-06-04 20:45:00,66885.8,76851.8,66834.0,66910.1
2026-06-04 20:50:00,66722.5,76664.2,66696.8,66734.6
2026-06-04 20:55:00,66507.3,76416.9,66504.9,66508.5
2026-06-04 21:00:00,66265.0,76138.5,66219.5,66286.4
2026-06-04 21:05:00,66089.3,75936.6,66101.5,66083.6
2026-06-04 21:10:00,65907.3,75727.5,65892.3,65914.4
2026-06-04 21:15:00,65707.0,75497.3,65682.3,65718.5
2026-06-04 21:20:00,65471.2,75226.4,65498.0,65458.7
2026-06-04 21:25:00,65286.1,75013.7,65298.6,65280.2
2026-06-04 21:30:00,65126.8,74830.7,65114.3,65132.6
2026-06-04 21:35:00,64912.5,74584.5,64894.7,64920.9
2026-06-04 21:40:00,64706.5,74347.8,64672.4,64722.5
2026-06-04 21:45:00,64539.2,74155.5,64500.6,64557.2
2026-06-04 21:50:00,64361.9,73951.9,64306.1,64388.1
2026-06-04 21:55:00,64238.8,73810.4,64239.7,64238.4
2026-06-04 22:00:00,64022.7,73562.1,64009.0,64029.2
2026-06-04 22:05:00,64059.8,73604.7,64058.1,64060.5
2026-06-04 22:10:00,63936.5,73463.0,63948.1,63931.0
2026-06-04 22:15:00,63798.6,73304.6,63810.7,63793.0
2026-06-04 22:20:00,63654.5,73139.0,63648.8,63657.2
2026-06-04 22:25:00,63504.6,72966.8,63470.0,63520.8
2026-06-04 22:30:00,63293.0,72723.7,63247.7,63314.3
2026-06-04 22:35:00,63122.1,72527.3,63108.6,63128.4
2026-06-04 22:40:00,62950.4,72330.0,62910.5,62969.0
2026-06-04 22:45:00,62812.0,72171.0,62837.7,62800.0
2026-06-04 22:50:00,62690.3,72031.2,62673.4,62698.3
2026-06-04 22:55:00,62576.7,71900.6,62576.6,62576.7
2026-06-04 23:00:00,62657.3,71993.2,62651.2,62660.1
2026-06-04 23:05:00,63044.5,72438.2,63118.1,63010.1
2026-06-04 23:10:00,63060.1,72456.1,63112.2,63035.8
2026-06-04 23:15:00,62940.3,72318.4,62954.6,62933.5
2026-06-04 23:20:00,62758.1,72109.1,62780.7,62747.6
2026-06-04 23:25:00,62535.2,71852.9,62554.1,62526.3
2026-06-04 23:30:00,62186.4,71452.2,62180.7,62189.1
2026-06-04 23:35:00,61780.5,70985.7,61766.7,61786.9
2026-06-04 23:40:00,61359.9,70502.5,61385.9,61347.7
2026-06-04 23:45:00,60959.3,70042.2,61004.0,60938.3
2026-06-04 23:50:00,60566.2,69590.5,60608.8,60546.2
2026-06-04 23:55:00,60202.0,69172.1,60215.0,60195.8
2026-06-05 00:00:00,59568.9,68444.7,59676.3,59518.6
2026-06-05 00:05:00,59353.1,68196.7,59390.6,59335.5
2026-06-05 00:10:00,59017.5,67811.1,59080.6,58987.9
2026-06-05 00:15:00,58664.2,67405.1,58723.9,58636.2
2026-06-05 00:20:00,58400.3,67102.0,58350.8,58423.6
2026-06-05 00:25:00,58170.0,66837.3,58111.1,58197.5
2026-06-05 00:30:00,57944.0,66577.7,57928.0,57951.6
2026-06-05 00:35:00,57741.5,66345.0,57692.5,57764.5
2026-06-05 00:40:00,57526.3,66097.7,57471.1,57552.2
2026-06-05 00:45:00,57287.0,65822.8,57288.8,57286.2
2026-06-05 00:50:00,57075.0,65579.2,57113.4,57057.0
2026-06-05 00:55:00,56893.5,65370.6,56861.3,56908.5
2026-06-05 01:00:00,56777.4,65237.2,56734.0,56797.7
2026-06-05 01:05:00,56753.7,65210.0,56720.1,56769.5
2026-06-05 01:10:00,56708.3,65157.8,56700.9,56711.7
2026-06-05 01:15:00,56560.7,64988.2,56537.4,56571.6
2026-06-05 01:20:00,56441.7,64851.5,56471.5,56427.7
2026-06-05 01:25:00,56335.2,64729.2,56313.0,56345.6
2026-06-05 01:30:00,56244.0,64624.4,56199.8,56264.7
2026-06-05 01:35:00,56206.3,64581.1,56231.0,56194.8
2026-06-05 01:40:00,56167.1,64536.0,56143.8,56178.1
2026-06-05 01:45:00,56161.2,64529.3,56130.1,56175.8
2026-06-05 01:50:00,56110.6,64471.0,56138.4,56097.5
2026-06-05 01:55:00,56080.0,64435.9,56027.1,56104.8
2026-06-05 02:00:00,56017.7,64364.4,55963.1,56043.3
2026-06-05 02:05:00,56008.3,64353.5,56030.0,55998.1
2026-06-05 02:10:00,55918.3,64250.2,55910.1,55922.2
2026-06-05 02:15:00,55874.5,64199.8,55921.3,55852.5
2026-06-05 02:20:00,55841.6,64162.0,55828.9,55847.6
2026-06-05 02:25:00,55836.4,64156.0,55815.4,55846.2
2026-06-05 02:30:00,55798.7,64112.7,55804.1,55796.1
2026-06-05 02:35:00,55741.1,64046.6,55824.0,55702.3
2026-06-05 02:40:00,55698.7,63997.8,55691.0,55702.4
2026-06-05 02:45:00,55634.4,63924.0,55689.9,55608.5
2026-06-05 02:50:00,55599.3,63883.5,55578.4,55609.0
2026-06-05 02:55:00,55529.2,63803.1,55577.2,55506.7
2026-06-05 03:00:00,55471.5,63736.7,55451.6,55480.8
2026-06-05 03:05:00,55440.3,63700.9,55505.9,55409.5
2026-06-05 03:10:00,55366.6,63616.2,55367.5,55366.1
2026-06-05 03:15:00,55300.4,63540.1,55368.8,55268.3
2026-06-05 03:20:00,55262.3,63496.4,55265.0,55261.1
2026-06-05 03:25:00,55265.6,63500.1,55268.4,55264.2
2026-06-05 03:30:00,55248.6,63480.7,55262.4,55242.2
2026-06-05 03:35:00,55200.9,63425.8,55260.6,55172.9
2026-06-05 03:40:00,55150.0,63367.4,55126.2,55161.2
2026-06-05 03:45:00,55124.3,63337.9,55142.0,55116.0
2026-06-05 03:50:00,55069.8,63275.3,55136.6,55038.6
2026-06-05 03:55:00,55029.6,63229.1,55041.4,55024.1
2026-06-05 04:00:00,55129.9,63344.2,55086.2,55150.4
2026-06-05 04:05:00,55221.8,63449.9,55267.9,55200.2
2026-06-05 04:10:00,55253.0,63485.7,55230.3,55263.6
2026-06-05 04:15:00,55353.0,63600.6,55340.7,55358.8
2026-06-05 04:20:00,55380.8,63632.5,55427.9,55358.7
2026-06-05 04:25:00,55445.9,63707.3,55434.4,55451.3
2026-06-05 04:30:00,55445.2,63706.6,55426.0,55454.2
2026-06-05 04:35:00,55491.5,63759.8,55479.3,55497.3
2026-06-05 04:40:00,55559.3,63837.6,55547.6,55564.8
2026-06-05 04:45:00,55565.7,63844.9,55545.6,55575.1
2026-06-05 04:50:00,55560.8,63839.3,55545.6,55567.8
2026-06-05 04:55:00,55556.6,63834.5,55544.7,55562.2
2026-06-05 05:00:00,55638.6,63928.8,55633.3,55641.1
2026-06-05 05:05:00,55810.9,64126.8,55815.2,55808.9
2026-06-05 05:10:00,55896.1,64224.7,55993.1,55850.7
2026-06-05 05:15:00,55955.4,64292.8,55973.3,55947.0
2026-06-05 05:20:00,56085.9,64442.7,56071.6,56092.6
2026-06-05 05:25:00,56201.3,64575.3,56181.4,56210.6
2026-06-05 05:30:00,56294.4,64682.3,56284.0,56299.3
2026-06-05 05:35:00,56448.9,64859.8,56440.1,56453.1
2026-06-05 05:40:00,56555.6,64982.4,56603.4,56533.2
2026-06-05 05:45:00,56662.2,65104.8,56727.2,56631.7
2026-06-05 05:50:00,56744.3,65199.2,56795.3,56720.4
2026-06-05 05:55:00,56847.1,65317.3,56896.5,56824.0
2026-06-05 06:00:00,57076.3,65580.6,57104.4,57063.1
2026-06-05 06:05:00,57456.7,66017.8,57401.2,57482.7
2026-06-05 06:10:00,57692.8,66289.0,57608.8,57732.1
2026-06-05 06:15:00,57833.0,66450.1,57872.9,57814.3
2026-06-05 06:20:00,58016.8,66661.3,57959.6,58043.6
2026-06-05 06:25:00,58204.3,66876.8,58150.8,58229.4
2026-06-05 06:30:00,58349.6,67043.7,58326.3,58360.5
2026-06-05 06:35:00,58532.8,67254.2,58536.2,58531.3
2026-06-05 06:40:00,58695.2,67440.8,58698.7,58693.6
2026-06-05 06:45:00,58890.5,67665.2,58900.8,58885.6
2026-06-05 06:50:00,59061.2,67861.3,59072.1,59056.0
2026-06-05 06:55:00,59221.2,68045.1,59251.7,59206.8
2026-06-05 07:00:00,59566.1,68441.5,59489.6,59602.0
2026-06-05 07:05:00,60046.0,68992.8,60035.4,60050.9
2026-06-05 07:10:00,60294.5,69278.3,60314.3,60285.2
2026-06-05 07:15:00,60581.9,69608.6,60577.2,60584.1
2026-06-05 07:20:00,60768.4,69822.9,60787.9,60759.3
2026-06-05 07:25:00,60951.4,70033.1,60989.5,60933.5
2026-06-05 07:30:00,61109.5,70214.8,61136.6,61096.8
2026-06-05 07:35:00,61329.9,70468.1,61323.8,61332.8
2026-06-05 07:40:00,61467.8,70626.5,61447.1,61477.5
2026-06-05 07:45:00,61623.0,70804.8,61627.7,61620.8
2026-06-05 07:50:00,61760.6,70962.9,61726.9,61776.4
2026-06-05 07:55:00,61875.4,71094.8,61848.4,61888.0
2026-06-05 08:00:00,62217.2,71487.5,62209.2,62220.9
2026-06-05 08:05:00,62806.2,72164.3,62800.4,62808.9
2026-06-05 08:10:00,63174.1,72587.1,63144.0,63188.3
2026-06-05 08:15:00,63547.5,73016.1,63491.9,63573.5
2026-06-05 08:20:00,63819.4,73328.5,63815.1,63821.5
2026-06-05 08:25:00,64147.1,73705.0,64147.1,64147.1
2026-06-05 08:30:00,64420.1,74018.7,64395.9,64431.4
2026-06-05 08:35:00,64708.4,74350.0,64697.9,64713.3
2026-06-05 08:40:00,64886.3,74554.4,64940.8,64860.8
2026-06-05 08:45:00,65088.2,74786.4,65033.2,65114.0
2026-06-05 08:50:00,65211.6,74928.2,65235.2,65200.6
2026-06-05 08:55:00,65285.2,75012.7,65328.0,65265.1
2026-06-05 09:00:00,65262.4,74986.5,65240.5,65272.7
2026-06-05 09:05:00,65336.7,75071.9,65362.7,65324.5
2026-06-05 09:10:00,65414.1,75160.8,65470.3,65387.7
2026-06-05 09:15:00,65460.6,75214.2,65478.5,65452.2
2026-06-05 09:20:00,65553.1,75320.5,65538.0,65560.2
2026-06-05 09:25:00,65652.4,75434.6,65655.4,65651.0
2026-06-05 09:30:00,65692.7,75480.9,65695.1,65691.6
2026-06-05 09:35:00,65703.7,75493.5,65686.7,65711.6
2026-06-05 09:40:00,65667.8,75452.3,65652.2,65675.2
2026-06-05 09:45:00,65661.9,75445.5,65656.6,65664.4
2026-06-05 09:50:00,65619.8,75397.2,65603.0,65627.7
2026-06-05 09:55:00,65498.1,75257.3,65506.0,65494.4
2026-06-05 10:00:00,65340.2,75075.9,65379.8,65321.6
2026-06-05 10:05:00,65370.8,75111.1,65440.7,65338.1
2026-06-05 10:10:00,65430.0,75179.1,65464.2,65414.0
2026-06-05 10:15:00,65558.8,75327.1,65649.1,65516.5
2026-06-05 10:20:00,65647.3,75428.7,65643.7,65649.0
2026-06-05 10:25:00,65635.8,75415.5,65721.3,65595.7
2026-06-05 10:30:00,65568.9,75338.7,65629.2,65540.6
2026-06-05 10:35:00,65561.0,75329.6,65557.1,65562.9
2026-06-05 10:40:00,65547.7,75314.3,65536.4,65553.0
2026-06-05 10:45:00,65470.3,75225.4,65547.8,65434.0
2026-06-05 10:50:00,65412.1,75158.5,65435.8,65401.0
2026-06-05 10:55:00,65312.6,75044.2,65330.0,65304.4
2026-06-05 11:00:00,65181.1,74893.1,65148.0,65196.6
2026-06-05 11:05:00,65080.5,74777.5,65083.8,65078.9
2026-06-05 11:10:00,65034.1,74724.2,65019.6,65041.0
2026-06-05 11:15:00,64930.7,74605.4,64917.6,64936.9
2026-06-05 11:20:00,64795.7,74450.3,64796.2,64795.5
2026-06-05 11:25:00,64726.3,74370.5,64707.7,64735.0
2026-06-05 11:30:00,64560.1,74179.6,64530.1,64574.2
2026-06-05 11:35:00,64412.6,74010.1,64440.2,64399.7
2026-06-05 11:40:00,64258.8,73833.4,64187.8,64292.1
2026-06-05 11:45:00,64105.8,73657.5,64094.1,64111.2
2026-06-05 11:50:00,63884.3,73403.1,63746.1,63949.1
2026-06-05 11:55:00,63535.5,73002.3,63512.1,63546.4
2026-06-05 12:00:00,63211.3,72629.7,63100.8,63263.0
2026-06-05 12:05:00,63325.5,72761.0,63255.1,63358.5
2026-06-05 12:10:00,63424.7,72874.9,63323.8,63471.9
2026-06-05 12:15:00,63471.9,72929.2,63458.1,63478.3
2026-06-05 12:20:00,63540.2,73007.7,63471.7,63572.3
2026-06-05 12:25:00,63594.8,73070.4,63553.5,63614.1
2026-06-05 12:30:00,63444.2,72897.4,63435.5,63448.3
2026-06-05 12:35:00,63439.3,72891.8,63437.4,63440.2
2026-06-05 12:40:00,63525.5,72990.8,63514.0,63530.9
2026-06-05 12:45:00,63587.7,73062.3,63647.0,63559.9
2026-06-05 12:50:00,63733.6,73229.9,63739.3,63730.9
2026-06-05 12:55:00,63964.3,73495.0,64006.3,63944.6
2026-06-05 13:00:00,64356.7,73945.8,64297.9,64384.2
2026-06-05 13:05:00,64772.3,74423.4,64788.1,64764.9
2026-06-05 13:10:00,65065.6,74760.4,65125.2,65037.7
2026-06-05 13:15:00,65284.6,75012.1,65304.4,65275.4
2026-06-05 13:20:00,65439.9,75190.5,65463.2,65429.0
2026-06-05 13:25:00,65583.9,75355.9,65678.5,65539.6
2026-06-05 13:30:00,65824.0,75631.8,65792.8,65838.6
2026-06-05 13:35:00,66068.2,75912.3,66084.1,66060.7
2026-06-05 13:40:00,66285.9,76162.5,66221.6,66316.0
2026-06-05 13:45:00,66464.6,76367.8,66426.6,66482.4
2026-06-05 13:50:00,66572.8,76492.1,66574.8,66571.8
2026-06-05 13:55:00,66712.7,76652.9,66701.9,66717.7
2026-06-05 14:00:00,66807.0,76761.2,66761.2,66828.5
2026-06-05 14:05:00,66875.6,76840.1,66843.5,66890.7
2026-06-05 14:10:00,66968.0,76946.2,67030.3,66938.8
2026-06-05 14:15:00,67034.5,77022.6,67099.1,67004.2
2026-06-05 14:20:00,67099.0,77096.8,67079.7,67108.1
2026-06-05 14:25:00,67136.7,77140.0,67205.6,67104.4
2026-06-05 14:30:00,67146.3,77151.1,67183.4,67129.0
2026-06-05 14:35:00,67147.4,77152.4,67190.0,67127.5
2026-06-05 14:40:00,67117.3,77117.7,67167.7,67093.6
2026-06-05 14:45:00,67120.1,77121.0,67178.0,67093.0
2026-06-05 14:50:00,67102.2,77100.4,67159.4,67075.4
2026-06-05 14:55:00,67081.7,77076.9,67117.5,67065.0
2026-06-05 15:00:00,66965.0,76942.8,67083.8,66909.3
2026-06-05 15:05:00,66876.7,76841.3,66974.6,66830.8
2026-06-05 15:10:00,66912.3,76882.3,66992.7,66874.7
2026-06-05 15:15:00,67053.2,77044.2,67057.7,67051.1
2026-06-05 15:20:00,67135.8,77139.0,67115.9,67145.1
2026-06-05 15:25:00,67225.4,77242.0,67245.7,67215.9
2026-06-05 15:30:00,67306.6,77335.3,67294.2,67312.4
2026-06-05 15:35:00,67384.1,77424.4,67433.3,67361.1
2026-06-05 15:40:00,67495.8,77552.7,67531.9,67478.9
2026-06-05 15:45:00,67609.7,77683.5,67668.1,67582.3
2026-06-05 15:50:00,67699.3,77786.5,67758.4,67671.6
2026-06-05 15:55:00,67806.0,77909.1,67839.8,67790.2
2026-06-05 16:00:00,67850.9,77960.7,67879.9,67837.3
2026-06-05 16:05:00,67802.2,77904.7,67820.4,67793.7
2026-06-05 16:10:00,67873.4,77986.5,67848.2,67885.2
2026-06-05 16:15:00,67988.9,78119.2,67970.8,67997.3
2026-06-05 16:20:00,68088.1,78233.2,68070.9,68096.2
2026-06-05 16:25:00,68185.1,78344.7,68164.4,68194.8
2026-06-05 16:30:00,68217.8,78382.3,68278.3,68189.5
2026-06-05 16:35:00,68304.2,78481.5,68291.8,68310.0
2026-06-05 16:40:00,68403.0,78595.0,68389.8,68409.2
2026-06-05 16:45:00,68489.8,78694.8,68516.8,68477.2
2026-06-05 16:50:00,68576.6,78794.5,68579.4,68575.2
2026-06-05 16:55:00,68642.1,78869.7,68655.6,68635.7
2026-06-05 17:00:00,68643.7,78871.6,68614.7,68657.3
2026-06-05 17:05:00,68556.5,78771.4,68517.5,68574.7
2026-06-05 17:10:00,68617.2,78841.1,68580.8,68634.2
2026-06-05 17:15:00,68668.5,78900.1,68703.6,68652.0
2026-06-05 17:20:00,68736.1,78977.8,68706.8,68749.8
2026-06-05 17:25:00,68772.0,79019.0,68839.9,68740.2
2026-06-05 17:30:00,68862.4,79123.0,68851.5,68867.6
2026-06-05 17:35:00,68918.8,79187.7,68982.9,68888.7
2026-06-05 17:40:00,68973.8,79250.8,68968.7,68976.1
2026-06-05 17:45:00,69011.7,79294.4,69073.4,68982.7
2026-06-05 17:50:00,69036.6,79323.1,69041.8,69034.2
2026-06-05 17:55:00,69038.8,79325.5,69094.1,69012.9
2026-06-05 18:00:00,69042.0,79329.3,69088.1,69020.5
2026-06-05 18:05:00,68981.1,79259.3,69015.0,68965.2
2026-06-05 18:10:00,69048.1,79336.3,69049.7,69047.4
2026-06-05 18:15:00,69094.3,79389.4,69160.2,69063.5
2026-06-05 18:20:00,69145.5,79448.1,69150.9,69142.9
2026-06-05 18:25:00,69184.9,79493.5,69165.2,69194.1
2026-06-05 18:30:00,69226.4,79541.1,69293.4,69195.0
2026-06-05 18:35:00,69277.0,79599.3,69278.4,69276.3
2026-06-05 18:40:00,69289.9,79614.0,69353.5,69260.1
2026-06-05 18:45:00,69292.8,79617.5,69360.3,69261.3
2026-06-05 18:50:00,69251.3,79569.7,69324.6,69216.9
2026-06-05 18:55:00,69192.4,79502.0,69186.0,69195.3
2026-06-05 19:00:00,69102.8,79399.1,69120.9,69094.3
2026-06-05 19:05:00,69028.8,79314.1,68952.9,69064.4
2026-06-05 19:10:00,68998.2,79278.9,68926.8,69031.6
2026-06-05 19:15:00,69000.5,79281.6,68924.6,69036.1
2026-06-05 19:20:00,69001.3,79282.5,68926.4,69036.4
2026-06-05 19:25:00,68984.6,79263.3,68890.2,69028.8
2026-06-05 19:30:00,68947.3,79220.5,68886.1,68976.0
2026-06-05 19:35:00,68884.3,79148.0,68888.5,68882.3
2026-06-05 19:40:00,68852.7,79111.8,68780.2,68886.7
2026-06-05 19:45:00,68756.3,79001.0,68785.9,68742.4
2026-06-05 19:50:00,68685.4,78919.6,68654.6,68699.9
2026-06-05 19:55:00,68584.3,78803.4,68516.3,68616.2
2026-06-05 20:00:00,68391.7,78582.1,68483.4,68348.8
2026-06-05 20:05:00,68249.3,78418.4,68264.7,68242.1
2026-06-05 20:10:00,68177.7,78336.1,68218.4,68158.5
2026-06-05 20:15:00,68053.4,78193.4,68083.4,68039.4
2026-06-05 20:20:00,67953.1,78078.1,67975.9,67942.5
2026-06-05 20:25:00,67809.4,77913.0,67841.2,67794.5
2026-06-05 20:30:00,67618.2,77693.3,67659.3,67599.0
2026-06-05 20:35:00,67407.7,77451.4,67500.2,67364.3
2026-06-05 20:40:00,67257.3,77278.6,67244.0,67263.5
2026-06-05 20:45:00,67074.0,77068.0,67051.3,67084.7
2026-06-05 20:50:00,66886.0,76852.1,66917.3,66871.4
2026-06-05 20:55:00,66716.2,76656.9,66688.4,66729.2
2026-06-05 21:00:00,66448.0,76348.8,66432.7,66455.2
2026-06-05 21:05:00,66278.3,76153.8,66281.2,66276.9
2026-06-05 21:10:00,66109.2,75959.5,66130.4,66099.3
2026-06-05 21:15:00,65908.7,75729.2,65881.4,65921.6
2026-06-05 21:20:00,65701.9,75491.5,65676.8,65713.7
2026-06-05 21:25:00,65470.0,75225.0,65495.9,65457.9
2026-06-05 21:30:00,65289.1,75017.1,65293.6,65286.9
2026-06-05 21:35:00,65122.0,74825.2,65101.9,65131.4
2026-06-05 21:40:00,64895.6,74565.1,64874.1,64905.7
2026-06-05 21:45:00,64705.3,74346.4,64664.7,64724.4
2026-06-05 21:50:00,64538.0,74154.1,64488.2,64561.3
2026-06-05 21:55:00,64366.0,73956.5,64328.1,64383.7
2026-06-05 22:00:00,64212.7,73780.4,64220.7,64208.9
2026-06-05 22:05:00,64217.0,73785.3,64203.6,64223.3
2026-06-05 22:10:00,64123.1,73677.4,64113.0,64127.8
2026-06-05 22:15:00,64015.3,73553.6,63979.0,64032.3
2026-06-05 22:20:00,63893.8,73413.9,63892.1,63894.6
2026-06-05 22:25:00,63716.6,73210.4,63770.1,63691.6
2026-06-05 22:30:00,63516.9,72981.0,63575.2,63489.6
2026-06-05 22:35:00,63343.7,72781.9,63368.2,63332.2
2026-06-05 22:40:00,63221.8,72641.8,63221.6,63221.9
2026-06-05 22:45:00,63050.0,72444.5,63037.1,63056.1
2026-06-05 22:50:00,62908.9,72282.3,62920.3,62903.5
2026-06-05 22:55:00,62784.5,72139.4,62763.6,62794.3
2026-06-05 23:00:00,62860.7,72227.0,62828.8,62875.7
2026-06-05 23:05:00,63291.2,72721.5,63301.4,63286.3
2026-06-05 23:10:00,63278.6,72707.1,63268.8,63283.2
2026-06-05 23:15:00,63132.9,72539.7,63103.8,63146.5
2026-06-05 23:20:00,62921.3,72296.6,62851.6,62954.0
2026-06-05 23:25:00,62719.3,72064.5,62655.2,62749.4
2026-06-05 23:30:00,62422.1,71723.0,62385.4,62439.4
2026-06-05 23:35:00,62112.8,71367.6,62107.3,62115.4
2026-06-05 23:40:00,61778.8,70983.8,61771.0,61782.4
2026-06-05 23:45:00,61387.5,70534.3,61379.5,61391.3
2026-06-05 23:50:00,60982.2,70068.6,60994.1,60976.7
2026-06-05 23:55:00,60575.9,69601.7,60551.6,60587.3
2026-06-06 00:00:00,60084.3,69036.9,60052.1,60099.4
2026-06-06 00:05:00,59926.7,68855.8,59829.8,59972.1
2026-06-06 00:10:00,59545.7,68418.0,59568.9,59534.8
2026-06-06 00:15:00,59166.7,67982.6,59231.1,59136.6
2026-06-06 00:20:00,58811.7,67574.6,58890.1,58774.9
2026-06-06 00:25:00,58478.7,67192.0,58521.6,58458.6
2026-06-06 00:30:00,58253.1,66932.9,58205.3,58275.5
2026-06-06 00:35:00,58055.4,66705.6,58036.0,58064.4
2026-06-06 00:40:00,57866.7,66488.8,57851.9,57873.6
2026-06-06 00:45:00,57646.0,66235.3,57628.3,57654.4
2026-06-06 00:50:00,57434.8,65992.6,57350.4,57474.3
2026-06-06 00:55:00,57142.8,65657.1,57167.1,57131.5
2026-06-06 01:00:00,56943.9,65428.5,56973.5,56930.0
2026-06-06 01:05:00,56792.4,65254.5,56838.2,56771.0
2026-06-06 01:10:00,56687.5,65133.9,56647.6,56706.1
2026-06-06 01:15:00,56568.2,64996.9,56515.4,56593.0
2026-06-06 01:20:00,56388.3,64790.1,56422.6,56372.2
2026-06-06 01:25:00,56246.4,64627.2,56233.5,56252.5
2026-06-06 01:30:00,56118.7,64480.4,56158.3,56100.2
2026-06-06 01:35:00,55995.8,64339.2,55948.7,56017.9
2026-06-06 01:40:00,55861.4,64184.8,55836.0,55873.3
2026-06-06 01:45:00,55764.2,64073.1,55722.5,55783.8
2026-06-06 01:50:00,55679.6,63975.9,55637.4,55699.4
2026-06-06 01:55:00,55541.4,63817.1,55500.2,55560.8
2026-06-06 02:00:00,55463.7,63727.7,55402.4,55492.4
2026-06-06 02:05:00,55397.6,63651.8,55439.3,55378.0
2026-06-06 02:10:00,55322.0,63565.0,55303.6,55330.7
2026-06-06 02:15:00,55228.8,63457.9,55201.0,55241.8
2026-06-06 02:20:00,55115.8,63328.1,55079.9,55132.7
2026-06-06 02:25:00,55043.8,63245.3,55064.2,55034.2
2026-06-06 02:30:00,54956.4,63144.9,54961.0,54954.3
2026-06-06 02:35:00,54850.2,63022.9,54829.2,54860.0
2026-06-06 02:40:00,54760.2,62919.4,54825.6,54729.5
2026-06-06 02:45:00,54724.1,62878.0,54700.2,54735.3
2026-06-06 02:50:00,54669.4,62815.2,54707.4,54651.6
2026-06-06 02:55:00,54570.4,62701.4,54560.2,54575.1
2026-06-06 03:00:00,54473.2,62589.7,54461.7,54478.6
2026-06-06 03:05:00,54508.9,62630.8,54495.5,54515.2
2026-06-06 03:10:00,54467.0,62582.6,54487.4,54457.4
2026-06-06 03:15:00,54391.3,62495.7,54464.6,54357.0
2026-06-06 03:20:00,54340.6,62437.4,54330.4,54345.4
2026-06-06 03:25:00,54345.6,62443.1,54339.7,54348.4
2026-06-06 03:30:00,54315.2,62408.1,54331.7,54307.5
2026-06-06 03:35:00,54258.5,62343.0,54346.0,54217.5
2026-06-06 03:40:00,54202.4,62278.6,54196.7,54205.1
2026-06-06 03:45:00,54201.6,62277.7,54194.1,54205.2
2026-06-06 03:50:00,54192.8,62267.5,54191.9,54193.2
2026-06-06 03:55:00,54171.1,62242.6,54192.0,54161.3
2026-06-06 04:00:00,54147.6,62215.6,54225.7,54111.1
2026-06-06 04:05:00,54133.1,62198.9,54120.2,54139.1
2026-06-06 04:10:00,54121.3,62185.4,54098.5,54132.0
2026-06-06 04:15:00,54133.5,62199.3,54099.2,54149.5
2026-06-06 04:20:00,54126.5,62191.3,54079.0,54148.7
2026-06-06 04:25:00,54131.8,62197.4,54084.2,54154.1
2026-06-06 04:30:00,54128.2,62193.4,54083.9,54149.0
2026-06-06 04:35:00,54157.0,62226.4,54104.8,54181.4
2026-06-06 04:40:00,54122.6,62186.9,54077.6,54143.7
2026-06-06 04:45:00,54121.2,62185.3,54076.6,54142.2
2026-06-06 04:50:00,54114.4,62177.4,54070.5,54134.9
2026-06-06 04:55:00,54110.3,62172.8,54069.5,54129.5
2026-06-06 05:00:00,54119.1,62182.8,54122.1,54117.7
2026-06-06 05:05:00,54168.3,62239.4,54155.3,54174.4
2026-06-06 05:10:00,54181.2,62254.2,54268.5,54140.3
2026-06-06 05:15:00,54178.8,62251.4,54255.9,54142.7
2026-06-06 05:20:00,54178.1,62250.6,54246.6,54146.0
2026-06-06 05:25:00,54177.9,62250.4,54247.2,54145.4
2026-06-06 05:30:00,54177.2,62249.6,54251.0,54142.7
2026-06-06 05:35:00,54215.7,62293.9,54278.3,54186.5
2026-06-06 05:40:00,54265.8,62351.4,54252.8,54271.9
2026-06-06 05:45:00,54273.1,62359.8,54250.2,54283.8
2026-06-06 05:50:00,54268.0,62353.9,54249.4,54276.6
2026-06-06 05:55:00,54262.7,62347.8,54247.2,54269.9
2026-06-06 06:00:00,54307.6,62399.5,54297.3,54312.5
2026-06-06 06:05:00,54397.3,62502.4,54339.1,54424.5
2026-06-06 06:10:00,54428.4,62538.3,54417.8,54433.4
2026-06-06 06:15:00,54417.6,62525.8,54403.7,54424.1
2026-06-06 06:20:00,54391.3,62495.6,54377.8,54397.7
2026-06-06 06:25:00,54391.6,62495.9,54379.9,54397.0
2026-06-06 06:30:00,54381.4,62484.2,54379.1,54382.5
2026-06-06 06:35:00,54403.1,62509.2,54401.2,54404.0
2026-06-06 06:40:00,54358.8,62458.3,54373.2,54352.1
2026-06-06 06:45:00,54360.3,62460.0,54377.1,54352.4
2026-06-06 06:50:00,54362.0,62461.9,54371.7,54357.4
2026-06-06 06:55:00,54355.9,62454.9,54368.5,54350.0
2026-06-06 07:00:00,54433.3,62543.9,54430.8,54434.6
2026-06-06 07:05:00,54520.0,62643.5,54493.8,54532.2
2026-06-06 07:10:00,54563.4,62693.4,54544.0,54572.5
2026-06-06 07:15:00,54564.1,62694.1,54566.8,54562.8
2026-06-06 07:20:00,54513.6,62636.1,54510.9,54514.9
2026-06-06 07:25:00,54504.4,62625.6,54497.3,54507.8
2026-06-06 07:30:00,54470.3,62586.3,54460.6,54474.8
2026-06-06 07:35:00,54426.4,62535.9,54506.0,54389.1
2026-06-06 07:40:00,54335.8,62431.8,54350.3,54328.9
2026-06-06 07:45:00,54264.0,62349.4,54345.7,54225.8
2026-06-06 07:50:00,54221.6,62300.6,54215.6,54224.4
2026-06-06 07:55:00,54206.0,62282.7,54206.7,54205.7
2026-06-06 08:00:00,54338.7,62435.2,54349.5,54333.7
2026-06-06 08:05:00,54521.4,62645.1,54536.6,54514.2
2026-06-06 08:10:00,54591.9,62726.1,54597.9,54589.1
2026-06-06 08:15:00,54648.5,62791.1,54740.9,54605.2
2026-06-06 08:20:00,54694.8,62844.3,54681.0,54701.3
2026-06-06 08:25:00,54701.2,62851.7,54691.2,54705.9
2026-06-06 08:30:00,54655.3,62798.9,54655.5,54655.2
2026-06-06 08:35:00,54693.0,62842.2,54674.7,54701.6
2026-06-06 08:40:00,54633.3,62773.7,54634.9,54632.6
2026-06-06 08:45:00,54636.5,62777.3,54644.2,54632.8
2026-06-06 08:50:00,54608.9,62745.6,54612.8,54607.1
2026-06-06 08:55:00,54511.5,62633.8,54604.4,54468.0
2026-06-06 09:00:00,54502.5,62623.4,54496.2,54505.5
2026-06-06 09:05:00,54555.4,62684.2,54587.2,54540.6
2026-06-06 09:10:00,54576.1,62707.9,54606.1,54562.0
2026-06-06 09:15:00,54593.4,62727.8,54629.1,54576.6
2026-06-06 09:20:00,54607.8,62744.4,54701.0,54564.2
2026-06-06 09:25:00,54606.7,62743.1,54694.5,54565.6
2026-06-06 09:30:00,54577.9,62710.0,54658.4,54540.2
2026-06-06 09:35:00,54556.7,62685.6,54551.5,54559.1
2026-06-06 09:40:00,54527.0,62651.5,54528.3,54526.4
2026-06-06 09:45:00,54530.3,62655.3,54538.4,54526.5
2026-06-06 09:50:00,54520.7,62644.3,54526.2,54518.1
2026-06-06 09:55:00,54509.2,62631.0,54518.8,54504.7
2026-06-06 10:00:00,54502.2,62623.1,54532.9,54487.9
2026-06-06 10:05:00,54602.8,62738.6,54637.9,54586.3
2026-06-06 10:10:00,54651.9,62795.1,54773.2,54595.2
2026-06-06 10:15:00,54794.3,62958.6,54848.2,54769.0
2026-06-06 10:20:00,54841.6,63013.0,54863.3,54831.4
2026-06-06 10:25:00,54817.7,62985.6,54860.2,54797.9
2026-06-06 10:30:00,54773.7,62935.0,54795.9,54763.3
2026-06-06 10:35:00,54816.3,62984.0,54817.9,54815.6
2026-06-06 10:40:00,54795.6,62960.1,54801.6,54792.8
2026-06-06 10:45:00,54798.6,62963.6,54810.8,54792.9
2026-06-06 10:50:00,54789.1,62952.6,54796.2,54785.7
2026-06-06 10:55:00,54777.8,62939.7,54787.6,54773.2
2026-06-06 11:00:00,54750.2,62908.0,54768.8,54741.5
2026-06-06 11:05:00,54802.9,62968.5,54784.6,54811.4
2026-06-06 11:10:00,54805.4,62971.4,54783.9,54815.4
2026-06-06 11:15:00,54810.5,62977.3,54786.5,54821.8
2026-06-06 11:20:00,54792.3,62956.3,54753.4,54810.5
2026-06-06 11:25:00,54801.1,62966.4,54758.8,54820.9
2026-06-06 11:30:00,54785.6,62948.7,54740.7,54806.7
2026-06-06 11:35:00,54801.9,62967.3,54762.6,54820.3
2026-06-06 11:40:00,54777.0,62938.8,54739.9,54794.4
2026-06-06 11:45:00,54775.4,62937.0,54739.5,54792.2
2026-06-06 11:50:00,54731.9,62887.0,54691.2,54751.0
2026-06-06 11:55:00,54602.6,62738.4,54640.9,54584.6
2026-06-06 12:00:00,54518.1,62641.3,54561.4,54497.9
2026-06-06 12:05:00,54585.0,62718.2,54578.0,54588.3
2026-06-06 12:10:00,54584.6,62717.7,54581.0,54586.3
2026-06-06 12:15:00,54582.3,62715.0,54568.2,54588.9
2026-06-06 12:20:00,54589.0,62722.7,54574.3,54595.8
2026-06-06 12:25:00,54589.7,62723.5,54573.5,54597.3
2026-06-06 12:30:00,54560.7,62690.2,54540.4,54570.2
2026-06-06 12:35:00,54592.2,62726.5,54581.1,54597.4
2026-06-06 12:40:00,54634.5,62775.0,54734.9,54587.5
2026-06-06 12:45:00,54722.0,62875.6,54740.2,54713.5
2026-06-06 12:50:00,54764.0,62923.9,54853.0,54722.4
2026-06-06 12:55:00,54841.5,63012.9,54857.3,54834.1
2026-06-06 13:00:00,54922.1,63105.5,54946.7,54910.6
2026-06-06 13:05:00,55037.9,63238.6,55075.4,55020.4
2026-06-06 13:10:00,55117.0,63329.4,55180.3,55087.3
2026-06-06 13:15:00,55130.1,63344.5,55263.2,55067.7
2026-06-06 13:20:00,55146.0,63362.7,55226.5,55108.3
2026-06-06 13:25:00,55230.1,63459.4,55239.3,55225.9
2026-06-06 13:30:00,55264.3,63498.6,55366.6,55216.3
2026-06-06 13:35:00,55397.2,63651.4,55380.5,55405.0
2026-06-06 13:40:00,55473.6,63739.1,55460.2,55479.9
2026-06-06 13:45:00,55483.5,63750.5,55542.6,55455.8
2026-06-06 13:50:00,55438.8,63699.2,55558.5,55382.7
2026-06-06 13:55:00,55441.2,63701.9,55440.0,55441.7
2026-06-06 14:00:00,55479.0,63745.4,55460.5,55487.7
2026-06-06 14:05:00,55486.1,63753.6,55553.7,55454.5
2026-06-06 14:10:00,55568.7,63848.4,55581.1,55562.9
2026-06-06 14:15:00,55570.5,63850.5,55584.1,55564.2
2026-06-06 14:20:00,55587.8,63870.4,55571.2,55595.6
2026-06-06 14:25:00,55635.9,63925.6,55675.7,55617.2
2026-06-06 14:30:00,55695.4,63994.0,55695.7,55695.3
2026-06-06 14:35:00,55733.6,64037.9,55805.2,55700.1
2026-06-06 14:40:00,55788.2,64100.6,55795.6,55784.7
2026-06-06 14:45:00,55790.8,64103.7,55805.3,55784.0
2026-06-06 14:50:00,55786.8,64099.0,55801.7,55779.8
2026-06-06 14:55:00,55796.0,64109.6,55793.5,55797.1
2026-06-06 15:00:00,55823.2,64140.8,55913.9,55780.6
2026-06-06 15:05:00,55829.9,64148.5,55895.2,55799.3
2026-06-06 15:10:00,55956.6,64294.1,55976.8,55947.1
2026-06-06 15:15:00,56115.3,64476.5,56119.6,56113.3
2026-06-06 15:20:00,56199.8,64573.5,56212.3,56193.9
2026-06-06 15:25:00,56299.6,64688.3,56344.7,56278.5
2026-06-06 15:30:00,56392.2,64794.7,56421.1,56378.7
2026-06-06 15:35:00,56485.3,64901.7,56518.4,56469.8
2026-06-06 15:40:00,56601.6,65035.2,56645.3,56581.1
2026-06-06 15:45:00,56736.9,65190.7,56770.9,56721.0
2026-06-06 15:50:00,56833.6,65301.8,56928.0,56789.4
2026-06-06 15:55:00,56965.6,65453.4,57002.3,56948.4
2026-06-06 16:00:00,57098.4,65606.0,57027.6,57131.5
2026-06-06 16:05:00,57185.3,65705.9,57189.2,57183.4
2026-06-06 16:10:00,57294.0,65830.8,57366.0,57260.3
2026-06-06 16:15:00,57414.8,65969.6,57470.4,57388.8
2026-06-06 16:20:00,57535.6,66108.4,57530.0,57538.2
2026-06-06 16:25:00,57698.9,66296.1,57653.9,57720.0
2026-06-06 16:30:00,57800.7,66413.0,57847.7,57778.6
2026-06-06 16:35:00,57897.6,66524.4,57951.4,57872.4
2026-06-06 16:40:00,57989.8,66630.2,58041.0,57965.7
2026-06-06 16:45:00,58075.1,66728.2,58132.9,58047.9
2026-06-06 16:50:00,58163.2,66829.6,58184.2,58153.4
2026-06-06 16:55:00,58273.6,66956.3,58310.8,58256.1
2026-06-06 17:00:00,58339.1,67031.6,58351.7,58333.2
2026-06-06 17:05:00,58352.3,67046.8,58388.1,58335.6
2026-06-06 17:10:00,58452.3,67161.7,58483.8,58437.6
2026-06-06 17:15:00,58520.3,67239.9,58583.0,58491.0
2026-06-06 17:20:00,58639.4,67376.7,58675.3,58622.6
2026-06-06 17:25:00,58738.3,67490.3,58772.3,58722.3
2026-06-06 17:30:00,58834.6,67601.0,58876.7,58814.9
2026-06-06 17:35:00,58921.4,67700.7,58957.8,58904.4
2026-06-06 17:40:00,59036.6,67833.1,59063.7,59023.9
2026-06-06 17:45:00,59159.9,67974.7,59145.5,59166.6
2026-06-06 17:50:00,59252.3,68080.9,59307.9,59226.3
2026-06-06 17:55:00,59419.5,68273.0,59421.2,59418.7
2026-06-06 18:00:00,59549.8,68422.8,59510.9,59568.1
2026-06-06 18:05:00,59624.1,68508.1,59601.1,59634.9
2026-06-06 18:10:00,59744.8,68646.8,59766.9,59734.4
2026-06-06 18:15:00,59874.1,68795.3,59891.5,59865.9
2026-06-06 18:20:00,59985.8,68923.7,59939.5,60007.5
2026-06-06 18:25:00,60101.5,69056.7,60061.9,60120.1
2026-06-06 18:30:00,60244.5,69221.0,60285.7,60225.3
2026-06-06 18:35:00,60367.2,69362.0,60354.5,60373.2
2026-06-06 18:40:00,60463.8,69472.9,60403.7,60492.0
2026-06-06 18:45:00,60613.7,69645.1,60513.0,60660.9
2026-06-06 18:50:00,60695.8,69739.5,60696.6,60695.5
2026-06-06 18:55:00,60763.6,69817.4,60776.8,60757.4
2026-06-06 19:00:00,60868.2,69937.6,60882.1,60861.7
2026-06-06 19:05:00,60942.3,70022.7,60963.6,60932.3
2026-06-06 19:10:00,61045.1,70140.8,61007.6,61062.6
2026-06-06 19:15:00,61117.4,70223.9,61171.6,61092.0
2026-06-06 19:20:00,61153.4,70265.3,61135.8,61161.7
2026-06-06 19:25:00,61180.4,70296.3,61235.1,61154.8
2026-06-06 19:30:00,61249.7,70375.9,61246.2,61251.4
2026-06-06 19:35:00,61325.2,70462.7,61348.0,61314.5
2026-06-06 19:40:00,61355.7,70497.7,61330.7,61367.4
2026-06-06 19:45:00,61377.4,70522.6,61423.5,61355.8
2026-06-06 19:50:00,61380.0,70525.6,61391.8,61374.4
2026-06-06 19:55:00,61373.1,70517.6,61379.6,61370.0
2026-06-06 20:00:00,61391.2,70538.5,61382.2,61395.4
2026-06-06 20:05:00,61330.8,70469.1,61396.0,61300.3
2026-06-06 20:10:00,61317.7,70454.1,61275.8,61337.4
2026-06-06 20:15:00,61296.1,70429.2,61248.9,61318.2
2026-06-06 20:20:00,61230.7,70354.1,61228.6,61231.7
2026-06-06 20:25:00,61194.3,70312.3,61115.1,61231.5
2026-06-06 20:30:00,61099.4,70203.2,61091.3,61103.2
2026-06-06 20:35:00,61032.6,70126.5,61023.7,61036.8
2026-06-06 20:40:00,60956.6,70039.2,60927.3,60970.4
2026-06-06 20:45:00,60884.9,69956.8,60920.9,60868.1
2026-06-06 20:50:00,60762.3,69815.8,60791.2,60748.7
2026-06-06 20:55:00,60652.1,69689.3,60676.4,60640.8
2026-06-06 21:00:00,60496.0,69509.9,60473.8,60506.4
2026-06-06 21:05:00,60402.4,69402.3,60443.8,60383.0
2026-06-06 21:10:00,60319.8,69307.4,60355.5,60303.0
2026-06-06 21:15:00,60213.5,69185.3,60228.4,60206.5
2026-06-06 21:20:00,60104.5,69060.0,60129.4,60092.8
2026-06-06 21:25:00,60019.0,68961.8,60030.5,60013.6
2026-06-06 21:30:00,59922.2,68850.6,59943.8,59912.0
2026-06-06 21:35:00,59815.1,68727.6,59815.6,59814.9
2026-06-06 21:40:00,59727.5,68626.9,59712.5,59734.5
2026-06-06 21:45:00,59598.7,68478.9,59613.3,59591.9
2026-06-06 21:50:00,59469.3,68330.2,59442.6,59481.8
2026-06-06 21:55:00,59362.9,68207.9,59368.3,59360.3
2026-06-06 22:00:00,59261.0,68090.9,59261.2,59261.0
2026-06-06 22:05:00,59309.9,68147.1,59311.6,59309.1
2026-06-06 22:10:00,59307.8,68144.7,59218.7,59349.6
2026-06-06 22:15:00,59155.2,67969.4,59165.9,59150.2
2026-06-06 22:20:00,59039.9,67836.9,59092.8,59015.1
2026-06-06 22:25:00,58896.0,67671.5,58872.0,58907.3
2026-06-06 22:30:00,58755.6,67510.1,58781.4,58743.5
2026-06-06 22:35:00,58617.8,67351.9,58596.0,58628.0
2026-06-06 22:40:00,58482.1,67195.9,58504.8,58471.4
2026-06-06 22:45:00,58371.2,67068.5,58334.2,58388.5
2026-06-06 22:50:00,58243.5,66921.8,58258.4,58236.6
2026-06-06 22:55:00,58120.3,66780.2,58170.6,58096.8
2026-06-06 23:00:00,58173.1,66840.9,58107.3,58203.9
2026-06-06 23:05:00,58430.4,67136.5,58419.0,58435.7
2026-06-06 23:10:00,58452.9,67162.3,58472.0,58443.9
2026-06-06 23:15:00,58307.9,66995.8,58307.3,58308.2
2026-06-06 23:20:00,58161.1,66827.1,58102.6,58188.6
2026-06-06 23:25:00,58006.4,66649.4,58001.8,58008.6
2026-06-06 23:30:00,57795.5,66407.0,57779.8,57802.8
2026-06-06 23:35:00,57597.4,66179.4,57577.4,57606.7
2026-06-06 23:40:00,57418.6,65974.0,57401.8,57426.5
2026-06-06 23:45:00,57190.0,65711.3,57190.1,57189.9
2026-06-06 23:50:00,57003.5,65497.0,57041.4,56985.7
2026-06-06 23:55:00,56785.3,65246.3,56790.5,56782.9
2026-06-07 00:00:00,56481.6,64897.3,56420.6,56510.1
2026-06-07 00:05:00,56309.8,64699.9,56291.4,56318.4
2026-06-07 00:10:00,56048.8,64400.1,56036.6,56054.6
2026-06-07 00:15:00,55757.3,64065.1,55810.5,55732.4
2026-06-07 00:20:00,55483.2,63750.2,55463.6,55492.4
2026-06-07 00:25:00,55250.4,63482.8,55273.2,55239.8
2026-06-07 00:30:00,55096.0,63305.4,55056.4,55114.6
2026-06-07 00:35:00,54883.2,63060.8,54819.9,54912.8
2026-06-07 00:40:00,54691.3,62840.3,54681.2,54696.1
2026-06-07 00:45:00,54435.6,62546.6,54439.6,54433.8
2026-06-07 00:50:00,54197.2,62272.6,54178.3,54206.1
2026-06-07 00:55:00,54062.4,62117.7,54009.1,54087.4
2026-06-07 01:00:00,53964.6,62005.3,53944.2,53974.1
2026-06-07 01:05:00,53794.2,61809.5,53780.2,53800.7
2026-06-07 01:10:00,53597.8,61583.9,53591.8,53600.7
2026-06-07 01:15:00,53421.7,61381.5,53423.9,53420.6
2026-06-07 01:20:00,53272.8,61210.5,53270.6,53273.9
2026-06-07 01:25:00,53143.7,61062.1,53095.8,53166.2
2026-06-07 01:30:00,52938.1,60825.9,52948.1,52933.4
2026-06-07 01:35:00,52791.7,60657.6,52770.8,52801.5
2026-06-07 01:40:00,52617.7,60457.8,52580.7,52635.1
2026-06-07 01:45:00,52462.5,60279.5,52416.5,52484.1
2026-06-07 01:50:00,52439.5,60253.0,52389.8,52462.7
2026-06-07 01:55:00,52439.5,60253.0,52389.7,52462.8
2026-06-07 02:00:00,52418.5,60228.8,52414.1,52420.5
2026-06-07 02:05:00,52328.6,60125.5,52442.6,52275.2
2026-06-07 02:10:00,52217.3,59997.7,52195.8,52227.4
2026-06-07 02:15:00,52219.1,59999.7,52202.0,52227.1
2026-06-07 02:20:00,52227.8,60009.7,52201.0,52240.3
2026-06-07 02:25:00,52231.6,60014.1,52203.2,52244.9
2026-06-07 02:30:00,52211.8,59991.3,52213.2,52211.1
2026-06-07 02:35:00,52226.6,60008.4,52197.0,52240.5
2026-06-07 02:40:00,52199.7,59977.5,52182.9,52207.6
2026-06-07 02:45:00,52201.1,59979.1,52187.1,52207.7
2026-06-07 02:50:00,52200.8,59978.8,52185.1,52208.2
2026-06-07 02:55:00,52200.2,59978.0,52183.0,52208.3
2026-06-07 03:00:00,52251.4,60036.8,52240.2,52256.6
2026-06-07 03:05:00,52277.8,60067.2,52256.0,52288.0
2026-06-07 03:10:00,52270.9,60059.3,52249.5,52281.0
2026-06-07 03:15:00,52270.4,60058.7,52246.3,52281.7
2026-06-07 03:20:00,52269.6,60057.7,52246.8,52280.2
2026-06-07 03:25:00,52275.2,60064.3,52250.0,52287.1
2026-06-07 03:30:00,52271.1,60059.5,52249.6,52281.2
2026-06-07 03:35:00,52288.5,60079.5,52263.9,52300.0
2026-06-07 03:40:00,52272.7,60061.3,52248.5,52284.0
2026-06-07 03:45:00,52274.0,60062.8,52252.6,52284.0
2026-06-07 03:50:00,52273.3,60062.0,52250.8,52283.8
2026-06-07 03:55:00,52272.4,60061.0,52250.4,52282.7
2026-06-07 04:00:00,52272.8,60061.5,52268.3,52274.9
2026-06-07 04:05:00,52301.3,60094.2,52298.0,52302.8
2026-06-07 04:10:00,52290.7,60082.0,52277.7,52296.8
2026-06-07 04:15:00,52289.9,60081.1,52268.7,52299.9
2026-06-07 04:20:00,52289.7,60080.8,52263.5,52301.9
2026-06-07 04:25:00,52295.3,60087.3,52269.6,52307.4
2026-06-07 04:30:00,52291.2,60082.6,52269.3,52301.5
2026-06-07 04:35:00,52317.1,60112.3,52290.2,52329.7
2026-06-07 04:40:00,52293.9,60085.7,52265.0,52307.4
2026-06-07 04:45:00,52292.5,60084.1,52264.0,52305.9
2026-06-07 04:50:00,52286.4,60077.1,52258.3,52299.6
2026-06-07 04:55:00,52285.6,60076.1,52257.8,52298.6
2026-06-07 05:00:00,52285.7,60076.3,52283.5,52286.7
2026-06-07 05:05:00,52333.1,60130.7,52311.3,52343.3
2026-06-07 05:10:00,52302.1,60095.1,52292.3,52306.7
2026-06-07 05:15:00,52300.3,60093.1,52283.7,52308.1
2026-06-07 05:20:00,52299.5,60092.2,52277.4,52309.9
2026-06-07 05:25:00,52299.8,60092.5,52279.0,52309.6
2026-06-07 05:30:00,52298.3,60090.8,52282.0,52306.0
2026-06-07 05:35:00,52334.2,60132.0,52310.0,52345.6
2026-06-07 05:40:00,52301.9,60094.8,52279.3,52312.4
2026-06-07 05:45:00,52301.3,60094.2,52276.8,52312.8
2026-06-07 05:50:00,52296.5,60088.7,52276.4,52305.9
2026-06-07 05:55:00,52295.5,60087.6,52275.5,52304.9
2026-06-07 06:00:00,52320.3,60116.0,52312.9,52323.8
2026-06-07 06:05:00,52393.6,60200.2,52359.1,52409.7
2026-06-07 06:10:00,52329.8,60127.0,52304.2,52341.8
2026-06-07 06:15:00,52320.3,60116.0,52295.7,52331.8
2026-06-07 06:20:00,52303.9,60097.1,52277.3,52316.3
2026-06-07 06:25:00,52304.5,60097.8,52279.9,52316.0
2026-06-07 06:30:00,52290.7,60082.1,52275.1,52298.1
2026-06-07 06:35:00,52309.8,60104.0,52297.9,52315.4
2026-06-07 06:40:00,52268.0,60056.0,52269.4,52267.4
2026-06-07 06:45:00,52269.5,60057.7,52273.3,52267.7
2026-06-07 06:50:00,52260.5,60047.3,52268.4,52256.8
2026-06-07 06:55:00,52259.2,60045.8,52266.5,52255.8
2026-06-07 07:00:00,52306.1,60099.7,52299.3,52309.2
2026-06-07 07:05:00,52379.2,60183.7,52367.2,52384.8
2026-06-07 07:10:00,52322.9,60119.0,52297.7,52334.7
2026-06-07 07:15:00,52323.1,60119.2,52312.5,52328.0
2026-06-07 07:20:00,52280.1,60069.8,52258.6,52290.2
2026-06-07 07:25:00,52271.2,60059.6,52245.5,52283.2
2026-06-07 07:30:00,52231.8,60014.3,52199.6,52246.8
2026-06-07 07:35:00,52266.8,60054.5,52245.7,52276.6
2026-06-07 07:40:00,52218.0,59998.5,52212.5,52220.6
2026-06-07 07:45:00,52221.4,60002.4,52211.2,52226.2
2026-06-07 07:50:00,52222.3,60003.4,52217.6,52224.4
2026-06-07 07:55:00,52220.2,60001.0,52210.5,52224.8
2026-06-07 08:00:00,52317.1,60112.3,52330.6,52310.8
2026-06-07 08:05:00,52383.4,60188.6,52387.0,52381.8
2026-06-07 08:10:00,52357.3,60158.5,52339.1,52365.8
2026-06-07 08:15:00,52361.1,60162.9,52359.3,52362.0
2026-06-07 08:20:00,52335.2,60133.1,52303.4,52350.0
2026-06-07 08:25:00,52339.4,60138.0,52314.1,52351.3
2026-06-07 08:30:00,52291.3,60082.7,52269.9,52301.3
2026-06-07 08:35:00,52306.4,60100.0,52286.2,52315.8
2026-06-07 08:40:00,52248.1,60033.1,52242.2,52250.9
2026-06-07 08:45:00,52251.1,60036.6,52251.5,52251.0
2026-06-07 08:50:00,52224.7,60006.2,52220.6,52226.6
2026-06-07 08:55:00,52217.8,59998.2,52213.9,52219.6
2026-06-07 09:00:00,52253.6,60039.4,52227.4,52265.8
2026-06-07 09:05:00,52307.3,60101.1,52287.5,52316.6
2026-06-07 09:10:00,52323.5,60119.7,52308.0,52330.7
2026-06-07 09:15:00,52329.8,60126.9,52327.6,52330.8
2026-06-07 09:20:00,52312.3,60106.8,52283.3,52325.9
2026-06-07 09:25:00,52313.3,60108.0,52288.7,52324.9
2026-06-07 09:30:00,52285.0,60075.4,52246.0,52303.2
2026-06-07 09:35:00,52303.4,60096.6,52263.3,52322.1
2026-06-07 09:40:00,52273.6,60062.4,52239.4,52289.6
2026-06-07 09:45:00,52276.9,60066.1,52249.5,52289.7
2026-06-07 09:50:00,52269.9,60058.1,52237.8,52284.9
2026-06-07 09:55:00,52267.8,60055.7,52231.8,52284.7
2026-06-07 10:00:00,52264.9,60052.3,52250.3,52271.7
2026-06-07 10:05:00,52369.5,60172.6,52351.0,52378.2
2026-06-07 10:10:00,52378.3,60182.7,52360.5,52386.7
2026-06-07 10:15:00,52398.1,60205.4,52416.8,52389.3
2026-06-07 10:20:00,52361.0,60162.8,52350.4,52366.0
2026-06-07 10:25:00,52340.8,60139.6,52347.5,52337.7
2026-06-07 10:30:00,52290.2,60081.4,52265.1,52302.0
2026-06-07 10:35:00,52306.9,60100.7,52286.1,52316.7
2026-06-07 10:40:00,52286.2,60076.8,52269.3,52294.1
2026-06-07 10:45:00,52289.2,60080.3,52278.5,52294.1
2026-06-07 10:50:00,52282.2,60072.3,52264.4,52290.6
2026-06-07 10:55:00,52280.5,60070.3,52257.6,52291.3
2026-06-07 11:00:00,52261.8,60048.8,52236.6,52273.6
2026-06-07 11:05:00,52283.5,60073.8,52258.6,52295.2
2026-06-07 11:10:00,52282.4,60072.5,52254.7,52295.4
2026-06-07 11:15:00,52284.0,60074.4,52260.7,52295.0
2026-06-07 11:20:00,52266.9,60054.6,52219.8,52288.9
2026-06-07 11:25:00,52277.2,60066.4,52225.4,52301.4
2026-06-07 11:30:00,52260.8,60047.7,52202.2,52288.3
2026-06-07 11:35:00,52276.7,60066.0,52223.2,52301.8
2026-06-07 11:40:00,52251.8,60037.3,52199.7,52276.1
2026-06-07 11:45:00,52250.2,60035.4,52199.3,52274.0
2026-06-07 11:50:00,52238.7,60022.3,52195.2,52259.2
2026-06-07 11:55:00,52239.6,60023.3,52185.7,52264.9
2026-06-07 12:00:00,52214.3,59994.2,52192.5,52224.5
2026-06-07 12:05:00,52307.8,60101.6,52282.9,52319.4
2026-06-07 12:10:00,52309.7,60103.8,52293.6,52317.2
2026-06-07 12:15:00,52305.7,60099.2,52282.0,52316.8
2026-06-07 12:20:00,52309.7,60103.8,52286.2,52320.7
2026-06-07 12:25:00,52312.0,60106.5,52285.8,52324.2
2026-06-07 12:30:00,52304.8,60098.2,52285.3,52314.0
2026-06-07 12:35:00,52313.9,60108.6,52290.9,52324.6
2026-06-07 12:40:00,52343.0,60142.1,52322.9,52352.4
2026-06-07 12:45:00,52351.6,60152.0,52330.8,52361.3
2026-06-07 12:50:00,52364.6,60166.9,52345.1,52373.7
2026-06-07 12:55:00,52369.8,60172.9,52348.4,52379.8
2026-06-07 13:00:00,52434.3,60247.0,52469.2,52418.0
2026-06-07 13:05:00,52626.9,60468.3,52716.2,52585.0
2026-06-07 13:10:00,52665.8,60513.0,52845.4,52581.6
2026-06-07 13:15:00,52784.6,60649.5,52825.6,52765.3
2026-06-07 13:20:00,52774.3,60637.7,52804.2,52760.4
2026-06-07 13:25:00,52827.2,60698.4,52818.9,52831.0
2026-06-07 13:30:00,52870.7,60748.4,52973.5,52822.5
2026-06-07 13:35:00,52986.6,60881.6,53020.0,52971.0
2026-06-07 13:40:00,53025.2,60925.9,52986.0,53043.6
2026-06-07 13:45:00,53169.4,61091.6,53165.0,53171.4
2026-06-07 13:50:00,53222.0,61152.0,53327.3,53172.6
2026-06-07 13:55:00,53326.4,61272.0,53339.7,53320.1
2026-06-07 14:00:00,53317.0,61261.3,53309.8,53320.4
2026-06-07 14:05:00,53293.2,61233.8,53286.9,53296.1
2026-06-07 14:10:00,53316.8,61261.0,53334.2,53308.6
2026-06-07 14:15:00,53317.1,61261.3,53339.4,53306.6
2026-06-07 14:20:00,53311.4,61254.8,53328.9,53303.2
2026-06-07 14:25:00,53314.1,61257.9,53332.7,53305.4
2026-06-07 14:30:00,53365.6,61317.1,53332.0,53381.4
2026-06-07 14:35:00,53549.2,61528.0,53519.2,53563.3
2026-06-07 14:40:00,53579.9,61563.3,53673.4,53536.1
2026-06-07 14:45:00,53690.1,61690.0,53692.9,53688.8
2026-06-07 14:50:00,53680.3,61678.6,53693.5,53674.1
2026-06-07 14:55:00,53748.8,61757.4,53687.0,53777.7
2026-06-07 15:00:00,53891.8,61921.7,53845.6,53913.5
2026-06-07 15:05:00,54040.3,62092.3,53994.9,54061.5
2026-06-07 15:10:00,54233.9,62314.8,54219.5,54240.7
2026-06-07 15:15:00,54379.1,62481.5,54405.1,54366.9
2026-06-07 15:20:00,54531.4,62656.6,54570.5,54513.1
2026-06-07 15:25:00,54727.5,62881.9,54728.9,54726.8
2026-06-07 15:30:00,54890.3,63069.0,54952.9,54861.0
2026-06-07 15:35:00,55115.9,63328.2,55096.8,55124.9
2026-06-07 15:40:00,55294.4,63533.2,55373.2,55257.5
2026-06-07 15:45:00,55509.4,63780.3,55521.0,55503.9
2026-06-07 15:50:00,55736.8,64041.6,55747.3,55731.9
2026-06-07 15:55:00,55921.3,64253.5,55935.2,55914.7
2026-06-07 16:00:00,56074.3,64429.4,56093.0,56065.5
2026-06-07 16:05:00,56191.2,64563.7,56141.6,56214.5
2026-06-07 16:10:00,56387.7,64789.5,56376.0,56393.2
2026-06-07 16:15:00,56601.2,65034.8,56553.6,56623.5
2026-06-07 16:20:00,56795.9,65258.4,56789.4,56798.9
2026-06-07 16:25:00,56972.9,65461.9,56964.4,56976.9
2026-06-07 16:30:00,57148.8,65664.0,57127.1,57158.9
2026-06-07 16:35:00,57339.6,65883.2,57306.8,57355.0
2026-06-07 16:40:00,57487.3,66052.9,57485.1,57488.3
2026-06-07 16:45:00,57699.1,66296.3,57731.1,57684.1
2026-06-07 16:50:00,57849.5,66469.0,57891.8,57829.6
2026-06-07 16:55:00,58054.5,66704.6,58049.9,58056.7
2026-06-07 17:00:00,58221.2,66896.2,58214.1,58224.5
2026-06-07 17:05:00,58277.0,66960.2,58244.8,58292.0
2026-06-07 17:10:00,58379.4,67077.9,58421.2,58359.8
2026-06-07 17:15:00,58534.3,67255.9,58503.3,58548.8
2026-06-07 17:20:00,58712.8,67461.1,58713.8,58712.4
2026-06-07 17:25:00,58879.3,67652.3,58890.3,58874.2
2026-06-07 17:30:00,59089.1,67893.3,59111.1,59078.7
2026-06-07 17:35:00,59245.1,68072.6,59263.3,59236.6
2026-06-07 17:40:00,59413.3,68265.9,59360.6,59438.0
2026-06-07 17:45:00,59578.6,68455.8,59566.1,59584.5
2026-06-07 17:50:00,59736.0,68636.6,59716.0,59745.3
2026-06-07 17:55:00,59929.8,68859.4,59923.3,59932.9
2026-06-07 18:00:00,60072.8,69023.7,60098.8,60060.6
2026-06-07 18:05:00,60157.4,69120.9,60106.4,60181.3
2026-06-07 18:10:00,60285.3,69267.9,60282.5,60286.7
2026-06-07 18:15:00,60449.4,69456.4,60477.7,60436.2
2026-06-07 18:20:00,60590.5,69618.5,60516.8,60625.1
2026-06-07 18:25:00,60792.3,69850.4,60749.0,60812.6
2026-06-07 18:30:00,60960.1,70043.2,60963.3,60958.6
2026-06-07 18:35:00,61110.8,70216.3,61095.2,61118.1
2026-06-07 18:40:00,61176.8,70292.2,61184.1,61173.4
2026-06-07 18:45:00,61263.5,70391.7,61287.7,61252.1
2026-06-07 18:50:00,61349.6,70490.7,61365.5,61342.2
2026-06-07 18:55:00,61379.1,70524.6,61453.6,61344.2
2026-06-07 19:00:00,61497.3,70660.4,61468.0,61511.0
2026-06-07 19:05:00,61557.0,70729.0,61546.0,61562.2
2026-06-07 19:10:00,61648.7,70834.4,61678.3,61634.9
2026-06-07 19:15:00,61699.3,70892.5,61748.3,61676.4
2026-06-07 19:20:00,61733.3,70931.6,61716.8,61741.0
2026-06-07 19:25:00,61795.1,71002.6,61789.4,61797.8
2026-06-07 19:30:00,61822.5,71034.1,61839.6,61814.5
2026-06-07 19:35:00,61888.8,71110.3,61896.2,61885.4
2026-06-07 19:40:00,61895.9,71118.4,61889.5,61898.9
2026-06-07 19:45:00,61909.8,71134.4,61910.8,61909.3
2026-06-07 19:50:00,61936.7,71165.3,61889.0,61959.0
2026-06-07 19:55:00,61970.1,71203.6,61991.6,61960.0
2026-06-07 20:00:00,61985.1,71220.9,61934.7,62008.7
2026-06-07 20:05:00,61968.0,71201.2,61957.4,61972.9
2026-06-07 20:10:00,61996.9,71234.4,61966.8,62011.0
2026-06-07 20:15:00,61959.6,71191.6,61937.1,61970.2
2026-06-07 20:20:00,61940.4,71169.5,61913.2,61953.2
2026-06-07 20:25:00,61936.5,71165.0,61926.9,61940.9
2026-06-07 20:30:00,61898.1,71120.9,61889.4,61902.2
2026-06-07 20:35:00,61832.5,71045.6,61814.3,61841.0
2026-06-07 20:40:00,61825.9,71038.0,61795.0,61840.4
2026-06-07 20:45:00,61828.6,71041.1,61800.8,61841.6
2026-06-07 20:50:00,61776.1,70980.7,61765.6,61781.0
2026-06-07 20:55:00,61709.6,70904.3,61683.9,61721.7
2026-06-07 21:00:00,61598.2,70776.4,61518.9,61635.4
2026-06-07 21:05:00,61460.5,70618.1,61473.8,61454.2
2026-06-07 21:10:00,61376.9,70522.1,61400.3,61366.0
2026-06-07 21:15:00,61241.6,70366.6,61280.0,61223.7
2026-06-07 21:20:00,61151.4,70262.9,61169.7,61142.8
2026-06-07 21:25:00,61059.7,70157.6,61065.2,61057.1
2026-06-07 21:30:00,60964.6,70048.4,60960.6,60966.5
2026-06-07 21:35:00,60853.0,69920.1,60865.4,60847.3
2026-06-07 21:40:00,60749.9,69801.7,60744.2,60752.6
2026-06-07 21:45:00,60626.4,69659.7,60575.7,60650.1
2026-06-07 21:50:00,60467.9,69477.7,60466.9,60468.4
2026-06-07 21:55:00,60357.1,69350.3,60298.1,60384.8
2026-06-07 22:00:00,60230.5,69204.8,60193.2,60247.9
2026-06-07 22:05:00,60235.9,69211.1,60268.5,60220.7
2026-06-07 22:10:00,60164.6,69129.1,60177.1,60158.7
2026-06-07 22:15:00,60067.6,69017.6,60019.6,60090.0
2026-06-07 22:20:00,59973.5,68909.5,59919.2,59998.9
2026-06-07 22:25:00,59870.2,68790.8,59811.8,59897.5
2026-06-07 22:30:00,59689.6,68583.3,59671.1,59698.2
2026-06-07 22:35:00,59543.7,68415.7,59487.0,59570.3
2026-06-07 22:40:00,59401.2,68252.0,59406.1,59399.0
2026-06-07 22:45:00,59261.4,68091.4,59245.6,59268.8
2026-06-07 22:50:00,59170.1,67986.4,59153.2,59178.0
2026-06-07 22:55:00,59078.0,67880.6,59076.9,59078.6
2026-06-07 23:00:00,59168.3,67984.4,59112.0,59194.7
2026-06-07 23:05:00,59412.8,68265.3,59437.1,59401.4
2026-06-07 23:10:00,59351.3,68194.7,59373.0,59341.2
2026-06-07 23:15:00,59164.1,67979.5,59233.8,59131.4
2026-06-07 23:20:00,58981.6,67769.9,59026.3,58960.7
2026-06-07 23:25:00,58796.1,67556.7,58812.4,58788.5
2026-06-07 23:30:00,58539.1,67261.4,58581.5,58519.2
2026-06-07 23:35:00,58313.0,67001.6,58330.1,58305.0
2026-06-07 23:40:00,58101.8,66758.9,58066.5,58118.3
2026-06-07 23:45:00,57837.1,66454.8,57853.5,57829.4
2026-06-07 23:50:00,57600.9,66183.4,57536.0,57631.3
2026-06-07 23:55:00,57294.5,65831.4,57325.6,57280.0
2026-06-08 00:00:00,56846.8,65316.9,56921.6,56811.7
2026-06-08 00:05:00,56702.2,65150.9,56720.9,56693.5
2026-06-08 00:10:00,56506.1,64925.5,56432.3,56540.7
2026-06-08 00:15:00,56325.3,64717.7,56253.0,56359.1
2026-06-08 00:20:00,56129.7,64493.0,56072.6,56156.4
2026-06-08 00:25:00,55893.0,64221.0,55955.2,55863.8
2026-06-08 00:30:00,55674.4,63969.9,55669.9,55676.5
2026-06-08 00:35:00,55466.4,63730.9,55457.2,55470.7
2026-06-08 00:40:00,55315.9,63558.0,55374.4,55288.5
2026-06-08 00:45:00,55201.0,63425.9,55151.8,55224.0
2026-06-08 00:50:00,55060.3,63264.3,55008.2,55084.7
2026-06-08 00:55:00,54865.6,63040.6,54896.6,54851.2
2026-06-08 01:00:00,54722.8,62876.5,54781.0,54695.5
2026-06-08 01:05:00,54663.8,62808.7,54698.5,54647.6
2026-06-08 01:10:00,54608.5,62745.1,54594.6,54615.0
2026-06-08 01:15:00,54489.0,62607.8,54568.0,54452.0
2026-06-08 01:20:00,54435.8,62546.8,54443.6,54432.2
2026-06-08 01:25:00,54277.1,62364.4,54272.8,54279.1
2026-06-08 01:30:00,54166.0,62236.7,54127.1,54184.2
2026-06-08 01:35:00,54065.0,62120.7,54164.0,54018.7
2026-06-08 01:40:00,54008.3,62055.6,54014.7,54005.3
2026-06-08 01:45:00,53846.8,61870.0,53841.7,53849.2
2026-06-08 01:50:00,53689.5,61689.2,53670.4,53698.4
2026-06-08 01:55:00,53549.9,61528.8,53536.5,53556.2
2026-06-08 02:00:00,53507.9,61480.6,53563.4,53481.9
2026-06-08 02:05:00,53496.5,61467.5,53465.3,53511.1
2026-06-08 02:10:00,53454.2,61418.9,53425.9,53467.5
2026-06-08 02:15:00,53442.8,61405.8,53408.2,53459.1
2026-06-08 02:20:00,53454.4,61419.1,53423.1,53469.1
2026-06-08 02:25:00,53455.0,61419.8,53423.8,53469.7
2026-06-08 02:30:00,53406.7,61364.3,53357.4,53429.8
2026-06-08 02:35:00,53422.7,61382.7,53383.6,53441.1
2026-06-08 02:40:00,53417.5,61376.7,53369.5,53439.9
2026-06-08 02:45:00,53434.0,61395.7,53372.8,53462.7
2026-06-08 02:50:00,53452.8,61417.3,53383.7,53485.2
2026-06-08 02:55:00,53478.0,61446.2,53381.9,53523.0
2026-06-08 03:00:00,53478.2,61446.5,53406.8,53511.7
2026-06-08 03:05:00,53524.2,61499.3,53445.0,53561.2
2026-06-08 03:10:00,53513.1,61486.5,53439.9,53547.4
2026-06-08 03:15:00,53513.1,61486.6,53436.6,53549.0
2026-06-08 03:20:00,53511.7,61484.9,53438.1,53546.2
2026-06-08 03:25:00,53515.2,61489.0,53440.8,53550.1
2026-06-08 03:30:00,53507.8,61480.5,53432.4,53543.2
2026-06-08 03:35:00,53531.2,61507.3,53455.5,53566.6
2026-06-08 03:40:00,53567.8,61549.3,53604.4,53550.6
2026-06-08 03:45:00,53665.3,61661.5,53607.9,53692.2
2026-06-08 03:50:00,53664.5,61660.5,53605.2,53692.3
2026-06-08 03:55:00,53663.2,61659.1,53607.4,53689.4
2026-06-08 04:00:00,53705.0,61707.0,53654.2,53728.8
2026-06-08 04:05:00,53805.6,61822.7,53868.9,53776.0
2026-06-08 04:10:00,53861.3,61886.6,53837.7,53872.3
2026-06-08 04:15:00,53908.1,61940.4,53978.4,53875.2
2026-06-08 04:20:00,53991.4,62036.1,53974.2,53999.4
2026-06-08 04:25:00,53996.0,62041.4,53981.4,54002.8
2026-06-08 04:30:00,54004.6,62051.3,54023.6,53995.7
2026-06-08 04:35:00,54097.0,62157.5,54051.3,54118.4
2026-06-08 04:40:00,54183.6,62257.0,54149.5,54199.6
2026-06-08 04:45:00,54228.2,62308.3,54289.3,54199.7
2026-06-08 04:50:00,54314.6,62407.5,54286.5,54327.8
2026-06-08 04:55:00,54365.0,62465.4,54425.2,54336.8
2026-06-08 05:00:00,54549.4,62677.3,54523.6,54561.5
2026-06-08 05:05:00,54759.8,62919.0,54762.2,54758.7
2026-06-08 05:10:00,54975.1,63166.4,54952.4,54985.7
2026-06-08 05:15:00,55087.4,63295.5,55064.1,55098.4
2026-06-08 05:20:00,55236.3,63466.5,55196.8,55254.8
2026-06-08 05:25:00,55394.8,63648.6,55453.0,55367.5
2026-06-08 05:30:00,55571.8,63852.0,55564.6,55575.2
2026-06-08 05:35:00,55754.6,64062.1,55757.2,55753.4
2026-06-08 05:40:00,55934.9,64269.2,55913.7,55944.8
2026-06-08 05:45:00,56109.5,64469.8,56129.2,56100.3
2026-06-08 05:50:00,56324.1,64716.4,56258.5,56354.9
2026-06-08 05:55:00,56533.6,64957.1,56474.4,56561.3
2026-06-08 06:00:00,56894.8,65372.1,56890.5,56896.8
2026-06-08 06:05:00,57411.1,65965.3,57378.8,57426.2
2026-06-08 06:10:00,57693.4,66289.7,57696.4,57691.9
2026-06-08 06:15:00,57966.9,66604.0,57997.3,57952.7
2026-06-08 06:20:00,58237.4,66914.8,58287.1,58214.1
2026-06-08 06:25:00,58537.7,67259.9,58543.5,58535.0
2026-06-08 06:30:00,58820.7,67585.0,58800.7,58830.1
2026-06-08 06:35:00,59071.8,67873.5,59082.7,59066.7
2026-06-08 06:40:00,59300.1,68135.8,59294.1,59302.9
2026-06-08 06:45:00,59582.8,68460.7,59553.9,59596.4
2026-06-08 06:50:00,59834.8,68750.2,59818.6,59842.4
2026-06-08 06:55:00,60112.4,69069.1,60103.7,60116.4
2026-06-08 07:00:00,60540.6,69561.2,60558.4,60532.3
2026-06-08 07:05:00,61246.5,70372.3,61196.9,61269.8
2026-06-08 07:10:00,61673.9,70863.3,61642.1,61688.8
2026-06-08 07:15:00,62007.4,71246.5,62020.6,62001.2
2026-06-08 07:20:00,62277.1,71556.3,62259.8,62285.1
2026-06-08 07:25:00,62551.5,71871.6,62550.4,62552.0
2026-06-08 07:30:00,62728.8,72075.4,62760.9,62713.7
2026-06-08 07:35:00,63037.4,72429.9,63055.4,63028.9
2026-06-08 07:40:00,63221.2,72641.1,63254.0,63205.8
2026-06-08 07:45:00,63428.8,72879.7,63422.6,63431.7
2026-06-08 07:50:00,63672.8,73160.1,63715.3,63652.9
2026-06-08 07:55:00,63950.4,73479.0,63942.5,63954.1
2026-06-08 08:00:00,64447.2,74049.8,64415.6,64461.9
2026-06-08 08:05:00,65069.9,74765.3,65001.0,65102.2
2026-06-08 08:10:00,65561.0,75329.6,65465.7,65605.7
2026-06-08 08:15:00,66011.8,75847.6,66015.3,66010.2
2026-06-08 08:20:00,66285.8,76162.4,66330.5,66264.8
2026-06-08 08:25:00,66661.2,76593.7,66683.4,66650.8
2026-06-08 08:30:00,66979.3,76959.3,67024.7,66958.1
2026-06-08 08:35:00,67342.4,77376.4,67375.6,67326.8
2026-06-08 08:40:00,67688.0,77773.5,67628.3,67716.0
2026-06-08 08:45:00,67979.2,78108.1,67897.5,68017.5
2026-06-08 08:50:00,68189.4,78349.6,68237.1,68167.1
2026-06-08 08:55:00,68470.2,78672.2,68421.6,68493.0
2026-06-08 09:00:00,68543.0,78755.9,68592.6,68519.7
2026-06-08 09:05:00,68644.7,78872.8,68654.5,68640.1
2026-06-08 09:10:00,68805.9,79058.0,68784.9,68815.7
2026-06-08 09:15:00,68981.3,79259.5,68943.3,68999.1
2026-06-08 09:20:00,69156.9,79461.3,69108.3,69179.7
2026-06-08 09:25:00,69318.5,79647.0,69311.2,69322.0
2026-06-08 09:30:00,69374.2,79710.9,69383.2,69370.0
2026-06-08 09:35:00,69451.6,79799.9,69405.7,69473.1
2026-06-08 09:40:00,69464.9,79815.1,69428.3,69482.0
2026-06-08 09:45:00,69459.1,79808.5,69440.7,69467.7
2026-06-08 09:50:00,69416.0,79759.0,69428.7,69410.1
2026-06-08 09:55:00,69317.6,79645.9,69368.8,69293.7
2026-06-08 10:00:00,69162.4,79467.6,69239.3,69126.4
2026-06-08 10:05:00,69200.5,79511.3,69266.9,69169.3
2026-06-08 10:10:00,69270.5,79591.8,69313.2,69250.4
2026-06-08 10:15:00,69483.8,79836.8,69507.5,69472.6
2026-06-08 10:20:00,69572.5,79938.8,69486.1,69613.0
2026-06-08 10:25:00,69661.0,80040.5,69657.3,69662.8
2026-06-08 10:30:00,69627.0,80001.4,69685.8,69599.4
2026-06-08 10:35:00,69624.4,79998.5,69610.2,69631.1
2026-06-08 10:40:00,69615.8,79988.5,69591.1,69627.3
2026-06-08 10:45:00,69619.5,79992.8,69602.6,69627.4
2026-06-08 10:50:00,69584.9,79953.1,69577.2,69588.5
2026-06-08 10:55:00,69571.8,79938.0,69553.2,69580.5
2026-06-08 11:00:00,69434.7,79780.5,69404.2,69449.0
2026-06-08 11:05:00,69328.2,79658.1,69387.4,69300.4
2026-06-08 11:10:00,69234.6,79550.6,69280.2,69213.3
2026-06-08 11:15:00,69185.2,79493.8,69176.8,69189.1
2026-06-08 11:20:00,69088.2,79382.3,69155.6,69056.6
2026-06-08 11:25:00,68962.5,79237.9,69015.7,68937.6
2026-06-08 11:30:00,68809.5,79062.2,68859.8,68786.0
2026-06-08 11:35:00,68704.7,78941.7,68764.9,68676.5
2026-06-08 11:40:00,68546.4,78759.8,68612.0,68515.7
2026-06-08 11:45:00,68386.1,78575.6,68375.3,68391.1
2026-06-08 11:50:00,68078.2,78221.9,68147.2,68045.9
2026-06-08 11:55:00,67755.7,77851.3,67754.6,67756.2
2026-06-08 12:00:00,67430.8,77478.0,67339.7,67473.5
2026-06-08 12:05:00,67515.7,77575.5,67443.3,67549.6
2026-06-08 12:10:00,67547.3,77611.9,67539.2,67551.1
2026-06-08 12:15:00,67596.6,77668.5,67527.7,67628.9
2026-06-08 12:20:00,67558.8,77625.0,67656.2,67513.2
2026-06-08 12:25:00,67561.5,77628.2,67546.8,67568.4
2026-06-08 12:30:00,67444.1,77493.2,67447.8,67442.3
2026-06-08 12:35:00,67445.9,77495.4,67443.7,67447.0
2026-06-08 12:40:00,67482.2,77537.0,67516.7,67466.0
2026-06-08 12:45:00,67567.7,77635.3,67634.0,67536.7
2026-06-08 12:50:00,67744.0,77837.9,67715.5,67757.4
2026-06-08 12:55:00,68006.6,78139.6,67959.8,68028.5
2026-06-08 13:00:00,68375.0,78562.9,68299.9,68410.2
2026-06-08 13:05:00,68720.4,78959.8,68709.5,68725.6
2026-06-08 13:10:00,69025.3,79310.0,69059.4,69009.2
2026-06-08 13:15:00,69202.4,79513.6,69213.7,69197.1
2026-06-08 13:20:00,69354.7,79688.5,69409.5,69329.0
2026-06-08 13:25:00,69550.6,79913.6,69530.1,69560.2
2026-06-08 13:30:00,69766.1,80161.2,69818.7,69741.4
2026-06-08 13:35:00,70029.7,80464.1,70063.0,70014.0
2026-06-08 13:40:00,70203.6,80664.0,70233.1,70189.8
2026-06-08 13:45:00,70430.7,80924.9,70377.3,70455.7
2026-06-08 13:50:00,70475.6,80976.5,70553.1,70439.3
2026-06-08 13:55:00,70585.8,81103.1,70571.2,70592.7
2026-06-08 14:00:00,70620.3,81142.8,70708.7,70578.9
2026-06-08 14:05:00,70706.3,81241.5,70712.3,70703.4
2026-06-08 14:10:00,70871.3,81431.1,70894.7,70860.3
2026-06-08 14:15:00,71011.3,81592.0,71041.5,70997.1
2026-06-08 14:20:00,71137.7,81737.3,71164.6,71125.1
2026-06-08 14:25:00,71253.4,81870.1,71323.3,71220.6
2026-06-08 14:30:00,71282.0,81903.0,71264.6,71290.2
2026-06-08 14:35:00,71291.3,81913.7,71275.7,71298.6
2026-06-08 14:40:00,71363.3,81996.5,71440.5,71327.2
2026-06-08 14:45:00,71355.3,81987.2,71452.0,71310.0
2026-06-08 14:50:00,71336.8,81966.0,71424.6,71295.7
2026-06-08 14:55:00,71315.5,81941.6,71390.7,71280.3
2026-06-08 15:00:00,71246.2,81861.9,71369.0,71188.7
2026-06-08 15:05:00,71201.1,81810.1,71220.9,71191.8
2026-06-08 15:10:00,71284.4,81905.7,71359.9,71249.0
2026-06-08 15:15:00,71438.0,82082.3,71397.4,71457.1
2026-06-08 15:20:00,71553.6,82215.1,71488.1,71584.3
2026-06-08 15:25:00,71706.4,82390.7,71657.5,71729.3
2026-06-08 15:30:00,71797.3,82495.1,71749.1,71819.9
2026-06-08 15:35:00,71862.4,82569.9,71932.8,71829.3
2026-06-08 15:40:00,71988.6,82714.9,71925.5,72018.2
2026-06-08 15:45:00,72098.2,82840.8,72142.0,72077.6
2026-06-08 15:50:00,72236.7,82999.9,72291.0,72211.2
2026-06-08 15:55:00,72291.7,83063.2,72241.7,72315.2
2026-06-08 16:00:00,72321.7,83097.7,72342.9,72311.8
2026-06-08 16:05:00,72215.0,82975.1,72295.2,72177.5
2026-06-08 16:10:00,72367.2,83149.9,72280.8,72407.7
2026-06-08 16:15:00,72544.7,83353.9,72484.9,72572.7
2026-06-08 16:20:00,72587.8,83403.3,72634.5,72565.9
2026-06-08 16:25:00,72698.1,83530.1,72629.6,72730.1
2026-06-08 16:30:00,72771.5,83614.5,72824.4,72746.7
2026-06-08 16:35:00,72885.7,83745.7,72827.0,72913.2
2026-06-08 16:40:00,72980.4,83854.4,73011.2,72965.9
2026-06-08 16:45:00,73141.4,84039.5,73162.5,73131.6
2026-06-08 16:50:00,73209.3,84117.5,73122.8,73249.8
2026-06-08 16:55:00,73245.0,84158.5,73291.9,73223.0
2026-06-08 17:00:00,73117.0,84011.5,73173.4,73090.6
2026-06-08 17:05:00,72938.0,83805.8,72845.3,72981.4
2026-06-08 17:10:00,73017.0,83896.5,72957.5,73044.8
2026-06-08 17:15:00,73090.8,83981.4,73133.9,73070.7
2026-06-08 17:20:00,73081.2,83970.3,73112.5,73066.5
2026-06-08 17:25:00,73069.0,83956.3,73106.4,73051.5
2026-06-08 17:30:00,73052.0,83936.7,73087.5,73035.3
2026-06-08 17:35:00,73070.7,83958.3,73109.1,73052.7
2026-06-08 17:40:00,73050.6,83935.2,73092.7,73030.9
2026-06-08 17:45:00,73053.1,83938.0,73097.8,73032.2
2026-06-08 17:50:00,73013.2,83892.2,73058.8,72991.8
2026-06-08 17:55:00,72981.6,83855.8,73016.9,72965.0
2026-06-08 18:00:00,72951.9,83821.8,72975.1,72941.1
2026-06-08 18:05:00,72826.9,83678.1,72739.2,72868.0
2026-06-08 18:10:00,72895.8,83757.3,72932.4,72878.7
2026-06-08 18:15:00,72916.1,83780.6,72959.8,72895.6
2026-06-08 18:20:00,73015.9,83895.3,72941.6,73050.7
2026-06-08 18:25:00,73076.5,83964.9,73109.8,73060.9
2026-06-08 18:30:00,73083.8,83973.3,73121.3,73066.3
2026-06-08 18:35:00,73064.5,83951.1,73092.0,73051.7
2026-06-08 18:40:00,73049.3,83933.7,73079.5,73035.1
2026-06-08 18:45:00,73051.8,83936.5,73084.6,73036.4
2026-06-08 18:50:00,73009.7,83888.1,73048.5,72991.5
2026-06-08 18:55:00,72973.3,83846.3,73000.0,72960.8
2026-06-08 19:00:00,72896.2,83757.7,72944.1,72873.8
2026-06-08 19:05:00,72700.2,83532.5,72723.2,72689.4
2026-06-08 19:10:00,72614.6,83434.2,72678.1,72584.9
2026-06-08 19:15:00,72616.8,83436.7,72674.5,72589.7
2026-06-08 19:20:00,72613.3,83432.7,72670.8,72586.4
2026-06-08 19:25:00,72603.9,83421.9,72662.3,72576.6
2026-06-08 19:30:00,72509.6,83313.5,72423.5,72549.9
2026-06-08 19:35:00,72381.2,83166.0,72436.3,72355.4
2026-06-08 19:40:00,72320.9,83096.7,72241.6,72358.0
2026-06-08 19:45:00,72199.0,82956.6,72231.7,72183.7
2026-06-08 19:50:00,72103.3,82846.6,72022.2,72141.2
2026-06-08 19:55:00,71974.5,82698.7,71986.6,71968.8
2026-06-08 20:00:00,71678.7,82358.9,71740.0,71650.1
2026-06-08 20:05:00,71421.7,82063.5,71431.8,71417.0
2026-06-08 20:10:00,71263.8,81882.1,71230.5,71279.3
2026-06-08 20:15:00,71107.7,81702.7,71055.4,71132.2
2026-06-08 20:20:00,70945.9,81516.8,70878.0,70977.7
2026-06-08 20:25:00,70798.6,81347.6,70725.5,70832.9
2026-06-08 20:30:00,70614.6,81136.2,70532.0,70653.3
2026-06-08 20:35:00,70423.5,80916.7,70414.8,70427.6
2026-06-08 20:40:00,70249.1,80716.2,70262.3,70242.9
2026-06-08 20:45:00,70082.3,80524.5,70051.4,70096.8
2026-06-08 20:50:00,69852.8,80260.8,69818.7,69868.7
2026-06-08 20:55:00,69566.1,79931.5,69578.9,69560.1
2026-06-08 21:00:00,69250.3,79568.5,69282.2,69235.3
2026-06-08 21:05:00,68991.0,79270.6,68946.6,69011.8
2026-06-08 21:10:00,68807.8,79060.2,68778.3,68821.6
2026-06-08 21:15:00,68623.5,78848.5,68667.3,68603.1
2026-06-08 21:20:00,68394.1,78584.9,68422.7,68380.8
2026-06-08 21:25:00,68164.6,78321.1,68144.6,68174.0
2026-06-08 21:30:00,67935.3,78057.7,67939.8,67933.2
2026-06-08 21:35:00,67671.9,77755.0,67729.3,67644.9
2026-06-08 21:40:00,67413.7,77458.4,67409.9,67415.6
2026-06-08 21:45:00,67216.7,77232.0,67220.0,67215.1
2026-06-08 21:50:00,66979.4,76959.4,66985.9,66976.4
2026-06-08 21:55:00,66726.1,76668.3,66778.0,66701.8
2026-06-08 22:00:00,66442.2,76342.1,66430.8,66447.6
2026-06-08 22:05:00,66431.9,76330.2,66423.8,66435.6
2026-06-08 22:10:00,66352.6,76239.2,66355.3,66351.4
2026-06-08 22:15:00,66198.1,76061.6,66225.8,66185.1
2026-06-08 22:20:00,66001.3,75835.5,66038.0,65984.1
2026-06-08 22:25:00,65785.5,75587.5,65778.5,65788.7
2026-06-08 22:30:00,65505.2,75265.5,65555.4,65481.7
2026-06-08 22:35:00,65279.0,75005.5,65297.7,65270.2
2026-06-08 22:40:00,65111.4,74813.0,65095.0,65119.1
2026-06-08 22:45:00,64914.0,74586.2,64902.6,64919.3
2026-06-08 22:50:00,64718.6,74361.6,64694.9,64729.6
2026-06-08 22:55:00,64552.0,74170.2,64527.2,64563.5
2026-06-08 23:00:00,64497.2,74107.3,64461.6,64513.9
2026-06-08 23:05:00,64806.9,74463.1,64830.7,64795.7
2026-06-08 23:10:00,64770.5,74421.3,64769.9,64770.8
2026-06-08 23:15:00,64591.9,74216.1,64619.2,64579.1
2026-06-08 23:20:00,64470.7,74076.8,64406.0,64501.0
2026-06-08 23:25:00,64281.2,73859.1,64292.9,64275.7
2026-06-08 23:30:00,63930.7,73456.3,63974.3,63910.2
2026-06-08 23:35:00,63608.3,73086.0,63616.0,63604.7
2026-06-08 23:40:00,63220.1,72639.9,63218.4,63220.9
2026-06-08 23:45:00,62899.7,72271.8,62854.6,62920.8
2026-06-08 23:50:00,62564.6,71886.7,62556.0,62568.6
2026-06-08 23:55:00,62111.9,71366.6,62130.6,62103.1
2026-06-09 00:00:00,61505.1,70669.4,61531.0,61493.0
2026-06-09 00:05:00,61319.8,70456.4,61322.5,61318.5
2026-06-09 00:10:00,60992.3,70080.2,60959.9,61007.5
2026-06-09 00:15:00,60619.0,69651.2,60661.8,60599.0
2026-06-09 00:20:00,60306.8,69292.5,60320.5,60300.4
2026-06-09 00:25:00,60071.1,69021.7,60048.0,60081.9
2026-06-09 00:30:00,59819.9,68733.0,59821.5,59819.1
2026-06-09 00:35:00,59553.2,68426.6,59597.8,59532.3
2026-06-09 00:40:00,59278.7,68111.3,59351.2,59244.8
2026-06-09 00:45:00,59024.7,67819.4,59097.0,58990.9
2026-06-09 00:50:00,58811.8,67574.7,58823.2,58806.4
2026-06-09 00:55:00,58568.0,67294.6,58607.5,58549.5
2026-06-09 01:00:00,58446.3,67154.8,58381.1,58476.9
2026-06-09 01:05:00,58377.0,67075.2,58354.3,58387.6
2026-06-09 01:10:00,58245.6,66924.3,58236.1,58250.1
2026-06-09 01:15:00,58077.9,66731.5,58109.6,58063.1
2026-06-09 01:20:00,57935.6,66568.0,57919.5,57943.1
2026-06-09 01:25:00,57866.3,66488.4,57807.2,57893.9
2026-06-09 01:30:00,57799.5,66411.6,57776.0,57810.5
2026-06-09 01:35:00,57699.5,66296.7,57713.3,57693.0
2026-06-09 01:40:00,57643.0,66231.8,57630.9,57648.6
2026-06-09 01:45:00,57614.6,66199.1,57535.9,57651.4
2026-06-09 01:50:00,57582.4,66162.2,57554.3,57595.5
2026-06-09 01:55:00,57537.9,66111.0,57554.2,57530.2
2026-06-09 02:00:00,57495.4,66062.2,57402.6,57538.9
2026-06-09 02:05:00,57445.3,66004.6,57469.4,57434.0
2026-06-09 02:10:00,57409.3,65963.3,57367.3,57429.0
2026-06-09 02:15:00,57368.5,65916.4,57360.6,57372.2
2026-06-09 02:20:00,57298.8,65836.3,57287.3,57304.1
2026-06-09 02:25:00,57262.1,65794.2,57263.5,57261.4
2026-06-09 02:30:00,57208.0,65732.0,57170.7,57225.5
2026-06-09 02:35:00,57173.3,65692.1,57202.3,57159.7
2026-06-09 02:40:00,57122.2,65633.4,57088.8,57137.9
2026-06-09 02:45:00,57061.4,65563.6,57088.4,57048.8
2026-06-09 02:50:00,57027.9,65525.1,56981.7,57049.6
2026-06-09 02:55:00,56968.4,65456.7,56985.7,56960.2
2026-06-09 03:00:00,56891.1,65367.9,56877.9,56897.3
2026-06-09 03:05:00,56880.5,65355.7,56874.2,56883.5
2026-06-09 03:10:00,56857.8,65329.7,56851.9,56860.7
2026-06-09 03:15:00,56854.2,65325.5,56837.9,56861.9
2026-06-09 03:20:00,56791.9,65253.9,56837.0,56770.8
2026-06-09 03:25:00,56754.3,65210.6,56748.4,56757.0
2026-06-09 03:30:00,56694.2,65141.7,56740.2,56672.7
2026-06-09 03:35:00,56646.8,65087.2,56656.2,56642.4
2026-06-09 03:40:00,56632.8,65071.1,56639.1,56629.9
2026-06-09 03:45:00,56617.5,65053.5,56578.6,56635.7
2026-06-09 03:50:00,56615.6,65051.3,56572.8,56635.7
2026-06-09 03:55:00,56553.3,64979.7,56573.3,56543.9
2026-06-09 04:00:00,56596.5,65029.4,56589.4,56599.9
2026-06-09 04:05:00,56720.4,65171.7,56672.9,56742.6
2026-06-09 04:10:00,56762.9,65220.5,56700.3,56792.2
2026-06-09 04:15:00,56791.5,65253.4,56786.5,56793.8
2026-06-09 04:20:00,56835.6,65304.1,56781.5,56861.0
2026-06-09 04:25:00,56870.0,65343.7,56880.4,56865.2
2026-06-09 04:30:00,56925.4,65407.3,56878.0,56947.6
2026-06-09 04:35:00,56986.8,65477.9,57001.8,56979.8
2026-06-09 04:40:00,57007.9,65502.0,56968.9,57026.1
2026-06-09 04:45:00,57038.3,65537.0,57067.4,57024.6
2026-06-09 04:50:00,57066.6,65569.5,57060.4,57069.5
2026-06-09 04:55:00,57123.0,65634.3,57059.9,57152.5
2026-06-09 05:00:00,57203.8,65727.2,57219.1,57196.7
2026-06-09 05:05:00,57398.0,65950.3,57404.4,57395.0
2026-06-09 05:10:00,57519.5,66089.9,57533.6,57512.9
2026-06-09 05:15:00,57606.6,66190.0,57637.6,57592.0
2026-06-09 05:20:00,57701.2,66298.7,57737.9,57684.0
2026-06-09 05:25:00,57779.2,66388.3,57824.6,57757.9
2026-06-09 05:30:00,57875.3,66498.7,57904.2,57861.8
2026-06-09 05:35:00,58025.2,66670.9,58081.2,57998.9
2026-06-09 05:40:00,58138.6,66801.3,58121.7,58146.5
2026-06-09 05:45:00,58271.7,66954.2,58292.1,58262.1
2026-06-09 05:50:00,58377.5,67075.7,58403.2,58365.5
2026-06-09 05:55:00,58537.3,67259.3,58520.5,58545.2
2026-06-09 06:00:00,58832.3,67598.3,58846.7,58825.5
2026-06-09 06:05:00,59259.7,68089.4,59241.9,59268.1
2026-06-09 06:10:00,59552.7,68426.1,59572.3,59543.5
2026-06-09 06:15:00,59779.7,68686.9,59790.9,59774.5
2026-06-09 06:20:00,59989.3,68927.7,59959.3,60003.4
2026-06-09 06:25:00,60217.6,69190.0,60166.0,60241.7
2026-06-09 06:30:00,60441.9,69447.7,60415.6,60454.2
2026-06-09 06:35:00,60709.1,69754.8,60661.8,60731.2
2026-06-09 06:40:00,60897.0,69970.6,60931.2,60880.9
2026-06-09 06:45:00,61090.1,70192.6,61133.3,61069.9
2026-06-09 06:50:00,61320.8,70457.6,61323.1,61319.8
2026-06-09 06:55:00,61535.7,70704.5,61508.5,61548.4
2026-06-09 07:00:00,61950.4,71181.0,61910.8,61969.0
2026-06-09 07:05:00,62553.8,71874.3,62516.0,62571.5
2026-06-09 07:10:00,62917.1,72291.8,62872.6,62938.0
2026-06-09 07:15:00,63260.7,72686.6,63258.7,63261.7
2026-06-09 07:20:00,63527.9,72993.6,63528.7,63527.6
2026-06-09 07:25:00,63762.0,73262.5,63809.4,63739.8
2026-06-09 07:30:00,63958.9,73488.8,63973.9,63951.9
2026-06-09 07:35:00,64236.9,73808.2,64219.0,64245.2
2026-06-09 07:40:00,64472.7,74079.1,64455.0,64481.0
2026-06-09 07:45:00,64679.6,74316.9,64749.8,64646.8
2026-06-09 07:50:00,64969.7,74650.2,64979.4,64965.2
2026-06-09 07:55:00,65236.6,74956.9,65233.3,65238.2
2026-06-09 08:00:00,65634.0,75413.5,65639.2,65631.6
2026-06-09 08:05:00,66235.5,76104.6,66241.4,66232.8
2026-06-09 08:10:00,66711.9,76651.9,66674.8,66729.2
2026-06-09 08:15:00,67136.4,77139.7,67100.9,67153.0
2026-06-09 08:20:00,67494.2,77550.8,67487.3,67497.4
2026-06-09 08:25:00,67887.1,78002.3,67921.4,67871.0
2026-06-09 08:30:00,68188.5,78348.6,68183.8,68190.7
2026-06-09 08:35:00,68524.9,78735.2,68548.0,68514.2
2026-06-09 08:40:00,68832.0,79088.0,68755.4,68867.9
2026-06-09 08:45:00,69102.5,79398.8,69086.4,69110.0
2026-06-09 08:50:00,69307.9,79634.8,69306.9,69308.4
2026-06-09 08:55:00,69478.9,79831.3,69559.3,69441.3
2026-06-09 09:00:00,69507.8,79864.5,69434.1,69542.4
2026-06-09 09:05:00,69653.4,80031.8,69619.4,69669.4
2026-06-09 09:10:00,69798.1,80198.0,69827.0,69784.5
2026-06-09 09:15:00,69936.8,80357.3,69980.8,69916.1
2026-06-09 09:20:00,70088.0,80531.1,70019.9,70119.8
2026-06-09 09:25:00,70197.2,80656.6,70126.7,70230.2
2026-06-09 09:30:00,70284.4,80756.8,70245.7,70302.6
2026-06-09 09:35:00,70335.2,80815.2,70379.7,70314.4
2026-06-09 09:40:00,70399.2,80888.7,70335.6,70429.0
2026-06-09 09:45:00,70367.1,80851.8,70337.9,70380.8
2026-06-09 09:50:00,70314.7,80791.5,70285.6,70328.3
2026-06-09 09:55:00,70219.6,80682.3,70276.8,70192.7
2026-06-09 10:00:00,70106.9,80552.9,70119.0,70101.3
2026-06-09 10:05:00,70148.8,80601.0,70135.3,70155.1
2026-06-09 10:10:00,70269.3,80739.4,70309.5,70250.5
2026-06-09 10:15:00,70498.8,81003.2,70518.5,70489.6
2026-06-09 10:20:00,70615.3,81137.0,70543.4,70649.0
2026-06-09 10:25:00,70722.3,81260.0,70691.4,70736.8
2026-06-09 10:30:00,70743.4,81284.2,70730.0,70749.7
2026-06-09 10:35:00,70776.7,81322.4,70766.8,70781.3
2026-06-09 10:40:00,70864.8,81423.7,70744.7,70921.1
2026-06-09 10:45:00,70921.2,81488.5,70920.3,70921.6
2026-06-09 10:50:00,70975.6,81551.0,70892.3,71014.7
2026-06-09 10:55:00,70946.3,81517.3,70859.8,70986.9
2026-06-09 11:00:00,70808.3,81358.7,70707.3,70855.6
2026-06-09 11:05:00,70764.4,81308.2,70708.9,70790.3
2026-06-09 11:10:00,70795.5,81344.0,70718.4,70831.6
2026-06-09 11:15:00,70802.2,81351.7,70737.9,70832.3
2026-06-09 11:20:00,70778.5,81324.5,70695.6,70817.3
2026-06-09 11:25:00,70788.7,81336.2,70707.7,70826.6
2026-06-09 11:30:00,70708.0,81243.5,70616.5,70750.9
2026-06-09 11:35:00,70628.3,81151.9,70652.4,70617.0
2026-06-09 11:40:00,70555.9,81068.8,70455.0,70603.2
2026-06-09 11:45:00,70479.4,80980.8,70456.9,70489.9
2026-06-09 11:50:00,70221.5,80684.5,70154.1,70253.0
2026-06-09 11:55:00,69819.1,80222.2,69810.0,69823.4
2026-06-09 12:00:00,69348.7,79681.7,69334.1,69355.6
2026-06-09 12:05:00,69368.5,79704.5,69316.7,69392.8
2026-06-09 12:10:00,69402.5,79743.5,69342.1,69430.8
2026-06-09 12:15:00,69430.2,79775.3,69439.8,69425.6
2026-06-09 12:20:00,69432.7,79778.2,69448.8,69425.1
2026-06-09 12:25:00,69430.4,79775.5,69434.7,69428.4
2026-06-09 12:30:00,69353.6,79687.3,69351.3,69354.7
2026-06-09 12:35:00,69386.7,79725.3,69344.3,69406.5
2026-06-09 12:40:00,69469.2,79820.2,69518.6,69446.1
2026-06-09 12:45:00,69585.8,79954.1,69555.4,69600.0
2026-06-09 12:50:00,69849.0,80256.6,69780.9,69881.0
2026-06-09 12:55:00,70097.5,80542.0,70076.0,70107.6
2026-06-09 13:00:00,70531.6,81040.8,70478.0,70556.6
2026-06-09 13:05:00,70937.5,81507.2,70878.3,70965.3
2026-06-09 13:10:00,71385.5,82022.0,71280.8,71434.6
2026-06-09 13:15:00,71676.8,82356.6,71615.0,71705.7
2026-06-09 13:20:00,71895.8,82608.2,71868.2,71908.7
2026-06-09 13:25:00,72171.2,82924.7,72101.8,72203.8
2026-06-09 13:30:00,72400.1,83187.7,72440.2,72381.4
2026-06-09 13:35:00,72714.6,83549.0,72645.4,72747.0
2026-06-09 13:40:00,72889.6,83750.2,72935.4,72868.2
2026-06-09 13:45:00,73005.8,83883.7,73051.8,72984.2
2026-06-09 13:50:00,73059.7,83945.6,73116.8,73033.0
2026-06-09 13:55:00,73112.2,84005.9,73140.2,73099.1
2026-06-09 14:00:00,73194.4,84100.4,73076.0,73249.9
2026-06-09 14:05:00,73247.1,84160.9,73288.4,73227.7
2026-06-09 14:10:00,73326.2,84251.8,73354.6,73312.9
2026-06-09 14:15:00,73458.8,84404.1,73371.3,73499.8
2026-06-09 14:20:00,73499.2,84450.6,73551.6,73474.7
2026-06-09 14:25:00,73604.7,84571.8,73534.1,73637.7
2026-06-09 14:30:00,73626.5,84596.8,73681.0,73601.0
2026-06-09 14:35:00,73601.8,84568.5,73683.8,73563.4
2026-06-09 14:40:00,73601.8,84568.5,73695.4,73558.0
2026-06-09 14:45:00,73593.5,84559.0,73706.5,73540.6
2026-06-09 14:50:00,73583.2,84547.2,73677.9,73538.9
2026-06-09 14:55:00,73552.1,84511.4,73640.5,73510.8
2026-06-09 15:00:00,73483.4,84432.4,73604.1,73426.8
2026-06-09 15:05:00,73435.4,84377.3,73396.3,73453.8
2026-06-09 15:10:00,73503.9,84456.0,73562.8,73476.3
2026-06-09 15:15:00,73680.8,84659.2,73638.9,73700.4
2026-06-09 15:20:00,73859.9,84865.0,73783.9,73895.5
2026-06-09 15:25:00,74026.8,85056.8,73976.1,74050.5
2026-06-09 15:30:00,74173.6,85225.4,74076.8,74218.9
2026-06-09 15:35:00,74282.1,85350.2,74292.8,74277.2
2026-06-09 15:40:00,74454.3,85548.0,74496.5,74434.5
2026-06-09 15:45:00,74703.8,85834.6,74731.0,74691.0
2026-06-09 15:50:00,74842.4,85993.9,74904.4,74813.4
2026-06-09 15:55:00,75010.2,86186.7,75033.8,74999.1
2026-06-09 16:00:00,75099.5,86289.4,74973.2,75158.7
2026-06-09 16:05:00,75067.4,86252.4,75164.0,75022.1
2026-06-09 16:10:00,75262.6,86476.8,75293.4,75248.3
2026-06-09 16:15:00,75470.7,86715.8,75506.3,75453.9
2026-06-09 16:20:00,75671.7,86946.8,75688.8,75663.7
2026-06-09 16:25:00,75921.4,87233.6,75911.9,75925.8
2026-06-09 16:30:00,76142.5,87487.7,76126.9,76149.8
2026-06-09 16:35:00,76388.3,87770.1,76404.9,76380.5
2026-06-09 16:40:00,76550.8,87956.9,76591.6,76531.7
2026-06-09 16:45:00,76759.8,88197.1,76795.2,76743.3
2026-06-09 16:50:00,76983.4,88454.0,76864.6,77039.1
2026-06-09 16:55:00,77032.6,88510.4,77024.6,77036.4
2026-06-09 17:00:00,77071.0,88554.6,77084.5,77064.7
2026-06-09 17:05:00,77005.8,88479.6,77016.1,77001.0
2026-06-09 17:10:00,77205.4,88709.0,77223.4,77197.0
2026-06-09 17:15:00,77226.3,88733.0,77233.7,77222.8
2026-06-09 17:20:00,77353.0,88878.6,77215.1,77417.6
2026-06-09 17:25:00,77379.9,88909.5,77390.4,77375.0
2026-06-09 17:30:00,77357.7,88884.0,77333.9,77368.8
2026-06-09 17:35:00,77371.3,88899.6,77356.1,77378.4
2026-06-09 17:40:00,77297.2,88814.5,77351.1,77272.0
2026-06-09 17:45:00,77381.3,88911.1,77355.3,77393.5
2026-06-09 17:50:00,77330.7,88853.0,77312.6,77339.2
2026-06-09 17:55:00,77270.6,88783.9,77242.3,77283.9
2026-06-09 18:00:00,77246.0,88755.7,77179.9,77277.0
2026-06-09 18:05:00,77186.8,88687.7,77145.8,77206.0
2026-06-09 18:10:00,77153.8,88649.7,77131.1,77164.4
2026-06-09 18:15:00,77179.6,88679.4,77167.7,77185.2
2026-06-09 18:20:00,77164.3,88661.8,77125.5,77182.5
2026-06-09 18:25:00,77162.0,88659.1,77112.9,77184.9
2026-06-09 18:30:00,77178.4,88678.0,77129.8,77201.2
2026-06-09 18:35:00,77159.2,88655.9,77100.9,77186.5
2026-06-09 18:40:00,77146.9,88641.8,77088.4,77174.3
2026-06-09 18:45:00,77149.3,88644.6,77093.5,77175.5
2026-06-09 18:50:00,77096.7,88584.1,77055.7,77116.0
2026-06-09 18:55:00,77028.4,88505.6,76983.0,77049.6
2026-06-09 19:00:00,76961.6,88428.9,76913.3,76984.3
2026-06-09 19:05:00,76635.7,88054.5,76672.4,76618.6
2026-06-09 19:10:00,76568.7,87977.5,76576.5,76565.1
2026-06-09 19:15:00,76561.0,87968.6,76583.5,76550.5
2026-06-09 19:20:00,76574.9,87984.6,76582.0,76571.6
2026-06-09 19:25:00,76549.7,87955.6,76553.5,76547.9
2026-06-09 19:30:00,76522.1,87923.9,76537.3,76515.0
2026-06-09 19:35:00,76332.4,87705.9,76331.7,76332.7
2026-06-09 19:40:00,76332.9,87706.5,76327.9,76335.3
2026-06-09 19:45:00,76335.6,87709.6,76333.6,76336.5
2026-06-09 19:50:00,76297.5,87665.9,76300.1,76296.4
2026-06-09 19:55:00,76042.7,87373.0,76042.2,76042.9
2026-06-09 20:00:00,75722.3,87005.0,75729.4,75719.0
2026-06-09 20:05:00,75442.1,86683.0,75499.0,75415.5
2026-06-09 20:10:00,75270.3,86485.6,75357.7,75229.4
2026-06-09 20:15:00,75072.1,86257.8,75114.6,75052.2
2026-06-09 20:20:00,74859.7,86013.8,74879.0,74850.6
2026-06-09 20:25:00,74669.6,85795.3,74684.1,74662.8
2026-06-09 20:30:00,74464.0,85559.1,74452.4,74469.4
2026-06-09 20:35:00,74238.6,85300.2,74324.7,74198.3
2026-06-09 20:40:00,73960.6,84980.8,73925.4,73977.2
2026-06-09 20:45:00,73700.1,84681.4,73732.5,73684.9
2026-06-09 20:50:00,73458.1,84403.4,73515.3,73431.4
2026-06-09 20:55:00,73119.7,84014.6,73143.6,73108.5
2026-06-09 21:00:00,72817.8,83667.7,72733.6,72857.2
2026-06-09 21:05:00,72465.5,83262.9,72544.9,72428.3
2026-06-09 21:10:00,72240.5,83004.3,72274.0,72224.8
2026-06-09 21:15:00,71972.9,82696.9,71935.1,71990.6
2026-06-09 21:20:00,71723.9,82410.7,71750.5,71711.4
2026-06-09 21:25:00,71533.9,82192.5,71461.5,71567.9
2026-06-09 21:30:00,71334.1,81962.8,71298.8,71350.6
2026-06-09 21:35:00,71094.1,81687.2,71137.2,71074.0
2026-06-09 21:40:00,70878.6,81439.5,70814.3,70908.7
2026-06-09 21:45:00,70641.6,81167.2,70693.3,70617.3
2026-06-09 21:50:00,70408.5,80899.4,70355.3,70433.5
2026-06-09 21:55:00,70182.8,80640.1,70216.3,70167.2
2026-06-09 22:00:00,69892.6,80306.6,69882.5,69897.4
2026-06-09 22:05:00,69836.0,80241.6,69884.3,69813.3
2026-06-09 22:10:00,69682.7,80065.5,69668.7,69689.3
2026-06-09 22:15:00,69476.6,79828.6,69505.6,69463.0
2026-06-09 22:20:00,69268.6,79589.6,69266.6,69269.6
2026-06-09 22:25:00,69029.4,79314.8,68977.1,69053.9
2026-06-09 22:30:00,68766.1,79012.2,68709.3,68792.7
2026-06-09 22:35:00,68582.6,78801.5,68550.1,68597.9
2026-06-09 22:40:00,68387.6,78577.3,68419.3,68372.7
2026-06-09 22:45:00,68165.7,78322.4,68162.1,68167.4
2026-06-09 22:50:00,67936.9,78059.5,67948.0,67931.7
2026-06-09 22:55:00,67683.4,77768.2,67736.8,67658.3
2026-06-09 23:00:00,67503.2,77561.2,67492.8,67508.1
2026-06-09 23:05:00,67589.8,77660.6,67690.2,67542.7
2026-06-09 23:10:00,67443.2,77492.3,67535.8,67399.9
2026-06-09 23:15:00,67256.7,77278.0,67256.1,67257.0
2026-06-09 23:20:00,67047.5,77037.6,67030.4,67055.5
2026-06-09 23:25:00,66842.9,76802.5,66779.3,66872.7
2026-06-09 23:30:00,66496.1,76404.0,66449.5,66517.9
2026-06-09 23:35:00,66229.8,76098.1,66182.9,66251.8
2026-06-09 23:40:00,65926.2,75749.2,65986.9,65897.8
2026-06-09 23:45:00,65609.6,75385.4,65648.9,65591.2
2026-06-09 23:50:00,65179.3,74891.0,65236.2,65152.6
2026-06-09 23:55:00,64721.3,74364.8,64754.6,64705.7
2026-06-10 00:00:00,64089.7,73639.0,64059.6,64103.7
2026-06-10 00:05:00,63955.4,73484.8,63942.1,63961.6
2026-06-10 00:10:00,63638.2,73120.3,63587.3,63662.0
2026-06-10 00:15:00,63317.8,72752.2,63278.2,63336.3
2026-06-10 00:20:00,62868.7,72236.2,62923.3,62843.2
2026-06-10 00:25:00,62550.5,71870.5,62565.7,62543.3
2026-06-10 00:30:00,62236.6,71509.9,62235.0,62237.4
2026-06-10 00:35:00,62042.1,71286.3,62026.8,62049.2
2026-06-10 00:40:00,61880.7,71100.9,61847.1,61896.4
2026-06-10 00:45:00,61685.6,70876.8,61662.3,61696.6
2026-06-10 00:50:00,61485.7,70647.1,61463.4,61496.2
2026-06-10 00:55:00,61208.2,70328.2,61243.5,61191.7
2026-06-10 01:00:00,60973.8,70058.9,60999.4,60961.8
2026-06-10 01:05:00,60883.6,69955.3,60933.5,60860.2
2026-06-10 01:10:00,60729.5,69778.2,60762.0,60714.3
2026-06-10 01:15:00,60632.7,69666.9,60571.4,60661.3
2026-06-10 01:20:00,60451.4,69458.6,60475.6,60440.0
2026-06-10 01:25:00,60338.5,69328.9,60275.5,60368.0
2026-06-10 01:30:00,60192.6,69161.4,60190.4,60193.7
2026-06-10 01:35:00,60105.8,69061.5,60136.3,60091.5
2026-06-10 01:40:00,60021.4,68964.5,60029.4,60017.6
2026-06-10 01:45:00,59928.2,68857.5,59929.9,59927.5
2026-06-10 01:50:00,59824.1,68737.9,59802.0,59834.5
2026-06-10 01:55:00,59776.0,68682.6,59734.9,59795.2
2026-06-10 02:00:00,59740.1,68641.4,59651.8,59781.5
2026-06-10 02:05:00,59689.6,68583.4,59726.3,59672.4
2026-06-10 02:10:00,59635.2,68520.8,59587.4,59657.5
2026-06-10 02:15:00,59578.3,68455.5,59588.1,59573.7
2026-06-10 02:20:00,59498.1,68363.3,59487.0,59503.2
2026-06-10 02:25:00,59487.7,68351.3,59401.8,59527.8
2026-06-10 02:30:00,59450.7,68308.9,59404.5,59472.4
2026-06-10 02:35:00,59469.7,68330.6,59412.0,59496.6
2026-06-10 02:40:00,59397.3,68247.5,59398.6,59396.7
2026-06-10 02:45:00,59286.0,68119.6,59305.4,59277.0
2026-06-10 02:50:00,59219.5,68043.2,59233.7,59212.9
2026-06-10 02:55:00,59132.8,67943.6,59149.2,59125.1
2026-06-10 03:00:00,59046.7,67844.7,59038.3,59050.7
2026-06-10 03:05:00,59018.8,67812.6,59026.4,59015.3
2026-06-10 03:10:00,58944.2,67726.8,58983.6,58925.7
2026-06-10 03:15:00,58907.7,67684.9,58891.3,58915.3
2026-06-10 03:20:00,58863.1,67633.7,58884.0,58853.4
2026-06-10 03:25:00,58819.2,67583.3,58776.2,58839.4
2026-06-10 03:30:00,58728.8,67479.3,58749.6,58719.0
2026-06-10 03:35:00,58680.1,67423.4,58691.0,58674.9
2026-06-10 03:40:00,58634.8,67371.4,58601.2,58650.6
2026-06-10 03:45:00,58572.7,67300.0,58607.4,58556.4
2026-06-10 03:50:00,58541.3,67263.9,58504.7,58558.4
2026-06-10 03:55:00,58484.6,67198.8,58505.2,58475.0
2026-06-10 04:00:00,58512.5,67230.8,58446.7,58543.2
2026-06-10 04:05:00,58628.0,67363.6,58649.8,58617.8
2026-06-10 04:10:00,58675.7,67418.3,58680.9,58673.2
2026-06-10 04:15:00,58702.8,67449.6,58664.8,58720.6
2026-06-10 04:20:00,58728.3,67478.8,58759.2,58713.8
2026-06-10 04:25:00,58729.6,67480.3,58754.0,58718.1
2026-06-10 04:30:00,58710.2,67458.1,58752.0,58690.7
2026-06-10 04:35:00,58761.1,67516.5,58807.4,58739.4
2026-06-10 04:40:00,58769.9,67526.6,58758.8,58775.1
2026-06-10 04:45:00,58771.1,67528.0,58765.9,58773.6
2026-06-10 04:50:00,58764.2,67520.1,58758.1,58767.1
2026-06-10 04:55:00,58798.2,67559.1,58756.8,58817.5
2026-06-10 05:00:00,58866.8,67637.9,58882.2,58859.6
2026-06-10 05:05:00,59050.2,67848.7,58994.2,59076.5
2026-06-10 05:10:00,59133.3,67944.1,59121.6,59138.7
2026-06-10 05:15:00,59222.4,68046.6,59189.4,59237.9
2026-06-10 05:20:00,59349.0,68192.0,59280.5,59381.1
2026-06-10 05:25:00,59473.5,68335.1,59489.2,59466.2
2026-06-10 05:30:00,59543.5,68415.5,59585.6,59523.8
2026-06-10 05:35:00,59710.9,68607.9,59718.1,59707.6
2026-06-10 05:40:00,59824.3,68738.1,59743.4,59862.2
2026-06-10 05:45:00,59942.6,68874.0,59955.9,59936.3
2026-06-10 05:50:00,60035.5,68980.8,60063.1,60022.6
2026-06-10 05:55:00,60124.1,69082.6,60161.8,60106.5
2026-06-10 06:00:00,60377.5,69373.8,60424.7,60355.5
2026-06-10 06:05:00,60867.0,69936.1,60849.2,60875.3
2026-06-10 06:10:00,61185.7,70302.4,61185.4,61185.9
2026-06-10 06:15:00,61425.3,70577.7,61405.7,61434.5
2026-06-10 06:20:00,61619.2,70800.5,61557.2,61648.3
2026-06-10 06:25:00,61798.0,71005.9,61762.4,61814.7
2026-06-10 06:30:00,62013.6,71253.7,61964.8,62036.5
2026-06-10 06:35:00,62330.7,71618.0,62293.6,62348.1
2026-06-10 06:40:00,62581.0,71905.6,62560.9,62590.4
2026-06-10 06:45:00,62842.1,72205.5,62828.6,62848.3
2026-06-10 06:50:00,63014.3,72403.4,63025.1,63009.2
2026-06-10 06:55:00,63198.2,72614.7,63198.4,63198.1
2026-06-10 07:00:00,63604.4,73081.5,63613.1,63600.4
2026-06-10 07:05:00,64190.4,73754.7,64111.5,64227.3
2026-06-10 07:10:00,64607.3,74233.8,64588.2,64616.3
2026-06-10 07:15:00,64970.0,74650.5,64942.7,64982.8
2026-06-10 07:20:00,65245.6,74967.2,65302.4,65219.0
2026-06-10 07:25:00,65499.4,75258.8,65566.0,65468.3
2026-06-10 07:30:00,65712.4,75503.5,65694.7,65720.7
2026-06-10 07:35:00,65987.3,75819.4,65991.7,65985.2
2026-06-10 07:40:00,66194.4,76057.4,66203.1,66190.3
2026-06-10 07:45:00,66419.3,76315.8,66430.1,66414.3
2026-06-10 07:50:00,66646.0,76576.2,66629.8,66653.6
2026-06-10 07:55:00,66885.2,76851.1,66924.3,66866.9
2026-06-10 08:00:00,67363.5,77400.6,67316.8,67385.3
2026-06-10 08:05:00,68053.6,78193.6,67943.4,68105.2
2026-06-10 08:10:00,68482.5,78686.4,68528.9,68460.7
2026-06-10 08:15:00,68933.9,79205.0,68907.3,68946.4
2026-06-10 08:20:00,69354.8,79688.6,69381.2,69342.3
2026-06-10 08:25:00,69778.4,80175.4,69775.8,69779.6
2026-06-10 08:30:00,70140.7,80591.7,70186.9,70119.1
2026-06-10 08:35:00,70518.3,81025.6,70644.1,70459.4
2026-06-10 08:40:00,70743.3,81284.0,70762.6,70734.3
2026-06-10 08:45:00,71037.3,81621.9,71044.3,71034.0
2026-06-10 08:50:00,71239.2,81853.9,71305.6,71208.1
2026-06-10 08:55:00,71423.6,82065.7,71443.0,71414.5
2026-06-10 09:00:00,71389.3,82026.3,71339.9,71412.4
2026-06-10 09:05:00,71499.1,82152.5,71496.8,71500.2
2026-06-10 09:10:00,71602.6,82271.4,71684.4,71564.3
2026-06-10 09:15:00,71777.3,82472.2,71859.7,71738.8
2026-06-10 09:20:00,71909.2,82623.7,71935.0,71897.1
2026-06-10 09:25:00,72011.0,82740.6,71954.4,72037.5
2026-06-10 09:30:00,72131.3,82878.9,72040.2,72174.0
2026-06-10 09:35:00,72174.4,82928.4,72220.1,72153.0
2026-06-10 09:40:00,72210.1,82969.4,72155.7,72235.6
2026-06-10 09:45:00,72192.4,82949.1,72157.2,72208.9
2026-06-10 09:50:00,72161.5,82913.6,72133.3,72174.7
2026-06-10 09:55:00,72057.6,82794.2,72090.1,72042.4
2026-06-10 10:00:00,71949.4,82669.9,71898.9,71973.1
2026-06-10 10:05:00,72011.3,82741.0,72082.3,71978.0
2026-06-10 10:10:00,72146.1,82895.9,72073.8,72180.0
2026-06-10 10:15:00,72336.5,83114.7,72361.1,72325.0
2026-06-10 10:20:00,72405.8,83194.3,72377.1,72419.3
2026-06-10 10:25:00,72473.7,83272.2,72366.3,72523.9
2026-06-10 10:30:00,72436.5,83229.6,72456.8,72427.1
2026-06-10 10:35:00,72470.0,83268.0,72495.8,72457.9
2026-06-10 10:40:00,72455.4,83251.3,72473.7,72446.9
2026-06-10 10:45:00,72459.1,83255.5,72485.1,72446.9
2026-06-10 10:50:00,72432.9,83225.4,72458.9,72420.7
2026-06-10 10:55:00,72405.0,83193.4,72428.0,72394.3
2026-06-10 11:00:00,72220.5,82981.4,72104.3,72275.0
2026-06-10 11:05:00,72174.8,82928.8,72112.0,72204.2
2026-06-10 11:10:00,72181.9,82937.0,72092.1,72223.9
2026-06-10 11:15:00,72190.3,82946.7,72108.6,72228.6
2026-06-10 11:20:00,72146.2,82896.0,72065.3,72184.2
2026-06-10 11:25:00,72050.0,82785.4,72062.8,72044.0
2026-06-10 11:30:00,71895.6,82608.0,71799.5,71940.6
2026-06-10 11:35:00,71764.1,82457.0,71658.8,71813.5
2026-06-10 11:40:00,71627.8,82300.3,71622.5,71630.3
2026-06-10 11:45:00,71465.3,82113.6,71442.9,71475.8
2026-06-10 11:50:00,71144.0,81744.5,71154.4,71139.2
2026-06-10 11:55:00,70673.9,81204.3,70724.3,70650.3
2026-06-10 12:00:00,70092.6,80536.4,70067.9,70104.2
2026-06-10 12:05:00,70136.0,80586.3,70095.5,70155.0
2026-06-10 12:10:00,70191.5,80650.1,70221.7,70177.4
2026-06-10 12:15:00,70159.2,80612.9,70204.6,70137.8
2026-06-10 12:20:00,70154.1,80607.1,70216.8,70124.7
2026-06-10 12:25:00,70161.4,80615.5,70198.7,70144.0
2026-06-10 12:30:00,70103.6,80549.0,70118.0,70096.8
2026-06-10 12:35:00,70172.1,80627.7,70103.7,70204.1
2026-06-10 12:40:00,70173.0,80628.8,70303.7,70111.8
2026-06-10 12:45:00,70249.9,80717.2,70334.6,70210.3
2026-06-10 12:50:00,70458.1,80956.4,70451.1,70461.4
2026-06-10 12:55:00,70713.6,81249.9,70770.9,70686.7
2026-06-10 13:00:00,71212.1,81822.6,71191.0,71221.9
2026-06-10 13:05:00,71634.9,82308.5,71652.8,71626.5
2026-06-10 13:10:00,72024.8,82756.5,72044.9,72015.4
2026-06-10 13:15:00,72369.9,83153.0,72289.6,72407.5
2026-06-10 13:20:00,72671.2,83499.2,72566.4,72720.2
2026-06-10 13:25:00,72935.3,83802.7,72934.8,72935.5
2026-06-10 13:30:00,73147.8,84046.8,73108.9,73166.0
2026-06-10 13:35:00,73436.8,84378.9,73493.8,73410.1
2026-06-10 13:40:00,73518.0,84472.2,73588.1,73485.1
2026-06-10 13:45:00,73698.2,84679.2,73728.7,73683.9
2026-06-10 13:50:00,73820.9,84820.2,73863.9,73800.8
2026-06-10 13:55:00,73939.1,84956.0,73870.1,73971.4
2026-06-10 14:00:00,73983.7,85007.2,73993.8,73979.0
2026-06-10 14:05:00,73971.1,84992.8,73996.0,73959.4
2026-06-10 14:10:00,74037.2,85068.8,74051.6,74030.5
2026-06-10 14:15:00,74178.5,85231.1,74054.7,74236.5
2026-06-10 14:20:00,74260.5,85325.3,74229.1,74275.2
2026-06-10 14:25:00,74394.3,85479.1,74446.2,74370.0
2026-06-10 14:30:00,74383.3,85466.4,74428.6,74362.1
2026-06-10 14:35:00,74390.8,85475.1,74432.1,74371.5
2026-06-10 14:40:00,74384.0,85467.2,74418.1,74368.0
2026-06-10 14:45:00,74382.8,85465.8,74415.7,74367.3
2026-06-10 14:50:00,74371.0,85452.3,74388.2,74362.9
2026-06-10 14:55:00,74336.4,85412.6,74354.5,74328.0
2026-06-10 15:00:00,74279.0,85346.6,74327.6,74256.2
2026-06-10 15:05:00,74294.0,85363.8,74325.9,74279.0
2026-06-10 15:10:00,74437.8,85529.0,74454.1,74430.2
2026-06-10 15:15:00,74648.3,85770.8,74561.3,74689.0
2026-06-10 15:20:00,74896.2,86055.8,74931.5,74879.7
2026-06-10 15:25:00,75083.2,86270.5,75126.0,75063.1
2026-06-10 15:30:00,75249.0,86461.1,75299.1,75225.6
2026-06-10 15:35:00,75456.2,86699.2,75512.4,75429.9
2026-06-10 15:40:00,75699.2,86978.4,75721.1,75689.0
2026-06-10 15:45:00,75996.0,87319.4,75952.7,76016.3
2026-06-10 15:50:00,76188.8,87540.9,76180.4,76192.7
2026-06-10 15:55:00,76379.9,87760.5,76382.1,76378.9
2026-06-10 16:00:00,76508.0,87907.6,76507.2,76508.3
2026-06-10 16:05:00,76406.0,87790.5,76454.8,76383.1
2026-06-10 16:10:00,76540.7,87945.3,76591.1,76517.1
2026-06-10 16:15:00,76744.4,88179.3,76625.7,76800.0
2026-06-10 16:20:00,76888.6,88345.0,76850.7,76906.3
2026-06-10 16:25:00,77080.6,88565.6,77121.0,77061.7
2026-06-10 16:30:00,77287.6,88803.5,77305.7,77279.1
2026-06-10 16:35:00,77489.8,89035.7,77495.9,77486.9
2026-06-10 16:40:00,77724.8,89305.8,77740.4,77717.5
2026-06-10 16:45:00,77932.4,89544.4,77974.1,77912.9
2026-06-10 16:50:00,78119.9,89759.8,78153.0,78104.4
2026-06-10 16:55:00,78136.2,89778.5,78106.0,78150.3
2026-06-10 17:00:00,78008.9,89632.2,77929.2,78046.3
2026-06-10 17:05:00,77920.1,89530.2,77838.7,77958.2
2026-06-10 17:10:00,78065.4,89697.1,77864.6,78159.5
2026-06-10 17:15:00,78142.6,89785.9,78147.1,78140.5
2026-06-10 17:20:00,78113.6,89752.6,78134.4,78103.9
2026-06-10 17:25:00,78069.7,89702.0,78082.6,78063.6
2026-06-10 17:30:00,78064.5,89696.2,78062.9,78065.3
2026-06-10 17:35:00,78094.3,89730.3,78124.3,78080.2
2026-06-10 17:40:00,78086.8,89721.7,78098.3,78081.4
2026-06-10 17:45:00,78065.2,89696.9,78090.7,78053.2
2026-06-10 17:50:00,78029.0,89655.4,78051.0,78018.7
2026-06-10 17:55:00,77910.8,89519.5,77951.2,77891.8
2026-06-10 18:00:00,77722.6,89303.2,77646.4,77758.2
2026-06-10 18:05:00,77665.3,89237.5,77620.4,77686.4
2026-06-10 18:10:00,77609.0,89172.7,77594.2,77615.9
2026-06-10 18:15:00,77586.8,89147.2,77630.7,77566.2
2026-06-10 18:20:00,77628.0,89194.5,77614.5,77634.3
2026-06-10 18:25:00,77615.5,89180.2,77595.7,77624.8
2026-06-10 18:30:00,77621.7,89187.4,77610.1,77627.2
2026-06-10 18:35:00,77604.0,89167.0,77586.1,77612.4
2026-06-10 18:40:00,77591.1,89152.2,77571.8,77600.2
2026-06-10 18:45:00,77593.6,89155.0,77576.9,77601.4
2026-06-10 18:50:00,77557.4,89113.4,77537.4,77566.7
2026-06-10 18:55:00,77431.2,88968.4,77469.9,77413.1
2026-06-10 19:00:00,77152.2,88647.8,77173.6,77142.1
2026-06-10 19:05:00,76897.4,88355.2,76903.2,76894.8
2026-06-10 19:10:00,76796.7,88239.4,76793.4,76798.2
2026-06-10 19:15:00,76802.6,88246.2,76795.7,76805.8
2026-06-10 19:20:00,76800.1,88243.3,76795.2,76802.3
2026-06-10 19:25:00,76772.1,88211.1,76768.6,76773.7
2026-06-10 19:30:00,76759.9,88197.2,76747.9,76765.6
2026-06-10 19:35:00,76616.4,88032.2,76540.0,76652.2
2026-06-10 19:40:00,76497.5,87895.6,76535.0,76479.9
2026-06-10 19:45:00,76299.2,87667.8,76320.2,76289.4
2026-06-10 19:50:00,76044.6,87375.3,76060.1,76037.4
2026-06-10 19:55:00,75753.5,87040.7,75792.5,75735.2
2026-06-10 20:00:00,75489.0,86736.9,75531.9,75468.9
2026-06-10 20:05:00,75275.8,86491.9,75241.6,75291.8
2026-06-10 20:10:00,75097.0,86286.4,75127.7,75082.6
2026-06-10 20:15:00,74886.4,86044.5,74907.6,74876.5
2026-06-10 20:20:00,74696.5,85826.3,74711.5,74689.5
2026-06-10 20:25:00,74515.2,85618.0,74522.1,74512.0
2026-06-10 20:30:00,74308.8,85380.8,74312.4,74307.1
2026-06-10 20:35:00,74051.0,85084.6,74125.6,74016.1
2026-06-10 20:40:00,73807.5,84804.8,73731.9,73842.9
2026-06-10 20:45:00,73506.2,84458.6,73564.4,73478.9
2026-06-10 20:50:00,73262.7,84178.9,73171.2,73305.6
2026-06-10 20:55:00,72954.5,83824.7,72989.5,72938.0
2026-06-10 21:00:00,72633.3,83455.6,72589.5,72653.8
2026-06-10 21:05:00,72340.1,83118.8,72384.2,72319.4
2026-06-10 21:10:00,72121.9,82868.0,72104.5,72130.0
2026-06-10 21:15:00,71889.8,82601.4,71912.8,71879.1
2026-06-10 21:20:00,71681.2,82361.8,71602.2,71718.3
2026-06-10 21:25:00,71399.5,82038.0,71466.7,71368.0
2026-06-10 21:30:00,71200.3,81809.1,71164.3,71217.1
2026-06-10 21:35:00,70940.1,81510.2,70977.7,70922.5
2026-06-10 21:40:00,70715.2,81251.8,70679.7,70731.8
2026-06-10 21:45:00,70471.8,80972.1,70531.5,70443.8
2026-06-10 21:50:00,70262.7,80731.8,70218.2,70283.5
2026-06-10 21:55:00,70036.0,80471.4,70090.0,70010.7
2026-06-10 22:00:00,69752.4,80145.5,69767.7,69745.2
2026-06-10 22:05:00,69691.7,80075.7,69770.0,69655.0
2026-06-10 22:10:00,69582.5,79950.3,69558.2,69593.8
2026-06-10 22:15:00,69377.8,79715.1,69398.2,69368.3
2026-06-10 22:20:00,69179.1,79486.8,69147.5,69194.0
2026-06-10 22:25:00,68954.0,79228.1,68971.9,68945.6
2026-06-10 22:30:00,68716.4,78955.1,68719.3,68715.0
2026-06-10 22:35:00,68501.1,78707.7,68559.1,68473.9
2026-06-10 22:40:00,68320.7,78500.4,68335.4,68313.7
2026-06-10 22:45:00,68084.3,78228.9,68082.0,68085.4
2026-06-10 22:50:00,67918.1,78037.9,67861.5,67944.5
2026-06-10 22:55:00,67692.2,77778.4,67744.8,67667.6
2026-06-10 23:00:00,67524.6,77585.8,67543.4,67515.9
2026-06-10 23:05:00,67661.1,77742.6,67722.2,67632.5
2026-06-10 23:10:00,67547.1,77611.7,67588.2,67527.9
2026-06-10 23:15:00,67354.5,77390.4,67343.6,67359.7
2026-06-10 23:20:00,67122.4,77123.6,67112.7,67126.9
2026-06-10 23:25:00,66944.1,76918.8,66902.6,66963.5
2026-06-10 23:30:00,66600.1,76523.5,66548.1,66624.4
2026-06-10 23:35:00,66322.9,76205.0,66289.8,66338.4
2026-06-10 23:40:00,66001.8,75836.1,65990.5,66007.1
2026-06-10 23:45:00,65648.1,75429.6,65648.0,65648.1
2026-06-10 23:50:00,65219.7,74937.4,65328.6,65168.7
2026-06-10 23:55:00,64756.7,74405.5,64754.8,64757.7
2026-06-11 00:00:00,64128.1,73683.2,64143.3,64121.0
2026-06-11 00:05:00,63991.9,73526.7,63940.9,64015.7
2026-06-11 00:10:00,63682.6,73171.3,63678.4,63684.5
2026-06-11 00:15:00,63421.6,72871.4,63365.1,63448.0
2026-06-11 00:20:00,63013.4,72402.4,63103.6,62971.2
2026-06-11 00:25:00,62641.3,71974.9,62660.2,62632.5
2026-06-11 00:30:00,62328.3,71615.2,62319.2,62332.6
2026-06-11 00:35:00,62126.5,71383.4,62099.0,62139.4
2026-06-11 00:40:00,61972.2,71206.0,61948.7,61983.2
2026-06-11 00:45:00,61800.0,71008.3,61773.6,61812.4
2026-06-11 00:50:00,61613.4,70793.8,61559.2,61638.8
2026-06-11 00:55:00,61314.5,70450.4,61327.8,61308.3
2026-06-11 01:00:00,61148.5,70259.6,61098.5,61171.9
2026-06-11 01:05:00,61051.8,70148.5,61119.0,61020.3
2026-06-11 01:10:00,60911.8,69987.6,60964.8,60886.9
2026-06-11 01:15:00,60716.6,69763.3,60781.6,60686.1
2026-06-11 01:20:00,60565.4,69589.6,60576.3,60560.3
2026-06-11 01:25:00,60447.5,69454.1,60465.1,60439.2
2026-06-11 01:30:00,60345.6,69337.1,60288.4,60372.4
2026-06-11 01:35:00,60266.7,69246.5,60211.6,60292.5
2026-06-11 01:40:00,60177.3,69143.7,60121.7,60203.3
2026-06-11 01:45:00,60076.4,69027.8,60032.7,60096.9
2026-06-11 01:50:00,59988.7,68927.0,59939.8,60011.5
2026-06-11 01:55:00,59939.1,68870.0,59877.0,59968.2
2026-06-11 02:00:00,59846.1,68763.2,59831.6,59853.0
2026-06-11 02:05:00,59839.5,68755.5,59833.7,59842.2
2026-06-11 02:10:00,59784.3,68692.1,59760.0,59795.7
2026-06-11 02:15:00,59765.1,68670.1,59670.9,59809.3
2026-06-11 02:20:00,59712.6,68609.8,59659.8,59737.4
2026-06-11 02:25:00,59639.6,68525.9,59575.8,59669.5
2026-06-11 02:30:00,59576.7,68453.7,59564.1,59582.6
2026-06-11 02:35:00,59524.9,68394.1,59508.8,59532.5
2026-06-11 02:40:00,59509.2,68376.0,59416.9,59552.4
2026-06-11 02:45:00,59510.5,68377.5,59423.6,59551.2
2026-06-11 02:50:00,59504.4,68370.5,59401.1,59552.7
2026-06-11 02:55:00,59437.4,68293.5,59399.1,59455.3
2026-06-11 03:00:00,59349.6,68192.6,59290.7,59377.1
2026-06-11 03:05:00,59328.2,68168.0,59370.4,59308.3
2026-06-11 03:10:00,59282.5,68115.6,59262.5,59291.9
2026-06-11 03:15:00,59239.4,68066.0,59256.5,59231.3
2026-06-11 03:20:00,59206.0,68027.6,59157.0,59228.9
2026-06-11 03:25:00,59111.0,67918.5,59156.9,59089.5
2026-06-11 03:30:00,59010.2,67802.7,59062.2,58985.9
2026-06-11 03:35:00,58948.4,67731.7,58990.6,58928.6
2026-06-11 03:40:00,58902.7,67679.2,58884.8,58911.1
2026-06-11 03:45:00,58863.6,67634.3,58891.0,58850.8
2026-06-11 03:50:00,58815.8,67579.3,58774.4,58835.1
2026-06-11 03:55:00,58739.0,67491.1,58758.8,58729.7
2026-06-11 04:00:00,58722.2,67471.8,58749.6,58709.4
2026-06-11 04:05:00,58790.5,67550.3,58848.2,58763.5
2026-06-11 04:10:00,58825.4,67590.4,58874.1,58802.6
2026-06-11 04:15:00,58822.5,67587.1,58857.4,58806.2
2026-06-11 04:20:00,58807.0,67569.3,58822.6,58799.8
2026-06-11 04:25:00,58834.1,67600.3,58828.7,58836.6
2026-06-11 04:30:00,58814.5,67577.8,58814.1,58814.6
2026-06-11 04:35:00,58867.0,67638.2,58874.0,58863.7
2026-06-11 04:40:00,58895.3,67670.7,58823.8,58928.7
2026-06-11 04:45:00,58934.0,67715.1,58953.7,58924.7
2026-06-11 04:50:00,58970.4,67757.0,58947.6,58981.1
2026-06-11 04:55:00,58994.3,67784.5,59032.6,58976.4
2026-06-11 05:00:00,59034.7,67830.9,59076.7,59015.1
2026-06-11 05:05:00,59200.7,68021.6,59176.3,59212.2
2026-06-11 05:10:00,59258.5,68088.0,59301.4,59238.4
2026-06-11 05:15:00,59393.2,68242.8,59404.4,59387.9
2026-06-11 05:20:00,59469.5,68330.4,59469.5,59469.4
2026-06-11 05:25:00,59555.2,68428.9,59588.5,59539.5
2026-06-11 05:30:00,59652.3,68540.5,59650.3,59653.2
2026-06-11 05:35:00,59803.2,68713.8,59801.9,59803.7
2026-06-11 05:40:00,59916.5,68844.1,59860.6,59942.7
2026-06-11 05:45:00,60029.7,68974.1,60056.1,60017.3
2026-06-11 05:50:00,60110.2,69066.6,60148.6,60092.3
2026-06-11 05:55:00,60196.0,69165.2,60260.3,60165.9
2026-06-11 06:00:00,60510.9,69527.0,60523.4,60505.0
2026-06-11 06:05:00,61019.2,70111.1,60962.3,61046.0
2026-06-11 06:10:00,61315.5,70451.5,61273.2,61335.3
2026-06-11 06:15:00,61570.9,70745.0,61524.6,61592.6
2026-06-11 06:20:00,61738.7,70937.8,61752.7,61732.2
2026-06-11 06:25:00,61947.6,71177.8,61962.7,61940.5
2026-06-11 06:30:00,62119.1,71374.8,62137.0,62110.7
2026-06-11 06:35:00,62445.1,71749.4,62432.3,62451.0
2026-06-11 06:40:00,62667.2,72004.6,62643.6,62678.3
2026-06-11 06:45:00,62868.9,72236.3,62928.6,62840.9
2026-06-11 06:50:00,63125.4,72531.0,63122.9,63126.5
2026-06-11 06:55:00,63300.7,72732.5,63301.6,63300.3
2026-06-11 07:00:00,63717.3,73211.2,63676.0,63736.6
2026-06-11 07:05:00,64324.3,73908.6,64310.9,64330.6
2026-06-11 07:10:00,64740.8,74387.1,64672.2,64772.9
2026-06-11 07:15:00,65041.7,74733.0,65050.9,65037.4
2026-06-11 07:20:00,65345.4,75081.8,65389.0,65324.9
2026-06-11 07:25:00,65586.0,75358.3,65643.6,65559.1
2026-06-11 07:30:00,65807.3,75612.6,65816.0,65803.2
2026-06-11 07:35:00,66069.5,75913.9,66092.2,66058.9
2026-06-11 07:40:00,66324.7,76207.0,66300.1,66336.2
2026-06-11 07:45:00,66565.2,76483.5,66622.7,66538.3
2026-06-11 07:50:00,66866.6,76829.7,66843.3,66877.4
2026-06-11 07:55:00,67088.5,77084.7,67127.4,67070.2
2026-06-11 08:00:00,67508.4,77567.1,67568.2,67480.3
2026-06-11 08:05:00,68187.3,78347.2,68157.6,68201.2
2026-06-11 08:10:00,68656.6,78886.5,68649.4,68660.0
2026-06-11 08:15:00,69133.1,79433.9,69032.2,69180.3
2026-06-11 08:20:00,69526.9,79886.4,69503.5,69537.9
2026-06-11 08:25:00,69988.6,80416.9,70023.4,69972.3
2026-06-11 08:30:00,70330.1,80809.3,70313.6,70337.8
2026-06-11 08:35:00,70659.8,81188.1,70757.3,70614.1
2026-06-11 08:40:00,70891.0,81453.7,70924.4,70875.3
2026-06-11 08:45:00,71192.2,81799.9,71207.9,71184.9
2026-06-11 08:50:00,71358.5,81991.0,71451.3,71315.1
2026-06-11 08:55:00,71473.2,82122.7,71596.2,71415.7
2026-06-11 09:00:00,71441.0,82085.7,71499.1,71413.8
2026-06-11 09:05:00,71550.2,82211.1,71667.0,71495.4
2026-06-11 09:10:00,71724.1,82411.0,71686.9,71741.5
2026-06-11 09:15:00,71907.0,82621.2,71887.6,71916.1
2026-06-11 09:20:00,72038.0,82771.7,71979.8,72065.3
2026-06-11 09:25:00,72206.2,82964.9,72116.2,72248.4
2026-06-11 09:30:00,72231.9,82994.4,72199.0,72247.3
2026-06-11 09:35:00,72243.3,83007.6,72222.9,72252.8
2026-06-11 09:40:00,72186.7,82942.5,72156.9,72200.7
2026-06-11 09:45:00,72193.5,82950.3,72158.5,72209.9
2026-06-11 09:50:00,72185.3,82940.9,72125.1,72213.5
2026-06-11 09:55:00,72142.9,82892.2,72094.6,72165.5
2026-06-11 10:00:00,72000.0,82728.0,72077.6,71963.7
2026-06-11 10:05:00,72018.0,82748.7,72102.3,71978.6
2026-06-11 10:10:00,72151.0,82901.5,72102.1,72173.9
2026-06-11 10:15:00,72330.8,83108.0,72361.8,72316.2
2026-06-11 10:20:00,72396.9,83184.1,72378.9,72405.4
2026-06-11 10:25:00,72461.1,83257.9,72371.0,72503.3
2026-06-11 10:30:00,72431.7,83224.0,72456.3,72420.2
2026-06-11 10:35:00,72465.8,83263.2,72497.5,72451.0
2026-06-11 10:40:00,72456.3,83252.3,72475.3,72447.4
2026-06-11 10:45:00,72460.0,83256.5,72486.8,72447.5
2026-06-11 10:50:00,72428.8,83220.6,72460.5,72413.9
2026-06-11 10:55:00,72407.0,83195.6,72433.9,72394.4
2026-06-11 11:00:00,72227.9,82989.8,72126.1,72275.5
2026-06-11 11:05:00,72172.5,82926.2,72133.0,72191.0
2026-06-11 11:10:00,72089.2,82830.5,72112.8,72078.2
2026-06-11 11:15:00,72095.2,82837.4,72121.5,72082.9
2026-06-11 11:20:00,72051.5,82787.1,72079.3,72038.5
2026-06-11 11:25:00,72000.9,82729.0,71907.8,72044.5
2026-06-11 11:30:00,71803.4,82502.1,71806.3,71802.1
2026-06-11 11:35:00,71652.3,82328.5,71668.9,71644.5
2026-06-11 11:40:00,71478.7,82129.1,71479.3,71478.5
2026-06-11 11:45:00,71325.4,81952.9,71325.5,71325.3
2026-06-11 11:50:00,70961.4,81534.6,70989.1,70948.4
2026-06-11 11:55:00,70494.1,80997.8,70444.2,70517.5
2026-06-11 12:00:00,69965.0,80389.8,69941.6,69975.9
2026-06-11 12:05:00,70034.3,80469.4,69991.8,70054.2
2026-06-11 12:10:00,70076.6,80518.0,70102.0,70064.7
2026-06-11 12:15:00,70110.2,80556.6,70076.0,70126.2
2026-06-11 12:20:00,70111.5,80558.1,70084.8,70124.0
2026-06-11 12:25:00,70125.9,80574.7,70074.8,70149.9
2026-06-11 12:30:00,70076.0,80517.3,69979.2,70121.4
2026-06-11 12:35:00,70075.6,80516.8,70076.6,70075.1
2026-06-11 12:40:00,70169.1,80624.2,70138.2,70183.5
2026-06-11 12:45:00,70241.4,80707.4,70348.7,70191.2
2026-06-11 12:50:00,70480.6,80982.2,70460.2,70490.1
2026-06-11 12:55:00,70764.6,81308.5,70748.3,70772.3
2026-06-11 13:00:00,71317.0,81943.2,71211.0,71366.6
2026-06-11 13:05:00,71808.6,82508.0,71867.8,71780.8
2026-06-11 13:10:00,72213.9,82973.8,72251.7,72196.2
2026-06-11 13:15:00,72513.6,83318.2,72463.2,72537.2
2026-06-11 13:20:00,72729.4,83566.1,72748.7,72720.4
2026-06-11 13:25:00,72959.8,83830.9,72990.9,72945.3
2026-06-11 13:30:00,73183.0,84087.2,73110.6,73216.9
2026-06-11 13:35:00,73434.1,84375.8,73507.8,73399.6
2026-06-11 13:40:00,73520.9,84475.6,73597.0,73485.3
2026-06-11 13:45:00,73696.9,84677.7,73732.9,73680.0
2026-06-11 13:50:00,73822.4,84821.9,73868.2,73800.9
2026-06-11 13:55:00,73947.7,84966.0,73878.6,73980.1
2026-06-11 14:00:00,73969.4,84990.8,73998.7,73955.7
2026-06-11 14:05:00,73972.4,84994.3,73999.8,73959.6
2026-06-11 14:10:00,74020.9,85050.0,74042.8,74010.5
2026-06-11 14:15:00,74099.0,85139.7,74060.9,74116.8
2026-06-11 14:20:00,74203.3,85259.6,74235.2,74188.4
2026-06-11 14:25:00,74226.2,85285.9,74235.5,74221.8
2026-06-11 14:30:00,74310.6,85382.8,74262.7,74333.0
2026-06-11 14:35:00,74372.0,85453.4,74435.2,74342.4
2026-06-11 14:40:00,74384.8,85468.1,74420.2,74368.1
2026-06-11 14:45:00,74383.5,85466.6,74418.8,74367.0
2026-06-11 14:50:00,74372.1,85453.5,74391.3,74363.1
2026-06-11 14:55:00,74338.4,85414.8,74361.3,74327.6
2026-06-11 15:00:00,74281.0,85348.9,74333.7,74256.4
2026-06-11 15:05:00,74297.0,85367.3,74335.1,74279.2
2026-06-11 15:10:00,74439.8,85531.3,74460.1,74430.3
2026-06-11 15:15:00,74648.3,85770.9,74540.8,74698.6
2026-06-11 15:20:00,74857.8,86011.7,74935.7,74821.4
2026-06-11 15:25:00,75090.7,86279.2,75130.2,75072.2
2026-06-11 15:30:00,75256.8,86470.0,75300.1,75236.5
2026-06-11 15:35:00,75464.0,86708.1,75513.5,75440.8
2026-06-11 15:40:00,75700.9,86980.4,75722.2,75691.0
2026-06-11 15:45:00,76000.7,87324.8,75953.7,76022.7
2026-06-11 15:50:00,76189.3,87541.6,76181.4,76193.1
2026-06-11 15:55:00,76380.2,87760.8,76383.2,76378.8
2026-06-11 16:00:00,76508.3,87908.0,76507.5,76508.7
2026-06-11 16:05:00,76407.3,87792.0,76458.2,76383.5
2026-06-11 16:10:00,76542.4,87947.3,76595.7,76517.5
2026-06-11 16:15:00,76747.4,88182.7,76630.3,76802.2
2026-06-11 16:20:00,76891.6,88348.4,76855.3,76908.6
2026-06-11 16:25:00,77083.6,88569.1,77125.6,77063.9
2026-06-11 16:30:00,77289.6,88805.7,77307.2,77281.3
2026-06-11 16:35:00,77491.8,89038.0,77497.4,77489.1
2026-06-11 16:40:00,77726.8,89308.1,77741.9,77719.8
2026-06-11 16:45:00,77934.5,89546.8,77975.9,77915.1
2026-06-11 16:50:00,78120.8,89760.8,78155.0,78104.8
2026-06-11 16:55:00,78136.7,89779.1,78108.0,78150.2
2026-06-11 17:00:00,78009.2,89632.6,77932.0,78045.4
2026-06-11 17:05:00,77920.3,89530.4,77841.3,77957.4
2026-06-11 17:10:00,78067.1,89699.1,77867.3,78160.7
2026-06-11 17:15:00,78145.6,89789.3,78149.9,78143.6
2026-06-11 17:20:00,78116.6,89756.0,78137.2,78107.0
2026-06-11 17:25:00,78072.6,89705.5,78085.4,78066.7
2026-06-11 17:30:00,78067.5,89699.6,78065.7,78068.4
2026-06-11 17:35:00,78097.2,89733.7,78127.1,78083.3
2026-06-11 17:40:00,78089.6,89724.9,78100.4,78084.5
2026-06-11 17:45:00,78067.9,89700.0,78092.7,78056.3
2026-06-11 17:50:00,77981.1,89600.3,78052.3,77947.7
2026-06-11 17:55:00,77910.9,89519.6,77952.6,77891.4
2026-06-11 18:00:00,77723.7,89304.5,77648.5,77758.9
2026-06-11 18:05:00,77666.4,89238.7,77622.5,77687.0
2026-06-11 18:10:00,77610.1,89174.0,77596.5,77616.5
2026-06-11 18:15:00,77589.2,89150.0,77633.0,77568.7
2026-06-11 18:20:00,77630.4,89197.3,77616.8,77636.7
2026-06-11 18:25:00,77617.9,89183.0,77598.0,77627.3
2026-06-11 18:30:00,77624.2,89190.2,77612.4,77629.7
2026-06-11 18:35:00,77606.4,89169.8,77588.4,77614.9
2026-06-11 18:40:00,77593.6,89155.0,77574.1,77602.7
2026-06-11 18:45:00,77596.0,89157.8,77579.2,77603.9
2026-06-11 18:50:00,77498.3,89045.6,77538.8,77479.4
2026-06-11 18:55:00,77430.9,88968.1,77471.2,77412.0
2026-06-11 19:00:00,77154.6,88650.6,77176.6,77144.3
2026-06-11 19:05:00,76899.9,88358.0,76906.2,76896.9
2026-06-11 19:10:00,76799.2,88242.3,76796.6,76800.4
2026-06-11 19:15:00,76806.2,88250.3,76798.9,76809.6
2026-06-11 19:20:00,76803.6,88247.4,76798.4,76806.1
2026-06-11 19:25:00,76775.7,88215.2,76771.8,76777.5
2026-06-11 19:30:00,76763.4,88201.2,76750.8,76769.4
2026-06-11 19:35:00,76619.9,88036.3,76543.0,76655.9
2026-06-11 19:40:00,76501.0,87899.7,76537.9,76483.7
2026-06-11 19:45:00,76302.7,87671.9,76323.1,76293.2
2026-06-11 19:50:00,76066.1,87400.0,76062.5,76067.8
2026-06-11 19:55:00,75753.1,87040.4,75792.5,75734.7
2026-06-11 20:00:00,75491.0,86739.1,75532.7,75471.5
2026-06-11 20:05:00,75277.7,86494.1,75242.4,75294.3
2026-06-11 20:10:00,75098.9,86288.7,75128.4,75085.1
2026-06-11 20:15:00,74889.1,86047.6,74908.3,74880.2
2026-06-11 20:20:00,74699.3,85829.5,74712.2,74693.2
2026-06-11 20:25:00,74518.0,85621.2,74522.8,74515.7
2026-06-11 20:30:00,74311.5,85383.9,74313.2,74310.7
2026-06-11 20:35:00,74052.7,85086.5,74124.6,74019.0
2026-06-11 20:40:00,73808.2,84805.7,73731.9,73844.0
2026-06-11 20:45:00,73506.9,84459.5,73564.4,73480.0
2026-06-11 20:50:00,73263.5,84179.7,73171.2,73306.7
2026-06-11 20:55:00,72953.5,83823.6,72987.4,72937.7
2026-06-11 21:00:00,72634.5,83457.1,72589.8,72655.5
2026-06-11 21:05:00,72341.8,83120.8,72386.0,72321.1
2026-06-11 21:10:00,72123.2,82869.5,72105.0,72131.7
2026-06-11 21:15:00,71891.3,82603.2,71913.9,71880.8
2026-06-11 21:20:00,71682.4,82363.1,71602.2,71720.0
2026-06-11 21:25:00,71400.6,82039.3,71466.7,71369.7
2026-06-11 21:30:00,71199.8,81808.6,71162.5,71217.3
2026-06-11 21:35:00,70940.2,81510.3,70977.7,70922.6
2026-06-11 21:40:00,70715.0,81251.5,70678.6,70732.0
2026-06-11 21:45:00,70471.9,80972.2,70531.5,70444.0
2026-06-11 21:50:00,70262.6,80731.8,70216.4,70284.3
2026-06-11 21:55:00,70036.6,80472.0,70090.0,70011.5
2026-06-11 22:00:00,69752.9,80146.1,69767.7,69746.0
2026-06-11 22:05:00,69692.2,80076.4,69770.0,69655.8
2026-06-11 22:10:00,69583.0,79950.9,69558.2,69594.6
2026-06-11 22:15:00,69378.3,79715.7,69398.2,69369.0
2026-06-11 22:20:00,69179.7,79487.4,69147.5,69194.7
2026-06-11 22:25:00,68956.8,79231.3,68979.0,68946.4
2026-06-11 22:30:00,68716.9,78955.7,68719.3,68715.8
2026-06-11 22:35:00,68501.6,78708.3,68559.1,68474.7
2026-06-11 22:40:00,68321.2,78501.1,68335.4,68314.5
2026-06-11 22:45:00,68084.8,78229.5,68082.0,68086.2
2026-06-11 22:50:00,67918.9,78038.8,67862.3,67945.3
2026-06-11 22:55:00,67692.8,77779.0,67744.8,67668.4
2026-06-11 23:00:00,67524.8,77585.9,67543.4,67516.0
2026-06-11 23:05:00,67664.9,77746.9,67722.2,67638.0
2026-06-11 23:10:00,67550.9,77616.0,67588.2,67533.4
2026-06-11 23:15:00,67354.6,77390.5,67343.6,67359.8
2026-06-11 23:20:00,67122.5,77123.7,67112.7,67127.1
2026-06-11 23:25:00,66944.2,76918.9,66902.6,66963.7
2026-06-11 23:30:00,66600.2,76523.6,66548.1,66624.6
2026-06-11 23:35:00,66323.0,76205.1,66289.8,66338.5
2026-06-11 23:40:00,66001.9,75836.2,65990.5,66007.3
2026-06-11 23:45:00,65648.2,75429.7,65648.0,65648.2
2026-06-11 23:50:00,65220.1,74937.9,65329.6,65168.8
2026-06-11 23:55:00,64757.4,74406.2,64756.5,64757.8
2026-06-12 00:00:00,64137.8,73694.3,64154.7,64129.8
2026-06-12 00:05:00,63988.4,73522.6,63940.7,64010.7
2026-06-12 00:10:00,63682.4,73171.0,63676.9,63684.9
2026-06-12 00:15:00,63420.5,72870.2,63362.6,63447.7
2026-06-12 00:20:00,63012.2,72401.1,63100.7,62970.8
2026-06-12 00:25:00,62640.3,71973.7,62657.6,62632.1
2026-06-12 00:30:00,62329.5,71616.6,62318.5,62334.7
2026-06-12 00:35:00,62125.4,71382.1,62096.4,62139.1
2026-06-12 00:40:00,61968.8,71202.1,61948.4,61978.3
2026-06-12 00:45:00,61796.1,71003.7,61771.6,61807.6
2026-06-12 00:50:00,61572.4,70746.6,61558.6,61578.8
2026-06-12 00:55:00,61269.6,70398.7,61327.4,61242.5
2026-06-12 01:00:00,61077.0,70177.5,61109.5,61061.8
2026-06-12 01:05:00,60961.5,70044.8,61020.0,60934.1
2026-06-12 01:10:00,60832.5,69896.5,60877.8,60811.3
2026-06-12 01:15:00,60665.7,69704.9,60668.9,60664.2
2026-06-12 01:20:00,60555.1,69577.8,60576.5,60545.1
2026-06-12 01:25:00,60420.7,69423.4,60382.2,60438.7
2026-06-12 01:30:00,60285.2,69267.7,60291.3,60282.4
2026-06-12 01:35:00,60211.4,69182.9,60213.4,60210.5
2026-06-12 01:40:00,60099.8,69054.7,60121.3,60089.8
2026-06-12 01:45:00,60021.0,68964.1,60029.2,60017.1
2026-06-12 01:50:00,59926.5,68855.5,59930.4,59924.6
2026-06-12 01:55:00,59855.7,68774.3,59831.1,59867.3
2026-06-12 02:00:00,59762.4,68667.0,59747.6,59769.4
2026-06-12 02:05:00,59748.8,68651.3,59751.2,59747.6
2026-06-12 02:10:00,59660.4,68549.8,59677.5,59652.4
2026-06-12 02:15:00,59592.0,68471.3,59595.6,59590.4
2026-06-12 02:20:00,59542.4,68414.3,59489.6,59567.2
2026-06-12 02:25:00,59499.6,68365.0,59489.1,59504.5
2026-06-12 02:30:00,59480.4,68343.0,59402.8,59516.8
2026-06-12 02:35:00,59465.5,68325.8,59425.5,59484.2
2026-06-12 02:40:00,59464.6,68324.8,59399.8,59495.0
2026-06-12 02:45:00,59401.7,68252.6,59406.4,59399.5
2026-06-12 02:50:00,59310.8,68148.1,59304.6,59313.7
2026-06-12 02:55:00,59263.8,68094.1,59236.6,59276.5
2026-06-12 03:00:00,59195.8,68016.0,59226.4,59181.5
2026-06-12 03:05:00,59148.3,67961.4,59207.1,59120.8
2026-06-12 03:10:00,59086.3,67890.2,59082.9,59087.9
2026-06-12 03:15:00,59024.8,67819.5,59075.5,59001.1
2026-06-12 03:20:00,58982.8,67771.2,58971.2,58988.2
2026-06-12 03:25:00,58936.7,67718.3,58973.7,58919.4
2026-06-12 03:30:00,58897.3,67673.0,58881.0,58905.0
2026-06-12 03:35:00,58878.6,67651.6,58903.7,58866.9
2026-06-12 03:40:00,58851.6,67620.5,58856.5,58849.4
2026-06-12 03:45:00,58810.9,67573.7,58765.2,58832.3
2026-06-12 03:50:00,58733.1,67484.3,58759.5,58720.7
2026-06-12 03:55:00,58663.0,67403.8,58683.4,58653.5
2026-06-12 04:00:00,58694.1,67439.6,58648.3,58715.6
2026-06-12 04:05:00,58802.1,67563.6,58824.8,58791.4
2026-06-12 04:10:00,58836.7,67603.3,58850.0,58830.4
2026-06-12 04:15:00,58832.5,67598.6,58833.3,58832.2
2026-06-12 04:20:00,58824.2,67589.0,58819.1,58826.6
2026-06-12 04:25:00,58832.2,67598.2,58835.0,58830.9
2026-06-12 04:30:00,58813.7,67576.9,58821.5,58810.0
2026-06-12 04:35:00,58860.8,67631.1,58868.9,58857.0
2026-06-12 04:40:00,58892.5,67667.4,58832.1,58920.7
2026-06-12 04:45:00,58929.3,67709.7,58950.8,58919.2
2026-06-12 04:50:00,58970.1,67756.6,58958.3,58975.6
2026-06-12 04:55:00,58992.2,67782.0,59039.7,58969.9
2026-06-12 05:00:00,59030.9,67826.5,59081.2,59007.3
2026-06-12 05:05:00,59193.3,68013.1,59169.6,59204.4
2026-06-12 05:10:00,59253.0,68081.7,59300.7,59230.6
2026-06-12 05:15:00,59388.1,68236.9,59403.7,59380.8
2026-06-12 05:20:00,59465.1,68325.4,59471.0,59462.3
2026-06-12 05:25:00,59550.1,68423.1,59587.8,59532.4
2026-06-12 05:30:00,59649.9,68537.8,59651.4,59649.3
2026-06-12 05:35:00,59799.1,68709.1,59801.2,59798.1
2026-06-12 05:40:00,59912.2,68839.1,59862.1,59935.7
2026-06-12 05:45:00,60026.3,68970.2,60059.4,60010.7
2026-06-12 05:50:00,60105.0,69060.7,60150.0,60084.0
2026-06-12 05:55:00,60190.3,69158.6,60262.1,60156.6
2026-06-12 06:00:00,60495.9,69509.7,60508.5,60489.9
2026-06-12 06:05:00,61006.2,70096.1,60937.4,61038.4
2026-06-12 06:10:00,61243.5,70368.8,61258.8,61236.3
2026-06-12 06:15:00,61496.3,70659.3,61508.2,61490.8
2026-06-12 06:20:00,61670.2,70859.0,61639.1,61684.8
2026-06-12 06:25:00,61870.6,71089.3,61845.3,61882.4
2026-06-12 06:30:00,62031.9,71274.6,62022.9,62036.1
2026-06-12 06:35:00,62320.7,71606.5,62288.6,62335.7
2026-06-12 06:40:00,62555.4,71876.1,62532.3,62566.2
2026-06-12 06:45:00,62721.0,72066.4,62725.2,62719.1
2026-06-12 06:50:00,62904.7,72277.6,62910.3,62902.2
2026-06-12 06:55:00,63100.3,72502.3,63085.7,63107.1
2026-06-12 07:00:00,63464.9,72921.2,63473.1,63461.1
2026-06-12 07:05:00,64087.6,73636.7,63995.4,64130.8
2026-06-12 07:10:00,64449.0,74051.9,64467.3,64440.4
2026-06-12 07:15:00,64757.6,74406.5,64730.2,64770.4
2026-06-12 07:20:00,64974.5,74655.7,65041.5,64943.2
2026-06-12 07:25:00,65268.3,74993.3,65269.3,65267.8
2026-06-12 07:30:00,65501.1,75260.7,65492.6,65505.1
2026-06-12 07:35:00,65783.9,75585.7,65758.1,65796.0
2026-06-12 07:40:00,65965.6,75794.5,66007.2,65946.2
2026-06-12 07:45:00,66186.4,76048.2,66187.0,66186.1
2026-06-12 07:50:00,66421.7,76318.5,66427.4,66419.0
2026-06-12 07:55:00,66624.8,76551.9,66613.1,66630.3
2026-06-12 08:00:00,67032.6,77020.4,66976.4,67058.9
2026-06-12 08:05:00,67684.3,77769.2,67575.5,67735.2
2026-06-12 08:10:00,68144.6,78298.1,68036.2,68195.4
2026-06-12 08:15:00,68515.2,78724.0,68588.7,68480.8
2026-06-12 08:20:00,68901.6,79167.9,68821.3,68939.2
2026-06-12 08:25:00,69323.8,79653.0,69275.1,69346.6
2026-06-12 08:30:00,69643.5,80020.4,69720.3,69607.5
2026-06-12 08:35:00,70030.1,80464.5,70089.6,70002.2
2026-06-12 08:40:00,70299.0,80773.6,70393.1,70254.9
2026-06-12 08:45:00,70539.0,81049.4,70600.4,70510.3
2026-06-12 08:50:00,70744.4,81285.3,70701.8,70764.4
2026-06-12 08:55:00,70956.8,81529.4,71020.4,70927.1
2026-06-12 09:00:00,70978.4,81554.1,70920.2,71005.6
2026-06-12 09:05:00,71088.6,81680.8,71072.7,71096.0
2026-06-12 09:10:00,71266.5,81885.2,71233.8,71281.8
2026-06-12 09:15:00,71405.9,82045.3,71399.9,71408.7
2026-06-12 09:20:00,71522.2,82179.0,71485.3,71539.5
2026-06-12 09:25:00,71591.6,82258.7,71595.7,71589.6
2026-06-12 09:30:00,71617.0,82287.9,71536.5,71654.7
2026-06-12 09:35:00,71688.2,82369.8,71716.8,71674.9
2026-06-12 09:40:00,71751.4,82442.3,71671.3,71788.9
2026-06-12 09:45:00,71733.4,82421.7,71705.1,71746.7
2026-06-12 09:50:00,71673.1,82352.3,71641.9,71687.6
2026-06-12 09:55:00,71551.7,82212.9,71605.9,71526.3
2026-06-12 10:00:00,71467.0,82115.6,71451.7,71474.2
2026-06-12 10:05:00,71512.0,82167.2,71631.7,71455.9
2026-06-12 10:10:00,71554.5,82216.2,71617.3,71525.1
2026-06-12 10:15:00,71758.4,82450.4,71722.7,71775.1
2026-06-12 10:20:00,71832.8,82535.9,71882.9,71809.3
2026-06-12 10:25:00,71832.0,82535.0,71875.4,71811.7
2026-06-12 10:30:00,71749.3,82439.9,71763.8,71742.5
2026-06-12 10:35:00,71723.7,82410.6,71653.5,71756.6
2026-06-12 10:40:00,71713.1,82398.4,71627.9,71753.0
2026-06-12 10:45:00,71716.8,82402.6,71639.3,71753.1
2026-06-12 10:50:00,71688.9,82370.5,71609.0,71726.3
2026-06-12 10:55:00,71672.9,82352.1,71606.3,71704.1
2026-06-12 11:00:00,71443.9,82089.1,71467.7,71432.8
2026-06-12 11:05:00,71403.3,82042.4,71498.1,71358.9
2026-06-12 11:10:00,71369.6,82003.7,71327.3,71389.4
2026-06-12 11:15:00,71380.3,82016.0,71348.1,71395.4
2026-06-12 11:20:00,71350.7,81982.0,71305.9,71371.7
2026-06-12 11:25:00,71239.7,81854.4,71310.0,71206.8
2026-06-12 11:30:00,71138.2,81737.7,71046.1,71181.3
2026-06-12 11:35:00,71053.8,81640.8,71079.8,71041.5
2026-06-12 11:40:00,70881.2,81442.5,70893.0,70875.7
2026-06-12 11:45:00,70741.2,81281.6,70745.9,70739.0
2026-06-12 11:50:00,70399.2,80888.7,70438.6,70380.8
2026-06-12 11:55:00,69973.9,80400.0,69903.4,70006.9
2026-06-12 12:00:00,69562.1,79926.9,69468.2,69606.1
2026-06-12 12:05:00,69611.3,79983.4,69618.5,69607.9
2026-06-12 12:10:00,69657.0,80035.9,69601.6,69683.0
2026-06-12 12:15:00,69679.1,80061.2,69687.8,69675.0
2026-06-12 12:20:00,69647.8,80025.3,69692.1,69627.0
2026-06-12 12:25:00,69646.9,80024.3,69686.3,69628.4
2026-06-12 12:30:00,69576.9,79943.8,69602.6,69564.8
2026-06-12 12:35:00,69630.7,80005.7,69602.8,69643.8
2026-06-12 12:40:00,69699.9,80085.2,69774.3,69665.1
2026-06-12 12:45:00,69805.2,80206.2,69801.6,69806.9
2026-06-12 12:50:00,69981.9,80409.2,70030.7,69959.0
2026-06-12 12:55:00,70204.1,80664.5,70191.6,70210.0
2026-06-12 13:00:00,70679.7,81210.9,70633.0,70701.5
2026-06-12 13:05:00,71168.4,81772.5,71090.8,71204.7
2026-06-12 13:10:00,71555.5,82217.3,71592.2,71538.4
2026-06-12 13:15:00,71832.6,82535.7,71778.1,71858.1
2026-06-12 13:20:00,72052.2,82788.0,72066.8,72045.4
2026-06-12 13:25:00,72346.6,83126.3,72277.0,72379.2
2026-06-12 13:30:00,72567.6,83380.2,72631.3,72537.9
2026-06-12 13:35:00,72857.0,83712.7,72819.2,72874.7
2026-06-12 13:40:00,73036.3,83918.7,73063.2,73023.8
2026-06-12 13:45:00,73158.7,84059.4,73183.7,73147.0
2026-06-12 13:50:00,73255.1,84170.1,73329.9,73220.0
2026-06-12 13:55:00,73283.5,84202.8,73326.0,73263.6
2026-06-12 14:00:00,73406.3,84343.8,73309.6,73451.6
2026-06-12 14:05:00,73466.7,84413.2,73513.6,73444.7
2026-06-12 14:10:00,73632.0,84603.2,73553.3,73668.9
2026-06-12 14:15:00,73733.5,84719.8,73742.6,73729.3
2026-06-12 14:20:00,73865.9,84871.9,73917.3,73841.8
2026-06-12 14:25:00,73966.2,84987.1,73892.1,74000.9
2026-06-12 14:30:00,73995.0,85020.2,74013.1,73986.5
2026-06-12 14:35:00,73963.2,84983.7,74020.4,73936.4
2026-06-12 14:40:00,73949.1,84967.5,74022.2,73914.8
2026-06-12 14:45:00,73946.1,84964.1,74023.4,73910.0
2026-06-12 14:50:00,73934.5,84950.8,73986.5,73910.2
2026-06-12 14:55:00,73909.5,84922.0,73953.8,73888.7
2026-06-12 15:00:00,73860.6,84865.9,73935.1,73825.7
2026-06-12 15:05:00,73832.9,84834.0,73798.1,73849.1
2026-06-12 15:10:00,73956.5,84976.0,73901.2,73982.4
2026-06-12 15:15:00,74071.7,85108.4,74113.9,74052.0
2026-06-12 15:20:00,74262.0,85327.0,74278.0,74254.5
2026-06-12 15:25:00,74471.7,85568.0,74501.5,74457.8
2026-06-12 15:30:00,74645.9,85768.2,74682.8,74628.6
2026-06-12 15:35:00,74815.1,85962.5,74890.9,74779.6
2026-06-12 15:40:00,74968.3,86138.6,74887.8,75006.0
2026-06-12 15:45:00,75069.3,86254.7,75078.8,75064.9
2026-06-12 15:50:00,75234.2,86444.1,75283.9,75210.9
2026-06-12 15:55:00,75373.3,86604.0,75243.1,75434.4
2026-06-12 16:00:00,75429.6,86668.6,75382.6,75451.6
2026-06-12 16:05:00,75455.6,86698.4,75350.1,75505.0
2026-06-12 16:10:00,75652.4,86924.6,75672.3,75643.0
2026-06-12 16:15:00,75857.0,87159.7,75701.0,75930.1
2026-06-12 16:20:00,75944.9,87260.7,75921.8,75955.8
2026-06-12 16:25:00,76144.9,87490.4,76153.4,76140.9
2026-06-12 16:30:00,76354.1,87730.8,76372.3,76345.5
2026-06-12 16:35:00,76527.9,87930.5,76588.3,76499.6
2026-06-12 16:40:00,76611.6,88026.7,76577.8,76627.4
2026-06-12 16:45:00,76791.1,88233.0,76837.4,76769.4
2026-06-12 16:50:00,76997.3,88469.9,77025.6,76984.1
2026-06-12 16:55:00,77123.7,88615.1,76998.0,77182.5
2026-06-12 17:00:00,77065.9,88548.7,77066.2,77065.8
2026-06-12 17:05:00,76988.6,88459.9,76980.3,76992.5
2026-06-12 17:10:00,76962.8,88430.2,76956.7,76965.6
2026-06-12 17:15:00,76969.5,88438.0,76981.3,76964.0
2026-06-12 17:20:00,76959.9,88427.0,76961.3,76959.3
2026-06-12 17:25:00,76933.6,88396.7,76914.0,76942.7
2026-06-12 17:30:00,76915.0,88375.4,76892.5,76925.6
2026-06-12 17:35:00,76882.6,88338.1,76913.7,76868.0
2026-06-12 17:40:00,76877.7,88332.5,76895.8,76869.2
2026-06-12 17:45:00,76854.4,88305.7,76887.4,76838.9
2026-06-12 17:50:00,76805.1,88249.1,76848.8,76784.6
2026-06-12 17:55:00,76755.0,88191.5,76787.6,76739.8
2026-06-12 18:00:00,76556.7,87963.6,76540.7,76564.2
2026-06-12 18:05:00,76500.8,87899.5,76498.6,76501.9
2026-06-12 18:10:00,76441.4,87831.1,76443.0,76440.6
2026-06-12 18:15:00,76464.6,87857.8,76475.2,76459.6
2026-06-12 18:20:00,76457.7,87849.9,76459.9,76456.6
2026-06-12 18:25:00,76429.7,87817.7,76455.3,76417.6
2026-06-12 18:30:00,76451.3,87842.5,76463.0,76445.8
2026-06-12 18:35:00,76438.3,87827.6,76441.4,76436.9
2026-06-12 18:40:00,76424.1,87811.3,76422.8,76424.7
2026-06-12 18:45:00,76427.1,87814.7,76429.6,76425.9
2026-06-12 18:50:00,76389.0,87771.0,76392.1,76387.6
2026-06-12 18:55:00,76335.1,87709.1,76333.8,76335.8
2026-06-12 19:00:00,76237.1,87596.4,76238.7,76236.3
2026-06-12 19:05:00,75962.0,87280.4,76004.4,75942.2
2026-06-12 19:10:00,75901.5,87210.9,75942.7,75882.2
2026-06-12 19:15:00,75907.7,87218.0,75941.8,75891.8
2026-06-12 19:20:00,75906.2,87216.2,75944.4,75888.3
2026-06-12 19:25:00,75881.2,87187.5,75922.0,75862.1
2026-06-12 19:30:00,75797.7,87091.5,75677.7,75853.8
2026-06-12 19:35:00,75661.4,86935.0,75694.4,75646.0
2026-06-12 19:40:00,75661.2,86934.7,75684.1,75650.5
2026-06-12 19:45:00,75649.6,86921.4,75689.6,75630.9
2026-06-12 19:50:00,75536.0,86790.9,75427.6,75586.8
2026-06-12 19:55:00,75331.3,86555.7,75384.0,75306.6
2026-06-12 20:00:00,75044.9,86226.6,75101.6,75018.4
2026-06-12 20:05:00,74875.2,86031.6,74919.8,74854.3
2026-06-12 20:10:00,74763.5,85903.3,74816.7,74738.6
2026-06-12 20:15:00,74480.9,85578.6,74613.9,74418.6
2026-06-12 20:20:00,74301.6,85372.5,74403.6,74253.8
2026-06-12 20:25:00,74064.4,85100.1,74158.1,74020.6
2026-06-12 20:30:00,73865.2,84871.1,73914.0,73842.4
2026-06-12 20:35:00,73666.6,84643.0,73578.4,73707.9
2026-06-12 20:40:00,73450.1,84394.2,73379.1,73483.4
2026-06-12 20:45:00,73191.1,84096.6,73208.5,73183.0
2026-06-12 20:50:00,72979.5,83853.4,73016.6,72962.0
2026-06-12 20:55:00,72747.6,83587.0,72773.7,72735.4
2026-06-12 21:00:00,72381.7,83166.6,72351.9,72395.6
2026-06-12 21:05:00,72137.8,82886.4,72061.8,72173.4
2026-06-12 21:10:00,71882.5,82593.0,71911.6,71868.9
2026-06-12 21:15:00,71695.9,82378.6,71608.5,71736.9
2026-06-12 21:20:00,71469.6,82118.5,71456.2,71475.8
2026-06-12 21:25:00,71265.6,81884.2,71307.6,71245.9
2026-06-12 21:30:00,71048.4,81634.6,70979.4,71080.7
2026-06-12 21:35:00,70799.9,81349.0,70838.8,70781.6
2026-06-12 21:40:00,70588.4,81106.0,70524.1,70618.5
2026-06-12 21:45:00,70314.1,80790.9,70370.8,70287.5
2026-06-12 21:50:00,70105.7,80551.4,70091.7,70112.2
2026-06-12 21:55:00,69823.0,80226.7,69791.9,69837.6
2026-06-12 22:00:00,69532.4,79892.7,69552.0,69523.2
2026-06-12 22:05:00,69508.9,79865.7,69542.8,69493.0
2026-06-12 22:10:00,69348.7,79681.6,69426.1,69312.4
2026-06-12 22:15:00,69179.5,79487.3,69136.3,69199.8
2026-06-12 22:20:00,68977.8,79255.5,68997.3,68968.7
2026-06-12 22:25:00,68760.4,79005.7,68756.0,68762.4
2026-06-12 22:30:00,68555.9,78770.7,68501.4,68581.4
2026-06-12 22:35:00,68369.4,78556.4,68341.6,68382.4
2026-06-12 22:40:00,68163.5,78319.9,68152.1,68168.8
2026-06-12 22:45:00,67946.3,78070.3,67969.0,67935.6
2026-06-12 22:50:00,67693.5,77779.9,67743.0,67670.4
2026-06-12 22:55:00,67440.8,77489.5,67440.6,67440.9
2026-06-12 23:00:00,67326.4,77358.1,67315.7,67331.5
2026-06-12 23:05:00,67404.9,77448.2,67458.9,67379.6
2026-06-12 23:10:00,67291.7,77318.2,67352.9,67263.1
2026-06-12 23:15:00,67122.7,77124.0,67134.6,67117.2
2026-06-12 23:20:00,66977.3,76956.9,66936.3,66996.5
2026-06-12 23:25:00,66758.4,76705.4,66785.9,66745.6
2026-06-12 23:30:00,66426.0,76323.4,66465.5,66407.4
2026-06-12 23:35:00,66152.3,76009.0,66093.5,66179.9
2026-06-12 23:40:00,65844.6,75655.4,65841.4,65846.0
2026-06-12 23:45:00,65566.7,75336.1,65543.2,65577.6
2026-06-12 23:50:00,65188.9,74902.0,65246.9,65161.7
2026-06-12 23:55:00,64746.9,74394.2,64720.7,64759.1
2026-06-13 00:00:00,64121.6,73675.7,64095.5,64133.9
2026-06-13 00:05:00,63938.9,73465.8,63895.2,63959.4
2026-06-13 00:10:00,63595.0,73070.7,63589.9,63597.4
2026-06-13 00:15:00,63173.0,72585.8,63167.1,63175.7
2026-06-13 00:20:00,62784.0,72138.8,62829.9,62762.5
2026-06-13 00:25:00,62460.4,71767.0,62466.5,62457.5
2026-06-13 00:30:00,62164.3,71426.8,62134.7,62178.2
2026-06-13 00:35:00,61950.8,71181.4,61926.8,61962.0
2026-06-13 00:40:00,61779.6,70984.7,61748.0,61794.3
2026-06-13 00:45:00,61616.6,70797.5,61577.1,61635.2
2026-06-13 00:50:00,61410.9,70561.1,61352.1,61438.4
2026-06-13 00:55:00,61079.1,70179.9,61133.7,61053.5
2026-06-13 01:00:00,60869.8,69939.4,60888.9,60860.8
2026-06-13 01:05:00,60758.8,69811.9,60805.7,60736.9
2026-06-13 01:10:00,60588.9,69616.7,60636.8,60566.5
2026-06-13 01:15:00,60443.8,69450.0,60442.8,60444.3
2026-06-13 01:20:00,60311.0,69297.3,60244.1,60342.3
2026-06-13 01:25:00,60179.0,69145.6,60154.0,60190.7
2026-06-13 01:30:00,60044.9,68991.6,59997.8,60067.0
2026-06-13 01:35:00,59914.6,68841.8,59916.4,59913.7
2026-06-13 01:40:00,59810.7,68722.4,59778.4,59825.7
2026-06-13 01:45:00,59721.0,68619.5,59696.0,59732.8
2026-06-13 01:50:00,59614.9,68497.5,59618.1,59613.4
2026-06-13 01:55:00,59493.0,68357.5,59446.1,59515.0
2026-06-13 02:00:00,59356.3,68200.3,59367.9,59350.8
2026-06-13 02:05:00,59284.7,68118.2,59320.6,59267.9
2026-06-13 02:10:00,59210.3,68032.7,59210.1,59210.5
2026-06-13 02:15:00,59112.4,67920.2,59119.9,59108.9
2026-06-13 02:20:00,58961.9,67747.2,59009.1,58939.8
2026-06-13 02:25:00,58857.6,67627.4,58816.5,58876.9
2026-06-13 02:30:00,58766.1,67522.3,58690.4,58801.6
2026-06-13 02:35:00,58674.2,67416.7,58651.2,58685.0
2026-06-13 02:40:00,58590.1,67320.1,58552.6,58607.7
2026-06-13 02:45:00,58492.1,67207.4,58476.3,58499.4
2026-06-13 02:50:00,58407.3,67110.0,58365.0,58427.2
2026-06-13 02:55:00,58324.0,67014.3,58290.3,58339.8
2026-06-13 03:00:00,58272.8,66955.4,58299.6,58260.2
2026-06-13 03:05:00,58214.9,66888.9,58236.7,58204.7
2026-06-13 03:10:00,58141.8,66804.9,58128.5,58148.0
2026-06-13 03:15:00,58091.1,66746.7,58106.7,58083.8
2026-06-13 03:20:00,57999.0,66640.8,58013.0,57992.4
2026-06-13 03:25:00,57928.3,66559.6,57931.7,57926.8
2026-06-13 03:30:00,57895.6,66522.0,57849.3,57917.3
2026-06-13 03:35:00,57839.2,66457.2,57821.6,57847.4
2026-06-13 03:40:00,57796.7,66408.4,57712.6,57836.1
2026-06-13 03:45:00,57678.0,66272.0,57714.4,57660.9
2026-06-13 03:50:00,57607.8,66191.4,57624.8,57599.8
2026-06-13 03:55:00,57533.9,66106.5,57552.7,57525.1
2026-06-13 04:00:00,57578.3,66157.5,57517.1,57607.0
2026-06-13 04:05:00,57646.0,66235.3,57646.0,57646.0
2026-06-13 04:10:00,57641.2,66229.7,57617.9,57652.1
2026-06-13 04:15:00,57638.6,66226.7,57603.7,57654.9
2026-06-13 04:20:00,57636.9,66224.8,57589.7,57659.0
2026-06-13 04:25:00,57645.5,66234.7,57605.2,57664.3
2026-06-13 04:30:00,57652.3,66242.4,57607.1,57673.4
2026-06-13 04:35:00,57682.1,66276.7,57631.4,57705.8
2026-06-13 04:40:00,57678.7,66272.8,57681.9,57677.2
2026-06-13 04:45:00,57662.2,66253.9,57707.2,57641.1
2026-06-13 04:50:00,57656.6,66247.4,57700.9,57635.8
2026-06-13 04:55:00,57627.8,66214.3,57622.3,57630.3
2026-06-13 05:00:00,57701.6,66299.1,57683.0,57710.3
2026-06-13 05:05:00,57790.9,66401.7,57810.7,57781.6
2026-06-13 05:10:00,57817.6,66432.4,57864.3,57795.7
2026-06-13 05:15:00,57861.0,66482.3,57843.5,57869.2
2026-06-13 05:20:00,57881.7,66506.1,57920.3,57863.7
2026-06-13 05:25:00,57881.5,66505.9,57920.6,57863.2
2026-06-13 05:30:00,57880.2,66504.3,57928.4,57857.6
2026-06-13 05:35:00,57922.8,66553.3,57960.0,57905.3
2026-06-13 05:40:00,57937.5,66570.2,57922.9,57944.4
2026-06-13 05:45:00,57936.9,66569.6,57920.4,57944.7
2026-06-13 05:50:00,57932.8,66564.7,57920.8,57938.4
2026-06-13 05:55:00,57958.9,66594.7,57919.3,57977.4
2026-06-13 06:00:00,58063.3,66714.8,58098.0,58047.1
2026-06-13 06:05:00,58227.7,66903.7,58218.6,58232.0
2026-06-13 06:10:00,58286.4,66971.1,58320.6,58270.4
2026-06-13 06:15:00,58337.8,67030.2,58303.9,58353.7
2026-06-13 06:20:00,58340.5,67033.2,58385.5,58319.4
2026-06-13 06:25:00,58350.3,67044.4,58387.5,58332.8
2026-06-13 06:30:00,58335.7,67027.8,58383.8,58313.2
2026-06-13 06:35:00,58365.6,67062.0,58410.3,58344.6
2026-06-13 06:40:00,58324.4,67014.8,58382.8,58297.1
2026-06-13 06:45:00,58325.7,67016.3,58386.3,58297.4
2026-06-13 06:50:00,58317.1,67006.4,58382.5,58286.5
2026-06-13 06:55:00,58307.3,66995.0,58367.2,58279.2
2026-06-13 07:00:00,58365.2,67061.6,58369.4,58363.2
2026-06-13 07:05:00,58481.2,67194.9,58542.7,58452.4
2026-06-13 07:10:00,58518.6,67237.8,58532.5,58512.1
2026-06-13 07:15:00,58592.6,67322.9,58624.7,58577.5
2026-06-13 07:20:00,58585.9,67315.2,58568.1,58594.2
2026-06-13 07:25:00,58578.9,67307.2,58554.4,58590.4
2026-06-13 07:30:00,58545.3,67268.5,58527.7,58553.5
2026-06-13 07:35:00,58538.5,67260.7,58587.5,58515.6
2026-06-13 07:40:00,58489.1,67204.0,58551.5,58459.9
2026-06-13 07:45:00,58452.6,67162.1,58431.9,58462.3
2026-06-13 07:50:00,58396.4,67097.4,58442.7,58374.7
2026-06-13 07:55:00,58364.7,67061.1,58383.4,58356.0
2026-06-13 08:00:00,58446.6,67155.1,58504.9,58419.3
2026-06-13 08:05:00,58596.6,67327.5,58634.0,58579.1
2026-06-13 08:10:00,58722.4,67472.1,58773.1,58698.7
2026-06-13 08:15:00,58803.4,67565.1,58853.0,58780.1
2026-06-13 08:20:00,58839.8,67606.9,58886.4,58817.9
2026-06-13 08:25:00,58929.8,67710.3,58912.6,58937.8
2026-06-13 08:30:00,58970.7,67757.4,59008.9,58952.9
2026-06-13 08:35:00,59018.9,67812.7,59105.3,58978.4
2026-06-13 08:40:00,58960.9,67746.0,59055.1,58916.7
2026-06-13 08:45:00,58978.1,67765.9,58973.4,58980.3
2026-06-13 08:50:00,58981.5,67769.8,59037.5,58955.3
2026-06-13 08:55:00,58963.6,67749.1,59033.7,58930.7
2026-06-13 09:00:00,58957.6,67742.3,59007.2,58934.4
2026-06-13 09:05:00,58980.3,67768.3,58975.6,58982.5
2026-06-13 09:10:00,59018.7,67812.5,59058.4,59000.1
2026-06-13 09:15:00,59029.9,67825.4,59065.3,59013.4
2026-06-13 09:20:00,59059.0,67858.8,59028.4,59073.4
2026-06-13 09:25:00,59092.6,67897.4,59111.4,59083.8
2026-06-13 09:30:00,59057.4,67856.9,59067.9,59052.5
2026-06-13 09:35:00,59048.1,67846.3,58997.4,59071.9
2026-06-13 09:40:00,59032.3,67828.1,58991.5,59051.3
2026-06-13 09:45:00,59029.4,67824.8,58982.6,59051.4
2026-06-13 09:50:00,59019.9,67813.9,58968.9,59043.8
2026-06-13 09:55:00,58951.6,67735.4,58963.6,58946.0
2026-06-13 10:00:00,58912.0,67689.9,58906.3,58914.7
2026-06-13 10:05:00,58954.9,67739.2,58974.8,58945.6
2026-06-13 10:10:00,59009.5,67801.9,58982.5,59022.1
2026-06-13 10:15:00,59098.2,67903.9,59141.3,59078.0
2026-06-13 10:20:00,59124.7,67934.3,59131.8,59121.3
2026-06-13 10:25:00,59168.1,67984.2,59124.4,59188.6
2026-06-13 10:30:00,59150.4,67963.8,59167.6,59142.3
2026-06-13 10:35:00,59138.5,67950.1,59097.9,59157.5
2026-06-13 10:40:00,59125.3,67935.0,59077.6,59147.7
2026-06-13 10:45:00,59129.0,67939.2,59089.1,59147.7
2026-06-13 10:50:00,59122.6,67931.8,59072.2,59146.2
2026-06-13 10:55:00,59117.1,67925.6,59086.4,59131.5
2026-06-13 11:00:00,59061.2,67861.3,59043.1,59069.7
2026-06-13 11:05:00,58999.4,67790.3,59066.1,58968.2
2026-06-13 11:10:00,58919.0,67698.0,58946.2,58906.3
2026-06-13 11:15:00,58861.7,67632.1,58870.8,58857.4
2026-06-13 11:20:00,58788.6,67548.1,58738.8,58811.9
2026-06-13 11:25:00,58722.7,67472.4,58743.0,58713.3
2026-06-13 11:30:00,58635.8,67372.5,58627.2,58639.8
2026-06-13 11:35:00,58566.4,67292.8,58574.1,58562.7
2026-06-13 11:40:00,58505.1,67222.4,58449.4,58531.2
2026-06-13 11:45:00,58442.1,67149.9,58451.3,58437.7
2026-06-13 11:50:00,58300.3,66987.0,58271.1,58313.9
2026-06-13 11:55:00,58127.9,66788.9,58059.2,58160.0
2026-06-13 12:00:00,57883.5,66508.1,57847.3,57900.5
2026-06-13 12:05:00,57868.6,66491.0,57956.8,57827.2
2026-06-13 12:10:00,57885.6,66510.5,57963.4,57849.2
2026-06-13 12:15:00,57892.6,66518.5,57961.5,57860.2
2026-06-13 12:20:00,57902.9,66530.4,57957.8,57877.1
2026-06-13 12:25:00,57901.1,66528.3,57949.1,57878.6
2026-06-13 12:30:00,57869.2,66491.7,57917.0,57846.8
2026-06-13 12:35:00,57900.1,66527.2,57965.8,57869.3
2026-06-13 12:40:00,57923.5,66554.1,57988.2,57893.2
2026-06-13 12:45:00,57995.2,66636.5,57994.9,57995.3
2026-06-13 12:50:00,58038.2,66685.9,58074.4,58021.2
2026-06-13 12:55:00,58094.0,66750.0,58075.3,58102.7
2026-06-13 13:00:00,58222.2,66897.3,58275.3,58197.3
2026-06-13 13:05:00,58357.0,67052.2,58386.3,58343.3
2026-06-13 13:10:00,58459.4,67169.9,58557.9,58413.3
2026-06-13 13:15:00,58521.1,67240.8,58593.0,58487.4
2026-06-13 13:20:00,58619.4,67353.7,58662.9,58599.1
2026-06-13 13:25:00,58742.8,67495.5,58778.7,58726.0
2026-06-13 13:30:00,58873.0,67645.1,58860.2,58879.0
2026-06-13 13:35:00,59039.7,67836.7,59089.3,59016.5
2026-06-13 13:40:00,59145.0,67957.5,59122.2,59155.6
2026-06-13 13:45:00,59211.5,68034.0,59205.6,59214.3
2026-06-13 13:50:00,59278.1,68110.5,59274.0,59280.0
2026-06-13 13:55:00,59381.9,68229.8,59404.0,59371.5
2026-06-13 14:00:00,59495.4,68360.2,59518.2,59484.6
2026-06-13 14:05:00,59609.8,68491.7,59617.9,59606.0
2026-06-13 14:10:00,59738.2,68639.2,59710.4,59751.3
2026-06-13 14:15:00,59895.2,68819.6,59921.5,59882.9
2026-06-13 14:20:00,60005.4,68946.2,59979.7,60017.5
2026-06-13 14:25:00,60135.8,69096.0,60154.9,60126.8
2026-06-13 14:30:00,60213.1,69184.9,60259.5,60191.4
2026-06-13 14:35:00,60350.7,69343.0,60360.8,60346.0
2026-06-13 14:40:00,60481.3,69493.0,60438.1,60501.5
2026-06-13 14:45:00,60663.8,69702.7,60651.2,60669.7
2026-06-13 14:50:00,60827.9,69891.3,60851.4,60816.9
2026-06-13 14:55:00,60965.4,70049.2,60909.8,60991.5
2026-06-13 15:00:00,61072.7,70172.5,61121.3,61049.9
2026-06-13 15:05:00,61177.9,70293.4,61227.1,61154.8
2026-06-13 15:10:00,61336.2,70475.3,61395.3,61308.5
2026-06-13 15:15:00,61483.7,70644.7,61546.1,61454.4
2026-06-13 15:20:00,61649.3,70835.0,61685.7,61632.2
2026-06-13 15:25:00,61860.9,71078.2,61890.8,61847.0
2026-06-13 15:30:00,62049.9,71295.3,62068.9,62040.9
2026-06-13 15:35:00,62241.9,71515.9,62249.6,62238.3
2026-06-13 15:40:00,62441.8,71745.6,62457.9,62434.3
2026-06-13 15:45:00,62630.8,71962.8,62616.5,62637.5
2026-06-13 15:50:00,62816.3,72175.9,62809.2,62819.6
2026-06-13 15:55:00,62960.8,72341.9,62983.8,62950.0
2026-06-13 16:00:00,63142.7,72551.0,63166.8,63131.5
2026-06-13 16:05:00,63236.3,72658.6,63244.7,63232.4
2026-06-13 16:10:00,63386.6,72831.2,63485.1,63340.5
2026-06-13 16:15:00,63593.2,73068.6,63630.0,63576.0
2026-06-13 16:20:00,63750.1,73248.9,63759.7,63745.6
2026-06-13 16:25:00,63949.7,73478.2,63967.6,63941.3
2026-06-13 16:30:00,64114.2,73667.2,64111.3,64115.5
2026-06-13 16:35:00,64352.1,73940.6,64316.0,64369.0
2026-06-13 16:40:00,64522.1,74135.9,64485.4,64539.2
2026-06-13 16:45:00,64707.4,74348.8,64671.7,64724.2
2026-06-13 16:50:00,64875.6,74542.1,64851.1,64887.1
2026-06-13 16:55:00,65068.3,74763.5,65008.0,65096.6
2026-06-13 17:00:00,65188.8,74902.0,65201.3,65183.0
2026-06-13 17:05:00,65248.5,74970.6,65230.4,65257.0
2026-06-13 17:10:00,65373.9,75114.6,65436.9,65344.3
2026-06-13 17:15:00,65520.3,75282.8,65512.1,65524.1
2026-06-13 17:20:00,65676.7,75462.5,65732.4,65650.6
2026-06-13 17:25:00,65850.5,75662.2,65844.4,65853.3
2026-06-13 17:30:00,66020.3,75857.4,66044.0,66009.3
2026-06-13 17:35:00,66139.5,75994.3,66250.6,66087.5
2026-06-13 17:40:00,66268.2,76142.2,66318.3,66244.8
2026-06-13 17:45:00,66450.9,76352.1,66441.2,66455.4
2026-06-13 17:50:00,66543.2,76458.2,66600.4,66516.4
2026-06-13 17:55:00,66669.8,76603.5,66694.4,66658.2
2026-06-13 18:00:00,66809.1,76763.6,66770.2,66827.3
2026-06-13 18:05:00,66862.8,76825.4,66825.6,66880.3
2026-06-13 18:10:00,66940.4,76914.5,66980.8,66921.5
2026-06-13 18:15:00,67030.2,77017.7,67024.8,67032.7
2026-06-13 18:20:00,67117.2,77117.7,67081.8,67133.8
2026-06-13 18:25:00,67199.4,77212.1,67248.1,67176.5
2026-06-13 18:30:00,67241.9,77260.9,67361.5,67185.9
2026-06-13 18:35:00,67298.9,77326.4,67303.2,67296.8
2026-06-13 18:40:00,67317.2,77347.5,67417.9,67270.0
2026-06-13 18:45:00,67360.2,77396.8,67425.0,67329.8
2026-06-13 18:50:00,67388.0,77428.8,67392.9,67385.6
2026-06-13 18:55:00,67384.0,77424.2,67436.1,67359.6
2026-06-13 19:00:00,67362.6,77399.6,67379.2,67354.8
2026-06-13 19:05:00,67307.8,77336.6,67255.6,67332.2
2026-06-13 19:10:00,67351.3,77386.7,67332.9,67359.9
2026-06-13 19:15:00,67352.3,77387.8,67329.5,67363.0
2026-06-13 19:20:00,67348.5,77383.4,67316.8,67363.4
2026-06-13 19:25:00,67338.8,77372.2,67307.2,67353.5
2026-06-13 19:30:00,67335.9,77368.9,67309.4,67348.3
2026-06-13 19:35:00,67335.9,77368.9,67322.8,67342.0
2026-06-13 19:40:00,67336.0,77369.0,67314.8,67345.9
2026-06-13 19:45:00,67338.4,77371.8,67319.7,67347.1
2026-06-13 19:50:00,67298.2,77325.6,67284.4,67304.7
2026-06-13 19:55:00,67236.5,77254.7,67271.0,67220.3
2026-06-13 20:00:00,67130.0,77132.3,67130.3,67129.8
2026-06-13 20:05:00,67042.4,77031.8,67041.3,67043.0
2026-06-13 20:10:00,66969.3,76947.7,66976.2,66966.1
2026-06-13 20:15:00,66890.3,76856.9,66959.7,66857.8
2026-06-13 20:20:00,66853.0,76814.1,66843.2,66857.6
2026-06-13 20:25:00,66770.1,76718.9,66835.7,66739.5
2026-06-13 20:30:00,66633.5,76561.9,66694.2,66605.1
2026-06-13 20:35:00,66496.9,76405.0,66479.2,66505.2
2026-06-13 20:40:00,66384.0,76275.3,66359.7,66395.4
2026-06-13 20:45:00,66292.0,76169.5,66266.9,66303.8
2026-06-13 20:50:00,66154.3,76011.3,66127.3,66167.0
2026-06-13 20:55:00,66088.9,75936.2,66048.1,66108.0
2026-06-13 21:00:00,65843.5,75654.2,65874.1,65829.1
2026-06-13 21:05:00,65684.6,75471.6,65682.6,65685.5
2026-06-13 21:10:00,65519.1,75281.5,65511.6,65522.6
2026-06-13 21:15:00,65264.0,74988.3,65274.2,65259.2
2026-06-13 21:20:00,65111.1,74812.7,65089.2,65121.4
2026-06-13 21:25:00,64919.5,74592.6,64886.1,64935.2
2026-06-13 21:30:00,64732.0,74377.1,64719.2,64738.1
2026-06-13 21:35:00,64555.4,74174.1,64535.6,64564.7
2026-06-13 21:40:00,64367.7,73958.5,64334.8,64383.1
2026-06-13 21:45:00,64245.9,73818.5,64255.1,64241.6
2026-06-13 21:50:00,64052.5,73596.3,64040.6,64058.1
2026-06-13 21:55:00,63856.2,73370.8,63861.1,63854.0
2026-06-13 22:00:00,63671.9,73159.0,63695.7,63660.7
2026-06-13 22:05:00,63680.3,73168.7,63668.7,63685.7
2026-06-13 22:10:00,63559.1,73029.4,63557.0,63560.1
2026-06-13 22:15:00,63413.8,72862.4,63398.2,63421.1
2026-06-13 22:20:00,63235.9,72658.0,63245.2,63231.5
2026-06-13 22:25:00,63070.5,72468.0,63099.5,63056.9
2026-06-13 22:30:00,62919.0,72293.9,62878.4,62938.0
2026-06-13 22:35:00,62771.1,72124.0,62750.6,62780.7
2026-06-13 22:40:00,62675.7,72014.3,62662.4,62681.8
2026-06-13 22:45:00,62568.4,71891.1,62578.8,62563.5
2026-06-13 22:50:00,62388.2,71684.1,62370.6,62396.5
2026-06-13 22:55:00,62235.1,71508.1,62279.2,62214.4
2026-06-13 23:00:00,62298.8,71581.4,62314.3,62291.6
2026-06-13 23:05:00,62685.9,72026.0,62737.7,62661.6
2026-06-13 23:10:00,62731.7,72078.7,62721.2,62736.6
2026-06-13 23:15:00,62583.1,71908.0,62588.4,62580.7
2026-06-13 23:20:00,62398.0,71695.3,62387.0,62403.1
2026-06-13 23:25:00,62167.2,71430.1,62163.9,62168.7
2026-06-13 23:30:00,61818.5,71029.5,61797.2,61828.5
2026-06-13 23:35:00,61455.3,70612.1,61458.9,61453.6
2026-06-13 23:40:00,61084.0,70185.5,61127.0,61063.9
2026-06-13 23:45:00,60696.6,69740.4,60703.4,60693.4
2026-06-13 23:50:00,60343.0,69334.1,60366.7,60331.8
2026-06-13 23:55:00,59949.1,68881.5,59940.2,59953.2
2026-06-14 00:00:00,59365.4,68210.9,59412.1,59343.6
2026-06-14 00:05:00,59094.4,67899.5,59144.0,59071.1
2026-06-14 00:10:00,58735.8,67487.5,58803.5,58704.2
2026-06-14 00:15:00,58401.2,67103.0,58419.9,58392.5
2026-06-14 00:20:00,58145.1,66808.7,58083.1,58174.1
2026-06-14 00:25:00,57947.5,66581.7,57878.1,57980.0
2026-06-14 00:30:00,57762.8,66369.5,57748.6,57769.5
2026-06-14 00:35:00,57531.0,66103.2,57525.8,57533.5
2026-06-14 00:40:00,57313.5,65853.2,57258.5,57339.2
2026-06-14 00:45:00,57046.2,65546.1,57092.2,57024.7
2026-06-14 00:50:00,56784.1,65244.9,56833.3,56761.1
2026-06-14 00:55:00,56605.2,65039.4,56568.7,56622.3
2026-06-14 01:00:00,56518.8,64940.1,56457.0,56547.8
2026-06-14 01:05:00,56416.9,64823.1,56389.9,56429.6
2026-06-14 01:10:00,56236.3,64615.6,56275.6,56218.0
2026-06-14 01:15:00,56053.1,64405.0,56046.2,56056.3
2026-06-14 01:20:00,55955.2,64292.5,55916.5,55973.3
2026-06-14 01:25:00,55831.3,64150.2,55818.3,55837.4
2026-06-14 01:30:00,55750.1,64056.9,55716.8,55765.8
2026-06-14 01:35:00,55668.0,63962.5,55637.2,55682.4
2026-06-14 01:40:00,55528.2,63801.9,55497.5,55542.6
2026-06-14 01:45:00,55414.2,63670.9,55401.9,55420.0
2026-06-14 01:50:00,55282.9,63520.1,55276.8,55285.8
2026-06-14 01:55:00,55178.8,63400.4,55193.5,55171.8
2026-06-14 02:00:00,55104.5,63315.1,55072.1,55119.7
2026-06-14 02:05:00,55042.9,63244.3,55001.4,55062.3
2026-06-14 02:10:00,54963.3,63152.8,54970.9,54959.8
2026-06-14 02:15:00,54841.0,63012.3,54806.2,54857.2
2026-06-14 02:20:00,54682.0,62829.6,54683.8,54681.1
2026-06-14 02:25:00,54613.3,62750.7,54579.8,54629.0
2026-06-14 02:30:00,54615.1,62752.8,54583.2,54630.0
2026-06-14 02:35:00,54575.9,62707.7,54566.0,54580.5
2026-06-14 02:40:00,54448.8,62561.6,54436.3,54454.6
2026-06-14 02:45:00,54313.9,62406.7,54310.1,54315.7
2026-06-14 02:50:00,54206.8,62283.6,54164.8,54226.5
2026-06-14 02:55:00,54195.8,62270.9,54159.6,54212.7
2026-06-14 03:00:00,54196.5,62271.8,54193.4,54198.0
2026-06-14 03:05:00,54196.0,62271.2,54202.3,54193.0
2026-06-14 03:10:00,54193.1,62267.9,54198.3,54190.7
2026-06-14 03:15:00,54190.1,62264.4,54184.8,54192.6
2026-06-14 03:20:00,54182.7,62255.9,54182.1,54183.0
2026-06-14 03:25:00,54090.8,62150.4,54184.4,54047.0
2026-06-14 03:30:00,54041.4,62093.5,54042.5,54040.8
2026-06-14 03:35:00,54058.9,62113.7,54057.1,54059.7
2026-06-14 03:40:00,54032.1,62082.9,54030.6,54032.8
2026-06-14 03:45:00,53930.4,61966.0,54023.9,53886.6
2026-06-14 03:50:00,53871.4,61898.3,53871.4,53871.4
2026-06-14 03:55:00,53773.8,61786.1,53871.6,53728.0
2026-06-14 04:00:00,53816.1,61834.7,53779.0,53833.5
2026-06-14 04:05:00,53797.3,61813.1,53790.9,53800.3
2026-06-14 04:10:00,53785.8,61799.9,53770.0,53793.2
2026-06-14 04:15:00,53785.6,61799.7,53762.9,53796.3
2026-06-14 04:20:00,53783.4,61797.2,53756.0,53796.3
2026-06-14 04:25:00,53791.0,61805.8,53768.0,53801.7
2026-06-14 04:30:00,53786.7,61800.9,53767.7,53795.6
2026-06-14 04:35:00,53812.6,61830.7,53788.6,53823.8
2026-06-14 04:40:00,53789.4,61804.0,53763.4,53801.5
2026-06-14 04:45:00,53788.0,61802.4,53762.4,53800.0
2026-06-14 04:50:00,53788.1,61802.5,53756.7,53802.8
2026-06-14 04:55:00,53787.4,61801.7,53756.6,53801.8
2026-06-14 05:00:00,53794.7,61810.2,53807.5,53788.8
2026-06-14 05:05:00,53843.0,61865.6,53835.4,53846.6
2026-06-14 05:10:00,53813.0,61831.1,53815.8,53811.7
2026-06-14 05:15:00,53810.2,61827.9,53804.0,53813.1
2026-06-14 05:20:00,53807.5,61824.8,53796.0,53812.9
2026-06-14 05:25:00,53807.8,61825.1,53797.6,53812.5
2026-06-14 05:30:00,53806.1,61823.3,53800.6,53808.7
2026-06-14 05:35:00,53842.0,61864.5,53828.6,53848.3
2026-06-14 05:40:00,53809.7,61827.3,53797.9,53815.2
2026-06-14 05:45:00,53809.1,61826.6,53795.4,53815.5
2026-06-14 05:50:00,53804.3,61821.1,53795.0,53808.6
2026-06-14 05:55:00,53803.3,61820.0,53794.2,53807.6
2026-06-14 06:00:00,53831.3,61852.2,53843.1,53825.8
2026-06-14 06:05:00,53905.4,61937.4,53889.3,53913.0
2026-06-14 06:10:00,53973.6,62015.7,53973.1,53973.9
2026-06-14 06:15:00,53964.5,62005.2,53958.6,53967.2
2026-06-14 06:20:00,53944.4,61982.1,53935.2,53948.7
2026-06-14 06:25:00,53945.0,61982.8,53937.8,53948.4
2026-06-14 06:30:00,53934.1,61970.3,53934.1,53934.1
2026-06-14 06:35:00,53953.2,61992.2,53956.9,53951.4
2026-06-14 06:40:00,53911.4,61944.2,53928.4,53903.4
2026-06-14 06:45:00,53912.9,61945.9,53932.3,53903.8
2026-06-14 06:50:00,53903.9,61935.5,53927.4,53892.8
2026-06-14 06:55:00,53902.6,61934.0,53925.5,53891.8
2026-06-14 07:00:00,53951.0,61989.7,53975.0,53939.8
2026-06-14 07:05:00,54021.1,62070.2,54038.6,54012.8
2026-06-14 07:10:00,54013.0,62060.9,54125.0,53960.5
2026-06-14 07:15:00,54011.3,62058.9,54133.7,53953.9
2026-06-14 07:20:00,53918.4,61952.2,53928.8,53913.5
2026-06-14 07:25:00,53909.5,61942.0,53915.7,53906.5
2026-06-14 07:30:00,53872.5,61899.5,53869.8,53873.8
2026-06-14 07:35:00,53813.2,61831.4,53915.9,53765.1
2026-06-14 07:40:00,53716.7,61720.4,53733.0,53709.0
2026-06-14 07:45:00,53642.0,61634.7,53728.1,53601.7
2026-06-14 07:50:00,53600.9,61587.4,53603.0,53599.9
2026-06-14 07:55:00,53595.5,61581.3,53595.8,53595.4
2026-06-14 08:00:00,53699.0,61700.1,53722.9,53687.8
2026-06-14 08:05:00,53806.7,61823.9,53914.5,53756.2
2026-06-14 08:10:00,53856.6,61881.3,53865.9,53852.3
2026-06-14 08:15:00,53860.0,61885.1,53884.8,53848.4
2026-06-14 08:20:00,53878.8,61906.8,53973.6,53834.4
2026-06-14 08:25:00,53883.1,61911.7,53984.3,53835.7
2026-06-14 08:30:00,53931.9,61967.7,53940.6,53927.8
2026-06-14 08:35:00,53952.0,61990.9,53959.4,53948.6
2026-06-14 08:40:00,53916.3,61949.9,53915.3,53916.8
2026-06-14 08:45:00,53926.0,61961.0,53945.5,53916.9
2026-06-14 08:50:00,53899.5,61930.6,53914.6,53892.5
2026-06-14 08:55:00,53891.9,61921.8,53907.9,53884.4
2026-06-14 09:00:00,53923.3,61957.9,53920.2,53924.8
2026-06-14 09:05:00,53955.3,61994.6,53979.8,53943.8
2026-06-14 09:10:00,53970.6,62012.2,53999.8,53956.9
2026-06-14 09:15:00,53975.0,62017.3,54013.6,53956.9
2026-06-14 09:20:00,53954.2,61993.3,53962.8,53950.1
2026-06-14 09:25:00,53955.2,61994.5,53968.2,53949.1
2026-06-14 09:30:00,53926.7,61961.7,53925.6,53927.2
2026-06-14 09:35:00,53945.1,61982.9,53942.8,53946.1
2026-06-14 09:40:00,53915.3,61948.7,53919.0,53913.6
2026-06-14 09:45:00,53918.4,61952.3,53928.7,53913.6
2026-06-14 09:50:00,53911.4,61944.2,53916.9,53908.8
2026-06-14 09:55:00,53908.6,61941.0,53910.9,53907.6
2026-06-14 10:00:00,53910.6,61943.3,53938.3,53897.6
2026-06-14 10:05:00,54016.0,62064.3,54038.5,54005.4
2026-06-14 10:10:00,54070.5,62127.0,54193.5,54012.8
2026-06-14 10:15:00,54192.9,62267.6,54248.4,54166.9
2026-06-14 10:20:00,54279.8,62367.5,54303.0,54269.0
2026-06-14 10:25:00,54268.9,62354.9,54304.4,54252.2
2026-06-14 10:30:00,54218.1,62296.6,54222.0,54216.3
2026-06-14 10:35:00,54240.5,62322.3,54260.8,54231.0
2026-06-14 10:40:00,54262.2,62347.3,54244.0,54270.7
2026-06-14 10:45:00,54265.2,62350.7,54253.2,54270.8
2026-06-14 10:50:00,54258.2,62342.7,54239.1,54267.2
2026-06-14 10:55:00,54255.8,62340.0,54232.3,54266.9
2026-06-14 11:00:00,54244.7,62327.2,54224.2,54254.4
2026-06-14 11:05:00,54263.3,62348.6,54245.7,54271.6
2026-06-14 11:10:00,54261.3,62346.3,54241.3,54270.7
2026-06-14 11:15:00,54265.1,62350.6,54239.9,54277.0
2026-06-14 11:20:00,54244.4,62326.8,54203.0,54263.8
2026-06-14 11:25:00,54254.7,62338.6,54208.6,54276.3
2026-06-14 11:30:00,54238.2,62319.7,54185.5,54262.9
2026-06-14 11:35:00,54254.1,62338.0,54206.4,54276.5
2026-06-14 11:40:00,54229.1,62309.3,54182.9,54250.8
2026-06-14 11:45:00,54227.5,62307.4,54182.5,54248.6
2026-06-14 11:50:00,54215.7,62293.8,54177.0,54233.8
2026-06-14 11:55:00,54213.4,62291.2,54167.6,54234.9
2026-06-14 12:00:00,54182.5,62255.7,54165.3,54190.5
2026-06-14 12:05:00,54197.1,62272.4,54260.3,54167.4
2026-06-14 12:10:00,54284.1,62372.4,54270.4,54290.5
2026-06-14 12:15:00,54279.6,62367.2,54257.3,54290.0
2026-06-14 12:20:00,54286.0,62374.6,54263.8,54296.5
2026-06-14 12:25:00,54288.3,62377.3,54263.4,54300.0
2026-06-14 12:30:00,54278.8,62366.4,54256.2,54289.5
2026-06-14 12:35:00,54290.8,62380.1,54270.7,54300.2
2026-06-14 12:40:00,54319.9,62413.6,54302.8,54327.9
2026-06-14 12:45:00,54371.1,62472.4,54444.2,54336.8
2026-06-14 12:50:00,54453.6,62567.2,54452.6,54454.1
2026-06-14 12:55:00,54507.4,62629.0,54585.4,54470.9
2026-06-14 13:00:00,54641.9,62783.5,54659.7,54633.5
2026-06-14 13:05:00,54771.9,62932.9,54810.8,54753.6
2026-06-14 13:10:00,54873.2,63049.3,54908.4,54856.7
2026-06-14 13:15:00,54977.6,63169.2,55016.7,54959.2
2026-06-14 13:20:00,54960.6,63149.7,54985.8,54948.7
2026-06-14 13:25:00,54974.1,63165.3,54999.9,54962.1
2026-06-14 13:30:00,54966.9,63156.9,54997.5,54952.5
2026-06-14 13:35:00,55005.0,63200.8,55012.9,55001.3
2026-06-14 13:40:00,55113.5,63325.4,55110.5,55114.9
2026-06-14 13:45:00,55166.4,63386.2,55203.4,55149.0
2026-06-14 13:50:00,55208.1,63434.2,55188.7,55217.3
2026-06-14 13:55:00,55229.0,63458.1,55211.2,55237.3
2026-06-14 14:00:00,55298.8,63538.3,55342.1,55278.5
2026-06-14 14:05:00,55320.5,63563.2,55314.2,55323.4
2026-06-14 14:10:00,55339.3,63584.9,55352.5,55333.2
2026-06-14 14:15:00,55336.2,63581.3,55355.2,55327.2
2026-06-14 14:20:00,55344.2,63590.5,55385.7,55324.8
2026-06-14 14:25:00,55432.5,63691.9,55490.2,55405.4
2026-06-14 14:30:00,55484.6,63751.8,55477.6,55487.9
2026-06-14 14:35:00,55584.6,63866.7,55583.2,55585.3
2026-06-14 14:40:00,55616.8,63903.8,55681.9,55586.4
2026-06-14 14:45:00,55673.9,63969.4,55691.6,55665.6
2026-06-14 14:50:00,55699.4,63998.6,55675.7,55710.4
2026-06-14 14:55:00,55725.2,64028.3,55768.6,55704.9
2026-06-14 15:00:00,55798.6,64112.6,55819.3,55789.0
2026-06-14 15:05:00,55828.6,64147.0,55910.7,55790.1
2026-06-14 15:10:00,55883.4,64210.0,55993.1,55831.9
2026-06-14 15:15:00,55966.4,64305.4,56025.2,55938.8
2026-06-14 15:20:00,56105.3,64465.0,56108.9,56103.6
2026-06-14 15:25:00,56220.7,64597.5,56239.1,56212.0
2026-06-14 15:30:00,56302.5,64691.6,56326.9,56291.1
2026-06-14 15:35:00,56408.9,64813.8,56427.8,56400.0
2026-06-14 15:40:00,56513.9,64934.4,56534.1,56504.4
2026-06-14 15:45:00,56627.0,65064.4,56667.0,56608.2
2026-06-14 15:50:00,56757.2,65214.0,56767.0,56752.6
2026-06-14 15:55:00,56840.4,65309.6,56936.1,56795.6
2026-06-14 16:00:00,56978.1,65467.8,56973.6,56980.2
2026-06-14 16:05:00,57032.1,65529.9,56987.3,57053.1
2026-06-14 16:10:00,57176.2,65695.4,57199.5,57165.3
2026-06-14 16:15:00,57282.0,65817.0,57291.2,57277.6
2026-06-14 16:20:00,57422.3,65978.2,57466.5,57401.6
2026-06-14 16:25:00,57556.5,66132.4,57556.6,57556.4
2026-06-14 16:30:00,57708.1,66306.6,57666.4,57727.6
2026-06-14 16:35:00,57821.6,66437.1,57865.2,57801.2
2026-06-14 16:40:00,57968.2,66605.5,57958.0,57973.0
2026-06-14 16:45:00,58109.4,66767.7,58150.9,58089.9
2026-06-14 16:50:00,58223.0,66898.2,58196.4,58235.4
2026-06-14 16:55:00,58315.1,67004.1,58289.0,58327.4
2026-06-14 17:00:00,58433.5,67140.1,58406.0,58446.4
2026-06-14 17:05:00,58488.5,67203.3,58474.0,58495.3
2026-06-14 17:10:00,58608.5,67341.1,58618.7,58603.7
2026-06-14 17:15:00,58780.6,67539.0,58804.2,58769.6
2026-06-14 17:20:00,58921.1,67700.3,58857.9,58950.6
2026-06-14 17:25:00,59056.1,67855.4,59069.9,59049.6
2026-06-14 17:30:00,59193.5,68013.3,59179.8,59199.9
2026-06-14 17:35:00,59303.1,68139.3,59357.4,59277.7
2026-06-14 17:40:00,59432.4,68287.8,59468.4,59415.5
2026-06-14 17:45:00,59602.6,68483.4,59564.8,59620.4
2026-06-14 17:50:00,59778.1,68685.1,59717.4,59806.6
2026-06-14 17:55:00,59980.2,68917.3,59927.2,60005.0
2026-06-14 18:00:00,60136.9,69097.3,60123.7,60143.1
2026-06-14 18:05:00,60177.1,69143.5,60227.2,60153.7
2026-06-14 18:10:00,60285.5,69268.0,60292.2,60282.3
2026-06-14 18:15:00,60446.4,69453.0,60460.9,60439.6
2026-06-14 18:20:00,60585.0,69612.2,60518.6,60616.1
2026-06-14 18:25:00,60780.4,69836.7,60751.8,60793.8
2026-06-14 18:30:00,60964.4,70048.2,60961.7,60965.7
2026-06-14 18:35:00,61127.5,70235.5,61132.6,61125.2
2026-06-14 18:40:00,61230.1,70353.4,61185.2,61251.2
2026-06-14 18:45:00,61344.0,70484.3,61297.3,61365.9
2026-06-14 18:50:00,61428.5,70581.4,61464.9,61411.5
2026-06-14 18:55:00,61459.2,70616.6,61462.5,61457.7
2026-06-14 19:00:00,61567.5,70741.0,61581.9,61560.7
2026-06-14 19:05:00,61626.5,70808.9,61654.9,61613.2
2026-06-14 19:10:00,61737.6,70936.6,61780.1,61717.8
2026-06-14 19:15:00,61829.5,71042.0,61858.9,61815.7
2026-06-14 19:20:00,61951.5,71182.3,61935.8,61958.8
2026-06-14 19:25:00,62026.0,71267.9,62018.5,62029.5
2026-06-14 19:30:00,62105.6,71359.4,62113.7,62101.9
2026-06-14 19:35:00,62171.7,71435.3,62117.1,62197.3
2026-06-14 19:40:00,62211.8,71481.4,62234.5,62201.2
2026-06-14 19:45:00,62279.7,71559.4,62328.7,62256.8
2026-06-14 19:50:00,62297.7,71580.0,62306.1,62293.7
2026-06-14 19:55:00,62350.8,71641.1,62371.5,62341.1
2026-06-14 20:00:00,62434.5,71737.2,62362.3,62468.3
2026-06-14 20:05:00,62495.2,71807.0,62471.1,62506.6
2026-06-14 20:10:00,62584.1,71909.1,62568.8,62591.3
2026-06-14 20:15:00,62628.8,71960.5,62607.5,62638.8
2026-06-14 20:20:00,62615.4,71945.1,62601.7,62621.8
2026-06-14 20:25:00,62604.6,71932.7,62594.0,62609.6
2026-06-14 20:30:00,62570.8,71893.9,62562.2,62574.9
2026-06-14 20:35:00,62493.8,71805.4,62491.3,62495.0
2026-06-14 20:40:00,62491.5,71802.8,62485.4,62494.4
2026-06-14 20:45:00,62493.5,71805.1,62491.2,62494.7
2026-06-14 20:50:00,62416.1,71716.0,62436.6,62406.4
2026-06-14 20:55:00,62336.7,71624.9,62362.7,62324.6
2026-06-14 21:00:00,62191.5,71458.0,62230.4,62173.2
2026-06-14 21:05:00,62057.6,71304.2,62059.7,62056.6
2026-06-14 21:10:00,61970.1,71203.6,61967.9,61971.1
2026-06-14 21:15:00,61856.3,71072.9,61847.5,61860.4
2026-06-14 21:20:00,61695.5,70888.1,61711.2,61688.1
2026-06-14 21:25:00,61548.3,70719.0,61530.8,61556.5
2026-06-14 21:30:00,61415.0,70565.8,61437.6,61404.4
2026-06-14 21:35:00,61280.5,70411.3,61240.3,61299.4
2026-06-14 21:40:00,61113.0,70218.8,61128.0,61105.9
2026-06-14 21:45:00,60948.8,70030.1,60917.8,60963.3
2026-06-14 21:50:00,60858.2,69926.1,60857.5,60858.5
2026-06-14 21:55:00,60748.7,69800.3,60759.4,60743.8
2026-06-14 22:00:00,60596.2,69625.1,60569.1,60608.9
2026-06-14 22:05:00,60579.3,69605.6,60629.9,60555.6
2026-06-14 22:10:00,60486.1,69498.5,60514.7,60472.6
2026-06-14 22:15:00,60354.2,69347.0,60398.4,60333.5
2026-06-14 22:20:00,60216.2,69188.5,60180.8,60232.9
2026-06-14 22:25:00,60027.9,68972.0,60073.6,60006.5
2026-06-14 22:30:00,59844.6,68761.5,59868.8,59833.3
2026-06-14 22:35:00,59697.7,68592.7,59692.5,59700.2
2026-06-14 22:40:00,59547.8,68420.4,59516.9,59562.2
2026-06-14 22:45:00,59420.3,68273.9,59453.6,59404.6
2026-06-14 22:50:00,59295.0,68129.9,59243.2,59319.2
2026-06-14 22:55:00,59126.2,67936.0,59133.9,59122.6
2026-06-14 23:00:00,59182.5,68000.7,59109.0,59216.9
2026-06-14 23:05:00,59443.8,68301.0,59420.7,59454.7
2026-06-14 23:10:00,59437.0,68293.2,59470.8,59421.2
2026-06-14 23:15:00,59214.9,68037.9,59215.3,59214.7
2026-06-14 23:20:00,59019.0,67812.8,59032.2,59012.8
2026-06-14 23:25:00,58809.7,67572.4,58807.4,58810.8
2026-06-14 23:30:00,58539.2,67261.5,58574.4,58522.7
2026-06-14 23:35:00,58319.4,67009.0,58347.0,58306.4
2026-06-14 23:40:00,58128.1,66789.2,58158.6,58113.8
2026-06-14 23:45:00,57896.2,66522.8,57836.1,57924.4
2026-06-14 23:50:00,57625.7,66212.0,57612.9,57631.7
2026-06-14 23:55:00,57376.4,65925.5,57304.8,57409.9
2026-06-15 00:00:00,56929.3,65411.7,56997.5,56897.3
2026-06-15 00:05:00,56777.9,65237.8,56799.8,56767.6
2026-06-15 00:10:00,56583.2,65014.0,56544.5,56601.2
2026-06-15 00:15:00,56428.5,64836.3,56354.8,56463.0
2026-06-15 00:20:00,56230.2,64608.5,56169.2,56258.8
2026-06-15 00:25:00,55975.6,64315.9,55959.9,55982.9
2026-06-15 00:30:00,55762.6,64071.2,55779.2,55754.8
2026-06-15 00:35:00,55569.2,63849.0,55560.1,55573.4
2026-06-15 00:40:00,55395.4,63649.3,55382.3,55401.5
2026-06-15 00:45:00,55291.5,63529.9,55258.3,55307.1
2026-06-15 00:50:00,55179.6,63401.4,55136.5,55199.8
2026-06-15 00:55:00,55037.4,63238.0,55006.3,55052.0
2026-06-15 01:00:00,54942.1,63128.5,54919.9,54952.5
2026-06-15 01:05:00,54864.2,63039.0,54838.9,54876.1
2026-06-15 01:10:00,54759.6,62918.8,54845.8,54719.2
2026-06-15 01:15:00,54712.8,62865.0,54676.8,54729.6
2026-06-15 01:20:00,54553.8,62682.3,54563.3,54549.3
2026-06-15 01:25:00,54441.5,62553.3,54459.8,54433.0
2026-06-15 01:30:00,54267.7,62353.6,54264.0,54269.5
2026-06-15 01:35:00,54175.9,62248.1,54162.9,54182.0
2026-06-15 01:40:00,54069.6,62125.9,54162.7,54025.9
2026-06-15 01:45:00,54020.8,62069.9,54012.8,54024.6
2026-06-15 01:50:00,53902.5,61934.0,54005.3,53854.3
2026-06-15 01:55:00,53849.6,61873.2,53841.8,53853.2
2026-06-15 02:00:00,53741.3,61748.8,53685.9,53767.3
2026-06-15 02:05:00,53773.9,61786.3,53735.2,53792.1
2026-06-15 02:10:00,53760.7,61771.0,53733.0,53773.6
2026-06-15 02:15:00,53755.9,61765.6,53740.3,53763.2
2026-06-15 02:20:00,53727.4,61732.8,53721.0,53730.4
2026-06-15 02:25:00,53737.9,61744.9,53722.4,53745.2
2026-06-15 02:30:00,53732.3,61738.4,53711.9,53741.9
2026-06-15 02:35:00,53735.4,61742.0,53727.8,53738.9
2026-06-15 02:40:00,53732.0,61738.1,53719.7,53737.8
2026-06-15 02:45:00,53733.2,61739.5,53723.4,53737.8
2026-06-15 02:50:00,53732.8,61739.0,53720.4,53738.6
2026-06-15 02:55:00,53737.4,61744.3,53719.0,53746.0
2026-06-15 03:00:00,53699.8,61701.1,53709.6,53695.2
2026-06-15 03:05:00,53676.8,61674.7,53749.0,53643.1
2026-06-15 03:10:00,53621.2,61610.8,53606.4,53628.1
2026-06-15 03:15:00,53616.4,61605.2,53587.8,53629.8
2026-06-15 03:20:00,53614.9,61603.6,53589.2,53627.0
2026-06-15 03:25:00,53618.5,61607.6,53592.0,53630.9
2026-06-15 03:30:00,53610.9,61598.9,53583.5,53623.7
2026-06-15 03:35:00,53634.2,61625.7,53606.6,53647.2
2026-06-15 03:40:00,53616.8,61605.7,53586.0,53631.2
2026-06-15 03:45:00,53617.9,61607.0,53589.6,53631.2
2026-06-15 03:50:00,53617.1,61606.0,53586.8,53631.2
2026-06-15 03:55:00,53615.8,61604.6,53589.0,53628.4
2026-06-15 04:00:00,53672.4,61669.6,53635.9,53689.5
2026-06-15 04:05:00,53724.4,61729.4,53698.3,53736.7
2026-06-15 04:10:00,53829.4,61849.9,53821.4,53833.1
2026-06-15 04:15:00,53828.4,61848.8,53812.4,53835.9
2026-06-15 04:20:00,53827.6,61847.9,53808.2,53836.6
2026-06-15 04:25:00,53832.2,61853.2,53815.4,53840.1
2026-06-15 04:30:00,53824.8,61844.7,53807.4,53832.9
2026-06-15 04:35:00,53860.8,61886.1,53851.6,53865.1
2026-06-15 04:40:00,53892.3,61922.2,54003.7,53840.1
2026-06-15 04:45:00,54037.6,62089.2,54002.1,54054.2
2026-06-15 04:50:00,54177.8,62250.2,54141.3,54194.8
2026-06-15 04:55:00,54222.2,62301.3,54286.1,54192.3
2026-06-15 05:00:00,54404.7,62511.0,54415.6,54399.6
2026-06-15 05:05:00,54582.2,62715.0,54618.9,54565.0
2026-06-15 05:10:00,54678.1,62825.1,54689.4,54672.8
2026-06-15 05:15:00,54832.3,63002.4,54804.2,54845.6
2026-06-15 05:20:00,54960.7,63149.9,54927.5,54976.3
2026-06-15 05:25:00,55107.5,63318.5,55069.5,55125.3
2026-06-15 05:30:00,55241.4,63472.4,55200.0,55260.8
2026-06-15 05:35:00,55458.5,63721.8,55518.4,55430.5
2026-06-15 05:40:00,55649.5,63941.3,55702.4,55624.8
2026-06-15 05:45:00,55876.4,64202.0,55805.6,55909.6
2026-06-15 05:50:00,56080.6,64436.6,56040.9,56099.2
2026-06-15 05:55:00,56281.5,64667.4,56249.2,56296.7
2026-06-15 06:00:00,56661.0,65103.5,56648.8,56666.8
2026-06-15 06:05:00,57152.1,65667.8,57181.4,57138.4
2026-06-15 06:10:00,57469.1,66032.0,57446.5,57479.7
2026-06-15 06:15:00,57769.5,66377.2,57802.5,57754.0
2026-06-15 06:20:00,58040.1,66688.1,58076.2,58023.2
2026-06-15 06:25:00,58334.3,67026.1,58315.5,58343.0
2026-06-15 06:30:00,58611.1,67344.1,58630.6,58602.0
2026-06-15 06:35:00,58967.5,67753.6,58950.2,58975.6
2026-06-15 06:40:00,59194.6,68014.6,59206.2,59189.2
2026-06-15 06:45:00,59403.9,68255.1,59422.2,59395.3
2026-06-15 06:50:00,59725.5,68624.6,59644.7,59763.4
2026-06-15 06:55:00,60028.2,68972.4,59973.1,60054.0
2026-06-15 07:00:00,60483.4,69495.4,60465.5,60491.8
2026-06-15 07:05:00,61198.5,70317.1,61202.5,61196.6
2026-06-15 07:10:00,61583.1,70759.0,61545.0,61600.9
2026-06-15 07:15:00,61944.1,71173.7,61934.6,61948.5
2026-06-15 07:20:00,62245.4,71519.9,62250.9,62242.7
2026-06-15 07:25:00,62530.0,71846.9,62560.4,62515.7
2026-06-15 07:30:00,62767.4,72119.7,62783.1,62760.0
2026-06-15 07:35:00,63178.6,72592.2,63181.4,63177.3
2026-06-15 07:40:00,63463.3,72919.3,63452.9,63468.2
2026-06-15 07:45:00,63760.3,73260.5,63733.1,63773.0
2026-06-15 07:50:00,64032.0,73572.8,64006.1,64044.1
2026-06-15 07:55:00,64344.9,73932.3,64331.4,64351.3
2026-06-15 08:00:00,64845.8,74507.8,64787.3,64873.2
2026-06-15 08:05:00,65502.6,75262.4,65523.1,65492.9
2026-06-15 08:10:00,65991.3,75824.0,65904.7,66031.8
2026-06-15 08:15:00,66387.9,76279.7,66409.5,66377.8
2026-06-15 08:20:00,66765.1,76713.1,66779.4,66758.4
2026-06-15 08:25:00,67190.5,77201.9,67218.2,67177.5
2026-06-15 08:30:00,67528.0,77589.7,67588.0,67500.0
2026-06-15 08:35:00,68003.9,78136.5,67957.8,68025.5
2026-06-15 08:40:00,68288.9,78464.0,68302.2,68282.7
2026-06-15 08:45:00,68481.7,78685.4,68561.2,68444.4
2026-06-15 08:50:00,68746.3,78989.5,68745.4,68746.7
2026-06-15 08:55:00,68980.4,79258.5,68994.4,68973.9
2026-06-15 09:00:00,69028.6,79313.8,69064.0,69012.0
2026-06-15 09:05:00,69144.8,79447.4,69117.8,69157.4
2026-06-15 09:10:00,69305.2,79631.7,69259.5,69326.7
2026-06-15 09:15:00,69487.8,79841.4,69495.4,69484.2
2026-06-15 09:20:00,69639.1,80015.3,69522.0,69694.0
2026-06-15 09:25:00,69789.2,80187.8,69798.8,69784.7
2026-06-15 09:30:00,69846.2,80253.3,69867.9,69836.0
2026-06-15 09:35:00,69919.0,80337.0,69876.0,69939.2
2026-06-15 09:40:00,69922.4,80340.8,69961.0,69904.3
2026-06-15 09:45:00,69918.7,80336.6,69949.5,69904.3
2026-06-15 09:50:00,69876.2,80287.8,69927.8,69852.1
2026-06-15 09:55:00,69829.4,80233.9,69885.9,69802.9
2026-06-15 10:00:00,69735.7,80126.4,69761.0,69723.9
2026-06-15 10:05:00,69766.7,80162.0,69751.4,69773.9
2026-06-15 10:10:00,69869.5,80280.1,69934.8,69838.9
2026-06-15 10:15:00,70096.7,80541.1,70142.6,70075.1
2026-06-15 10:20:00,70239.7,80705.4,70155.2,70279.2
2026-06-15 10:25:00,70332.2,80811.6,70291.4,70351.2
2026-06-15 10:30:00,70296.0,80770.1,70328.2,70280.9
2026-06-15 10:35:00,70326.4,80805.1,70356.1,70312.5
2026-06-15 10:40:00,70317.2,80794.5,70335.2,70308.8
2026-06-15 10:45:00,70321.2,80799.1,70346.6,70309.3
2026-06-15 10:50:00,70285.7,80758.2,70320.4,70269.4
2026-06-15 10:55:00,70263.3,80732.5,70297.8,70247.1
2026-06-15 11:00:00,70113.7,80560.7,70138.8,70102.0
2026-06-15 11:05:00,70037.4,80472.9,70000.2,70054.8
2026-06-15 11:10:00,69962.1,80386.5,70009.9,69939.7
2026-06-15 11:15:00,69920.8,80339.0,69889.8,69935.3
2026-06-15 11:20:00,69801.0,80201.3,69861.6,69772.6
2026-06-15 11:25:00,69698.8,80084.0,69759.8,69670.3
2026-06-15 11:30:00,69590.0,79958.9,69533.0,69616.6
2026-06-15 11:35:00,69519.2,79877.6,69469.8,69542.4
2026-06-15 11:40:00,69425.2,79769.5,69436.6,69419.8
2026-06-15 11:45:00,69301.7,79627.7,69326.3,69290.2
2026-06-15 11:50:00,69010.0,79292.5,69055.9,68988.5
2026-06-15 11:55:00,68617.1,78841.1,68608.3,68621.2
2026-06-15 12:00:00,68107.4,78255.4,68204.6,68061.9
2026-06-15 12:05:00,68091.3,78236.9,68095.1,68089.5
2026-06-15 12:10:00,68137.4,78289.9,68122.3,68144.5
2026-06-15 12:15:00,68157.8,78313.4,68206.7,68134.9
2026-06-15 12:20:00,68164.0,78320.5,68221.9,68136.9
2026-06-15 12:25:00,68168.1,78325.1,68208.4,68149.2
2026-06-15 12:30:00,68084.9,78229.5,68121.0,68067.9
2026-06-15 12:35:00,68135.2,78287.4,68068.8,68166.3
2026-06-15 12:40:00,68192.3,78352.9,68237.6,68171.0
2026-06-15 12:45:00,68308.0,78485.9,68302.5,68310.6
2026-06-15 12:50:00,68592.8,78813.2,68540.5,68617.4
2026-06-15 12:55:00,68870.3,79132.0,68868.0,68871.3
2026-06-15 13:00:00,69310.8,79638.1,69216.3,69355.1
2026-06-15 13:05:00,69673.1,80054.4,69635.0,69691.0
2026-06-15 13:10:00,69970.8,80396.5,69998.4,69957.9
2026-06-15 13:15:00,70205.6,80666.2,70148.6,70232.3
2026-06-15 13:20:00,70478.9,80980.3,70407.8,70512.2
2026-06-15 13:25:00,70733.6,81272.9,70672.8,70762.1
2026-06-15 13:30:00,70970.2,81544.8,71007.7,70952.6
2026-06-15 13:35:00,71249.3,81865.5,71194.5,71275.1
2026-06-15 13:40:00,71457.8,82105.0,71406.9,71481.7
2026-06-15 13:45:00,71631.0,82304.0,71698.2,71599.5
2026-06-15 13:50:00,71731.4,82419.3,71786.3,71705.6
2026-06-15 13:55:00,71840.3,82544.5,71809.4,71854.8
2026-06-15 14:00:00,71992.7,82719.6,71881.5,72044.8
2026-06-15 14:05:00,72053.2,82789.1,72101.8,72030.4
2026-06-15 14:10:00,72233.8,82996.6,72156.9,72269.8
2026-06-15 14:15:00,72369.6,83152.7,72319.9,72392.9
2026-06-15 14:20:00,72518.8,83324.1,72471.2,72541.1
2026-06-15 14:25:00,72568.8,83381.6,72610.8,72549.1
2026-06-15 14:30:00,72659.6,83485.9,72582.4,72695.8
2026-06-15 14:35:00,72747.7,83587.1,72754.0,72744.8
2026-06-15 14:40:00,72855.1,83710.5,72789.4,72885.9
2026-06-15 14:45:00,72941.6,83809.9,72992.2,72918.0
2026-06-15 14:50:00,73014.4,83893.6,72975.4,73032.7
2026-06-15 14:55:00,73070.2,83957.7,73085.7,73063.0
2026-06-15 15:00:00,72999.2,83876.0,73054.7,72973.1
2026-06-15 15:05:00,73010.8,83889.4,73047.5,72993.6
2026-06-15 15:10:00,73179.0,84082.7,73204.9,73166.9
2026-06-15 15:15:00,73446.6,84390.2,73470.2,73435.6
2026-06-15 15:20:00,73625.1,84595.2,73634.0,73620.9
2026-06-15 15:25:00,73773.3,84765.5,73809.4,73756.4
2026-06-15 15:30:00,73901.6,84912.9,73954.8,73876.7
2026-06-15 15:35:00,74032.2,85063.0,74094.8,74002.9
2026-06-15 15:40:00,74209.3,85266.4,74099.1,74260.9
2026-06-15 15:45:00,74323.9,85398.2,74319.9,74325.8
2026-06-15 15:50:00,74461.3,85556.0,74519.4,74434.0
2026-06-15 15:55:00,74646.8,85769.2,74686.5,74628.2
2026-06-15 16:00:00,74745.1,85882.2,74788.3,74724.9
2026-06-15 16:05:00,74688.3,85816.9,74751.5,74658.7
2026-06-15 16:10:00,74844.4,85996.2,74884.4,74825.6
2026-06-15 16:15:00,75030.3,86209.8,75096.3,74999.4
2026-06-15 16:20:00,75162.4,86361.6,75066.3,75207.5
2026-06-15 16:25:00,75289.2,86507.3,75288.6,75289.5
2026-06-15 16:30:00,75432.6,86672.0,75469.5,75415.3
2026-06-15 16:35:00,75605.1,86870.2,75484.7,75661.5
2026-06-15 16:40:00,75699.1,86978.3,75681.5,75707.4
2026-06-15 16:45:00,75943.5,87259.1,75908.4,75959.9
2026-06-15 16:50:00,76111.6,87452.2,76105.5,76114.4
2026-06-15 16:55:00,76230.3,87588.6,76077.0,76302.0
2026-06-15 17:00:00,76154.1,87501.1,76166.7,76148.2
2026-06-15 17:05:00,76050.3,87381.8,76078.8,76037.0
2026-06-15 17:10:00,76065.8,87399.6,76054.9,76070.9
2026-06-15 17:15:00,76081.3,87417.4,76088.9,76077.7
2026-06-15 17:20:00,76044.8,87375.5,76062.8,76036.4
2026-06-15 17:25:00,76040.0,87369.9,76055.1,76032.9
2026-06-15 17:30:00,76003.2,87327.6,76031.2,75990.0
2026-06-15 17:35:00,76022.6,87349.9,76052.2,76008.7
2026-06-15 17:40:00,76031.5,87360.2,76036.4,76029.3
2026-06-15 17:45:00,76004.4,87329.0,76041.7,75986.9
2026-06-15 17:50:00,75954.9,87272.2,75996.8,75935.3
2026-06-15 17:55:00,75909.6,87220.1,75935.4,75897.4
2026-06-15 18:00:00,75867.3,87171.5,75876.8,75862.8
2026-06-15 18:05:00,75584.0,86846.1,75591.8,75580.4
2026-06-15 18:10:00,75522.9,86775.8,75559.4,75505.8
2026-06-15 18:15:00,75547.2,86803.7,75595.2,75524.7
2026-06-15 18:20:00,75539.6,86795.0,75577.5,75521.9
2026-06-15 18:25:00,75553.2,86810.6,75573.8,75543.6
2026-06-15 18:30:00,75569.1,86828.9,75595.4,75556.8
2026-06-15 18:35:00,75549.8,86806.7,75566.1,75542.1
2026-06-15 18:40:00,75537.3,86792.4,75550.9,75531.0
2026-06-15 18:45:00,75539.8,86795.2,75556.0,75532.2
2026-06-15 18:50:00,75499.8,86749.2,75513.9,75493.1
2026-06-15 18:55:00,75450.3,86692.4,75454.1,75448.6
2026-06-15 19:00:00,75289.0,86507.1,75384.8,75244.2
2026-06-15 19:05:00,75063.7,86248.2,75113.8,75040.3
2026-06-15 19:10:00,74986.3,86159.3,75037.4,74962.4
2026-06-15 19:15:00,74821.4,85969.8,74842.6,74811.6
2026-06-15 19:20:00,74754.7,85893.1,74643.2,74806.9
2026-06-15 19:25:00,74597.7,85712.7,74623.4,74585.6
2026-06-15 19:30:00,74414.2,85501.9,74413.9,74414.4
2026-06-15 19:35:00,74346.7,85424.4,74206.0,74412.7
2026-06-15 19:40:00,74205.8,85262.4,74202.2,74207.4
2026-06-15 19:45:00,74053.1,85087.0,74039.8,74059.3
2026-06-15 19:50:00,73948.7,84967.0,73793.1,74021.6
2026-06-15 19:55:00,73773.1,84765.2,73759.6,73779.3
2026-06-15 20:00:00,73489.7,84439.7,73513.6,73478.6
2026-06-15 20:05:00,73281.0,84199.9,73147.9,73343.4
2026-06-15 20:10:00,73145.0,84043.6,73064.8,73182.6
2026-06-15 20:15:00,72993.0,83868.9,72856.9,73056.7
2026-06-15 20:20:00,72834.8,83687.2,72846.0,72829.5
2026-06-15 20:25:00,72575.9,83389.8,72621.4,72554.7
2026-06-15 20:30:00,72348.1,83128.0,72241.5,72398.1
2026-06-15 20:35:00,72149.6,82899.9,72105.9,72170.0
2026-06-15 20:40:00,71916.5,82632.0,71921.8,71914.0
2026-06-15 20:45:00,71679.7,82360.0,71774.6,71635.3
2026-06-15 20:50:00,71384.5,82020.8,71440.2,71358.4
2026-06-15 20:55:00,71159.5,81762.2,71107.8,71183.7
2026-06-15 21:00:00,70849.6,81406.2,70890.3,70830.5
2026-06-15 21:05:00,70619.5,81141.8,70681.8,70590.3
2026-06-15 21:10:00,70385.2,80872.6,70390.8,70382.6
2026-06-15 21:15:00,70182.1,80639.2,70121.8,70210.4
2026-06-15 21:20:00,69944.1,80365.8,69946.3,69943.1
2026-06-15 21:25:00,69709.9,80096.7,69692.7,69718.0
2026-06-15 21:30:00,69459.9,79809.4,69460.4,69459.7
2026-06-15 21:35:00,69280.6,79603.4,69238.4,69300.3
2026-06-15 21:40:00,69012.1,79294.9,69079.6,68980.5
2026-06-15 21:45:00,68766.7,79012.9,68741.1,68778.7
2026-06-15 21:50:00,68553.4,78767.9,68501.0,68578.0
2026-06-15 21:55:00,68336.0,78518.1,68290.4,68357.4
2026-06-15 22:00:00,68012.0,78145.8,67974.0,68029.8
2026-06-15 22:05:00,67919.1,78039.0,67925.5,67916.1
2026-06-15 22:10:00,67763.5,77860.3,67802.3,67745.3
2026-06-15 22:15:00,67562.9,77629.8,67567.9,67560.6
2026-06-15 22:20:00,67360.0,77396.6,67338.9,67369.9
2026-06-15 22:25:00,67082.1,77077.4,67106.3,67070.8
2026-06-15 22:30:00,66840.2,76799.4,66853.7,66833.9
2026-06-15 22:35:00,66612.9,76538.2,66587.1,66624.9
2026-06-15 22:40:00,66410.4,76305.6,66386.6,66421.6
2026-06-15 22:45:00,66255.6,76127.7,66208.1,66277.9
2026-06-15 22:50:00,66080.5,75926.5,66104.4,66069.4
2026-06-15 22:55:00,65886.3,75703.4,65865.8,65895.9
2026-06-15 23:00:00,65802.9,75607.6,65757.4,65824.3
2026-06-15 23:05:00,65976.8,75807.4,65958.8,65985.3
2026-06-15 23:10:00,65927.1,75750.2,65932.8,65924.4
2026-06-15 23:15:00,65770.4,75570.1,65800.4,65756.3
2026-06-15 23:20:00,65519.0,75281.3,65583.4,65488.8
2026-06-15 23:25:00,65217.3,74934.7,65225.5,65213.5
2026-06-15 23:30:00,64843.7,74505.4,64788.0,64869.8
2026-06-15 23:35:00,64520.7,74134.2,64565.2,64499.8
2026-06-15 23:40:00,64205.9,73772.6,64200.1,64208.7
2026-06-15 23:45:00,63921.7,73446.0,63896.3,63933.5
2026-06-15 23:50:00,63532.1,72998.4,63574.2,63512.4
2026-06-15 23:55:00,63026.2,72417.1,63106.0,62988.8
2026-06-16 00:00:00,62374.3,71668.1,62337.6,62391.6
2026-06-16 00:05:00,62200.1,71468.0,62170.6,62214.0
2026-06-16 00:10:00,61980.3,71215.4,61860.7,62036.4
2026-06-16 00:15:00,61726.3,70923.6,61672.8,61751.4
2026-06-16 00:20:00,61550.4,70721.5,61496.0,61575.9
2026-06-16 00:25:00,61327.3,70465.1,61287.2,61346.1
2026-06-16 00:30:00,61034.7,70128.9,60999.1,61051.4
2026-06-16 00:35:00,60773.4,69828.6,60755.0,60782.0
2026-06-16 00:40:00,60555.6,69578.4,60565.0,60551.2
2026-06-16 00:45:00,60268.3,69248.3,60301.0,60253.0
2026-06-16 00:50:00,60017.0,68959.6,60007.7,60021.4
2026-06-16 00:55:00,59748.0,68650.4,59805.8,59720.9
2026-06-16 01:00:00,59567.4,68442.9,59585.9,59558.7
2026-06-16 01:05:00,59471.0,68332.2,59507.2,59454.1
2026-06-16 01:10:00,59370.3,68216.4,59380.3,59365.6
2026-06-16 01:15:00,59260.9,68090.8,59260.3,59261.2
2026-06-16 01:20:00,59149.0,67962.2,59153.2,59147.0
2026-06-16 01:25:00,59010.2,67802.8,58954.0,59036.6
2026-06-16 01:30:00,58877.6,67650.3,58882.0,58875.5
2026-06-16 01:35:00,58761.3,67516.7,58798.0,58744.1
2026-06-16 01:40:00,58623.4,67358.2,58614.8,58627.4
2026-06-16 01:45:00,58522.9,67242.8,58530.4,58519.4
2026-06-16 01:50:00,58450.5,67159.7,58458.6,58446.8
2026-06-16 01:55:00,58368.2,67065.1,58366.9,58368.8
2026-06-16 02:00:00,58280.9,66964.7,58292.1,58275.6
2026-06-16 02:05:00,58318.1,67007.5,58275.7,58338.0
2026-06-16 02:10:00,58321.9,67011.9,58339.1,58313.8
2026-06-16 02:15:00,58319.9,67009.5,58332.5,58313.9
2026-06-16 02:20:00,58312.6,67001.2,58321.4,58308.5
2026-06-16 02:25:00,58284.0,66968.4,58223.8,58312.3
2026-06-16 02:30:00,58271.1,66953.5,58213.3,58298.1
2026-06-16 02:35:00,58216.8,66891.2,58228.4,58211.4
2026-06-16 02:40:00,58153.0,66817.8,58134.9,58161.4
2026-06-16 02:45:00,58112.9,66771.7,58127.6,58106.0
2026-06-16 02:50:00,58053.3,66703.2,58030.4,58064.0
2026-06-16 02:55:00,57980.3,66619.4,58027.6,57958.2
2026-06-16 03:00:00,57884.6,66509.4,57926.3,57865.1
2026-06-16 03:05:00,57847.2,66466.5,57875.3,57834.1
2026-06-16 03:10:00,57827.5,66443.8,57846.6,57818.6
2026-06-16 03:15:00,57788.7,66399.2,57748.8,57807.4
2026-06-16 03:20:00,57706.4,66304.7,57742.9,57689.4
2026-06-16 03:25:00,57644.2,66233.2,57669.7,57632.3
2026-06-16 03:30:00,57598.7,66180.9,57551.2,57621.0
2026-06-16 03:35:00,57585.5,66165.8,57578.7,57588.7
2026-06-16 03:40:00,57566.3,66143.7,57539.3,57579.0
2026-06-16 03:45:00,57568.4,66146.1,57545.4,57579.2
2026-06-16 03:50:00,57567.5,66145.0,57539.6,57580.5
2026-06-16 03:55:00,57571.2,66149.3,57540.5,57585.5
2026-06-16 04:00:00,57638.6,66226.7,57620.3,57647.1
2026-06-16 04:05:00,57748.1,66352.6,57715.2,57763.6
2026-06-16 04:10:00,57789.5,66400.2,57749.6,57808.3
2026-06-16 04:15:00,57815.3,66429.8,57824.5,57811.0
2026-06-16 04:20:00,57884.5,66509.3,57841.7,57904.5
2026-06-16 04:25:00,57918.7,66548.6,57939.9,57908.8
2026-06-16 04:30:00,57958.0,66593.8,57928.0,57972.1
2026-06-16 04:35:00,58027.9,66674.1,58066.5,58009.8
2026-06-16 04:40:00,58052.6,66702.5,58018.8,58068.5
2026-06-16 04:45:00,58077.4,66731.0,58099.8,58067.0
2026-06-16 04:50:00,58101.2,66758.3,58092.8,58105.1
2026-06-16 04:55:00,58102.2,66759.4,58101.4,58102.6
2026-06-16 05:00:00,58166.1,66832.9,58198.9,58150.8
2026-06-16 05:05:00,58343.6,67036.8,58411.5,58311.7
2026-06-16 05:10:00,58442.5,67150.4,58514.8,58408.7
2026-06-16 05:15:00,58523.2,67243.1,58568.7,58501.8
2026-06-16 05:20:00,58670.1,67411.9,58675.8,58667.4
2026-06-16 05:25:00,58813.5,67576.7,58767.6,58835.0
2026-06-16 05:30:00,58903.2,67679.8,58918.4,58896.1
2026-06-16 05:35:00,59072.4,67874.2,59116.1,59051.9
2026-06-16 05:40:00,59184.2,68002.6,59228.3,59163.5
2026-06-16 05:45:00,59273.9,68105.7,59326.3,59249.3
2026-06-16 05:50:00,59401.5,68252.3,59444.6,59381.3
2026-06-16 05:55:00,59566.7,68442.1,59536.2,59581.0
2026-06-16 06:00:00,59854.2,68772.5,59878.1,59843.0
2026-06-16 06:05:00,60354.6,69347.5,60332.1,60365.2
2026-06-16 06:10:00,60657.1,69695.0,60602.3,60682.7
2026-06-16 06:15:00,60915.0,69991.4,60849.0,60946.0
2026-06-16 06:20:00,61072.5,70172.3,61109.0,61055.3
2026-06-16 06:25:00,61329.6,70467.7,61298.1,61344.3
2026-06-16 06:30:00,61526.2,70693.6,61450.4,61561.7
2026-06-16 06:35:00,61825.6,71037.7,61749.7,61861.2
2026-06-16 06:40:00,62063.3,71310.8,62059.1,62065.3
2026-06-16 06:45:00,62257.2,71533.5,62276.9,62248.0
2026-06-16 06:50:00,62478.7,71788.0,62501.0,62468.3
2026-06-16 06:55:00,62756.2,72106.9,62753.9,62757.3
2026-06-16 07:00:00,63152.2,72561.8,63231.2,63115.2
2026-06-16 07:05:00,63836.2,73347.8,63766.5,63868.8
2026-06-16 07:10:00,64273.3,73850.1,64256.3,64281.3
2026-06-16 07:15:00,64660.9,74295.4,64689.4,64647.5
2026-06-16 07:20:00,64958.9,74637.8,65052.7,64915.0
2026-06-16 07:25:00,65220.3,74938.1,65302.8,65181.6
2026-06-16 07:30:00,65431.9,75181.2,65429.3,65433.1
2026-06-16 07:35:00,65722.5,75515.1,65788.1,65691.7
2026-06-16 07:40:00,65956.0,75783.4,66027.6,65922.5
2026-06-16 07:45:00,66218.2,76084.7,66209.7,66222.1
2026-06-16 07:50:00,66458.5,76360.8,66451.3,66461.9
2026-06-16 07:55:00,66700.0,76638.3,66739.9,66681.2
2026-06-16 08:00:00,67170.0,77178.3,67125.3,67190.9
2026-06-16 08:05:00,67855.1,77965.5,67826.1,67868.6
2026-06-16 08:10:00,68359.1,78544.6,68303.4,68385.2
2026-06-16 08:15:00,68754.5,78999.0,68825.1,68721.5
2026-06-16 08:20:00,69195.9,79506.1,69124.0,69229.6
2026-06-16 08:25:00,69596.8,79966.7,69594.0,69598.1
2026-06-16 08:30:00,69981.1,80408.3,69998.7,69972.8
2026-06-16 08:35:00,70377.2,80863.4,70371.2,70380.0
2026-06-16 08:40:00,70626.4,81149.8,70649.9,70615.4
2026-06-16 08:45:00,70876.9,81437.5,70889.1,70871.2
2026-06-16 08:50:00,71136.0,81735.3,71194.4,71108.7
2026-06-16 08:55:00,71318.0,81944.3,71301.5,71325.7
2026-06-16 09:00:00,71246.4,81862.1,71335.1,71204.9
2026-06-16 09:05:00,71368.2,82002.0,71360.6,71371.7
2026-06-16 09:10:00,71448.4,82094.2,71535.0,71407.8
2026-06-16 09:15:00,71605.0,82274.2,71704.0,71558.7
2026-06-16 09:20:00,71727.9,82415.4,71753.9,71715.8
2026-06-16 09:25:00,71848.0,82553.4,71799.1,71870.9
2026-06-16 09:30:00,71930.3,82647.9,71861.0,71962.7
2026-06-16 09:35:00,71990.8,82717.4,72070.0,71953.7
2026-06-16 09:40:00,71967.9,82691.1,72017.2,71944.8
2026-06-16 09:45:00,71926.3,82643.3,71999.5,71892.0
2026-06-16 09:50:00,71888.6,82600.0,71964.3,71853.1
2026-06-16 09:55:00,71809.6,82509.2,71754.5,71835.4
2026-06-16 10:00:00,71653.2,82329.5,71731.7,71616.4
2026-06-16 10:05:00,71649.1,82324.9,71765.3,71594.7
2026-06-16 10:10:00,71699.5,82382.8,71776.5,71663.5
2026-06-16 10:15:00,71922.7,82639.1,71845.5,71958.8
2026-06-16 10:20:00,72045.8,82780.6,72065.4,72036.6
2026-06-16 10:25:00,72130.3,82877.8,72058.7,72163.9
2026-06-16 10:30:00,72094.7,82836.8,72134.7,72076.0
2026-06-16 10:35:00,72127.3,82874.3,72171.6,72106.6
2026-06-16 10:40:00,72119.1,82864.8,72152.5,72103.4
2026-06-16 10:45:00,72122.8,82869.1,72163.9,72103.5
2026-06-16 10:50:00,72090.9,82832.5,72143.9,72066.1
2026-06-16 10:55:00,72072.7,82811.6,72116.4,72052.3
2026-06-16 11:00:00,71882.7,82593.2,71794.7,71923.9
2026-06-16 11:05:00,71865.4,82573.4,71798.9,71896.6
2026-06-16 11:10:00,71880.6,82590.9,71774.9,71930.2
2026-06-16 11:15:00,71892.3,82604.3,71805.7,71932.9
2026-06-16 11:20:00,71853.4,82559.6,71762.7,71895.9
2026-06-16 11:25:00,71859.1,82566.2,71767.6,71902.0
2026-06-16 11:30:00,71753.3,82444.5,71663.9,71795.2
2026-06-16 11:35:00,71666.5,82344.8,71697.1,71652.1
2026-06-16 11:40:00,71495.9,82148.8,71511.5,71488.6
2026-06-16 11:45:00,71343.4,81973.5,71352.5,71339.1
2026-06-16 11:50:00,70954.8,81527.1,71011.5,70928.3
2026-06-16 11:55:00,70498.2,81002.4,70458.0,70517.0
2026-06-16 12:00:00,69988.2,80416.5,69919.4,70020.5
2026-06-16 12:05:00,70049.7,80487.1,69974.8,70084.8
2026-06-16 12:10:00,70100.0,80544.9,70101.9,70099.1
2026-06-16 12:15:00,70147.0,80598.9,70083.8,70176.6
2026-06-16 12:20:00,70191.7,80650.3,70235.3,70171.3
2026-06-16 12:25:00,70192.2,80650.8,70221.8,70178.3
2026-06-16 12:30:00,70122.5,80570.7,70120.0,70123.6
2026-06-16 12:35:00,70081.7,80523.9,70076.3,70084.2
2026-06-16 12:40:00,70173.2,80629.1,70142.8,70187.5
2026-06-16 12:45:00,70244.4,80710.9,70349.9,70195.0
2026-06-16 12:50:00,70486.4,80988.8,70460.7,70498.4
2026-06-16 12:55:00,70756.8,81299.6,70723.9,70772.2
2026-06-16 13:00:00,71212.4,81823.1,71196.5,71219.9
2026-06-16 13:05:00,71642.7,82317.5,71658.1,71635.5
2026-06-16 13:10:00,72019.6,82750.6,72054.7,72003.2
2026-06-16 13:15:00,72368.9,83151.9,72286.9,72407.3
2026-06-16 13:20:00,72669.8,83497.6,72563.7,72719.5
2026-06-16 13:25:00,72936.5,83804.0,72940.0,72934.8
2026-06-16 13:30:00,73151.3,84050.9,73113.2,73169.2
2026-06-16 13:35:00,73442.9,84385.9,73505.8,73413.4
2026-06-16 13:40:00,73518.8,84473.0,73592.2,73484.3
2026-06-16 13:45:00,73697.6,84678.6,73732.8,73681.2
2026-06-16 13:50:00,73823.5,84823.2,73868.0,73802.6
2026-06-16 13:55:00,73953.7,84972.8,73884.4,73986.1
2026-06-16 14:00:00,73988.5,85012.7,73992.8,73986.4
2026-06-16 14:05:00,73974.7,84996.9,74014.1,73956.2
2026-06-16 14:10:00,74041.9,85074.1,74051.5,74037.4
2026-06-16 14:15:00,74183.0,85236.2,74057.2,74241.9
2026-06-16 14:20:00,74264.8,85330.2,74228.9,74281.6
2026-06-16 14:25:00,74399.0,85484.5,74447.2,74376.5
2026-06-16 14:30:00,74383.6,85466.7,74418.8,74367.1
2026-06-16 14:35:00,74393.6,85478.3,74430.1,74376.5
2026-06-16 14:40:00,74387.4,85471.1,74418.0,74373.0
2026-06-16 14:45:00,74386.1,85469.7,74415.6,74372.3
2026-06-16 14:50:00,74374.1,85455.9,74387.3,74367.9
2026-06-16 14:55:00,74340.9,85417.7,74357.0,74333.4
2026-06-16 15:00:00,74271.9,85338.4,74330.0,74244.7
2026-06-16 15:05:00,74287.4,85356.2,74323.4,74270.5
2026-06-16 15:10:00,74440.6,85532.2,74457.5,74432.7
2026-06-16 15:15:00,74645.1,85767.2,74556.6,74686.5
2026-06-16 15:20:00,74897.5,86057.2,74934.9,74879.9
2026-06-16 15:25:00,75084.0,86271.5,75128.2,75063.3
2026-06-16 15:30:00,75250.0,86462.2,75302.8,75225.3
2026-06-16 15:35:00,75456.5,86699.6,75514.0,75429.6
2026-06-16 15:40:00,75698.0,86977.1,75724.5,75685.6
2026-06-16 15:45:00,75997.8,87321.5,75956.1,76017.4
2026-06-16 15:50:00,76188.3,87540.4,76183.0,76190.8
2026-06-16 15:55:00,76384.7,87766.1,76388.2,76383.1
2026-06-16 16:00:00,76503.5,87902.5,76509.6,76500.6
2026-06-16 16:05:00,76402.2,87786.2,76461.1,76374.7
2026-06-16 16:10:00,76544.7,87949.9,76596.3,76520.6
2026-06-16 16:15:00,76748.6,88184.2,76633.7,76802.4
2026-06-16 16:20:00,76892.4,88349.4,76855.9,76909.5
2026-06-16 16:25:00,77084.1,88569.6,77125.1,77064.9
2026-06-16 16:30:00,77291.5,88807.9,77311.3,77282.2
2026-06-16 16:35:00,77493.0,89039.5,77499.3,77490.1
2026-06-16 16:40:00,77728.7,89310.2,77745.7,77720.7
2026-06-16 16:45:00,77936.3,89548.8,77979.4,77916.1
2026-06-16 16:50:00,78122.5,89762.7,78157.4,78106.1
2026-06-16 16:55:00,78140.5,89783.5,78113.8,78153.1
2026-06-16 17:00:00,78003.2,89625.7,77934.8,78035.3
2026-06-16 17:05:00,77918.6,89528.5,77849.8,77950.8
2026-06-16 17:10:00,78045.9,89674.7,77871.1,78127.8
2026-06-16 17:15:00,78148.9,89793.1,78156.4,78145.4
2026-06-16 17:20:00,78119.5,89759.3,78141.0,78109.4
2026-06-16 17:25:00,78074.6,89707.8,78086.5,78069.1
2026-06-16 17:30:00,78069.9,89702.4,78068.3,78070.7
2026-06-16 17:35:00,78098.4,89735.0,78127.5,78084.7
2026-06-16 17:40:00,78091.3,89726.9,78102.6,78085.9
2026-06-16 17:45:00,78069.6,89702.0,78095.0,78057.7
2026-06-16 17:50:00,77983.8,89603.4,78054.6,77950.7
2026-06-16 17:55:00,77916.9,89526.5,77961.7,77895.9
2026-06-16 18:00:00,77857.4,89458.1,77645.4,77956.6
2026-06-16 18:05:00,77661.4,89233.0,77625.0,77678.5
2026-06-16 18:10:00,77614.1,89178.6,77599.7,77620.9
2026-06-16 18:15:00,77592.0,89153.2,77637.4,77570.7
2026-06-16 18:20:00,77632.5,89199.7,77618.6,77639.0
2026-06-16 18:25:00,77620.1,89185.5,77599.9,77629.5
2026-06-16 18:30:00,77627.6,89194.1,77618.5,77631.8
2026-06-16 18:35:00,77608.3,89172.0,77589.6,77617.1
2026-06-16 18:40:00,77595.2,89156.9,77574.4,77604.9
2026-06-16 18:45:00,77597.6,89159.7,77579.5,77606.1
2026-06-16 18:50:00,77501.0,89048.6,77539.0,77483.1
2026-06-16 18:55:00,77435.6,88973.5,77474.5,77417.3
2026-06-16 19:00:00,77163.8,88661.2,77172.7,77159.6
2026-06-16 19:05:00,76896.1,88353.6,76906.5,76891.2
2026-06-16 19:10:00,76796.0,88238.6,76796.2,76795.9
2026-06-16 19:15:00,76804.4,88248.2,76799.3,76806.7
2026-06-16 19:20:00,76801.7,88245.2,76798.0,76803.5
2026-06-16 19:25:00,76774.2,88213.5,76769.4,76776.5
2026-06-16 19:30:00,76763.2,88200.9,76750.1,76769.3
2026-06-16 19:35:00,76618.3,88034.4,76540.1,76654.9
2026-06-16 19:40:00,76498.5,87896.7,76536.3,76480.7
2026-06-16 19:45:00,76299.6,87668.3,76319.7,76290.2
2026-06-16 19:50:00,76044.0,87374.5,76059.1,76036.9
2026-06-16 19:55:00,75752.8,87039.9,75794.2,75733.3
2026-06-16 20:00:00,75475.0,86720.8,75527.2,75450.6
2026-06-16 20:05:00,75273.0,86488.7,75240.9,75288.1
2026-06-16 20:10:00,75093.5,86282.5,75126.2,75078.2
2026-06-16 20:15:00,74884.1,86041.8,74906.0,74873.8
2026-06-16 20:20:00,74691.7,85820.8,74701.4,74687.2
2026-06-16 20:25:00,74509.7,85611.6,74511.5,74508.8
2026-06-16 20:30:00,74303.9,85375.2,74303.3,74304.2
2026-06-16 20:35:00,74042.7,85075.1,74106.4,74012.9
2026-06-16 20:40:00,73803.0,84799.6,73723.6,73840.2
2026-06-16 20:45:00,73500.5,84452.1,73552.6,73476.1
2026-06-16 20:50:00,73257.6,84173.0,73162.9,73302.0
2026-06-16 20:55:00,72952.2,83822.1,72991.5,72933.8
2026-06-16 21:00:00,72636.8,83459.6,72590.0,72658.7
2026-06-16 21:05:00,72339.8,83118.5,72381.8,72320.2
2026-06-16 21:10:00,72121.7,82867.9,72103.9,72130.1
2026-06-16 21:15:00,71887.7,82599.0,71907.7,71878.4
2026-06-16 21:20:00,71680.2,82360.6,71599.7,71718.0
2026-06-16 21:25:00,71397.8,82036.1,71463.2,71367.2
2026-06-16 21:30:00,71196.2,81804.5,71152.6,71216.7
2026-06-16 21:35:00,70937.7,81507.5,70974.5,70920.5
2026-06-16 21:40:00,70714.0,81250.4,70677.2,70731.2
2026-06-16 21:45:00,70470.4,80970.5,70531.3,70441.9
2026-06-16 21:50:00,70261.2,80730.1,70218.0,70281.4
2026-06-16 21:55:00,70005.2,80436.0,69999.3,70008.0
2026-06-16 22:00:00,69703.8,80089.7,69764.0,69675.6
2026-06-16 22:05:00,69643.7,80020.6,69634.2,69648.1
2026-06-16 22:10:00,69514.5,79872.2,69539.5,69502.9
2026-06-16 22:15:00,69311.0,79638.3,69394.9,69271.7
2026-06-16 22:20:00,69094.5,79389.6,69143.3,69071.7
2026-06-16 22:25:00,68917.9,79186.7,68865.1,68942.6
2026-06-16 22:30:00,68677.9,78910.9,68604.3,68712.4
2026-06-16 22:35:00,68458.7,78659.0,68432.6,68470.9
2026-06-16 22:40:00,68235.4,78402.5,68235.2,68235.6
2026-06-16 22:45:00,67997.8,78129.4,67979.3,68006.4
2026-06-16 22:50:00,67739.4,77832.6,67747.0,67735.8
2026-06-16 22:55:00,67472.6,77526.1,67545.9,67438.3
2026-06-16 23:00:00,67321.0,77351.8,67312.2,67325.1
2026-06-16 23:05:00,67475.4,77529.2,67479.4,67473.5
2026-06-16 23:10:00,67336.9,77370.0,67354.6,67328.5
2026-06-16 23:15:00,67161.9,77169.1,67131.9,67176.0
2026-06-16 23:20:00,66966.7,76944.7,66929.5,66984.1
2026-06-16 23:25:00,66753.3,76699.5,66784.5,66738.6
2026-06-16 23:30:00,66415.0,76310.9,66446.6,66400.3
2026-06-16 23:35:00,66147.7,76003.7,66089.8,66174.8
2026-06-16 23:40:00,65837.3,75647.1,65837.1,65837.4
2026-06-16 23:45:00,65519.3,75281.7,65537.1,65511.0
2026-06-16 23:50:00,65091.3,74789.9,65137.4,65069.7
2026-06-16 23:55:00,64637.3,74268.2,64631.7,64639.9
2026-06-17 00:00:00,63978.5,73511.2,63947.9,63992.8
2026-06-17 00:05:00,63791.3,73296.2,63762.4,63804.9
2026-06-17 00:10:00,63488.3,72948.0,63438.6,63511.5
2026-06-17 00:15:00,63085.5,72485.2,63096.3,63080.4
2026-06-17 00:20:00,62712.8,72057.0,62742.9,62698.7
2026-06-17 00:25:00,62389.1,71685.1,62383.3,62391.8
2026-06-17 00:30:00,62170.4,71433.8,62148.4,62180.7
2026-06-17 00:35:00,61961.5,71193.7,61944.7,61969.3
2026-06-17 00:40:00,61787.3,70993.6,61762.0,61799.2
2026-06-17 00:45:00,61627.8,70810.4,61590.5,61645.3
2026-06-17 00:50:00,61405.2,70554.5,61458.0,61380.4
2026-06-17 00:55:00,61089.3,70191.6,61143.2,61064.0
2026-06-17 01:00:00,60887.0,69959.1,60899.4,60881.1
2026-06-17 01:05:00,60783.7,69840.5,60851.3,60752.1
2026-06-17 01:10:00,60616.6,69648.5,60682.8,60585.6
2026-06-17 01:15:00,60473.3,69483.8,60504.7,60458.6
2026-06-17 01:20:00,60367.2,69361.9,60381.2,60360.6
2026-06-17 01:25:00,60259.8,69238.5,60189.8,60292.6
2026-06-17 01:30:00,60172.7,69138.4,60114.0,60200.1
2026-06-17 01:35:00,60083.9,69036.4,60045.5,60101.8
2026-06-17 01:40:00,59994.5,68933.7,59943.1,60018.6
2026-06-17 01:45:00,59902.0,68827.4,59863.2,59920.2
2026-06-17 01:50:00,59807.7,68719.1,59720.5,59848.6
2026-06-17 01:55:00,59751.6,68654.6,59658.4,59795.3
2026-06-17 02:00:00,59625.3,68509.5,59637.5,59619.6
2026-06-17 02:05:00,59589.6,68468.4,59642.6,59564.8
2026-06-17 02:10:00,59514.8,68382.5,59511.8,59516.2
2026-06-17 02:15:00,59486.6,68350.1,59421.5,59517.1
2026-06-17 02:20:00,59455.1,68313.9,59407.5,59477.4
2026-06-17 02:25:00,59464.8,68325.0,59414.3,59488.4
2026-06-17 02:30:00,59456.3,68315.2,59394.9,59485.0
2026-06-17 02:35:00,59407.2,68258.9,59420.7,59400.9
2026-06-17 02:40:00,59319.2,68157.7,59306.6,59325.1
2026-06-17 02:45:00,59259.0,68088.6,59244.5,59265.8
2026-06-17 02:50:00,59225.4,68050.0,59246.7,59215.5
2026-06-17 02:55:00,59135.5,67946.6,59152.0,59127.7
2026-06-17 03:00:00,59041.9,67839.2,59044.4,59040.8
2026-06-17 03:05:00,59022.4,67816.7,59023.8,59021.8
2026-06-17 03:10:00,58991.9,67781.7,58990.0,58992.9
2026-06-17 03:15:00,58941.6,67723.9,58983.8,58921.8
2026-06-17 03:20:00,58910.0,67687.6,58889.8,58919.4
2026-06-17 03:25:00,58871.7,67643.6,58891.9,58862.2
2026-06-17 03:30:00,58848.1,67616.4,58855.7,58844.5
2026-06-17 03:35:00,58830.9,67596.7,58783.9,58852.9
2026-06-17 03:40:00,58734.5,67485.9,58763.8,58720.8
2026-06-17 03:45:00,58668.3,67409.9,58693.4,58656.5
2026-06-17 03:50:00,58642.6,67380.4,58609.6,58658.1
2026-06-17 03:55:00,58571.8,67299.0,58594.5,58561.2
2026-06-17 04:00:00,58606.4,67338.8,58562.0,58627.3
2026-06-17 04:05:00,58713.3,67461.6,58735.7,58702.9
2026-06-17 04:10:00,58770.7,67527.5,58768.5,58771.7
2026-06-17 04:15:00,58814.2,67577.5,58763.0,58838.2
2026-06-17 04:20:00,58831.1,67597.0,58829.6,58831.8
2026-06-17 04:25:00,58834.5,67600.8,58836.2,58833.7
2026-06-17 04:30:00,58819.3,67583.4,58834.7,58812.1
2026-06-17 04:35:00,58869.3,67640.8,58887.4,58860.8
2026-06-17 04:40:00,58899.9,67676.0,58844.7,58925.8
2026-06-17 04:45:00,58938.7,67720.6,58969.6,58924.3
2026-06-17 04:50:00,58982.3,67770.6,58962.4,58991.6
2026-06-17 04:55:00,59007.3,67799.4,59044.8,58989.8
2026-06-17 05:00:00,59045.1,67842.8,59087.1,59025.4
2026-06-17 05:05:00,59205.4,68027.0,59189.2,59213.0
2026-06-17 05:10:00,59330.4,68170.6,59313.1,59338.5
2026-06-17 05:15:00,59453.7,68312.3,59407.0,59475.5
2026-06-17 05:20:00,59557.3,68431.3,59589.9,59542.1
2026-06-17 05:25:00,59667.6,68558.0,59663.1,59669.6
2026-06-17 05:30:00,59733.7,68634.0,59733.3,59733.8
2026-06-17 05:35:00,59930.0,68859.6,59922.7,59933.4
2026-06-17 05:40:00,60027.3,68971.3,60061.1,60011.4
2026-06-17 05:45:00,60116.2,69073.6,60154.9,60098.2
2026-06-17 05:50:00,60199.0,69168.7,60259.1,60170.9
2026-06-17 05:55:00,60350.8,69343.1,60365.9,60343.7
2026-06-17 06:00:00,60685.0,69727.1,60597.3,60726.1
2026-06-17 06:05:00,61236.4,70360.6,61175.5,61264.9
2026-06-17 06:10:00,61524.4,70691.6,61459.9,61554.7
2026-06-17 06:15:00,61780.8,70986.1,61711.6,61813.1
2026-06-17 06:20:00,62009.6,71249.1,62006.3,62011.2
2026-06-17 06:25:00,62232.0,71504.6,62196.9,62248.5
2026-06-17 06:30:00,62473.5,71782.0,62488.5,62466.4
2026-06-17 06:35:00,62787.0,72142.2,62708.2,62823.9
2026-06-17 06:40:00,63021.9,72412.1,63031.8,63017.2
2026-06-17 06:45:00,63204.0,72621.4,63207.3,63202.5
2026-06-17 06:50:00,63416.2,72865.2,63389.9,63428.4
2026-06-17 06:55:00,63666.6,73153.0,63641.7,63678.3
2026-06-17 07:00:00,64111.3,73663.9,64111.1,64111.4
2026-06-17 07:05:00,64796.2,74450.8,64698.9,64841.8
2026-06-17 07:10:00,65222.5,74940.6,65162.9,65250.4
2026-06-17 07:15:00,65563.0,75331.9,65559.6,65564.6
2026-06-17 07:20:00,65870.6,75685.4,65893.5,65859.9
2026-06-17 07:25:00,66130.5,75983.9,66153.9,66119.5
2026-06-17 07:30:00,66317.7,76199.1,66401.8,66278.3
2026-06-17 07:35:00,66627.9,76555.4,66609.6,66636.4
2026-06-17 07:40:00,66857.0,76818.7,66846.2,66862.1
2026-06-17 07:45:00,67078.8,77073.5,67126.7,67056.3
2026-06-17 07:50:00,67298.3,77325.8,67363.1,67268.0
2026-06-17 07:55:00,67517.2,77577.3,67577.6,67488.9
2026-06-17 08:00:00,67971.5,78099.2,67974.6,67970.0
2026-06-17 08:05:00,68736.8,78978.6,68586.9,68807.0
2026-06-17 08:10:00,69208.7,79520.8,69183.6,69220.4
2026-06-17 08:15:00,69636.6,80012.4,69667.0,69622.3
2026-06-17 08:20:00,70047.9,80485.0,70088.6,70028.8
2026-06-17 08:25:00,70459.5,80958.0,70511.6,70435.1
2026-06-17 08:30:00,70720.4,81257.7,70813.7,70676.6
2026-06-17 08:35:00,71144.5,81745.1,71167.4,71133.8
2026-06-17 08:40:00,71447.2,82092.9,71497.3,71423.8
2026-06-17 08:45:00,71695.9,82378.6,71765.8,71663.2
2026-06-17 08:50:00,71903.8,82617.5,71906.2,71902.7
2026-06-17 08:55:00,72085.8,82826.6,72116.2,72071.5
2026-06-17 09:00:00,72101.3,82844.4,72173.1,72067.6
2026-06-17 09:05:00,72263.0,83030.2,72346.4,72223.9
2026-06-17 09:10:00,72435.2,83228.1,72516.3,72397.3
2026-06-17 09:15:00,72634.6,83457.1,72726.3,72591.6
2026-06-17 09:20:00,72773.7,83617.0,72800.4,72761.3
2026-06-17 09:25:00,72849.1,83703.6,72805.6,72869.5
2026-06-17 09:30:00,72869.2,83726.7,72888.7,72860.1
2026-06-17 09:35:00,72898.1,83759.9,72917.7,72888.9
2026-06-17 09:40:00,72866.9,83724.0,72880.8,72860.3
2026-06-17 09:45:00,72865.8,83722.8,72895.0,72852.1
2026-06-17 09:50:00,72827.8,83679.1,72852.5,72816.2
2026-06-17 09:55:00,72791.2,83637.1,72821.8,72776.9
2026-06-17 10:00:00,72743.1,83581.8,72801.7,72715.6
2026-06-17 10:05:00,72840.5,83693.7,72808.0,72855.7
2026-06-17 10:10:00,72951.6,83821.4,72985.0,72936.0
2026-06-17 10:15:00,73184.2,84088.6,73082.6,73231.7
2026-06-17 10:20:00,73330.8,84257.1,73327.9,73332.1
2026-06-17 10:25:00,73463.9,84410.0,73483.4,73454.7
2026-06-17 10:30:00,73484.9,84434.2,73423.0,73513.9
2026-06-17 10:35:00,73518.6,84472.9,73462.0,73545.2
2026-06-17 10:40:00,73554.0,84513.6,73607.2,73529.1
2026-06-17 10:45:00,73560.4,84520.9,73618.6,73533.2
2026-06-17 10:50:00,73533.6,84490.1,73596.0,73504.4
2026-06-17 10:55:00,73503.7,84455.7,73565.0,73474.9
2026-06-17 11:00:00,73322.5,84247.6,73228.8,73366.4
2026-06-17 11:05:00,73258.9,84174.4,73188.2,73292.0
2026-06-17 11:10:00,73149.4,84048.6,73206.8,73122.5
2026-06-17 11:15:00,73163.2,84064.6,73217.9,73137.6
2026-06-17 11:20:00,73124.1,84019.6,73172.7,73101.4
2026-06-17 11:25:00,73041.1,83924.2,72950.3,73083.6
2026-06-17 11:30:00,72851.0,83705.8,72866.2,72843.9
2026-06-17 11:35:00,72700.6,83533.0,72698.5,72701.6
2026-06-17 11:40:00,72485.9,83286.3,72481.9,72487.8
2026-06-17 11:45:00,72253.8,83019.6,72257.1,72252.3
2026-06-17 11:50:00,71875.1,82584.4,71900.5,71863.1
2026-06-17 11:55:00,71414.5,82055.3,71367.7,71436.5
2026-06-17 12:00:00,70972.7,81547.6,70844.0,71033.0
2026-06-17 12:05:00,70985.5,81562.4,70940.7,71006.6
2026-06-17 12:10:00,71016.7,81598.1,71061.5,70995.6
2026-06-17 12:15:00,71006.1,81586.0,71033.1,70993.4
2026-06-17 12:20:00,71004.0,81583.6,71031.7,70991.0
2026-06-17 12:25:00,70967.6,81541.8,71032.4,70937.2
2026-06-17 12:30:00,70822.6,81375.2,70797.8,70834.3
2026-06-17 12:35:00,70756.0,81298.7,70752.6,70757.7
2026-06-17 12:40:00,70672.9,81203.2,70799.1,70613.8
2026-06-17 12:45:00,70646.1,81172.4,70698.7,70621.5
2026-06-17 12:50:00,70773.7,81319.0,70787.9,70767.0
2026-06-17 12:55:00,71106.3,81701.1,71060.7,71127.6
2026-06-17 13:00:00,71556.6,82218.5,71517.6,71574.8
2026-06-17 13:05:00,72016.4,82746.9,71983.2,72032.0
2026-06-17 13:10:00,72471.7,83270.0,72408.0,72501.6
2026-06-17 13:15:00,72729.5,83566.2,72778.3,72706.7
2026-06-17 13:20:00,72900.8,83763.0,72927.7,72888.1
2026-06-17 13:25:00,73108.7,84001.9,73118.1,73104.3
2026-06-17 13:30:00,73331.5,84257.9,73263.3,73363.4
2026-06-17 13:35:00,73578.9,84542.1,73643.6,73548.5
2026-06-17 13:40:00,73726.6,84711.9,73753.9,73713.9
2026-06-17 13:45:00,73890.2,84899.9,73936.2,73868.7
2026-06-17 13:50:00,73982.1,85005.4,74008.5,73969.7
2026-06-17 13:55:00,73996.9,85022.4,74027.7,73982.4
2026-06-17 14:00:00,73962.9,84983.3,73979.0,73955.3
2026-06-17 14:05:00,73976.3,84998.8,73999.0,73965.7
2026-06-17 14:10:00,74025.8,85055.7,74045.6,74016.5
2026-06-17 14:15:00,74149.8,85198.1,74048.7,74197.1
2026-06-17 14:20:00,74185.8,85239.5,74229.4,74165.4
2026-06-17 14:25:00,74223.1,85282.3,74235.4,74217.3
2026-06-17 14:30:00,74309.1,85381.2,74261.3,74331.5
2026-06-17 14:35:00,74362.0,85442.0,74415.4,74337.0
2026-06-17 14:40:00,74378.5,85460.9,74404.6,74366.2
2026-06-17 14:45:00,74369.7,85450.7,74416.8,74347.6
2026-06-17 14:50:00,74361.2,85441.0,74389.2,74348.0
2026-06-17 14:55:00,74336.9,85413.1,74359.9,74326.1
2026-06-17 15:00:00,74280.3,85348.1,74332.2,74256.0
2026-06-17 15:05:00,74292.0,85361.5,74320.2,74278.8
2026-06-17 15:10:00,74439.1,85530.6,74458.7,74429.9
2026-06-17 15:15:00,74659.5,85783.7,74564.2,74704.1
2026-06-17 15:20:00,74861.1,86015.5,74934.4,74826.8
2026-06-17 15:25:00,75094.0,86283.0,75128.8,75077.7
2026-06-17 15:30:00,75256.2,86469.4,75299.6,75235.9
2026-06-17 15:35:00,75463.1,86707.1,75512.1,75440.2
2026-06-17 15:40:00,75700.5,86979.8,75720.7,75691.0
2026-06-17 15:45:00,76006.3,87331.3,75952.3,76031.7
2026-06-17 15:50:00,76188.9,87541.0,76180.0,76193.1
2026-06-17 15:55:00,76381.0,87761.8,76381.8,76380.7
2026-06-17 16:00:00,76507.9,87907.6,76506.4,76508.7
2026-06-17 16:05:00,76407.0,87791.6,76457.1,76383.5
2026-06-17 16:10:00,76542.1,87946.8,76594.6,76517.5
2026-06-17 16:15:00,76747.0,88182.3,76629.2,76802.2
2026-06-17 16:20:00,76891.2,88348.0,76854.2,76908.6
2026-06-17 16:25:00,77083.2,88568.6,77124.4,77063.9
2026-06-17 16:30:00,77289.2,88805.3,77306.1,77281.3
2026-06-17 16:35:00,77491.4,89037.6,77496.2,77489.1
2026-06-17 16:40:00,77726.5,89307.7,77740.8,77719.8
2026-06-17 16:45:00,77934.2,89546.4,77974.8,77915.1
2026-06-17 16:50:00,78120.4,89760.3,78153.7,78104.8
2026-06-17 16:55:00,78137.6,89780.1,78106.6,78152.1
2026-06-17 17:00:00,78010.5,89634.0,77930.7,78047.9
2026-06-17 17:05:00,77921.6,89531.9,77840.2,77959.8
2026-06-17 17:10:00,78067.6,89699.7,77866.0,78162.1
2026-06-17 17:15:00,78146.1,89789.9,78148.6,78145.0
2026-06-17 17:20:00,78117.1,89756.6,78135.9,78108.3
2026-06-17 17:25:00,78073.1,89706.0,78084.1,78068.0
2026-06-17 17:30:00,78068.0,89700.2,78064.4,78069.7
2026-06-17 17:35:00,78097.1,89733.5,78125.8,78083.6
2026-06-17 17:40:00,78089.4,89724.7,78099.0,78084.9
2026-06-17 17:45:00,78067.8,89699.8,78091.4,78056.7
2026-06-17 17:50:00,78029.3,89655.7,78051.0,78019.1
2026-06-17 17:55:00,77912.0,89520.9,77951.2,77893.6
2026-06-17 18:00:00,77862.5,89464.0,77647.2,77963.3
2026-06-17 18:05:00,77666.3,89238.5,77621.2,77687.4
2026-06-17 18:10:00,77610.4,89174.3,77596.6,77616.9
2026-06-17 18:15:00,77589.0,89149.8,77631.7,77569.0
2026-06-17 18:20:00,77630.2,89197.1,77615.5,77637.1
2026-06-17 18:25:00,77618.7,89183.8,77599.5,77627.6
2026-06-17 18:30:00,77635.2,89202.9,77616.6,77644.0
2026-06-17 18:35:00,77607.1,89170.6,77589.9,77615.2
2026-06-17 18:40:00,77593.4,89154.8,77572.7,77603.1
2026-06-17 18:45:00,77595.8,89157.6,77577.9,77604.3
2026-06-17 18:50:00,77557.2,89113.2,77537.4,77566.5
2026-06-17 18:55:00,77432.0,88969.4,77469.9,77414.3
2026-06-17 19:00:00,77167.3,88665.2,77175.7,77163.3
2026-06-17 19:05:00,76899.4,88357.4,76903.9,76897.3
2026-06-17 19:10:00,76798.7,88241.7,76794.4,76800.8
2026-06-17 19:15:00,76806.4,88250.6,76796.7,76811.0
2026-06-17 19:20:00,76803.9,88247.6,76796.2,76807.5
2026-06-17 19:25:00,76775.9,88215.5,76769.6,76778.8
2026-06-17 19:30:00,76763.7,88201.5,76748.8,76770.7
2026-06-17 19:35:00,76620.2,88036.6,76541.0,76657.3
2026-06-17 19:40:00,76501.3,87900.0,76535.9,76485.1
2026-06-17 19:45:00,76302.8,87671.9,76320.4,76294.6
2026-06-17 19:50:00,76065.3,87399.0,76060.3,76067.6
2026-06-17 19:55:00,75753.4,87040.6,75792.7,75735.0
2026-06-17 20:00:00,75489.8,86737.8,75532.8,75469.6
2026-06-17 20:05:00,75276.5,86492.7,75242.5,75292.5
2026-06-17 20:10:00,75097.1,86286.6,75128.6,75082.4
2026-06-17 20:15:00,74887.3,86045.5,74908.4,74877.4
2026-06-17 20:20:00,74697.4,85827.3,74712.3,74690.5
2026-06-17 20:25:00,74516.2,85619.1,74522.9,74513.0
2026-06-17 20:30:00,74309.7,85381.8,74313.3,74308.0
2026-06-17 20:35:00,74051.4,85085.0,74124.7,74017.0
2026-06-17 20:40:00,73808.4,84805.9,73732.7,73843.9
2026-06-17 20:45:00,73507.1,84459.6,73565.3,73479.8
2026-06-17 20:50:00,73262.9,84179.0,73172.1,73305.4
2026-06-17 20:55:00,72953.9,83824.0,72988.2,72937.8
2026-06-17 21:00:00,72632.6,83454.8,72587.8,72653.6
2026-06-17 21:05:00,72340.1,83118.8,72384.7,72319.2
2026-06-17 21:10:00,72121.9,82868.1,72105.0,72129.8
2026-06-17 21:15:00,71890.9,82602.7,71914.2,71880.0
2026-06-17 21:20:00,71682.0,82362.7,71602.7,71719.2
2026-06-17 21:25:00,71400.3,82038.9,71467.2,71368.9
2026-06-17 21:30:00,71200.5,81809.4,71163.0,71218.1
2026-06-17 21:35:00,70940.9,81511.1,70978.2,70923.4
2026-06-17 21:40:00,70715.7,81252.3,70679.1,70732.8
2026-06-17 21:45:00,70472.6,80973.0,70532.0,70444.7
2026-06-17 21:50:00,70262.5,80731.7,70216.9,70283.9
2026-06-17 21:55:00,70036.5,80471.9,70090.5,70011.1
2026-06-17 22:00:00,69752.1,80145.1,69766.1,69745.5
2026-06-17 22:05:00,69692.0,80076.1,69770.4,69655.3
2026-06-17 22:10:00,69582.8,79950.7,69558.7,69594.1
2026-06-17 22:15:00,69379.3,79716.8,69399.6,69369.8
2026-06-17 22:20:00,69188.9,79498.1,69174.9,69195.5
2026-06-17 22:25:00,68955.4,79229.8,68973.2,68947.2
2026-06-17 22:30:00,68717.2,78956.0,68719.8,68716.0
2026-06-17 22:35:00,68501.8,78708.6,68559.6,68474.8
2026-06-17 22:40:00,68321.4,78501.3,68335.9,68314.7
2026-06-17 22:45:00,68085.1,78229.8,68082.4,68086.3
2026-06-17 22:50:00,67918.0,78037.8,67862.0,67944.2
2026-06-17 22:55:00,67692.2,77778.3,67745.3,67667.3
2026-06-17 23:00:00,67524.6,77585.7,67543.9,67515.5
2026-06-17 23:05:00,67664.7,77746.7,67722.7,67637.5
2026-06-17 23:10:00,67550.7,77615.8,67588.7,67532.9
2026-06-17 23:15:00,67355.3,77391.3,67344.1,67360.6
2026-06-17 23:20:00,67122.6,77123.9,67113.2,67127.1
2026-06-17 23:25:00,66944.3,76919.1,66903.1,66963.7
2026-06-17 23:30:00,66599.7,76523.1,66546.7,66624.6
2026-06-17 23:35:00,66323.2,76205.4,66290.7,66338.5
2026-06-17 23:40:00,66002.2,75836.5,65991.3,66007.3
2026-06-17 23:45:00,65648.2,75429.7,65648.0,65648.2
2026-06-17 23:50:00,65220.1,74937.9,65329.6,65168.8
2026-06-17 23:55:00,64757.4,74406.2,64756.5,64757.8
2026-06-18 00:00:00,64128.5,73683.6,64144.3,64121.0
2026-06-18 00:05:00,63992.2,73527.0,63942.0,64015.7
2026-06-18 00:10:00,63682.9,73171.6,63679.4,63684.5
2026-06-18 00:15:00,63421.6,72871.4,63365.1,63448.0
2026-06-18 00:20:00,63013.5,72402.5,63103.8,62971.2
2026-06-18 00:25:00,62641.4,71975.0,62660.4,62632.5
2026-06-18 00:30:00,62328.4,71615.3,62319.5,62332.6
2026-06-18 00:35:00,62126.6,71383.4,62099.2,62139.4
2026-06-18 00:40:00,61969.5,71203.0,61948.7,61979.3
2026-06-18 00:45:00,61797.4,71005.2,61773.6,61808.5
2026-06-18 00:50:00,61570.3,70744.3,61560.2,61575.1
2026-06-18 00:55:00,61273.2,70402.9,61330.3,61246.5
2026-06-18 01:00:00,61075.5,70175.7,61103.1,61062.6
2026-06-18 01:05:00,60965.6,70049.5,61018.8,60940.8
2026-06-18 01:10:00,60833.3,69897.5,60877.9,60812.4
2026-06-18 01:15:00,60669.1,69708.8,60671.7,60667.8
2026-06-18 01:20:00,60558.4,69581.6,60579.3,60548.7
2026-06-18 01:25:00,60423.9,69427.1,60384.6,60442.3
2026-06-18 01:30:00,60286.2,69268.9,60293.4,60282.8
2026-06-18 01:35:00,60214.1,69186.0,60215.8,60213.4
2026-06-18 01:40:00,60102.9,69058.3,60124.1,60093.0
2026-06-18 01:45:00,60024.1,68967.7,60032.1,60020.3
2026-06-18 01:50:00,59928.8,68858.2,59932.9,59926.9
2026-06-18 01:55:00,59859.8,68778.9,59832.7,59872.6
2026-06-18 02:00:00,59764.1,68668.9,59744.7,59773.2
2026-06-18 02:05:00,59751.3,68654.3,59751.7,59751.2
2026-06-18 02:10:00,59663.5,68553.3,59679.7,59655.9
2026-06-18 02:15:00,59595.1,68474.8,59593.1,59596.1
2026-06-18 02:20:00,59546.6,68419.1,59492.2,59572.1
2026-06-18 02:25:00,59503.8,68369.8,59491.7,59509.4
2026-06-18 02:30:00,59482.1,68344.9,59404.8,59518.2
2026-06-18 02:35:00,59469.8,68330.9,59428.4,59489.2
2026-06-18 02:40:00,59466.7,68327.2,59402.4,59496.8
2026-06-18 02:45:00,59403.8,68255.0,59409.0,59401.4
2026-06-18 02:50:00,59311.8,68149.3,59306.8,59314.1
2026-06-18 02:55:00,59264.5,68094.9,59238.0,59277.0
2026-06-18 03:00:00,59198.0,68018.5,59225.6,59185.1
2026-06-18 03:05:00,59151.5,67965.0,59209.8,59124.1
2026-06-18 03:10:00,59090.1,67894.5,59087.4,59091.3
2026-06-18 03:15:00,59030.1,67825.6,59080.2,59006.6
2026-06-18 03:20:00,58987.6,67776.7,58976.0,58993.0
2026-06-18 03:25:00,58941.5,67723.8,58978.5,58924.2
2026-06-18 03:30:00,58898.8,67674.8,58883.2,58906.2
2026-06-18 03:35:00,58883.6,67657.2,58908.9,58871.7
2026-06-18 03:40:00,58856.5,67626.1,58861.4,58854.1
2026-06-18 03:45:00,58815.7,67579.2,58770.2,58837.0
2026-06-18 03:50:00,58736.8,67488.6,58764.1,58724.0
2026-06-18 03:55:00,58666.5,67407.8,58687.1,58656.8
2026-06-18 04:00:00,58698.1,67444.1,58648.6,58721.2
2026-06-18 04:05:00,58807.0,67569.2,58828.6,58796.8
2026-06-18 04:10:00,58841.4,67608.8,58853.4,58835.8
2026-06-18 04:15:00,58908.6,67686.0,58836.5,58942.4
2026-06-18 04:20:00,58935.2,67716.6,58933.5,58936.0
2026-06-18 04:25:00,58987.9,67777.1,58960.6,59000.7
2026-06-18 04:30:00,58993.0,67783.0,59024.1,58978.5
2026-06-18 04:35:00,59043.3,67840.7,59076.7,59027.6
2026-06-18 04:40:00,59061.1,67861.2,59037.8,59072.1
2026-06-18 04:45:00,59088.0,67892.2,59125.4,59070.6
2026-06-18 04:50:00,59084.9,67888.6,59129.5,59064.0
2026-06-18 04:55:00,59084.1,67887.7,59133.5,59061.0
2026-06-18 05:00:00,59121.5,67930.6,59171.6,59098.1
2026-06-18 05:05:00,59297.9,68133.3,59269.8,59311.1
2026-06-18 05:10:00,59400.2,68250.8,59426.9,59387.6
2026-06-18 05:15:00,59537.2,68408.2,59477.1,59565.3
2026-06-18 05:20:00,59669.0,68559.6,59651.7,59677.1
2026-06-18 05:25:00,59741.4,68642.8,59730.5,59746.4
2026-06-18 05:30:00,59851.6,68769.5,59847.8,59853.4
2026-06-18 05:35:00,59998.4,68938.2,60005.2,59995.3
2026-06-18 05:40:00,60103.8,69059.3,60137.6,60087.9
2026-06-18 05:45:00,60201.3,69171.3,60257.7,60174.9
2026-06-18 05:50:00,60352.0,69344.5,60364.7,60346.1
2026-06-18 05:55:00,60477.9,69489.1,60440.2,60495.6
2026-06-18 06:00:00,60813.1,69874.3,60829.0,60805.7
2026-06-18 06:05:00,61301.1,70435.0,61285.9,61308.3
2026-06-18 06:10:00,61570.0,70743.9,61564.6,61572.5
2026-06-18 06:15:00,61815.6,71026.1,61813.5,61816.6
2026-06-18 06:20:00,62062.2,71309.5,62069.5,62058.8
2026-06-18 06:25:00,62263.8,71541.1,62279.9,62256.3
2026-06-18 06:30:00,62456.1,71762.0,62468.4,62450.3
2026-06-18 06:35:00,62729.3,72075.9,62708.2,62739.2
2026-06-18 06:40:00,62932.1,72309.0,62926.2,62934.8
2026-06-18 06:45:00,63128.7,72534.9,63126.6,63129.7
2026-06-18 06:50:00,63301.1,72733.0,63291.8,63305.5
2026-06-18 06:55:00,63540.6,73008.1,63501.6,63558.8
2026-06-18 07:00:00,63974.3,73506.5,63964.4,63978.9
2026-06-18 07:05:00,64533.2,74148.6,64489.9,64553.4
2026-06-18 07:10:00,64903.0,74573.5,64859.4,64923.4
2026-06-18 07:15:00,65212.5,74929.1,65187.4,65224.2
2026-06-18 07:20:00,65476.5,75232.5,65490.2,65470.1
2026-06-18 07:25:00,65761.1,75559.5,65754.5,65764.1
2026-06-18 07:30:00,65975.4,75805.7,66005.7,65961.1
2026-06-18 07:35:00,66285.7,76162.3,66279.4,66288.6
2026-06-18 07:40:00,66532.8,76446.2,66526.1,66535.9
2026-06-18 07:45:00,66798.6,76751.6,66836.9,66780.7
2026-06-18 07:50:00,67057.1,77048.6,67033.3,67068.3
2026-06-18 07:55:00,67258.7,77280.3,67242.8,67266.2
2026-06-18 08:00:00,67703.7,77791.6,67658.3,67725.0
2026-06-18 08:05:00,68412.4,78605.9,68396.3,68420.0
2026-06-18 08:10:00,68967.1,79243.2,68860.1,69017.2
2026-06-18 08:15:00,69401.7,79742.6,69401.0,69402.1
2026-06-18 08:20:00,69826.8,80231.0,69884.4,69799.8
2026-06-18 08:25:00,70290.6,80763.9,70235.2,70316.6
2026-06-18 08:30:00,70613.5,81134.9,70708.4,70569.0
2026-06-18 08:35:00,71015.1,81596.3,71034.9,71005.8
2026-06-18 08:40:00,71337.0,81966.2,71357.1,71327.6
2026-06-18 08:45:00,71545.5,82205.8,71615.7,71512.6
2026-06-18 08:50:00,71747.7,82438.1,71750.6,71746.4
2026-06-18 08:55:00,71911.0,82625.7,71946.3,71894.4
2026-06-18 09:00:00,71903.5,82617.1,71854.2,71926.6
2026-06-18 09:05:00,72025.6,82757.4,72016.9,72029.7
2026-06-18 09:10:00,72255.3,83021.4,72201.1,72280.7
2026-06-18 09:15:00,72450.4,83245.5,72561.1,72398.6
2026-06-18 09:20:00,72589.9,83405.8,72630.7,72570.7
2026-06-18 09:25:00,72679.6,83508.9,72600.2,72716.8
2026-06-18 09:30:00,72660.5,83486.9,72729.5,72628.2
2026-06-18 09:35:00,72699.2,83531.3,72727.1,72686.1
2026-06-18 09:40:00,72678.5,83507.6,72690.2,72673.0
2026-06-18 09:45:00,72670.1,83497.9,72698.6,72656.7
2026-06-18 09:50:00,72637.2,83460.2,72680.6,72616.9
2026-06-18 09:55:00,72593.6,83410.0,72631.2,72576.0
2026-06-18 10:00:00,72486.9,83287.5,72418.9,72518.8
2026-06-18 10:05:00,72518.1,83323.3,72606.3,72476.7
2026-06-18 10:10:00,72558.6,83369.8,72591.1,72543.3
2026-06-18 10:15:00,72831.0,83682.8,72703.6,72890.7
2026-06-18 10:20:00,72960.1,83831.1,72960.6,72959.9
2026-06-18 10:25:00,73065.6,83952.3,72943.7,73122.7
2026-06-18 10:30:00,73037.9,83920.6,73027.0,73043.0
2026-06-18 10:35:00,73071.3,83959.0,73066.1,73073.8
2026-06-18 10:40:00,73058.2,83943.9,73043.9,73064.9
2026-06-18 10:45:00,73061.9,83948.1,73055.4,73065.0
2026-06-18 10:50:00,73029.0,83910.3,73031.2,73027.9
2026-06-18 10:55:00,73003.5,83881.1,73008.9,73001.0
2026-06-18 11:00:00,72882.4,83741.9,72879.6,72883.7
2026-06-18 11:05:00,72847.9,83702.2,72862.8,72840.9
2026-06-18 11:10:00,72839.4,83692.4,72862.5,72828.5
2026-06-18 11:15:00,72822.8,83673.4,72860.5,72805.2
2026-06-18 11:20:00,72792.6,83638.6,72816.2,72781.5
2026-06-18 11:25:00,72790.5,83636.2,72806.7,72782.8
2026-06-18 11:30:00,72635.5,83458.2,72536.9,72681.7
2026-06-18 11:35:00,72541.0,83349.6,72573.7,72525.7
2026-06-18 11:40:00,72315.9,83090.9,72324.4,72311.9
2026-06-18 11:45:00,72116.5,82861.8,72116.8,72116.3
2026-06-18 11:50:00,71786.2,82482.3,71785.6,71786.4
2026-06-18 11:55:00,71340.4,81970.1,71369.7,71326.7
2026-06-18 12:00:00,70841.9,81397.4,70866.7,70830.3
2026-06-18 12:05:00,70850.9,81407.6,70959.2,70800.1
2026-06-18 12:10:00,70856.8,81414.4,70930.0,70822.5
2026-06-18 12:15:00,70828.6,81382.1,70907.5,70791.7
2026-06-18 12:20:00,70739.7,81279.9,70759.1,70730.6
2026-06-18 12:25:00,70630.2,81154.1,70740.5,70578.6
2026-06-18 12:30:00,70502.6,81007.5,70462.8,70521.3
2026-06-18 12:35:00,70456.5,80954.5,70433.5,70467.3
2026-06-18 12:40:00,70441.2,80936.9,70519.2,70404.7
2026-06-18 12:45:00,70450.3,80947.4,70556.8,70400.5
2026-06-18 12:50:00,70652.5,81179.7,70665.8,70646.3
2026-06-18 12:55:00,70918.2,81485.0,70894.4,70929.3
2026-06-18 13:00:00,71438.4,82082.7,71372.6,71469.2
2026-06-18 13:05:00,71841.1,82545.4,71841.7,71840.9
2026-06-18 13:10:00,72304.5,83077.9,72234.5,72337.3
2026-06-18 13:15:00,72581.4,83396.1,72631.6,72557.9
2026-06-18 13:20:00,72814.4,83663.8,72743.6,72847.7
2026-06-18 13:25:00,73104.9,83997.5,73102.2,73106.2
2026-06-18 13:30:00,73352.1,84281.5,73270.8,73390.1
2026-06-18 13:35:00,73597.7,84563.7,73687.7,73555.5
2026-06-18 13:40:00,73726.3,84711.6,73753.0,73713.9
2026-06-18 13:45:00,73889.9,84899.5,73935.3,73868.7
2026-06-18 13:50:00,73985.9,85009.8,74020.6,73969.7
2026-06-18 13:55:00,73997.6,85023.2,74031.1,73981.9
2026-06-18 14:00:00,73971.8,84993.6,73991.8,73962.5
2026-06-18 14:05:00,73984.6,85008.3,73999.7,73977.5
2026-06-18 14:10:00,74020.6,85049.6,74042.7,74010.2
2026-06-18 14:15:00,74097.7,85138.3,74060.0,74115.4
2026-06-18 14:20:00,74200.9,85256.8,74230.7,74186.9
2026-06-18 14:25:00,74223.5,85282.8,74236.7,74217.3
2026-06-18 14:30:00,74309.2,85381.3,74261.7,74331.5
2026-06-18 14:35:00,74362.4,85442.4,74416.7,74337.0
2026-06-18 14:40:00,74378.9,85461.3,74406.0,74366.2
2026-06-18 14:45:00,74370.1,85451.2,74418.1,74347.6
2026-06-18 14:50:00,74361.6,85441.5,74390.5,74348.0
2026-06-18 14:55:00,74337.0,85413.2,74361.2,74325.6
2026-06-18 15:00:00,74281.2,85349.1,74333.6,74256.6
2026-06-18 15:05:00,74292.8,85362.5,74321.5,74279.4
2026-06-18 15:10:00,74440.0,85531.5,74460.1,74430.5
2026-06-18 15:15:00,74652.4,85775.6,74540.8,74704.7
2026-06-18 15:20:00,74862.0,86016.4,74935.7,74827.4
2026-06-18 15:25:00,75094.8,86283.9,75130.1,75078.3
2026-06-18 15:30:00,75257.1,86470.4,75301.0,75236.5
2026-06-18 15:35:00,75463.9,86708.1,75513.4,75440.8
2026-06-18 15:40:00,75700.9,86980.3,75722.0,75691.0
2026-06-18 15:45:00,76006.8,87331.8,75953.6,76031.7
2026-06-18 15:50:00,76189.3,87541.5,76181.3,76193.1
2026-06-18 15:55:00,76380.1,87760.8,76383.1,76378.8
2026-06-18 16:00:00,76508.4,87908.1,76507.7,76508.7
2026-06-18 16:05:00,76407.4,87792.1,76458.4,76383.5
2026-06-18 16:10:00,76542.5,87947.3,76595.9,76517.5
2026-06-18 16:15:00,76747.4,88182.8,76630.5,76802.2
2026-06-18 16:20:00,76891.6,88348.5,76855.5,76908.6
2026-06-18 16:25:00,77083.7,88569.1,77125.8,77063.9
2026-06-18 16:30:00,77289.7,88805.8,77307.4,77281.3
2026-06-18 16:35:00,77491.8,89038.1,77497.6,77489.1
2026-06-18 16:40:00,77726.9,89308.2,77742.1,77719.8
2026-06-18 16:45:00,77934.6,89546.9,77976.2,77915.1
2026-06-18 16:50:00,78120.8,89760.8,78155.0,78104.8
2026-06-18 16:55:00,78136.7,89779.1,78108.0,78150.2
2026-06-18 17:00:00,78009.2,89632.6,77932.0,78045.4
2026-06-18 17:05:00,77920.4,89530.5,77841.5,77957.4
2026-06-18 17:10:00,78067.8,89699.9,77867.3,78161.7
2026-06-18 17:15:00,78146.3,89790.1,78149.9,78144.6
2026-06-18 17:20:00,78117.3,89756.8,78137.2,78108.0
2026-06-18 17:25:00,78073.3,89706.2,78085.4,78067.6
2026-06-18 17:30:00,78068.2,89700.4,78065.7,78069.4
2026-06-18 17:35:00,78097.2,89733.7,78127.1,78083.3
2026-06-18 17:40:00,78089.6,89724.9,78100.4,78084.5
2026-06-18 17:45:00,78067.9,89700.0,78092.7,78056.3
2026-06-18 17:50:00,77981.1,89600.3,78052.3,77947.7
2026-06-18 17:55:00,77910.9,89519.6,77952.6,77891.4
2026-06-18 18:00:00,77723.7,89304.5,77648.5,77758.9
2026-06-18 18:05:00,77666.4,89238.7,77622.5,77687.0
2026-06-18 18:10:00,77610.1,89174.0,77596.5,77616.5
2026-06-18 18:15:00,77589.2,89150.0,77633.0,77568.7
2026-06-18 18:20:00,77630.4,89197.3,77616.8,77636.7
2026-06-18 18:25:00,77618.8,89184.0,77600.8,77627.3
2026-06-18 18:30:00,77625.9,89192.2,77618.0,77629.7
2026-06-18 18:35:00,77607.3,89170.8,77591.2,77614.9
2026-06-18 18:40:00,77593.6,89155.0,77574.1,77602.7
2026-06-18 18:45:00,77596.0,89157.8,77579.2,77603.9
2026-06-18 18:50:00,77498.3,89045.6,77538.8,77479.4
2026-06-18 18:55:00,77430.9,88968.1,77471.2,77412.0
2026-06-18 19:00:00,77154.6,88650.6,77176.6,77144.3
2026-06-18 19:05:00,76899.9,88358.0,76906.2,76896.9
2026-06-18 19:10:00,76799.2,88242.3,76796.6,76800.4
2026-06-18 19:15:00,76806.9,88251.1,76798.9,76810.6
2026-06-18 19:20:00,76804.3,88248.2,76798.4,76807.1
2026-06-18 19:25:00,76776.3,88216.0,76771.8,76778.5
2026-06-18 19:30:00,76764.2,88202.0,76751.0,76770.4
2026-06-18 19:35:00,76620.6,88037.1,76543.2,76656.9
2026-06-18 19:40:00,76501.7,87900.5,76538.1,76484.7
2026-06-18 19:45:00,76303.5,87672.7,76323.3,76294.2
2026-06-18 19:50:00,76065.5,87399.3,76060.5,76067.8
2026-06-18 19:55:00,75753.2,87040.4,75792.7,75734.7
2026-06-18 20:00:00,75491.3,86739.5,75533.5,75471.5
2026-06-18 20:05:00,75278.0,86494.4,75243.2,75294.3
2026-06-18 20:10:00,75099.2,86289.0,75129.3,75085.1
2026-06-18 20:15:00,74889.4,86047.9,74909.2,74880.2
2026-06-18 20:20:00,74699.5,85829.8,74713.1,74693.2
2026-06-18 20:25:00,74518.3,85621.5,74523.7,74515.7
2026-06-18 20:30:00,74311.8,85384.3,74314.0,74310.7
2026-06-18 20:35:00,74053.2,85087.2,74124.7,74019.8
2026-06-18 20:40:00,73809.0,84806.6,73732.7,73844.8
2026-06-18 20:45:00,73507.7,84460.4,73565.3,73480.8
2026-06-18 20:50:00,73262.9,84179.0,73172.1,73305.4
2026-06-18 20:55:00,72953.6,83823.6,72988.2,72937.3
2026-06-18 21:00:00,72633.6,83456.0,72587.8,72655.1
2026-06-18 21:05:00,72341.6,83120.5,72386.0,72320.8
2026-06-18 21:10:00,72122.9,82869.3,72105.0,72131.3
2026-06-18 21:15:00,71892.0,82603.9,71914.2,71881.5
2026-06-18 21:20:00,71683.1,82363.9,71602.7,71720.7
2026-06-18 21:25:00,71465.5,82113.8,71467.2,71464.7
2026-06-18 21:30:00,71262.5,81880.6,71310.4,71240.1
2026-06-18 21:35:00,71041.5,81626.6,70978.2,71071.1
