날짜시간,앙상블예측(MW),발전량기준(MW),XGB예측(MW),LGB예측(MW)
2026-05-19 21:40:00,66222.2,76089.4,66153.3,66254.5
2026-05-19 21:45:00,66036.1,75875.5,66064.8,66022.7
2026-05-19 21:50:00,65840.9,75651.2,65820.4,65850.5
2026-05-19 21:55:00,65610.7,75386.7,65620.8,65605.9
2026-05-19 22:00:00,65322.4,75055.4,65314.0,65326.3
2026-05-19 22:05:00,65272.6,74998.2,65246.1,65285.0
2026-05-19 22:10:00,65179.9,74891.7,65137.8,65199.6
2026-05-19 22:15:00,64970.6,74651.2,64973.9,64969.0
2026-05-19 22:20:00,64794.5,74448.9,64823.2,64781.0
2026-05-19 22:25:00,64588.9,74212.6,64541.5,64611.1
2026-05-19 22:30:00,64427.4,74027.1,64373.9,64452.5
2026-05-19 22:35:00,64301.4,73882.4,64256.7,64322.4
2026-05-19 22:40:00,64132.9,73688.7,64153.8,64123.1
2026-05-19 22:45:00,63980.1,73513.2,63962.2,63988.5
2026-05-19 22:50:00,63764.0,73264.8,63778.9,63757.0
2026-05-19 22:55:00,63616.8,73095.7,63613.5,63618.3
2026-05-19 23:00:00,63534.8,73001.5,63627.2,63491.5
2026-05-19 23:05:00,63859.1,73374.1,63936.3,63823.0
2026-05-19 23:10:00,63770.1,73271.9,63829.0,63742.6
2026-05-19 23:15:00,63573.5,73045.9,63588.9,63566.3
2026-05-19 23:20:00,63376.9,72820.1,63360.7,63384.5
2026-05-19 23:25:00,63179.7,72593.5,63159.3,63189.3
2026-05-19 23:30:00,62836.4,72199.1,62803.5,62851.8
2026-05-19 23:35:00,62498.1,71810.3,62478.9,62507.1
2026-05-19 23:40:00,62189.8,71456.1,62192.1,62188.8
2026-05-19 23:45:00,61825.9,71037.9,61789.2,61843.1
2026-05-19 23:50:00,61410.3,70560.4,61436.9,61397.8
2026-05-19 23:55:00,60883.3,69955.0,60947.7,60853.2
2026-05-20 00:00:00,60242.1,69218.2,60275.2,60226.6
2026-05-20 00:05:00,60120.4,69078.3,60089.8,60134.7
2026-05-20 00:10:00,59882.4,68804.9,59858.3,59893.7
2026-05-20 00:15:00,59558.4,68432.6,59507.0,59582.5
2026-05-20 00:20:00,59206.8,68028.6,59263.4,59180.3
2026-05-20 00:25:00,58912.9,67690.9,58927.6,58906.0
2026-05-20 00:30:00,58643.2,67381.0,58677.9,58626.9
2026-05-20 00:35:00,58406.3,67108.8,58435.0,58392.8
2026-05-20 00:40:00,58217.9,66892.4,58156.4,58246.7
2026-05-20 00:45:00,58020.3,66665.3,57987.4,58035.7
2026-05-20 00:50:00,57825.6,66441.6,57781.8,57846.1
2026-05-20 00:55:00,57647.4,66236.9,57556.4,57690.0
2026-05-20 01:00:00,57516.6,66086.5,57434.4,57555.0
2026-05-20 01:05:00,57364.1,65911.4,57412.6,57341.5
2026-05-20 01:10:00,57251.8,65782.4,57213.9,57269.6
2026-05-20 01:15:00,57166.9,65684.8,57124.0,57187.0
2026-05-20 01:20:00,57096.0,65603.3,57074.6,57106.0
2026-05-20 01:25:00,57038.1,65536.7,57043.9,57035.4
2026-05-20 01:30:00,56950.1,65435.7,56958.4,56946.2
2026-05-20 01:35:00,56830.0,65297.7,56861.0,56815.5
2026-05-20 01:40:00,56757.7,65214.6,56785.1,56744.8
2026-05-20 01:45:00,56681.8,65127.4,56701.5,56672.6
2026-05-20 01:50:00,56602.1,65035.8,56594.3,56605.7
2026-05-20 01:55:00,56530.2,64953.3,56513.2,56538.2
2026-05-20 02:00:00,56448.0,64858.8,56419.1,56461.6
2026-05-20 02:05:00,56448.4,64859.2,56486.8,56430.4
2026-05-20 02:10:00,56411.8,64817.2,56449.7,56394.1
2026-05-20 02:15:00,56363.0,64761.1,56345.6,56371.2
2026-05-20 02:20:00,56295.3,64683.3,56343.2,56272.8
2026-05-20 02:25:00,56272.7,64657.3,56242.1,56287.0
2026-05-20 02:30:00,56267.2,64651.0,56226.6,56286.2
2026-05-20 02:35:00,56239.0,64618.6,56254.9,56231.5
2026-05-20 02:40:00,56206.1,64580.8,56139.6,56237.3
2026-05-20 02:45:00,56171.1,64540.5,56162.9,56174.9
2026-05-20 02:50:00,56168.7,64537.9,56132.6,56185.7
2026-05-20 02:55:00,56183.1,64554.3,56145.7,56200.6
2026-05-20 03:00:00,56157.9,64525.4,56136.9,56167.8
2026-05-20 03:05:00,56152.3,64519.0,56201.0,56129.5
2026-05-20 03:10:00,56134.0,64498.0,56177.9,56113.5
2026-05-20 03:15:00,56126.6,64489.4,56155.0,56113.2
2026-05-20 03:20:00,56048.6,64399.8,56041.9,56051.7
2026-05-20 03:25:00,55994.7,64337.9,56040.9,55973.1
2026-05-20 03:30:00,55925.2,64258.0,55927.4,55924.1
2026-05-20 03:35:00,55905.7,64235.6,55962.3,55879.1
2026-05-20 03:40:00,55886.2,64213.2,55937.3,55862.3
2026-05-20 03:45:00,55826.2,64144.3,55835.2,55822.0
2026-05-20 03:50:00,55751.2,64058.1,55815.3,55721.2
2026-05-20 03:55:00,55715.8,64017.4,55695.2,55725.4
2026-05-20 04:00:00,55813.4,64129.6,55737.0,55849.2
2026-05-20 04:05:00,55911.8,64242.7,55936.6,55900.2
2026-05-20 04:10:00,55991.4,64334.1,56003.4,55985.8
2026-05-20 04:15:00,56042.5,64392.8,55996.5,56064.0
2026-05-20 04:20:00,56075.9,64431.2,56104.4,56062.5
2026-05-20 04:25:00,56138.2,64502.7,56110.8,56151.0
2026-05-20 04:30:00,56180.7,64551.6,56212.5,56165.8
2026-05-20 04:35:00,56290.3,64677.5,56262.2,56303.4
2026-05-20 04:40:00,56330.1,64723.3,56314.6,56337.4
2026-05-20 04:45:00,56341.9,64736.8,56312.6,56355.6
2026-05-20 04:50:00,56339.1,64733.6,56314.5,56350.6
2026-05-20 04:55:00,56365.3,64763.7,56312.4,56390.1
2026-05-20 05:00:00,56429.3,64837.3,56475.6,56407.7
2026-05-20 05:05:00,56610.1,65045.0,56590.8,56619.2
2026-05-20 05:10:00,56736.3,65190.0,56729.4,56739.5
2026-05-20 05:15:00,56856.3,65327.9,56870.6,56849.6
2026-05-20 05:20:00,56934.7,65418.0,56992.6,56907.6
2026-05-20 05:25:00,57057.7,65559.3,57065.4,57054.1
2026-05-20 05:30:00,57184.0,65704.4,57159.9,57195.3
2026-05-20 05:35:00,57356.6,65902.7,57392.4,57339.8
2026-05-20 05:40:00,57468.2,66031.0,57429.9,57486.2
2026-05-20 05:45:00,57622.9,66208.7,57627.6,57620.6
2026-05-20 05:50:00,57732.5,66334.7,57730.4,57733.5
2026-05-20 05:55:00,57883.3,66507.9,57819.7,57913.1
2026-05-20 06:00:00,58095.2,66751.3,58144.1,58072.2
2026-05-20 06:05:00,58497.8,67213.9,58463.1,58514.0
2026-05-20 06:10:00,58612.4,67345.6,58621.1,58608.3
2026-05-20 06:15:00,58813.3,67576.5,58839.1,58801.3
2026-05-20 06:20:00,58938.0,67719.8,58944.0,58935.2
2026-05-20 06:25:00,59109.7,67917.1,59065.7,59130.3
2026-05-20 06:30:00,59193.8,68013.6,59227.4,59178.0
2026-05-20 06:35:00,59364.6,68209.9,59395.9,59349.9
2026-05-20 06:40:00,59484.4,68347.6,59527.0,59464.5
2026-05-20 06:45:00,59554.5,68428.1,59628.0,59520.1
2026-05-20 06:50:00,59671.2,68562.2,59680.2,59667.0
2026-05-20 06:55:00,59757.5,68661.3,59770.6,59751.3
2026-05-20 07:00:00,60055.2,69003.4,60056.6,60054.5
2026-05-20 07:05:00,60508.8,69524.6,60523.3,60502.0
2026-05-20 07:10:00,60759.5,69812.7,60778.0,60750.9
2026-05-20 07:15:00,60990.3,70077.9,61006.9,60982.5
2026-05-20 07:20:00,61130.3,70238.7,61127.1,61131.8
2026-05-20 07:25:00,61247.2,70373.0,61211.7,61263.8
2026-05-20 07:30:00,61351.9,70493.4,61342.4,61356.4
2026-05-20 07:35:00,61494.9,70657.7,61544.0,61471.9
2026-05-20 07:40:00,61507.3,70671.9,61544.5,61489.9
2026-05-20 07:45:00,61499.6,70663.0,61530.1,61485.3
2026-05-20 07:50:00,61534.5,70703.2,61527.1,61538.0
2026-05-20 07:55:00,61591.7,70768.9,61617.3,61579.7
2026-05-20 08:00:00,61866.3,71084.4,61862.8,61868.0
2026-05-20 08:05:00,62348.8,71638.8,62302.2,62370.6
2026-05-20 08:10:00,62653.1,71988.4,62565.5,62694.2
2026-05-20 08:15:00,62859.1,72225.2,62839.6,62868.3
2026-05-20 08:20:00,63068.4,72465.6,63080.9,63062.6
2026-05-20 08:25:00,63263.1,72689.3,63279.2,63255.6
2026-05-20 08:30:00,63388.1,72832.9,63364.6,63399.0
2026-05-20 08:35:00,63559.3,73029.6,63556.3,63560.7
2026-05-20 08:40:00,63582.1,73055.9,63629.7,63559.9
2026-05-20 08:45:00,63562.3,73033.1,63595.0,63546.9
2026-05-20 08:50:00,63525.4,72990.7,63577.1,63501.2
2026-05-20 08:55:00,63453.7,72908.3,63563.3,63402.3
2026-05-20 09:00:00,63309.4,72742.6,63352.8,63289.1
2026-05-20 09:05:00,63250.6,72674.9,63275.1,63239.1
2026-05-20 09:10:00,63316.4,72750.5,63319.3,63315.0
2026-05-20 09:15:00,63332.3,72768.9,63331.5,63332.7
2026-05-20 09:20:00,63227.1,72647.9,63235.8,63223.0
2026-05-20 09:25:00,63118.8,72523.5,63123.0,63116.9
2026-05-20 09:30:00,62921.6,72296.9,62942.4,62911.9
2026-05-20 09:35:00,62782.7,72137.3,62794.4,62777.2
2026-05-20 09:40:00,62615.8,71945.6,62634.3,62607.1
2026-05-20 09:45:00,62448.1,71752.9,62460.8,62442.2
2026-05-20 09:50:00,62242.3,71516.4,62260.6,62233.7
2026-05-20 09:55:00,62095.2,71347.4,62088.6,62098.4
2026-05-20 10:00:00,61785.3,70991.3,61847.1,61756.3
2026-05-20 10:05:00,61737.4,70936.3,61801.3,61707.5
2026-05-20 10:10:00,61776.8,70981.6,61806.2,61763.1
2026-05-20 10:15:00,61904.4,71128.1,61909.8,61901.9
2026-05-20 10:20:00,61946.1,71176.0,61857.4,61987.6
2026-05-20 10:25:00,61916.7,71142.3,61934.6,61908.3
2026-05-20 10:30:00,61790.7,70997.5,61837.5,61768.7
2026-05-20 10:35:00,61652.9,70839.2,61685.8,61637.5
2026-05-20 10:40:00,61560.9,70733.5,61592.2,61546.3
2026-05-20 10:45:00,61511.7,70677.0,61502.9,61515.8
2026-05-20 10:50:00,61453.0,70609.5,61410.9,61472.7
2026-05-20 10:55:00,61400.4,70549.1,61410.4,61395.7
2026-05-20 11:00:00,61189.5,70306.7,61262.4,61155.3
2026-05-20 11:05:00,61015.7,70107.0,61128.7,60962.7
2026-05-20 11:10:00,60872.0,69941.9,60895.0,60861.2
2026-05-20 11:15:00,60703.5,69748.4,60777.9,60668.7
2026-05-20 11:20:00,60475.1,69485.9,60526.1,60451.2
2026-05-20 11:25:00,60291.8,69275.3,60342.1,60268.2
2026-05-20 11:30:00,60061.8,69011.0,60089.4,60048.9
2026-05-20 11:35:00,59863.7,68783.4,59841.4,59874.1
2026-05-20 11:40:00,59581.1,68458.7,59638.5,59554.2
2026-05-20 11:45:00,59315.5,68153.5,59365.5,59292.1
2026-05-20 11:50:00,59030.3,67825.8,58978.1,59054.7
2026-05-20 11:55:00,58604.9,67337.0,58607.5,58603.7
2026-05-20 12:00:00,58137.9,66800.5,58125.5,58143.7
2026-05-20 12:05:00,58163.5,66829.9,58126.6,58180.8
2026-05-20 12:10:00,58085.3,66740.0,58097.0,58079.9
2026-05-20 12:15:00,57964.2,66600.9,58013.4,57941.2
2026-05-20 12:20:00,57861.1,66482.4,57941.2,57823.6
2026-05-20 12:25:00,57783.3,66393.0,57867.8,57743.8
2026-05-20 12:30:00,57621.6,66207.2,57694.0,57587.7
2026-05-20 12:35:00,57557.1,66133.1,57628.7,57523.5
2026-05-20 12:40:00,57631.5,66218.6,57555.5,57667.0
2026-05-20 12:45:00,57765.8,66372.9,57729.1,57783.0
2026-05-20 12:50:00,57950.5,66585.1,57966.0,57943.3
2026-05-20 12:55:00,58237.7,66915.1,58222.4,58244.8
2026-05-20 13:00:00,58696.4,67442.1,58724.1,58683.3
2026-05-20 13:05:00,59181.3,67999.3,59174.0,59184.7
2026-05-20 13:10:00,59559.1,68433.4,59557.8,59559.7
2026-05-20 13:15:00,59826.9,68741.1,59809.2,59835.2
2026-05-20 13:20:00,60066.5,69016.5,60065.9,60066.9
2026-05-20 13:25:00,60324.1,69312.4,60326.0,60323.2
2026-05-20 13:30:00,60573.8,69599.3,60604.8,60559.3
2026-05-20 13:35:00,60865.8,69934.8,60915.1,60842.8
2026-05-20 13:40:00,61102.9,70207.3,61112.5,61098.5
2026-05-20 13:45:00,61233.3,70357.1,61274.1,61214.3
2026-05-20 13:50:00,61378.3,70523.6,61332.1,61399.9
2026-05-20 13:55:00,61548.2,70718.9,61546.2,61549.2
2026-05-20 14:00:00,61729.4,70927.1,61727.6,61730.2
2026-05-20 14:05:00,61827.0,71039.2,61892.8,61796.1
2026-05-20 14:10:00,62031.1,71273.8,62039.1,62027.4
2026-05-20 14:15:00,62225.1,71496.6,62234.9,62220.5
2026-05-20 14:20:00,62370.0,71663.1,62385.0,62363.0
2026-05-20 14:25:00,62488.1,71798.8,62471.7,62495.8
2026-05-20 14:30:00,62638.0,71971.0,62625.1,62644.0
2026-05-20 14:35:00,62736.2,72083.9,62733.3,62737.6
2026-05-20 14:40:00,62801.5,72158.9,62849.6,62778.9
2026-05-20 14:45:00,62951.1,72330.9,62958.4,62947.7
2026-05-20 14:50:00,63040.1,72433.1,63089.5,63017.0
2026-05-20 14:55:00,63090.1,72490.6,63185.5,63045.5
2026-05-20 15:00:00,63118.6,72523.3,63158.6,63099.9
2026-05-20 15:05:00,63118.4,72523.1,63188.0,63085.8
2026-05-20 15:10:00,63252.7,72677.4,63292.9,63233.9
2026-05-20 15:15:00,63542.1,73009.9,63507.6,63558.3
2026-05-20 15:20:00,63779.4,73282.5,63784.5,63776.9
2026-05-20 15:25:00,63976.1,73508.6,64010.0,63960.3
2026-05-20 15:30:00,64147.6,73705.6,64117.0,64162.0
2026-05-20 15:35:00,64369.9,73961.0,64317.9,64394.3
2026-05-20 15:40:00,64597.3,74222.3,64601.5,64595.3
2026-05-20 15:45:00,64897.8,74567.6,64850.3,64920.1
2026-05-20 15:50:00,65096.1,74795.4,65091.9,65098.1
2026-05-20 15:55:00,65266.7,74991.4,65276.5,65262.1
2026-05-20 16:00:00,65407.5,75153.2,65398.8,65411.5
2026-05-20 16:05:00,65424.2,75172.4,65431.2,65420.9
2026-05-20 16:10:00,65585.3,75357.5,65643.6,65558.0
2026-05-20 16:15:00,65756.6,75554.3,65776.2,65747.4
2026-05-20 16:20:00,65944.4,75770.1,65937.2,65947.7
2026-05-20 16:25:00,66129.4,75982.6,66162.1,66114.0
2026-05-20 16:30:00,66293.3,76171.0,66348.2,66267.6
2026-05-20 16:35:00,66479.2,76384.5,66482.3,66477.7
2026-05-20 16:40:00,66649.5,76580.3,66650.7,66648.9
2026-05-20 16:45:00,66807.9,76762.2,66834.0,66795.6
2026-05-20 16:50:00,66927.6,76899.9,66904.6,66938.4
2026-05-20 16:55:00,67016.6,77002.0,67002.8,67023.0
2026-05-20 17:00:00,67007.0,76991.0,66999.1,67010.7
2026-05-20 17:05:00,66876.6,76841.2,66938.3,66847.7
2026-05-20 17:10:00,66922.4,76893.9,66989.5,66891.0
2026-05-20 17:15:00,66985.6,76966.5,66991.4,66982.9
2026-05-20 17:20:00,67014.1,76999.1,67074.1,66985.9
2026-05-20 17:25:00,67046.2,77036.1,67077.4,67031.6
2026-05-20 17:30:00,67023.3,77009.8,67053.6,67009.1
2026-05-20 17:35:00,67043.7,77033.2,67073.6,67029.7
2026-05-20 17:40:00,67031.6,77019.4,67046.0,67024.9
2026-05-20 17:45:00,67034.1,77022.2,67051.2,67026.1
2026-05-20 17:50:00,67005.2,76989.0,67021.5,66997.5
2026-05-20 17:55:00,66981.3,76961.5,66985.6,66979.2
2026-05-20 18:00:00,66905.5,76874.5,66970.1,66875.3
2026-05-20 18:05:00,66786.0,76737.1,66823.2,66768.5
2026-05-20 18:10:00,66822.2,76778.7,66847.4,66810.4
2026-05-20 18:15:00,66846.6,76806.8,66873.2,66834.2
2026-05-20 18:20:00,66844.0,76803.8,66860.9,66836.1
2026-05-20 18:25:00,66859.4,76821.4,66873.9,66852.6
2026-05-20 18:30:00,66900.7,76868.9,66978.0,66864.4
2026-05-20 18:35:00,66945.2,76920.0,66958.8,66938.8
2026-05-20 18:40:00,66931.0,76903.7,66943.2,66925.2
2026-05-20 18:45:00,66933.4,76906.5,66948.3,66926.4
2026-05-20 18:50:00,66896.5,76864.0,66917.2,66886.7
2026-05-20 18:55:00,66873.1,76837.2,66883.2,66868.3
2026-05-20 19:00:00,66790.6,76742.3,66816.9,66778.2
2026-05-20 19:05:00,66734.3,76677.7,66721.2,66740.4
2026-05-20 19:10:00,66685.2,76621.3,66670.0,66692.3
2026-05-20 19:15:00,66688.7,76625.3,66661.0,66701.6
2026-05-20 19:20:00,66685.4,76621.5,66659.5,66697.5
2026-05-20 19:25:00,66679.1,76614.3,66654.9,66690.5
2026-05-20 19:30:00,66668.1,76601.6,66643.9,66679.4
2026-05-20 19:35:00,66672.8,76607.0,66658.8,66679.3
2026-05-20 19:40:00,66672.3,76606.5,66653.3,66681.3
2026-05-20 19:45:00,66685.1,76621.1,66659.0,66697.3
2026-05-20 19:50:00,66652.1,76583.2,66640.6,66657.4
2026-05-20 19:55:00,66587.7,76509.3,66600.2,66581.9
2026-05-20 20:00:00,66522.0,76433.8,66473.4,66544.8
2026-05-20 20:05:00,66421.9,76318.8,66379.4,66441.8
2026-05-20 20:10:00,66368.9,76257.9,66337.0,66383.9
2026-05-20 20:15:00,66365.2,76253.7,66320.6,66386.2
2026-05-20 20:20:00,66362.0,76249.9,66315.7,66383.7
2026-05-20 20:25:00,66355.4,76242.3,66309.6,66376.8
2026-05-20 20:30:00,66314.4,76195.3,66277.6,66331.7
2026-05-20 20:35:00,66233.8,76102.7,66184.2,66257.1
2026-05-20 20:40:00,66171.7,76031.3,66176.8,66169.3
2026-05-20 20:45:00,66141.0,75996.0,66078.1,66170.5
2026-05-20 20:50:00,66039.1,75878.9,66053.2,66032.5
2026-05-20 20:55:00,65904.7,75724.5,65952.5,65882.3
2026-05-20 21:00:00,65605.9,75381.1,65623.5,65597.6
2026-05-20 21:05:00,65369.9,75110.0,65390.1,65360.5
2026-05-20 21:10:00,65194.0,74907.9,65212.8,65185.2
2026-05-20 21:15:00,65008.9,74695.2,64986.0,65019.6
2026-05-20 21:20:00,64829.3,74488.8,64802.4,64841.9
2026-05-20 21:25:00,64648.2,74280.8,64620.7,64661.1
2026-05-20 21:30:00,64474.1,74080.7,64447.6,64486.5
2026-05-20 21:35:00,64342.0,73929.0,64361.9,64332.7
2026-05-20 21:40:00,64182.8,73746.0,64154.7,64195.9
2026-05-20 21:45:00,64014.0,73552.1,64063.5,63990.8
2026-05-20 21:50:00,63871.7,73388.6,63877.2,63869.1
2026-05-20 21:55:00,63703.8,73195.7,63722.7,63694.9
2026-05-20 22:00:00,63515.3,72979.0,63604.9,63473.3
2026-05-20 22:05:00,63534.2,73000.8,63515.8,63542.8
2026-05-20 22:10:00,63424.6,72874.8,63471.6,63402.5
2026-05-20 22:15:00,63289.0,72719.0,63332.1,63268.8
2026-05-20 22:20:00,63160.3,72571.2,63138.1,63170.7
2026-05-20 22:25:00,63061.3,72457.4,63043.9,63069.4
2026-05-20 22:30:00,62908.4,72281.7,62874.0,62924.5
2026-05-20 22:35:00,62783.7,72138.5,62758.1,62795.7
2026-05-20 22:40:00,62685.1,72025.2,62661.6,62696.1
2026-05-20 22:45:00,62573.9,71897.4,62560.4,62580.2
2026-05-20 22:50:00,62478.5,71787.8,62450.6,62491.5
2026-05-20 22:55:00,62372.4,71665.9,62381.7,62368.0
2026-05-20 23:00:00,62398.4,71695.8,62417.8,62389.3
2026-05-20 23:05:00,62903.4,72276.1,62891.9,62908.8
2026-05-20 23:10:00,62955.3,72335.6,62964.3,62951.0
2026-05-20 23:15:00,62842.5,72206.0,62837.9,62844.7
2026-05-20 23:20:00,62615.5,71945.2,62590.0,62627.4
2026-05-20 23:25:00,62363.0,71655.1,62357.1,62365.8
2026-05-20 23:30:00,61955.2,71186.6,61977.4,61944.9
2026-05-20 23:35:00,61598.8,70777.0,61583.1,61606.1
2026-05-20 23:40:00,61173.3,70288.2,61208.0,61157.1
2026-05-20 23:45:00,60797.8,69856.6,60808.1,60792.9
2026-05-20 23:50:00,60441.6,69447.4,60442.2,60441.3
2026-05-20 23:55:00,60046.7,68993.7,60009.6,60064.1
2026-05-21 00:00:00,59395.9,68245.9,59468.9,59361.7
2026-05-21 00:05:00,59132.8,67943.6,59208.6,59097.3
2026-05-21 00:10:00,58797.4,67558.3,58829.9,58782.2
2026-05-21 00:15:00,58480.5,67194.1,58519.1,58462.4
2026-05-21 00:20:00,58235.4,66912.5,58176.7,58262.9
2026-05-21 00:25:00,58028.0,66674.2,58008.1,58037.4
2026-05-21 00:30:00,57827.7,66444.1,57766.0,57856.6
2026-05-21 00:35:00,57635.8,66223.6,57563.8,57669.6
2026-05-21 00:40:00,57456.0,66016.9,57379.5,57491.8
2026-05-21 00:45:00,57215.6,65740.7,57204.9,57220.6
2026-05-21 00:50:00,57003.8,65497.3,57036.8,56988.3
2026-05-21 00:55:00,56824.0,65290.7,56865.8,56804.4
2026-05-21 01:00:00,56735.6,65189.2,56743.1,56732.1
2026-05-21 01:05:00,56727.2,65179.5,56721.3,56729.9
2026-05-21 01:10:00,56657.9,65099.9,56675.1,56649.8
2026-05-21 01:15:00,56538.8,64963.0,56552.2,56532.5
2026-05-21 01:20:00,56426.5,64834.1,56413.9,56432.4
2026-05-21 01:25:00,56345.9,64741.5,56306.9,56364.2
2026-05-21 01:30:00,56278.2,64663.7,56300.4,56267.8
2026-05-21 01:35:00,56266.6,64650.4,56241.4,56278.5
2026-05-21 01:40:00,56200.9,64574.8,56243.5,56181.0
2026-05-21 01:45:00,56169.3,64538.5,56133.6,56186.1
2026-05-21 01:50:00,56190.0,64562.3,56137.9,56214.3
2026-05-21 01:55:00,56196.4,64569.6,56139.2,56223.1
2026-05-21 02:00:00,56147.7,64513.7,56121.4,56160.0
2026-05-21 02:05:00,56115.6,64476.8,56147.0,56100.8
2026-05-21 02:10:00,56067.5,64421.5,56017.3,56091.0
2026-05-21 02:15:00,56094.0,64452.0,56040.4,56119.1
2026-05-21 02:20:00,56088.4,64445.6,56038.0,56112.0
2026-05-21 02:25:00,56057.4,64410.0,56041.0,56065.1
2026-05-21 02:30:00,56039.1,64388.9,56027.4,56044.6
2026-05-21 02:35:00,56012.1,64357.9,56050.2,55994.2
2026-05-21 02:40:00,55931.2,64265.0,55933.7,55930.1
2026-05-21 02:45:00,55882.1,64208.5,55938.1,55855.9
2026-05-21 02:50:00,55821.0,64138.3,55827.3,55818.1
2026-05-21 02:55:00,55745.4,64051.5,55810.4,55715.0
2026-05-21 03:00:00,55680.4,63976.7,55669.0,55685.7
2026-05-21 03:05:00,55637.7,63927.8,55620.4,55645.9
2026-05-21 03:10:00,55617.2,63904.2,55590.2,55629.9
2026-05-21 03:15:00,55613.0,63899.3,55584.7,55626.2
2026-05-21 03:20:00,55601.6,63886.2,55582.6,55610.5
2026-05-21 03:25:00,55605.3,63890.5,55585.8,55614.4
2026-05-21 03:30:00,55596.5,63880.4,55575.2,55606.5
2026-05-21 03:35:00,55567.9,63847.6,55607.4,55549.4
2026-05-21 03:40:00,55488.3,63756.1,55481.9,55491.4
2026-05-21 03:45:00,55482.5,63749.4,55493.2,55477.5
2026-05-21 03:50:00,55396.1,63650.1,55487.2,55353.4
2026-05-21 03:55:00,55358.5,63607.0,55364.0,55356.0
2026-05-21 04:00:00,55375.4,63626.3,55420.4,55354.3
2026-05-21 04:05:00,55502.8,63772.7,55498.5,55504.7
2026-05-21 04:10:00,55585.2,63867.4,55575.2,55590.0
2026-05-21 04:15:00,55619.1,63906.4,55672.5,55594.1
2026-05-21 04:20:00,55683.5,63980.3,55666.4,55691.5
2026-05-21 04:25:00,55690.6,63988.5,55674.7,55698.1
2026-05-21 04:30:00,55719.1,64021.2,55771.1,55694.7
2026-05-21 04:35:00,55822.0,64139.5,55819.3,55823.2
2026-05-21 04:40:00,55822.9,64140.5,55890.9,55791.0
2026-05-21 04:45:00,55836.2,64155.8,55889.4,55811.2
2026-05-21 04:50:00,55901.3,64230.6,55893.0,55905.2
2026-05-21 04:55:00,55915.0,64246.3,55890.9,55926.3
2026-05-21 05:00:00,55976.3,64316.8,56074.8,55930.2
2026-05-21 05:05:00,56151.9,64518.6,56150.9,56152.4
2026-05-21 05:10:00,56228.2,64606.2,56304.1,56192.7
2026-05-21 05:15:00,56310.1,64700.3,56290.6,56319.2
2026-05-21 05:20:00,56408.3,64813.1,56380.9,56421.1
2026-05-21 05:25:00,56499.4,64917.8,56479.5,56508.7
2026-05-21 05:30:00,56585.1,65016.3,56590.8,56582.4
2026-05-21 05:35:00,56782.5,65243.1,56763.2,56791.6
2026-05-21 05:40:00,56937.2,65420.8,56886.4,56961.0
2026-05-21 05:45:00,57031.2,65528.9,57038.7,57027.7
2026-05-21 05:50:00,57129.7,65642.0,57169.2,57111.2
2026-05-21 05:55:00,57256.7,65788.0,57249.8,57260.0
2026-05-21 06:00:00,57481.2,66045.9,57488.7,57477.7
2026-05-21 06:05:00,57881.5,66505.9,57900.0,57872.9
2026-05-21 06:10:00,58081.2,66735.3,58075.2,58084.0
2026-05-21 06:15:00,58252.8,66932.4,58250.1,58254.0
2026-05-21 06:20:00,58362.6,67058.6,58389.8,58349.8
2026-05-21 06:25:00,58462.7,67173.6,58490.2,58449.8
2026-05-21 06:30:00,58551.1,67275.2,58562.4,58545.7
2026-05-21 06:35:00,58780.7,67539.0,58760.1,58790.3
2026-05-21 06:40:00,58896.8,67672.4,58862.3,58913.0
2026-05-21 06:45:00,59030.6,67826.1,59047.5,59022.6
2026-05-21 06:50:00,59164.6,67980.1,59128.0,59181.7
2026-05-21 06:55:00,59264.6,68095.1,59324.2,59236.8
2026-05-21 07:00:00,59549.9,68422.8,59584.7,59533.5
2026-05-21 07:05:00,60057.5,69006.1,60038.2,60066.6
2026-05-21 07:10:00,60354.9,69347.8,60300.4,60380.4
2026-05-21 07:15:00,60600.1,69629.5,60523.2,60636.2
2026-05-21 07:20:00,60703.4,69748.3,60736.4,60688.0
2026-05-21 07:25:00,60791.6,69849.5,60834.7,60771.4
2026-05-21 07:30:00,60827.4,69890.7,60850.8,60816.5
2026-05-21 07:35:00,61043.8,70139.3,60958.0,61084.0
2026-05-21 07:40:00,61121.3,70228.4,61131.4,61116.6
2026-05-21 07:45:00,61170.1,70284.5,61139.4,61184.5
2026-05-21 07:50:00,61218.6,70340.1,61231.1,61212.7
2026-05-21 07:55:00,61253.3,70380.0,61222.7,61267.6
2026-05-21 08:00:00,61553.9,70725.4,61564.4,61548.9
2026-05-21 08:05:00,62044.8,71289.5,62008.3,62061.9
2026-05-21 08:10:00,62383.3,71678.4,62320.9,62412.5
2026-05-21 08:15:00,62735.8,72083.4,62682.9,62760.5
2026-05-21 08:20:00,62915.4,72289.8,62877.2,62933.3
2026-05-21 08:25:00,63137.5,72545.0,63115.0,63148.0
2026-05-21 08:30:00,63204.0,72621.4,63194.1,63208.7
2026-05-21 08:35:00,63328.4,72764.3,63345.0,63320.7
2026-05-21 08:40:00,63304.5,72736.9,63322.7,63296.0
2026-05-21 08:45:00,63284.4,72713.8,63296.2,63278.9
2026-05-21 08:50:00,63266.8,72693.6,63296.0,63253.1
2026-05-21 08:55:00,63243.7,72667.0,63264.6,63233.9
2026-05-21 09:00:00,63068.3,72465.4,63115.1,63046.3
2026-05-21 09:05:00,63068.0,72465.2,63112.4,63047.2
2026-05-21 09:10:00,63094.0,72495.0,63111.3,63085.8
2026-05-21 09:15:00,63100.7,72502.7,63136.1,63084.1
2026-05-21 09:20:00,63035.1,72427.4,63048.0,63029.1
2026-05-21 09:25:00,62936.7,72314.2,62924.5,62942.4
2026-05-21 09:30:00,62730.7,72077.6,62756.9,62718.4
2026-05-21 09:35:00,62564.0,71886.1,62567.7,62562.3
2026-05-21 09:40:00,62340.2,71628.9,62349.3,62335.9
2026-05-21 09:45:00,62166.5,71429.4,62170.9,62164.5
2026-05-21 09:50:00,62008.8,71248.1,62002.5,62011.7
2026-05-21 09:55:00,61848.3,71063.7,61809.7,61866.4
2026-05-21 10:00:00,61551.1,70722.2,61621.1,61518.3
2026-05-21 10:05:00,61521.5,70688.2,61594.1,61487.5
2026-05-21 10:10:00,61534.9,70703.6,61504.6,61549.1
2026-05-21 10:15:00,61695.1,70887.6,61699.7,61692.9
2026-05-21 10:20:00,61673.3,70862.6,61684.8,61667.9
2026-05-21 10:25:00,61648.1,70833.7,61676.2,61635.0
2026-05-21 10:30:00,61535.0,70703.8,61564.8,61521.1
2026-05-21 10:35:00,61484.4,70645.6,61474.2,61489.2
2026-05-21 10:40:00,61375.7,70520.7,61396.9,61365.8
2026-05-21 10:45:00,61267.1,70395.9,61326.8,61239.1
2026-05-21 10:50:00,61125.7,70233.5,61183.0,61098.9
2026-05-21 10:55:00,60993.3,70081.3,60981.0,60999.0
2026-05-21 11:00:00,60738.2,69788.2,60799.9,60709.3
2026-05-21 11:05:00,60523.0,69540.9,60551.8,60509.5
2026-05-21 11:10:00,60313.6,69300.3,60355.1,60294.1
2026-05-21 11:15:00,60129.7,69089.0,60156.3,60117.2
2026-05-21 11:20:00,59931.7,68861.5,59930.4,59932.3
2026-05-21 11:25:00,59710.2,68607.0,59759.1,59687.3
2026-05-21 11:30:00,59465.4,68325.7,59439.7,59477.4
2026-05-21 11:35:00,59286.3,68119.9,59285.8,59286.5
2026-05-21 11:40:00,59052.8,67851.7,59087.2,59036.7
2026-05-21 11:45:00,58809.3,67571.9,58795.8,58815.7
2026-05-21 11:50:00,58447.4,67156.1,58513.6,58416.4
2026-05-21 11:55:00,57953.6,66588.7,58030.8,57917.4
2026-05-21 12:00:00,57439.9,65998.4,57528.9,57398.2
2026-05-21 12:05:00,57393.9,65945.5,57375.0,57402.7
2026-05-21 12:10:00,57342.9,65887.0,57370.2,57330.1
2026-05-21 12:15:00,57202.7,65725.9,57274.4,57169.1
2026-05-21 12:20:00,57103.2,65611.5,57189.8,57062.6
2026-05-21 12:25:00,57017.4,65513.0,57052.2,57001.1
2026-05-21 12:30:00,56878.2,65353.0,56917.6,56859.7
2026-05-21 12:35:00,56833.1,65301.3,56813.6,56842.3
2026-05-21 12:40:00,56927.2,65409.4,56884.4,56947.3
2026-05-21 12:45:00,57050.4,65550.9,57025.1,57062.2
2026-05-21 12:50:00,57262.7,65794.9,57165.4,57308.3
2026-05-21 12:55:00,57507.1,66075.6,57449.9,57533.9
2026-05-21 13:00:00,57874.4,66497.7,57883.2,57870.3
2026-05-21 13:05:00,58120.4,66780.3,58220.3,58073.6
2026-05-21 13:10:00,58338.7,67031.1,58327.2,58344.0
2026-05-21 13:15:00,58478.0,67191.2,58512.1,58462.0
2026-05-21 13:20:00,58582.9,67311.8,58618.2,58566.4
2026-05-21 13:25:00,58796.6,67557.3,58753.6,58816.7
2026-05-21 13:30:00,59003.1,67794.5,58999.1,59004.9
2026-05-21 13:35:00,59238.8,68065.4,59232.8,59241.6
2026-05-21 13:40:00,59458.1,68317.4,59394.7,59487.8
2026-05-21 13:45:00,59614.2,68496.7,59669.9,59588.0
2026-05-21 13:50:00,59723.8,68622.6,59723.4,59724.0
2026-05-21 13:55:00,59888.3,68811.6,59885.0,59889.8
2026-05-21 14:00:00,60001.3,68941.5,59974.5,60013.9
2026-05-21 14:05:00,60122.1,69080.2,60165.9,60101.5
2026-05-21 14:10:00,60254.1,69231.9,60302.4,60231.4
2026-05-21 14:15:00,60425.4,69428.8,60413.4,60431.0
2026-05-21 14:20:00,60529.7,69548.6,60550.3,60520.0
2026-05-21 14:25:00,60699.0,69743.2,60664.6,60715.2
2026-05-21 14:30:00,60834.8,69899.2,60828.0,60838.0
2026-05-21 14:35:00,60961.7,70045.0,60905.6,60988.0
2026-05-21 14:40:00,61082.9,70184.2,61102.4,61073.7
2026-05-21 14:45:00,61186.7,70303.6,61208.9,61176.3
2026-05-21 14:50:00,61258.3,70385.8,61288.6,61244.1
2026-05-21 14:55:00,61310.1,70445.3,61381.3,61276.7
2026-05-21 15:00:00,61257.9,70385.3,61364.2,61208.1
2026-05-21 15:05:00,61323.1,70460.3,61369.2,61301.6
2026-05-21 15:10:00,61484.0,70645.1,61474.0,61488.7
2026-05-21 15:15:00,61732.7,70930.9,61729.9,61734.1
2026-05-21 15:20:00,61974.7,71209.0,61952.7,61985.1
2026-05-21 15:25:00,62204.8,71473.3,62170.6,62220.8
2026-05-21 15:30:00,62418.3,71718.7,62408.6,62422.9
2026-05-21 15:35:00,62591.3,71917.4,62582.2,62595.5
2026-05-21 15:40:00,62810.5,72169.3,62813.3,62809.2
2026-05-21 15:45:00,63023.6,72414.2,63037.5,63017.2
2026-05-21 15:50:00,63192.0,72607.6,63220.2,63178.8
2026-05-21 15:55:00,63434.4,72886.1,63384.1,63458.0
2026-05-21 16:00:00,63603.8,73080.7,63600.7,63605.2
2026-05-21 16:05:00,63609.8,73087.7,63652.4,63589.9
2026-05-21 16:10:00,63732.8,73229.0,63770.2,63715.2
2026-05-21 16:15:00,63946.4,73474.5,63961.6,63939.3
2026-05-21 16:20:00,64116.9,73670.4,64121.7,64114.7
2026-05-21 16:25:00,64354.7,73943.6,64328.4,64367.0
2026-05-21 16:30:00,64507.4,74119.0,64476.1,64522.1
2026-05-21 16:35:00,64704.7,74345.7,64672.7,64719.7
2026-05-21 16:40:00,64899.4,74569.4,64876.6,64910.1
2026-05-21 16:45:00,65058.6,74752.3,65053.4,65061.0
2026-05-21 16:50:00,65176.6,74887.9,65234.7,65149.3
2026-05-21 16:55:00,65315.9,75048.0,65284.3,65330.7
2026-05-21 17:00:00,65311.9,75043.3,65306.3,65314.5
2026-05-21 17:05:00,65193.4,74907.3,65238.3,65172.4
2026-05-21 17:10:00,65255.4,74978.4,65285.2,65241.4
2026-05-21 17:15:00,65307.3,75038.1,65399.0,65264.3
2026-05-21 17:20:00,65364.4,75103.7,65388.3,65353.2
2026-05-21 17:25:00,65431.7,75181.0,65471.0,65413.3
2026-05-21 17:30:00,65492.6,75251.0,65564.8,65458.8
2026-05-21 17:35:00,65588.7,75361.4,65565.1,65599.7
2026-05-21 17:40:00,65688.3,75475.9,65673.4,65695.3
2026-05-21 17:45:00,65794.5,75597.9,65769.6,65806.2
2026-05-21 17:50:00,65841.7,75652.1,65817.7,65853.0
2026-05-21 17:55:00,65839.6,75649.7,65879.2,65821.0
2026-05-21 18:00:00,65831.4,75640.2,65867.4,65814.5
2026-05-21 18:05:00,65751.4,75548.4,65811.0,65723.5
2026-05-21 18:10:00,65844.3,75655.0,65857.8,65837.9
2026-05-21 18:15:00,65941.0,75766.2,65972.4,65926.3
2026-05-21 18:20:00,66014.8,75851.0,66051.5,65997.6
2026-05-21 18:25:00,66029.6,75868.0,66058.1,66016.2
2026-05-21 18:30:00,66136.7,75991.1,66171.8,66120.3
2026-05-21 18:35:00,66198.9,76062.6,66241.0,66179.2
2026-05-21 18:40:00,66235.9,76105.1,66237.7,66235.1
2026-05-21 18:45:00,66291.0,76168.3,66347.4,66264.6
2026-05-21 18:50:00,66301.7,76180.6,66305.2,66300.0
2026-05-21 18:55:00,66279.5,76155.1,66273.7,66282.2
2026-05-21 19:00:00,66254.4,76126.3,66209.0,66275.7
2026-05-21 19:05:00,66222.2,76089.4,66209.0,66228.5
2026-05-21 19:10:00,66253.2,76125.0,66255.5,66252.2
2026-05-21 19:15:00,66311.2,76191.6,66248.4,66340.7
2026-05-21 19:20:00,66295.2,76173.1,66241.0,66320.5
2026-05-21 19:25:00,66292.6,76170.2,66235.0,66319.6
2026-05-21 19:30:00,66269.4,76143.6,66221.4,66291.9
2026-05-21 19:35:00,66273.3,76148.0,66233.8,66291.8
2026-05-21 19:40:00,66268.9,76143.0,66215.9,66293.8
2026-05-21 19:45:00,66271.6,76146.1,66221.7,66295.0
2026-05-21 19:50:00,66233.9,76102.8,66189.3,66254.8
2026-05-21 19:55:00,66162.6,76020.9,66169.9,66159.2
2026-05-21 20:00:00,66084.4,75931.0,66039.4,66105.5
2026-05-21 20:05:00,65990.1,75822.7,65961.0,66003.8
2026-05-21 20:10:00,65946.7,75772.7,65912.0,65962.9
2026-05-21 20:15:00,65945.3,75771.2,65902.2,65965.5
2026-05-21 20:20:00,65941.1,75766.3,65894.3,65963.0
2026-05-21 20:25:00,65937.5,75762.2,65887.6,65960.9
2026-05-21 20:30:00,65818.4,75625.4,65856.3,65800.7
2026-05-21 20:35:00,65754.3,75551.6,65773.6,65745.2
2026-05-21 20:40:00,65717.7,75509.6,65669.2,65740.4
2026-05-21 20:45:00,65669.2,75453.9,65671.2,65668.2
2026-05-21 20:50:00,65605.0,75380.1,65550.5,65630.5
2026-05-21 20:55:00,65442.7,75193.7,65406.2,65459.8
2026-05-21 21:00:00,65172.3,74883.0,65227.1,65146.6
2026-05-21 21:05:00,65047.1,74739.1,64993.1,65072.3
2026-05-21 21:10:00,64920.2,74593.4,64964.7,64899.4
2026-05-21 21:15:00,64778.0,74429.9,64757.2,64787.7
2026-05-21 21:20:00,64690.7,74329.6,64659.3,64705.4
2026-05-21 21:25:00,64590.9,74214.9,64568.9,64601.2
2026-05-21 21:30:00,64471.3,74077.5,64456.8,64478.0
2026-05-21 21:35:00,64320.1,73903.8,64378.0,64293.0
2026-05-21 21:40:00,64191.2,73755.7,64164.5,64203.8
2026-05-21 21:45:00,64012.4,73550.3,64067.7,63986.5
2026-05-21 21:50:00,63867.8,73384.1,63880.2,63861.9
2026-05-21 21:55:00,63706.2,73198.4,63726.5,63696.7
2026-05-21 22:00:00,63542.9,73010.8,63600.9,63515.7
2026-05-21 22:05:00,63627.8,73108.4,63604.7,63638.7
2026-05-21 22:10:00,63526.5,72992.0,63595.6,63494.2
2026-05-21 22:15:00,63371.8,72814.2,63419.0,63349.7
2026-05-21 22:20:00,63264.1,72690.5,63249.2,63271.1
2026-05-21 22:25:00,63131.7,72538.3,63122.9,63135.8
2026-05-21 22:30:00,62903.4,72276.0,62873.0,62917.6
2026-05-21 22:35:00,62776.7,72130.5,62750.9,62788.9
2026-05-21 22:40:00,62679.9,72019.2,62659.9,62689.3
2026-05-21 22:45:00,62573.5,71896.9,62573.6,62573.4
2026-05-21 22:50:00,62446.0,71750.4,62363.2,62484.8
2026-05-21 22:55:00,62285.5,71566.0,62290.9,62282.9
2026-05-21 23:00:00,62307.7,71591.5,62351.4,62287.2
2026-05-21 23:05:00,62756.1,72106.7,62799.5,62735.7
2026-05-21 23:10:00,62789.6,72145.2,62852.4,62760.2
2026-05-21 23:15:00,62668.2,72005.8,62695.6,62655.4
2026-05-21 23:20:00,62427.0,71728.7,62484.9,62399.9
2026-05-21 23:25:00,62160.1,71421.9,62163.9,62158.3
2026-05-21 23:30:00,61801.6,71010.1,61777.2,61813.0
2026-05-21 23:35:00,61418.3,70569.7,61378.7,61436.9
2026-05-21 23:40:00,61029.4,70122.8,61002.0,61042.2
2026-05-21 23:45:00,60655.8,69693.6,60614.7,60675.1
2026-05-21 23:50:00,60296.6,69280.8,60258.9,60314.2
2026-05-21 23:55:00,59861.6,68781.0,59871.9,59856.8
2026-05-22 00:00:00,59211.5,68034.0,59266.2,59185.9
2026-05-22 00:05:00,58938.5,67720.4,59021.6,58899.6
2026-05-22 00:10:00,58642.7,67380.4,58635.7,58645.9
2026-05-22 00:15:00,58334.9,67026.8,58341.1,58332.0
2026-05-22 00:20:00,58109.2,66767.5,58091.2,58117.7
2026-05-22 00:25:00,57890.0,66515.6,57799.7,57932.3
2026-05-22 00:30:00,57641.6,66230.2,57617.9,57652.7
2026-05-22 00:35:00,57441.9,66000.7,57373.6,57473.9
2026-05-22 00:40:00,57203.1,65726.4,57191.1,57208.7
2026-05-22 00:45:00,56993.0,65485.0,57035.6,56973.1
2026-05-22 00:50:00,56777.7,65237.6,56751.4,56790.0
2026-05-22 00:55:00,56634.9,65073.5,56590.3,56655.8
2026-05-22 01:00:00,56527.1,64949.7,56472.3,56552.8
2026-05-22 01:05:00,56427.6,64835.3,56441.0,56421.3
2026-05-22 01:10:00,56299.5,64688.1,56307.0,56296.0
2026-05-22 01:15:00,56201.2,64575.2,56203.0,56200.4
2026-05-22 01:20:00,56148.2,64514.3,56094.2,56173.5
2026-05-22 01:25:00,56079.1,64434.9,56097.9,56070.3
2026-05-22 01:30:00,56042.3,64392.6,56004.9,56059.9
2026-05-22 01:35:00,56001.8,64346.1,56034.7,55986.4
2026-05-22 01:40:00,55921.7,64254.0,55916.0,55924.4
2026-05-22 01:45:00,55842.7,64163.2,55884.6,55823.0
2026-05-22 01:50:00,55815.7,64132.3,55769.5,55837.4
2026-05-22 01:55:00,55734.6,64039.0,55802.8,55702.6
2026-05-22 02:00:00,55708.0,64008.5,55671.9,55724.9
2026-05-22 02:05:00,55673.4,63968.7,55732.1,55645.9
2026-05-22 02:10:00,55605.1,63890.2,55592.5,55611.0
2026-05-22 02:15:00,55600.4,63884.8,55579.2,55610.3
2026-05-22 02:20:00,55583.7,63865.7,55576.4,55587.1
2026-05-22 02:25:00,55527.3,63800.9,55579.8,55502.8
2026-05-22 02:30:00,55487.0,63754.6,55457.2,55501.0
2026-05-22 02:35:00,55498.8,63768.1,55488.0,55503.8
2026-05-22 02:40:00,55464.4,63728.6,55472.6,55460.6
2026-05-22 02:45:00,55390.2,63643.4,55469.8,55352.9
2026-05-22 02:50:00,55341.2,63587.1,55347.0,55338.5
2026-05-22 02:55:00,55241.2,63472.1,55249.1,55237.4
2026-05-22 03:00:00,55156.2,63374.4,55240.4,55116.7
2026-05-22 03:05:00,55168.0,63388.0,55164.3,55169.7
2026-05-22 03:10:00,55149.9,63367.2,55139.1,55155.0
2026-05-22 03:15:00,55118.7,63331.4,55134.0,55111.6
2026-05-22 03:20:00,55062.7,63267.0,55132.0,55030.2
2026-05-22 03:25:00,55027.2,63226.2,55037.0,55022.5
2026-05-22 03:30:00,55041.4,63242.6,55028.3,55047.6
2026-05-22 03:35:00,55048.9,63251.2,55059.6,55043.9
2026-05-22 03:40:00,55050.7,63253.2,55035.9,55057.6
2026-05-22 03:45:00,55012.9,63209.8,55055.4,54992.9
2026-05-22 03:50:00,54998.0,63192.7,55010.5,54992.1
2026-05-22 03:55:00,54942.2,63128.6,55009.5,54910.7
2026-05-22 04:00:00,54984.2,63176.8,54933.0,55008.1
2026-05-22 04:05:00,55083.4,63290.8,55135.3,55059.1
2026-05-22 04:10:00,55121.3,63334.4,55097.1,55132.7
2026-05-22 04:15:00,55166.2,63386.0,55186.4,55156.8
2026-05-22 04:20:00,55220.9,63448.8,55187.5,55236.5
2026-05-22 04:25:00,55227.8,63456.8,55194.4,55243.5
2026-05-22 04:30:00,55221.8,63449.8,55184.3,55239.3
2026-05-22 04:35:00,55264.3,63498.7,55230.4,55280.2
2026-05-22 04:40:00,55328.3,63572.2,55304.3,55339.5
2026-05-22 04:45:00,55335.7,63580.7,55302.3,55351.4
2026-05-22 04:50:00,55343.7,63589.9,55342.8,55344.1
2026-05-22 04:55:00,55420.3,63678.0,55446.8,55407.9
2026-05-22 05:00:00,55510.6,63781.6,55519.9,55506.2
2026-05-22 05:05:00,55679.6,63975.9,55706.8,55666.9
2026-05-22 05:10:00,55735.6,64040.2,55734.6,55736.1
2026-05-22 05:15:00,55805.8,64120.9,55824.6,55797.0
2026-05-22 05:20:00,55875.7,64201.1,55933.6,55848.5
2026-05-22 05:25:00,55943.5,64279.0,55935.6,55947.1
2026-05-22 05:30:00,56026.7,64374.6,56048.1,56016.6
2026-05-22 05:35:00,56174.0,64543.9,56219.1,56152.9
2026-05-22 05:40:00,56297.5,64685.8,56276.6,56307.3
2026-05-22 05:45:00,56387.5,64789.3,56370.8,56395.4
2026-05-22 05:50:00,56494.3,64911.9,56457.6,56511.5
2026-05-22 05:55:00,56631.9,65070.0,56597.4,56648.0
2026-05-22 06:00:00,56798.2,65261.2,56821.6,56787.3
2026-05-22 06:05:00,57151.3,65666.8,57126.7,57162.8
2026-05-22 06:10:00,57344.3,65888.7,57278.3,57375.3
2026-05-22 06:15:00,57474.5,66038.2,57472.5,57475.5
2026-05-22 06:20:00,57635.5,66223.2,57628.3,57638.9
2026-05-22 06:25:00,57747.4,66351.8,57756.9,57743.0
2026-05-22 06:30:00,57890.7,66516.4,57823.3,57922.3
2026-05-22 06:35:00,58046.3,66695.2,58068.9,58035.8
2026-05-22 06:40:00,58169.8,66837.1,58192.5,58159.2
2026-05-22 06:45:00,58275.9,66959.1,58290.3,58269.2
2026-05-22 06:50:00,58360.8,67056.6,58364.2,58359.2
2026-05-22 06:55:00,58474.9,67187.7,58484.9,58470.2
2026-05-22 07:00:00,58718.4,67467.4,58693.5,58730.1
2026-05-22 07:05:00,59162.3,67977.4,59173.8,59156.9
2026-05-22 07:10:00,59381.8,68229.6,59420.9,59363.4
2026-05-22 07:15:00,59548.4,68421.1,59580.3,59533.5
2026-05-22 07:20:00,59616.1,68498.9,59667.5,59592.1
2026-05-22 07:25:00,59675.1,68566.7,59663.4,59680.6
2026-05-22 07:30:00,59686.8,68580.1,59693.5,59683.7
2026-05-22 07:35:00,59799.1,68709.2,59765.6,59814.8
2026-05-22 07:40:00,59824.1,68737.9,59798.8,59835.9
2026-05-22 07:45:00,59852.9,68771.0,59881.5,59839.4
2026-05-22 07:50:00,59869.0,68789.5,59892.1,59858.2
2026-05-22 07:55:00,59854.7,68773.0,59905.6,59830.8
2026-05-22 08:00:00,60063.8,69013.3,60080.0,60056.3
2026-05-22 08:05:00,60426.5,69430.0,60390.0,60443.6
2026-05-22 08:10:00,60623.4,69656.3,60635.0,60618.0
2026-05-22 08:15:00,60802.0,69861.5,60817.9,60794.5
2026-05-22 08:20:00,60897.4,69971.2,60916.9,60888.4
2026-05-22 08:25:00,61026.0,70118.8,61050.7,61014.4
2026-05-22 08:30:00,61115.8,70222.1,61073.5,61135.6
2026-05-22 08:35:00,61161.2,70274.2,61218.0,61134.5
2026-05-22 08:40:00,61120.0,70226.9,61207.8,61078.9
2026-05-22 08:45:00,61080.8,70181.9,61084.9,61079.0
2026-05-22 08:50:00,61012.7,70103.6,61090.6,60976.2
2026-05-22 08:55:00,60977.2,70062.8,61004.7,60964.4
2026-05-22 09:00:00,60874.0,69944.2,60899.9,60861.8
2026-05-22 09:05:00,60861.6,69929.9,60900.5,60843.3
2026-05-22 09:10:00,60890.0,69962.7,60892.7,60888.8
2026-05-22 09:15:00,60901.6,69975.9,60910.8,60897.3
2026-05-22 09:20:00,60872.5,69942.5,60844.1,60885.8
2026-05-22 09:25:00,60836.7,69901.3,60848.2,60831.3
2026-05-22 09:30:00,60728.7,69777.3,60653.7,60763.9
2026-05-22 09:35:00,60669.4,69709.1,60600.3,60701.7
2026-05-22 09:40:00,60569.4,69594.2,60564.6,60571.7
2026-05-22 09:45:00,60486.5,69499.0,60471.2,60493.6
2026-05-22 09:50:00,60392.8,69391.4,60375.2,60401.1
2026-05-22 09:55:00,60283.8,69266.1,60266.3,60292.0
2026-05-22 10:00:00,60077.2,69028.7,60119.8,60057.3
2026-05-22 10:05:00,60054.4,69002.5,60042.8,60059.8
2026-05-22 10:10:00,60020.2,68963.2,60057.2,60002.9
2026-05-22 10:15:00,60095.7,69049.9,60154.8,60068.0
2026-05-22 10:20:00,60124.0,69082.5,60125.0,60123.5
2026-05-22 10:25:00,60105.5,69061.2,60112.0,60102.5
2026-05-22 10:30:00,60026.1,68969.9,60006.2,60035.4
2026-05-22 10:35:00,59960.7,68894.9,59959.2,59961.4
2026-05-22 10:40:00,59854.3,68772.6,59858.0,59852.6
2026-05-22 10:45:00,59771.3,68677.2,59786.2,59764.3
2026-05-22 10:50:00,59611.0,68493.1,59674.7,59581.2
2026-05-22 10:55:00,59530.6,68400.6,59512.6,59539.0
2026-05-22 11:00:00,59401.8,68252.6,59387.7,59408.4
2026-05-22 11:05:00,59322.2,68161.3,59316.3,59325.0
2026-05-22 11:10:00,59282.5,68115.6,59234.9,59304.9
2026-05-22 11:15:00,59254.6,68083.6,59242.6,59260.3
2026-05-22 11:20:00,59222.4,68046.6,59191.9,59236.7
2026-05-22 11:25:00,59101.3,67907.4,59091.2,59106.0
2026-05-22 11:30:00,58952.9,67736.9,58945.0,58956.6
2026-05-22 11:35:00,58868.5,67639.9,58781.9,58909.1
2026-05-22 11:40:00,58716.1,67464.8,58673.0,58736.3
2026-05-22 11:45:00,58494.2,67209.8,58574.8,58456.4
2026-05-22 11:50:00,58188.7,66858.9,58185.8,58190.1
2026-05-22 11:55:00,57783.4,66393.1,57842.6,57755.7
2026-05-22 12:00:00,57281.1,65816.0,57406.0,57222.6
2026-05-22 12:05:00,57298.5,65836.0,57260.3,57316.4
2026-05-22 12:10:00,57278.0,65812.5,57305.3,57265.3
2026-05-22 12:15:00,57241.5,65770.5,57237.2,57243.6
2026-05-22 12:20:00,57241.6,65770.6,57216.3,57253.4
2026-05-22 12:25:00,57261.4,65793.4,57230.2,57276.1
2026-05-22 12:30:00,57240.5,65769.3,57174.1,57271.6
2026-05-22 12:35:00,57254.2,65785.1,57273.2,57245.3
2026-05-22 12:40:00,57401.6,65954.4,57320.4,57439.7
2026-05-22 12:45:00,57481.1,66045.8,57472.9,57484.9
2026-05-22 12:50:00,57617.8,66202.8,57628.9,57612.6
2026-05-22 12:55:00,57761.1,66367.5,57778.2,57753.1
2026-05-22 13:00:00,58072.1,66724.9,58139.1,58040.8
2026-05-22 13:05:00,58305.8,66993.4,58382.2,58270.1
2026-05-22 13:10:00,58521.1,67240.7,58502.3,58529.8
2026-05-22 13:15:00,58713.5,67461.8,58740.3,58701.0
2026-05-22 13:20:00,58861.5,67631.9,58872.8,58856.2
2026-05-22 13:25:00,59067.1,67868.1,58996.2,59100.2
2026-05-22 13:30:00,59265.0,68095.5,59290.1,59253.3
2026-05-22 13:35:00,59529.7,68399.7,59541.5,59524.2
2026-05-22 13:40:00,59718.7,68616.8,59656.6,59747.8
2026-05-22 13:45:00,59857.8,68776.6,59819.5,59875.7
2026-05-22 13:50:00,59952.5,68885.4,59982.4,59938.5
2026-05-22 13:55:00,60047.4,68994.4,60106.1,60019.9
2026-05-22 14:00:00,60141.0,69102.0,60164.8,60129.8
2026-05-22 14:05:00,60216.4,69188.7,60270.8,60191.0
2026-05-22 14:10:00,60397.8,69397.0,60408.9,60392.6
2026-05-22 14:15:00,60547.4,69568.9,60553.7,60544.4
2026-05-22 14:20:00,60733.8,69783.1,60635.3,60779.9
2026-05-22 14:25:00,60911.1,69986.8,60837.9,60945.4
2026-05-22 14:30:00,61008.6,70098.8,61017.7,61004.3
2026-05-22 14:35:00,61089.6,70191.9,61095.6,61086.7
2026-05-22 14:40:00,61184.3,70300.8,61192.5,61180.5
2026-05-22 14:45:00,61228.8,70351.9,61300.7,61195.1
2026-05-22 14:50:00,61282.7,70413.9,61282.5,61282.9
2026-05-22 14:55:00,61296.0,70429.1,61360.4,61265.9
2026-05-22 15:00:00,61317.2,70453.4,61358.3,61297.9
2026-05-22 15:05:00,61364.3,70507.6,61367.6,61362.8
2026-05-22 15:10:00,61482.0,70642.8,61560.0,61445.4
2026-05-22 15:15:00,61691.0,70883.0,61710.9,61681.7
2026-05-22 15:20:00,61850.9,71066.7,61810.4,61869.9
2026-05-22 15:25:00,62066.8,71314.7,62038.3,62080.1
2026-05-22 15:30:00,62181.9,71447.0,62191.5,62177.4
2026-05-22 15:35:00,62282.4,71562.5,62312.4,62268.4
2026-05-22 15:40:00,62425.6,71727.0,62408.1,62433.8
2026-05-22 15:45:00,62597.6,71924.6,62609.3,62592.1
2026-05-22 15:50:00,62741.1,72089.5,62763.8,62730.4
2026-05-22 15:55:00,62835.8,72198.4,62867.1,62821.2
2026-05-22 16:00:00,62939.9,72317.9,62899.5,62958.8
2026-05-22 16:05:00,62944.3,72323.0,62977.2,62928.9
2026-05-22 16:10:00,63079.1,72477.9,63166.4,63038.2
2026-05-22 16:15:00,63231.2,72652.6,63281.5,63207.6
2026-05-22 16:20:00,63361.2,72802.0,63431.9,63328.0
2026-05-22 16:25:00,63565.1,73036.3,63574.1,63561.0
2026-05-22 16:30:00,63711.9,73205.0,63716.4,63709.8
2026-05-22 16:35:00,63843.1,73355.7,63880.0,63825.7
2026-05-22 16:40:00,63990.0,73524.5,63999.2,63985.6
2026-05-22 16:45:00,64135.6,73691.8,64167.1,64120.9
2026-05-22 16:50:00,64285.4,73863.9,64231.4,64310.7
2026-05-22 16:55:00,64387.0,73980.7,64399.6,64381.1
2026-05-22 17:00:00,64440.0,74041.6,64456.8,64432.2
2026-05-22 17:05:00,64403.8,73999.9,64417.5,64397.3
2026-05-22 17:10:00,64503.7,74114.8,64549.0,64482.6
2026-05-22 17:15:00,64615.0,74242.6,64627.7,64609.0
2026-05-22 17:20:00,64720.6,74364.0,64732.7,64715.0
2026-05-22 17:25:00,64842.8,74504.4,64840.3,64844.0
2026-05-22 17:30:00,64953.3,74631.4,64965.8,64947.5
2026-05-22 17:35:00,65035.8,74726.1,65104.8,65003.4
2026-05-22 17:40:00,65102.5,74802.8,65083.1,65111.6
2026-05-22 17:45:00,65175.0,74886.1,65178.6,65173.3
2026-05-22 17:50:00,65236.3,74956.5,65249.9,65229.9
2026-05-22 17:55:00,65248.9,74970.9,65322.4,65214.4
2026-05-22 18:00:00,65253.8,74976.6,65320.5,65222.5
2026-05-22 18:05:00,65177.3,74888.7,65259.2,65138.9
2026-05-22 18:10:00,65223.7,74942.1,65248.4,65212.2
2026-05-22 18:15:00,65234.2,74954.1,65248.5,65227.5
2026-05-22 18:20:00,65268.0,74992.9,65349.0,65230.0
2026-05-22 18:25:00,65342.7,75078.8,65357.0,65336.1
2026-05-22 18:30:00,65376.6,75117.8,65444.9,65344.7
2026-05-22 18:35:00,65446.0,75197.4,65423.5,65456.5
2026-05-22 18:40:00,65467.3,75221.9,65524.2,65440.6
2026-05-22 18:45:00,65550.2,75317.2,65508.9,65569.6
2026-05-22 18:50:00,65610.7,75386.7,65580.2,65625.0
2026-05-22 18:55:00,65591.4,75364.5,65551.8,65609.9
2026-05-22 19:00:00,65583.9,75355.9,65524.2,65611.9
2026-05-22 19:05:00,65550.6,75317.6,65518.0,65565.8
2026-05-22 19:10:00,65591.1,75364.2,65563.2,65604.2
2026-05-22 19:15:00,65598.6,75372.8,65558.4,65617.4
2026-05-22 19:20:00,65586.2,75358.5,65558.6,65599.1
2026-05-22 19:25:00,65583.6,75355.5,65552.4,65598.2
2026-05-22 19:30:00,65578.8,75350.1,65548.1,65593.2
2026-05-22 19:35:00,65580.1,75351.5,65551.9,65593.3
2026-05-22 19:40:00,65578.4,75349.6,65547.3,65593.0
2026-05-22 19:45:00,65581.1,75352.7,65553.0,65594.2
2026-05-22 19:50:00,65534.8,75299.5,65520.9,65541.4
2026-05-22 19:55:00,65445.7,75197.1,65506.0,65417.4
2026-05-22 20:00:00,65311.4,75042.8,65372.6,65282.8
2026-05-22 20:05:00,65217.7,74935.2,65207.8,65222.4
2026-05-22 20:10:00,65145.9,74852.6,65127.1,65154.7
2026-05-22 20:15:00,65091.3,74789.9,65117.1,65079.2
2026-05-22 20:20:00,65064.6,74759.2,65039.0,65076.6
2026-05-22 20:25:00,65060.9,74754.9,65031.8,65074.5
2026-05-22 20:30:00,65033.4,74723.3,65005.4,65046.5
2026-05-22 20:35:00,64906.2,74577.2,64927.1,64896.3
2026-05-22 20:40:00,64790.5,74444.3,64819.9,64776.7
2026-05-22 20:45:00,64712.7,74354.9,64730.4,64704.4
2026-05-22 20:50:00,64579.8,74202.2,64606.8,64567.2
2026-05-22 20:55:00,64416.0,74013.9,64490.6,64381.0
2026-05-22 21:00:00,64202.4,73768.5,64199.7,64203.6
2026-05-22 21:05:00,64077.9,73625.5,64073.4,64079.9
2026-05-22 21:10:00,63958.0,73487.7,63987.9,63944.0
2026-05-22 21:15:00,63817.4,73326.1,63797.5,63826.7
2026-05-22 21:20:00,63763.4,73264.1,63725.3,63781.2
2026-05-22 21:25:00,63673.4,73160.8,63627.1,63695.1
2026-05-22 21:30:00,63539.2,73006.5,63499.4,63557.8
2026-05-22 21:35:00,63408.5,72856.4,63402.0,63411.6
2026-05-22 21:40:00,63231.4,72652.9,63246.0,63224.6
2026-05-22 21:45:00,63078.9,72477.6,63130.2,63054.8
2026-05-22 21:50:00,62945.3,72324.2,62939.3,62948.2
2026-05-22 21:55:00,62817.7,72177.5,62852.1,62801.5
2026-05-22 22:00:00,62703.6,72046.5,62699.1,62705.7
2026-05-22 22:05:00,62825.0,72186.0,62812.5,62830.9
2026-05-22 22:10:00,62758.4,72109.4,62746.5,62764.0
2026-05-22 22:15:00,62649.9,71984.7,62688.7,62631.7
2026-05-22 22:20:00,62490.8,71801.9,62493.4,62489.5
2026-05-22 22:25:00,62371.6,71665.0,62374.2,62370.4
2026-05-22 22:30:00,62147.7,71407.8,62176.3,62134.4
2026-05-22 22:35:00,61991.3,71228.0,61981.2,61996.1
2026-05-22 22:40:00,61787.2,70993.5,61770.4,61795.1
2026-05-22 22:45:00,61549.7,70720.6,61579.0,61536.0
2026-05-22 22:50:00,61361.7,70504.6,61386.9,61349.9
2026-05-22 22:55:00,61168.2,70282.3,61197.0,61154.8
2026-05-22 23:00:00,61213.7,70334.6,61194.6,61222.7
2026-05-22 23:05:00,61565.9,70739.2,61541.9,61577.2
2026-05-22 23:10:00,61527.7,70695.3,61551.1,61516.7
2026-05-22 23:15:00,61373.4,70518.0,61381.6,61369.5
2026-05-22 23:20:00,61130.0,70238.4,61125.4,61132.1
2026-05-22 23:25:00,60908.3,69983.7,60825.1,60947.3
2026-05-22 23:30:00,60549.5,69571.3,60571.4,60539.2
2026-05-22 23:35:00,60245.6,69222.2,60234.2,60250.9
2026-05-22 23:40:00,59933.8,68863.9,59945.3,59928.4
2026-05-22 23:45:00,59621.4,68505.0,59633.7,59615.6
2026-05-22 23:50:00,59272.3,68103.9,59306.2,59256.4
2026-05-22 23:55:00,58906.9,67684.0,58958.9,58882.5
2026-05-23 00:00:00,58426.7,67132.3,58470.4,58406.2
2026-05-23 00:05:00,58238.4,66915.9,58241.8,58236.7
2026-05-23 00:10:00,57938.5,66571.4,57958.2,57929.3
2026-05-23 00:15:00,57648.3,66237.9,57595.9,57672.8
2026-05-23 00:20:00,57367.6,65915.3,57285.9,57405.8
2026-05-23 00:25:00,57047.5,65547.6,57016.3,57062.2
2026-05-23 00:30:00,56744.1,65199.0,56799.9,56718.0
2026-05-23 00:35:00,56527.6,64950.2,56563.0,56511.0
2026-05-23 00:40:00,56337.9,64732.3,56287.9,56361.4
2026-05-23 00:45:00,56143.9,64509.3,56098.8,56165.0
2026-05-23 00:50:00,55920.7,64252.9,55972.5,55896.4
2026-05-23 00:55:00,55715.0,64016.6,55760.1,55693.9
2026-05-23 01:00:00,55519.8,63792.2,55566.6,55497.8
2026-05-23 01:05:00,55418.6,63676.0,55403.4,55425.7
2026-05-23 01:10:00,55300.0,63539.7,55259.9,55318.7
2026-05-23 01:15:00,55175.2,63396.3,55129.5,55196.6
2026-05-23 01:20:00,55027.0,63226.0,54997.9,55040.6
2026-05-23 01:25:00,54894.8,63074.2,54889.3,54897.4
2026-05-23 01:30:00,54787.0,62950.2,54783.2,54788.7
2026-05-23 01:35:00,54677.0,62823.9,54682.9,54674.3
2026-05-23 01:40:00,54548.2,62675.9,54528.8,54557.3
2026-05-23 01:45:00,54391.5,62495.9,54404.8,54385.3
2026-05-23 01:50:00,54237.6,62319.0,54228.3,54241.9
2026-05-23 01:55:00,54114.1,62177.1,54091.4,54124.7
2026-05-23 02:00:00,54037.2,62088.7,54003.4,54053.0
2026-05-23 02:05:00,54054.6,62108.7,54021.2,54070.2
2026-05-23 02:10:00,54031.6,62082.4,54012.1,54040.8
2026-05-23 02:15:00,53937.6,61974.3,54013.6,53902.1
2026-05-23 02:20:00,53875.2,61902.6,53840.9,53891.2
2026-05-23 02:25:00,53762.7,61773.3,53847.2,53723.1
2026-05-23 02:30:00,53712.3,61715.4,53694.5,53720.6
2026-05-23 02:35:00,53636.6,61628.5,53719.2,53597.9
2026-05-23 02:40:00,53556.2,61536.1,53538.8,53564.4
2026-05-23 02:45:00,53572.2,61554.4,53560.5,53577.6
2026-05-23 02:50:00,53571.1,61553.2,53555.1,53578.5
2026-05-23 02:55:00,53571.3,61553.4,53555.8,53578.6
2026-05-23 03:00:00,53565.4,61546.7,53563.3,53566.4
2026-05-23 03:05:00,53569.0,61550.8,53587.6,53560.3
2026-05-23 03:10:00,53553.9,61533.4,53559.4,53551.3
2026-05-23 03:15:00,53552.8,61532.2,53554.8,53551.9
2026-05-23 03:20:00,53563.9,61545.0,53551.2,53569.9
2026-05-23 03:25:00,53567.8,61549.4,53555.1,53573.8
2026-05-23 03:30:00,53577.7,61560.7,53552.6,53589.4
2026-05-23 03:35:00,53601.9,61588.5,53578.6,53612.8
2026-05-23 03:40:00,53585.9,61570.2,53560.9,53597.5
2026-05-23 03:45:00,53587.2,61571.7,53565.0,53597.6
2026-05-23 03:50:00,53586.0,61570.3,53563.1,53596.7
2026-05-23 03:55:00,53590.1,61575.1,53562.1,53603.3
2026-05-23 04:00:00,53609.6,61597.4,53588.4,53619.5
2026-05-23 04:05:00,53639.5,61631.8,53620.0,53648.6
2026-05-23 04:10:00,53626.8,61617.2,53597.3,53640.6
2026-05-23 04:15:00,53656.9,61651.8,53591.4,53687.6
2026-05-23 04:20:00,53625.4,61615.6,53584.3,53644.7
2026-05-23 04:25:00,53631.8,61623.0,53591.0,53651.0
2026-05-23 04:30:00,53628.4,61619.0,53588.5,53647.0
2026-05-23 04:35:00,53656.6,61651.4,53612.6,53677.2
2026-05-23 04:40:00,53632.6,61623.9,53588.2,53653.4
2026-05-23 04:45:00,53632.3,61623.5,53587.1,53653.5
2026-05-23 04:50:00,53626.7,61617.1,53585.0,53646.3
2026-05-23 04:55:00,53622.4,61612.2,53583.2,53640.8
2026-05-23 05:00:00,53617.6,61606.6,53616.9,53618.0
2026-05-23 05:05:00,53667.8,61664.3,53646.6,53677.7
2026-05-23 05:10:00,53637.0,61629.0,53625.1,53642.6
2026-05-23 05:15:00,53634.5,61626.1,53612.7,53644.8
2026-05-23 05:20:00,53633.0,61624.3,53604.7,53646.3
2026-05-23 05:25:00,53633.4,61624.8,53606.6,53645.9
2026-05-23 05:30:00,53631.3,61622.4,53608.2,53642.2
2026-05-23 05:35:00,53675.3,61672.9,53641.0,53691.3
2026-05-23 05:40:00,53635.0,61626.6,53608.1,53647.6
2026-05-23 05:45:00,53634.4,61625.9,53605.6,53647.9
2026-05-23 05:50:00,53630.1,61621.0,53605.2,53641.7
2026-05-23 05:55:00,53624.4,61614.5,53601.8,53635.0
2026-05-23 06:00:00,53644.2,61637.2,53637.0,53647.5
2026-05-23 06:05:00,53737.8,61744.7,53691.1,53759.6
2026-05-23 06:10:00,53772.5,61784.6,53773.5,53772.0
2026-05-23 06:15:00,53761.7,61772.1,53756.4,53764.1
2026-05-23 06:20:00,53736.6,61743.4,53734.0,53737.8
2026-05-23 06:25:00,53737.7,61744.6,53738.2,53737.5
2026-05-23 06:30:00,53726.3,61731.5,53732.1,53723.5
2026-05-23 06:35:00,53749.7,61758.4,53759.7,53745.0
2026-05-23 06:40:00,53703.7,61705.5,53726.7,53692.9
2026-05-23 06:45:00,53629.8,61620.6,53730.6,53582.5
2026-05-23 06:50:00,53576.4,61559.3,53583.8,53573.0
2026-05-23 06:55:00,53571.0,61553.0,53582.4,53565.6
2026-05-23 07:00:00,53604.2,61591.2,53602.9,53604.8
2026-05-23 07:05:00,53684.2,61683.2,53676.0,53688.1
2026-05-23 07:10:00,53603.8,61590.8,53602.7,53604.4
2026-05-23 07:15:00,53590.6,61575.6,53590.1,53590.8
2026-05-23 07:20:00,53536.4,61513.3,53530.8,53539.0
2026-05-23 07:25:00,53432.5,61394.0,53522.1,53390.6
2026-05-23 07:30:00,53340.1,61287.8,53318.7,53350.1
2026-05-23 07:35:00,53218.5,61148.1,53177.8,53237.6
2026-05-23 07:40:00,53137.4,61054.9,53118.1,53146.5
2026-05-23 07:45:00,53009.8,60908.2,52968.7,53029.0
2026-05-23 07:50:00,52892.0,60773.0,52947.0,52866.3
2026-05-23 07:55:00,52778.4,60642.4,52762.8,52785.7
2026-05-23 08:00:00,52752.4,60612.5,52731.0,52762.4
2026-05-23 08:05:00,52846.7,60720.9,52795.5,52870.7
2026-05-23 08:10:00,52883.4,60763.0,52885.2,52882.5
2026-05-23 08:15:00,52886.3,60766.3,52902.9,52878.5
2026-05-23 08:20:00,52877.2,60756.0,52852.9,52888.6
2026-05-23 08:25:00,52884.7,60764.5,52868.0,52892.5
2026-05-23 08:30:00,52841.1,60714.5,52823.1,52849.6
2026-05-23 08:35:00,52863.0,60739.6,52839.1,52874.3
2026-05-23 08:40:00,52787.7,60653.0,52771.2,52795.4
2026-05-23 08:45:00,52641.0,60484.5,52609.9,52655.5
2026-05-23 08:50:00,52411.4,60220.7,52590.3,52327.6
2026-05-23 08:55:00,52240.1,60023.9,52411.5,52159.9
2026-05-23 09:00:00,52193.6,59970.4,52179.6,52200.1
2026-05-23 09:05:00,52093.4,59855.3,52233.5,52027.7
2026-05-23 09:10:00,52066.3,59824.1,52062.0,52068.2
2026-05-23 09:15:00,52080.1,59840.0,52092.4,52074.3
2026-05-23 09:20:00,52067.2,59825.2,52052.2,52074.2
2026-05-23 09:25:00,52028.9,59781.2,52050.9,52018.6
2026-05-23 09:30:00,51979.5,59724.4,51976.4,51981.0
2026-05-23 09:35:00,52000.2,59748.2,51996.5,52001.9
2026-05-23 09:40:00,51933.2,59671.3,51976.4,51913.0
2026-05-23 09:45:00,51708.9,59413.5,51728.4,51699.7
2026-05-23 09:50:00,51570.7,59254.8,51515.7,51596.5
2026-05-23 09:55:00,51529.9,59207.9,51503.5,51542.4
2026-05-23 10:00:00,51393.9,59051.6,51449.9,51367.7
2026-05-23 10:05:00,51495.8,59168.6,51415.4,51533.4
2026-05-23 10:10:00,51508.5,59183.3,51447.0,51537.4
2026-05-23 10:15:00,51484.8,59156.0,51539.3,51459.2
2026-05-23 10:20:00,51433.7,59097.3,51441.9,51429.8
2026-05-23 10:25:00,51416.2,59077.2,51431.4,51409.1
2026-05-23 10:30:00,51347.0,58997.7,51348.1,51346.5
2026-05-23 10:35:00,51364.8,59018.2,51372.0,51361.4
2026-05-23 10:40:00,51336.7,58985.8,51340.9,51334.7
2026-05-23 10:45:00,51340.6,58990.4,51353.2,51334.7
2026-05-23 10:50:00,51329.6,58977.7,51338.0,51325.7
2026-05-23 10:55:00,51319.4,58966.0,51329.0,51314.9
2026-05-23 11:00:00,51171.6,58796.2,51302.3,51110.4
2026-05-23 11:05:00,51117.5,58734.0,51095.8,51127.6
2026-05-23 11:10:00,51120.3,58737.3,51100.2,51129.8
2026-05-23 11:15:00,51112.6,58728.3,51082.8,51126.5
2026-05-23 11:20:00,51087.2,58699.2,51062.2,51098.9
2026-05-23 11:25:00,50961.1,58554.3,51069.6,50910.3
2026-05-23 11:30:00,50864.0,58442.8,50808.0,50890.3
2026-05-23 11:35:00,50883.4,58465.0,50836.1,50905.6
2026-05-23 11:40:00,50846.4,58422.5,50804.7,50866.0
2026-05-23 11:45:00,50673.0,58223.3,50806.9,50610.3
2026-05-23 11:50:00,50541.1,58071.7,50509.8,50555.8
2026-05-23 11:55:00,50238.6,57724.2,50205.7,50254.0
2026-05-23 12:00:00,50046.4,57503.3,49993.4,50071.2
2026-05-23 12:05:00,50183.4,57660.7,50127.2,50209.7
2026-05-23 12:10:00,50190.3,57668.6,50147.8,50210.2
2026-05-23 12:15:00,50189.5,57667.7,50138.3,50213.5
2026-05-23 12:20:00,50153.1,57625.9,50146.2,50156.3
2026-05-23 12:25:00,50168.2,57643.2,50160.2,50171.9
2026-05-23 12:30:00,50100.7,57565.7,50099.1,50101.4
2026-05-23 12:35:00,50134.7,57604.8,50143.6,50130.5
2026-05-23 12:40:00,50083.9,57546.4,50138.4,50058.3
2026-05-23 12:45:00,50131.6,57601.2,50152.0,50122.0
2026-05-23 12:50:00,50159.7,57633.5,50174.6,50152.7
2026-05-23 12:55:00,50184.4,57661.9,50170.5,50191.0
2026-05-23 13:00:00,50326.2,57824.8,50278.5,50348.6
2026-05-23 13:05:00,50549.2,58081.0,50547.4,50550.0
2026-05-23 13:10:00,50610.7,58151.7,50764.9,50538.4
2026-05-23 13:15:00,50739.5,58299.7,50755.8,50731.9
2026-05-23 13:20:00,50729.1,58287.8,50732.9,50727.4
2026-05-23 13:25:00,50755.3,58317.9,50785.2,50741.3
2026-05-23 13:30:00,50813.5,58384.7,50780.6,50828.8
2026-05-23 13:35:00,50901.3,58485.6,51028.9,50841.5
2026-05-23 13:40:00,50983.6,58580.1,51003.8,50974.1
2026-05-23 13:45:00,51033.6,58637.6,50998.4,51050.0
2026-05-23 13:50:00,51048.5,58654.7,50968.6,51085.9
2026-05-23 13:55:00,51043.5,58649.0,50973.1,51076.6
2026-05-23 14:00:00,51062.5,58670.9,50998.3,51092.6
2026-05-23 14:05:00,51041.0,58646.1,50974.7,51072.0
2026-05-23 14:10:00,51053.4,58660.3,51017.9,51070.0
2026-05-23 14:15:00,51056.8,58664.3,51024.4,51072.0
2026-05-23 14:20:00,51050.4,58656.9,51009.2,51069.6
2026-05-23 14:25:00,51062.1,58670.4,51020.6,51081.6
2026-05-23 14:30:00,51054.9,58662.1,51013.5,51074.3
2026-05-23 14:35:00,51043.4,58648.8,51015.7,51056.4
2026-05-23 14:40:00,51044.0,58649.6,51019.6,51055.5
2026-05-23 14:45:00,51045.7,58651.5,51026.4,51054.8
2026-05-23 14:50:00,51039.1,58644.0,51012.6,51051.6
2026-05-23 14:55:00,51031.0,58634.6,51003.9,51043.7
2026-05-23 15:00:00,51078.3,58689.0,51052.6,51090.3
2026-05-23 15:05:00,51161.7,58784.8,51271.8,51110.2
2026-05-23 15:10:00,51348.3,58999.2,51370.2,51338.0
2026-05-23 15:15:00,51582.0,59267.7,51629.0,51559.9
2026-05-23 15:20:00,51812.7,59532.8,51823.2,51807.8
2026-05-23 15:25:00,52031.2,59783.8,52065.7,52015.0
2026-05-23 15:30:00,52241.6,60025.6,52256.8,52234.5
2026-05-23 15:35:00,52458.3,60274.6,52490.9,52443.0
2026-05-23 15:40:00,52684.7,60534.8,52743.2,52657.4
2026-05-23 15:45:00,52874.8,60753.2,52922.5,52852.5
2026-05-23 15:50:00,53036.9,60939.4,53133.5,52991.7
2026-05-23 15:55:00,53301.0,61242.8,53312.4,53295.6
2026-05-23 16:00:00,53473.2,61440.7,53413.8,53501.1
2026-05-23 16:05:00,53645.9,61639.1,53620.4,53657.8
2026-05-23 16:10:00,53857.9,61882.7,53838.3,53867.1
2026-05-23 16:15:00,54067.9,62124.0,54167.3,54021.3
2026-05-23 16:20:00,54275.9,62363.0,54316.1,54257.1
2026-05-23 16:25:00,54426.3,62535.8,54476.0,54403.0
2026-05-23 16:30:00,54602.5,62738.2,54623.4,54592.6
2026-05-23 16:35:00,54794.1,62958.4,54850.5,54767.6
2026-05-23 16:40:00,55042.0,63243.2,55006.6,55058.5
2026-05-23 16:45:00,55266.5,63501.2,55293.3,55253.9
2026-05-23 16:50:00,55463.5,63727.6,55475.1,55458.1
2026-05-23 16:55:00,55604.8,63889.9,55685.2,55567.1
2026-05-23 17:00:00,55742.1,64047.7,55756.2,55735.5
2026-05-23 17:05:00,55800.6,64114.9,55792.7,55804.3
2026-05-23 17:10:00,55979.4,64320.3,56008.7,55965.6
2026-05-23 17:15:00,56146.8,64512.7,56108.4,56164.8
2026-05-23 17:20:00,56307.5,64697.3,56355.2,56285.1
2026-05-23 17:25:00,56486.4,64902.9,56442.0,56507.2
2026-05-23 17:30:00,56683.1,65128.9,56689.7,56680.0
2026-05-23 17:35:00,56834.1,65302.3,56840.5,56831.1
2026-05-23 17:40:00,57002.9,65496.4,57021.0,56994.4
2026-05-23 17:45:00,57160.8,65677.8,57195.3,57144.7
2026-05-23 17:50:00,57308.5,65847.5,57251.0,57335.5
2026-05-23 17:55:00,57462.0,66023.8,57466.4,57459.9
2026-05-23 18:00:00,57614.2,66198.7,57576.8,57631.7
2026-05-23 18:05:00,57698.6,66295.7,57703.0,57696.6
2026-05-23 18:10:00,57778.7,66387.7,57838.7,57750.6
2026-05-23 18:15:00,57892.0,66517.9,57916.7,57880.4
2026-05-23 18:20:00,57965.1,66601.9,57995.7,57950.8
2026-05-23 18:25:00,58088.6,66743.7,58114.4,58076.4
2026-05-23 18:30:00,58174.0,66841.9,58204.2,58159.8
2026-05-23 18:35:00,58262.6,66943.8,58274.9,58256.9
2026-05-23 18:40:00,58355.4,67050.4,58368.6,58349.2
2026-05-23 18:45:00,58424.5,67129.8,58479.1,58398.9
2026-05-23 18:50:00,58490.2,67205.2,58515.4,58478.3
2026-05-23 18:55:00,58508.1,67225.8,58523.1,58501.1
2026-05-23 19:00:00,58583.3,67312.2,58600.1,58575.4
2026-05-23 19:05:00,58610.5,67343.4,58590.4,58619.9
2026-05-23 19:10:00,58657.7,67397.7,58707.7,58634.3
2026-05-23 19:15:00,58719.9,67469.2,58699.4,58729.5
2026-05-23 19:20:00,58744.5,67497.4,58768.3,58733.3
2026-05-23 19:25:00,58787.6,67546.9,58772.8,58794.5
2026-05-23 19:30:00,58811.7,67574.6,58861.8,58788.2
2026-05-23 19:35:00,58795.8,67556.4,58852.3,58769.4
2026-05-23 19:40:00,58778.5,67536.4,58829.4,58754.6
2026-05-23 19:45:00,58754.5,67508.9,58751.7,58755.8
2026-05-23 19:50:00,58767.0,67523.3,58727.5,58785.6
2026-05-23 19:55:00,58762.3,67517.8,58726.6,58779.0
2026-05-23 20:00:00,58738.2,67490.2,58696.7,58757.6
2026-05-23 20:05:00,58677.3,67420.2,58686.0,58673.2
2026-05-23 20:10:00,58671.5,67413.5,58621.6,58694.8
2026-05-23 20:15:00,58660.9,67401.3,58597.4,58690.6
2026-05-23 20:20:00,58650.3,67389.2,58595.1,58676.1
2026-05-23 20:25:00,58646.2,67384.5,58582.0,58676.3
2026-05-23 20:30:00,58559.4,67284.8,58564.6,58557.0
2026-05-23 20:35:00,58548.3,67272.0,58496.1,58572.7
2026-05-23 20:40:00,58490.2,67205.3,58501.8,58484.8
2026-05-23 20:45:00,58421.0,67125.8,58393.8,58433.8
2026-05-23 20:50:00,58341.6,67034.5,58373.7,58326.6
2026-05-23 20:55:00,58271.7,66954.1,58301.2,58257.8
2026-05-23 21:00:00,58130.1,66791.5,58160.0,58116.1
2026-05-23 21:05:00,58030.9,66677.5,57994.5,58048.0
2026-05-23 21:10:00,57955.3,66590.6,57936.1,57964.3
2026-05-23 21:15:00,57907.9,66536.2,57916.0,57904.1
2026-05-23 21:20:00,57806.2,66419.4,57789.2,57814.2
2026-05-23 21:25:00,57728.5,66330.1,57701.3,57741.3
2026-05-23 21:30:00,57675.9,66269.6,57621.3,57701.5
2026-05-23 21:35:00,57624.6,66210.7,57617.3,57628.0
2026-05-23 21:40:00,57522.4,66093.2,57510.9,57527.7
2026-05-23 21:45:00,57386.2,65936.7,57395.0,57382.0
2026-05-23 21:50:00,57307.6,65846.4,57313.5,57304.9
2026-05-23 21:55:00,57251.0,65781.5,57240.6,57255.9
2026-05-23 22:00:00,57225.2,65751.8,57178.3,57247.2
2026-05-23 22:05:00,57255.0,65786.0,57314.2,57227.3
2026-05-23 22:10:00,57212.2,65736.8,57177.2,57228.6
2026-05-23 22:15:00,57120.4,65631.4,57132.2,57114.9
2026-05-23 22:20:00,57018.0,65513.7,57030.8,57012.0
2026-05-23 22:25:00,56907.1,65386.3,56905.6,56907.8
2026-05-23 22:30:00,56801.7,65265.2,56782.8,56810.5
2026-05-23 22:35:00,56688.0,65134.6,56653.4,56704.3
2026-05-23 22:40:00,56576.2,65006.0,56565.3,56581.3
2026-05-23 22:45:00,56506.5,64925.9,56486.4,56515.9
2026-05-23 22:50:00,56408.6,64813.5,56384.0,56420.1
2026-05-23 22:55:00,56312.3,64702.8,56287.3,56323.9
2026-05-23 23:00:00,56311.7,64702.2,56343.3,56296.9
2026-05-23 23:05:00,56473.3,64887.8,56520.9,56451.0
2026-05-23 23:10:00,56423.3,64830.4,56513.4,56381.1
2026-05-23 23:15:00,56294.3,64682.1,56232.3,56323.3
2026-05-23 23:20:00,56165.0,64533.5,56137.8,56177.7
2026-05-23 23:25:00,55991.2,64333.9,56024.5,55975.5
2026-05-23 23:30:00,55740.8,64046.2,55747.5,55737.7
2026-05-23 23:35:00,55560.9,63839.4,55508.3,55585.5
2026-05-23 23:40:00,55377.4,63628.7,55324.1,55402.4
2026-05-23 23:45:00,55219.0,63446.7,55163.6,55245.0
2026-05-23 23:50:00,54941.8,63128.1,54943.3,54941.1
2026-05-23 23:55:00,54656.3,62800.1,54654.0,54657.4
2026-05-24 00:00:00,54323.2,62417.4,54282.2,54342.4
2026-05-24 00:05:00,54108.7,62170.9,54162.5,54083.5
2026-05-24 00:10:00,53881.4,61909.8,53826.8,53907.0
2026-05-24 00:15:00,53702.6,61704.3,53658.9,53723.1
2026-05-24 00:20:00,53393.7,61349.4,53443.3,53370.5
2026-05-24 00:25:00,53147.7,61066.8,53151.2,53146.1
2026-05-24 00:30:00,52792.1,60658.1,52843.0,52768.2
2026-05-24 00:35:00,52515.7,60340.5,52533.0,52507.5
2026-05-24 00:40:00,52324.2,60120.5,52318.5,52326.8
2026-05-24 00:45:00,52124.4,59891.0,52120.2,52126.4
2026-05-24 00:50:00,51909.3,59643.8,51879.0,51923.4
2026-05-24 00:55:00,51703.0,59406.7,51654.0,51725.9
2026-05-24 01:00:00,51497.7,59170.9,51483.8,51504.3
2026-05-24 01:05:00,51310.5,58955.7,51271.0,51329.0
2026-05-24 01:10:00,51194.8,58822.8,51261.7,51163.5
2026-05-24 01:15:00,51090.1,58702.5,51051.9,51108.0
2026-05-24 01:20:00,51054.3,58661.4,51043.9,51059.2
2026-05-24 01:25:00,50858.4,58436.3,50831.2,50871.2
2026-05-24 01:30:00,50792.4,58360.5,50827.2,50776.1
2026-05-24 01:35:00,50613.5,58154.9,50604.6,50617.6
2026-05-24 01:40:00,50616.7,58158.6,50599.3,50624.9
2026-05-24 01:45:00,50630.2,58174.1,50591.3,50648.4
2026-05-24 01:50:00,50622.1,58164.8,50596.3,50634.2
2026-05-24 01:55:00,50645.5,58191.7,50606.8,50663.6
2026-05-24 02:00:00,50639.5,58184.8,50604.6,50655.8
2026-05-24 02:05:00,50651.8,58198.9,50627.7,50663.1
2026-05-24 02:10:00,50641.5,58187.1,50610.2,50656.1
2026-05-24 02:15:00,50634.3,58178.8,50592.3,50654.0
2026-05-24 02:20:00,50645.5,58191.6,50607.5,50663.3
2026-05-24 02:25:00,50585.9,58123.2,50599.4,50579.6
2026-05-24 02:30:00,50620.7,58163.2,50606.0,50627.7
2026-05-24 02:35:00,50631.5,58175.6,50617.3,50638.1
2026-05-24 02:40:00,50623.5,58166.4,50603.4,50632.9
2026-05-24 02:45:00,50624.9,58168.0,50607.6,50632.9
2026-05-24 02:50:00,50624.7,58167.8,50605.8,50633.5
2026-05-24 02:55:00,50620.9,58163.5,50604.7,50628.6
2026-05-24 03:00:00,50629.8,58173.6,50617.5,50635.5
2026-05-24 03:05:00,50655.3,58203.0,50633.7,50665.5
2026-05-24 03:10:00,50648.7,58195.3,50627.4,50658.7
2026-05-24 03:15:00,50647.0,58193.4,50622.8,50658.3
2026-05-24 03:20:00,50645.9,58192.1,50624.3,50655.9
2026-05-24 03:25:00,50651.3,58198.4,50626.8,50662.8
2026-05-24 03:30:00,50649.6,58196.3,50629.9,50658.8
2026-05-24 03:35:00,50670.2,58220.1,50644.7,50682.1
2026-05-24 03:40:00,50652.5,58199.8,50628.1,50664.0
2026-05-24 03:45:00,50653.9,58201.3,50632.2,50664.0
2026-05-24 03:50:00,50653.2,58200.5,50630.4,50663.8
2026-05-24 03:55:00,50657.3,58205.2,50629.3,50670.4
2026-05-24 04:00:00,50676.3,58227.1,50661.4,50683.3
2026-05-24 04:05:00,50701.3,58255.8,50684.8,50709.1
2026-05-24 04:10:00,50692.4,58245.5,50669.0,50703.3
2026-05-24 04:15:00,50690.4,58243.2,50660.5,50704.4
2026-05-24 04:20:00,50690.7,58243.6,50657.1,50706.4
2026-05-24 04:25:00,50695.1,58248.7,50662.8,50710.3
2026-05-24 04:30:00,50695.3,58248.9,50667.1,50708.5
2026-05-24 04:35:00,50719.7,58276.9,50684.0,50736.4
2026-05-24 04:40:00,50696.5,58250.3,50660.6,50713.4
2026-05-24 04:45:00,50696.2,58250.0,50659.6,50713.4
2026-05-24 04:50:00,50690.8,58243.7,50655.8,50707.2
2026-05-24 04:55:00,50689.9,58242.7,50655.3,50706.1
2026-05-24 05:00:00,50682.0,58233.6,50666.0,50689.5
2026-05-24 05:05:00,50723.9,58281.8,50687.6,50741.0
2026-05-24 05:10:00,50697.8,58251.8,50673.0,50709.5
2026-05-24 05:15:00,50694.8,58248.3,50664.5,50709.0
2026-05-24 05:20:00,50692.9,58246.1,50658.4,50709.1
2026-05-24 05:25:00,50692.9,58246.2,50659.2,50708.8
2026-05-24 05:30:00,50694.2,58247.7,50666.8,50707.1
2026-05-24 05:35:00,50734.6,58294.1,50693.2,50754.0
2026-05-24 05:40:00,50696.1,58249.8,50661.3,50712.4
2026-05-24 05:45:00,50695.5,58249.1,50658.7,50712.7
2026-05-24 05:50:00,50691.4,58244.4,50658.4,50706.9
2026-05-24 05:55:00,50690.0,58242.8,50656.2,50705.9
2026-05-24 06:00:00,50699.3,58253.5,50674.1,50711.1
2026-05-24 06:05:00,50766.9,58331.2,50720.0,50788.9
2026-05-24 06:10:00,50703.0,58257.8,50665.5,50720.6
2026-05-24 06:15:00,50695.9,58249.6,50654.9,50715.1
2026-05-24 06:20:00,50673.0,58223.3,50635.7,50690.5
2026-05-24 06:25:00,50671.3,58221.4,50638.4,50686.8
2026-05-24 06:30:00,50663.3,58212.2,50638.3,50675.1
2026-05-24 06:35:00,50683.2,58235.0,50659.5,50694.3
2026-05-24 06:40:00,50640.4,58185.8,50627.9,50646.3
2026-05-24 06:45:00,50641.5,58187.1,50630.7,50646.6
2026-05-24 06:50:00,50633.2,58177.5,50625.8,50636.7
2026-05-24 06:55:00,50632.4,58176.7,50625.6,50635.6
2026-05-24 07:00:00,50645.0,58191.1,50618.2,50657.6
2026-05-24 07:05:00,50715.7,58272.4,50691.5,50727.1
2026-05-24 07:10:00,50660.2,58208.6,50631.9,50673.5
2026-05-24 07:15:00,50650.6,58197.6,50625.0,50662.6
2026-05-24 07:20:00,50598.3,58137.4,50568.6,50612.2
2026-05-24 07:25:00,50589.3,58127.2,50558.5,50603.8
2026-05-24 07:30:00,50556.7,58089.7,50524.8,50571.7
2026-05-24 07:35:00,50446.5,57963.0,50572.6,50387.4
2026-05-24 07:40:00,50301.0,57795.9,50249.7,50325.1
2026-05-24 07:45:00,50100.1,57565.0,50248.4,50030.6
2026-05-24 07:50:00,50019.3,57472.2,49997.0,50029.8
2026-05-24 07:55:00,49866.2,57296.3,49990.7,49807.9
2026-05-24 08:00:00,49897.6,57332.4,49842.6,49923.4
2026-05-24 08:05:00,49957.1,57400.7,49893.3,49987.0
2026-05-24 08:10:00,49851.2,57279.1,49819.1,49866.3
2026-05-24 08:15:00,49854.0,57282.2,49836.8,49862.0
2026-05-24 08:20:00,49820.0,57243.2,49788.8,49834.7
2026-05-24 08:25:00,49833.4,57258.5,49808.5,49845.0
2026-05-24 08:30:00,49796.3,57215.9,49767.1,49809.9
2026-05-24 08:35:00,49818.4,57241.4,49806.2,49824.2
2026-05-24 08:40:00,49725.4,57134.5,49716.8,49729.4
2026-05-24 08:45:00,49754.3,57167.7,49752.8,49755.0
2026-05-24 08:50:00,49723.5,57132.3,49722.2,49724.0
2026-05-24 08:55:00,49716.5,57124.2,49715.3,49717.0
2026-05-24 09:00:00,49757.9,57171.8,49726.2,49772.8
2026-05-24 09:05:00,49797.1,57216.9,49762.2,49813.4
2026-05-24 09:10:00,49842.8,57269.4,49814.8,49855.9
2026-05-24 09:15:00,49851.5,57279.4,49839.5,49857.1
2026-05-24 09:20:00,49844.5,57271.4,49812.0,49859.8
2026-05-24 09:25:00,49847.1,57274.3,49816.5,49861.5
2026-05-24 09:30:00,49814.9,57237.4,49791.7,49825.8
2026-05-24 09:35:00,49831.9,57256.8,49803.1,49845.3
2026-05-24 09:40:00,49794.7,57214.1,49771.1,49805.7
2026-05-24 09:45:00,49797.8,57217.7,49780.9,49805.8
2026-05-24 09:50:00,49790.1,57208.9,49769.5,49799.8
2026-05-24 09:55:00,49787.7,57206.1,49762.3,49799.6
2026-05-24 10:00:00,49783.0,57200.7,49751.2,49797.9
2026-05-24 10:05:00,49908.3,57344.6,49851.9,49934.7
2026-05-24 10:10:00,49923.0,57361.6,49887.8,49939.5
2026-05-24 10:15:00,49947.1,57389.3,49955.4,49943.3
2026-05-24 10:20:00,49913.4,57350.5,49892.5,49923.1
2026-05-24 10:25:00,49895.7,57330.2,49881.5,49902.4
2026-05-24 10:30:00,49831.2,57256.1,49807.7,49842.3
2026-05-24 10:35:00,49845.0,57271.9,49821.9,49855.8
2026-05-24 10:40:00,49819.2,57242.3,49799.8,49828.3
2026-05-24 10:45:00,49822.2,57245.7,49809.0,49828.4
2026-05-24 10:50:00,49813.7,57236.0,49795.1,49822.4
2026-05-24 10:55:00,49811.0,57232.9,49787.1,49822.2
2026-05-24 11:00:00,49799.9,57220.1,49764.3,49816.6
2026-05-24 11:05:00,49817.8,57240.7,49774.4,49838.1
2026-05-24 11:10:00,49820.1,57243.3,49783.1,49837.5
2026-05-24 11:15:00,49824.3,57248.2,49794.8,49838.2
2026-05-24 11:20:00,49815.7,57238.3,49780.7,49832.1
2026-05-24 11:25:00,49826.7,57250.9,49787.6,49845.1
2026-05-24 11:30:00,49810.1,57231.8,49775.5,49826.3
2026-05-24 11:35:00,49824.6,57248.4,49792.2,49839.7
2026-05-24 11:40:00,49789.9,57208.6,49763.3,49802.4
2026-05-24 11:45:00,49788.3,57206.8,49762.9,49800.2
2026-05-24 11:50:00,49779.4,57196.5,49764.2,49786.5
2026-05-24 11:55:00,49784.9,57202.8,49753.6,49799.5
2026-05-24 12:00:00,49786.2,57204.3,49747.8,49804.2
2026-05-24 12:05:00,49878.1,57310.0,49834.5,49898.5
2026-05-24 12:10:00,49883.0,57315.5,49856.3,49895.5
2026-05-24 12:15:00,49880.3,57312.4,49846.3,49896.2
2026-05-24 12:20:00,49887.2,57320.4,49859.7,49900.1
2026-05-24 12:25:00,49890.3,57324.0,49861.0,49904.1
2026-05-24 12:30:00,49879.8,57311.9,49849.3,49894.1
2026-05-24 12:35:00,49892.0,57325.9,49867.7,49903.4
2026-05-24 12:40:00,49919.3,57357.3,49899.5,49928.5
2026-05-24 12:45:00,49927.9,57367.1,49907.4,49937.5
2026-05-24 12:50:00,49949.1,57391.5,49943.7,49951.7
2026-05-24 12:55:00,49957.1,57400.7,49953.2,49958.9
2026-05-24 13:00:00,50063.6,57523.1,50022.8,50082.7
2026-05-24 13:05:00,50298.1,57792.5,50263.0,50314.5
2026-05-24 13:10:00,50364.3,57868.5,50477.2,50311.3
2026-05-24 13:15:00,50513.6,58040.2,50489.9,50524.8
2026-05-24 13:20:00,50503.4,58028.4,50468.3,50519.8
2026-05-24 13:25:00,50519.1,58046.4,50483.4,50535.8
2026-05-24 13:30:00,50512.5,58038.9,50484.4,50525.7
2026-05-24 13:35:00,50523.3,58051.3,50497.8,50535.2
2026-05-24 13:40:00,50496.5,58020.5,50461.8,50512.8
2026-05-24 13:45:00,50493.3,58016.8,50462.8,50507.6
2026-05-24 13:50:00,50562.5,58096.3,50485.6,50598.5
2026-05-24 13:55:00,50647.7,58194.2,50753.2,50598.3
2026-05-24 14:00:00,50812.3,58383.4,50761.9,50836.0
2026-05-24 14:05:00,50855.7,58433.1,50952.4,50810.3
2026-05-24 14:10:00,50959.5,58552.5,51003.0,50939.1
2026-05-24 14:15:00,51063.9,58672.5,51019.6,51084.7
2026-05-24 14:20:00,51060.4,58668.4,51011.4,51083.4
2026-05-24 14:25:00,51072.9,58682.8,51025.1,51095.3
2026-05-24 14:30:00,51138.8,58758.5,51243.3,51089.9
2026-05-24 14:35:00,51283.7,58925.0,51244.6,51302.1
2026-05-24 14:40:00,51293.1,58935.8,51275.9,51301.2
2026-05-24 14:45:00,51294.5,58937.4,51281.8,51300.5
2026-05-24 14:50:00,51291.3,58933.7,51268.4,51302.0
2026-05-24 14:55:00,51274.9,58914.8,51261.4,51281.2
2026-05-24 15:00:00,51347.3,58998.0,51321.1,51359.5
2026-05-24 15:05:00,51532.8,59211.1,51522.0,51537.8
2026-05-24 15:10:00,51665.2,59363.4,51798.0,51603.0
2026-05-24 15:15:00,51809.3,59528.9,51833.4,51798.0
2026-05-24 15:20:00,52026.0,59777.9,52068.7,52006.0
2026-05-24 15:25:00,52247.2,60032.1,52296.3,52224.2
2026-05-24 15:30:00,52426.7,60238.2,52481.5,52401.0
2026-05-24 15:35:00,52625.5,60466.7,52692.1,52594.3
2026-05-24 15:40:00,52686.7,60537.0,52870.4,52600.7
2026-05-24 15:45:00,52903.0,60785.5,52909.6,52899.9
2026-05-24 15:50:00,53125.4,61041.1,53089.5,53142.3
2026-05-24 15:55:00,53297.3,61238.6,53258.4,53315.6
2026-05-24 16:00:00,53472.0,61439.4,53431.4,53491.1
2026-05-24 16:05:00,53617.3,61606.3,53583.9,53632.9
2026-05-24 16:10:00,53822.8,61842.4,53816.1,53825.9
2026-05-24 16:15:00,53949.9,61988.5,53973.0,53939.1
2026-05-24 16:20:00,54134.1,62200.1,54154.1,54124.8
2026-05-24 16:25:00,54256.4,62340.6,54319.2,54227.1
2026-05-24 16:30:00,54432.0,62542.4,54436.9,54429.7
2026-05-24 16:35:00,54613.4,62750.8,54579.3,54629.3
2026-05-24 16:40:00,54838.7,63009.7,54820.5,54847.3
2026-05-24 16:45:00,54999.4,63194.3,54977.2,55009.8
2026-05-24 16:50:00,55136.7,63352.1,55248.5,55084.4
2026-05-24 16:55:00,55358.5,63606.9,55330.3,55371.7
2026-05-24 17:00:00,55503.4,63773.4,55536.6,55487.9
2026-05-24 17:05:00,55610.9,63896.9,55593.4,55619.1
2026-05-24 17:10:00,55775.2,64085.7,55774.6,55775.5
2026-05-24 17:15:00,55896.5,64225.1,55887.8,55900.6
2026-05-24 17:20:00,56009.2,64354.6,55998.4,56014.3
2026-05-24 17:25:00,56190.3,64562.7,56154.9,56206.9
2026-05-24 17:30:00,56355.1,64752.0,56349.1,56357.9
2026-05-24 17:35:00,56516.0,64936.9,56568.5,56491.4
2026-05-24 17:40:00,56651.0,65092.0,56632.2,56659.8
2026-05-24 17:45:00,56772.1,65231.2,56812.7,56753.1
2026-05-24 17:50:00,56901.3,65379.6,56909.1,56897.7
2026-05-24 17:55:00,57033.6,65531.6,56969.9,57063.5
2026-05-24 18:00:00,57127.5,65639.5,57152.6,57115.8
2026-05-24 18:05:00,57163.4,65680.8,57201.7,57145.5
2026-05-24 18:10:00,57307.4,65846.3,57261.7,57328.9
2026-05-24 18:15:00,57429.4,65986.3,57434.7,57426.8
2026-05-24 18:20:00,57454.0,66014.6,57498.3,57433.2
2026-05-24 18:25:00,57580.3,66159.8,57541.8,57598.4
2026-05-24 18:30:00,57723.2,66323.9,57759.6,57706.2
2026-05-24 18:35:00,57836.6,66454.2,57828.0,57840.6
2026-05-24 18:40:00,57871.3,66494.1,57881.5,57866.5
2026-05-24 18:45:00,57928.0,66559.3,57994.8,57896.7
2026-05-24 18:50:00,57963.9,66600.6,57975.0,57958.7
2026-05-24 18:55:00,58009.9,66653.4,58059.4,57986.7
2026-05-24 19:00:00,58113.6,66772.6,58089.4,58124.9
2026-05-24 19:05:00,58184.2,66853.7,58147.0,58201.7
2026-05-24 19:10:00,58209.9,66883.2,58239.6,58196.1
2026-05-24 19:15:00,58249.1,66928.2,58229.1,58258.4
2026-05-24 19:20:00,58277.3,66960.7,58304.1,58264.8
2026-05-24 19:25:00,58313.1,67001.8,58307.2,58315.9
2026-05-24 19:30:00,58316.2,67005.3,58322.4,58313.3
2026-05-24 19:35:00,58335.5,67027.4,58403.9,58303.4
2026-05-24 19:40:00,58337.8,67030.1,58397.0,58310.1
2026-05-24 19:45:00,58340.8,67033.6,58407.7,58309.4
2026-05-24 19:50:00,58316.7,67005.9,58369.6,58291.9
2026-05-24 19:55:00,58302.0,66989.0,58370.4,58269.9
2026-05-24 20:00:00,58240.5,66918.3,58211.4,58254.1
2026-05-24 20:05:00,58167.2,66834.1,58218.7,58143.0
2026-05-24 20:10:00,58105.3,66762.9,58142.0,58088.0
2026-05-24 20:15:00,58061.3,66712.5,58018.1,58081.6
2026-05-24 20:20:00,57979.5,66618.4,58016.1,57962.3
2026-05-24 20:25:00,57915.0,66544.3,57937.6,57904.4
2026-05-24 20:30:00,57865.9,66487.9,57830.5,57882.5
2026-05-24 20:35:00,57820.2,66435.4,57849.7,57806.4
2026-05-24 20:40:00,57784.1,66393.9,57752.3,57799.0
2026-05-24 20:45:00,57735.3,66337.9,57758.1,57724.7
2026-05-24 20:50:00,57692.8,66289.0,57659.7,57708.3
2026-05-24 20:55:00,57653.3,66243.7,57661.3,57649.6
2026-05-24 21:00:00,57523.4,66094.3,57490.6,57538.7
2026-05-24 21:05:00,57374.6,65923.4,57381.8,57371.2
2026-05-24 21:10:00,57295.8,65832.8,57244.6,57319.7
2026-05-24 21:15:00,57238.5,65767.0,57222.7,57245.8
2026-05-24 21:20:00,57167.1,65685.0,57148.7,57175.8
2026-05-24 21:25:00,57084.8,65590.4,57032.1,57109.5
2026-05-24 21:30:00,56996.6,65489.1,56941.4,57022.4
2026-05-24 21:35:00,56879.8,65354.9,56837.3,56899.7
2026-05-24 21:40:00,56798.2,65261.2,56748.3,56821.6
2026-05-24 21:45:00,56718.2,65169.2,56686.6,56733.0
2026-05-24 21:50:00,56586.0,65017.3,56571.7,56592.7
2026-05-24 21:55:00,56516.7,64937.7,56503.7,56522.8
2026-05-24 22:00:00,56410.1,64815.1,56405.5,56412.2
2026-05-24 22:05:00,56442.5,64852.4,56439.2,56444.0
2026-05-24 22:10:00,56346.5,64742.2,56330.4,56354.1
2026-05-24 22:15:00,56235.2,64614.3,56283.2,56212.8
2026-05-24 22:20:00,56109.3,64469.6,56089.2,56118.7
2026-05-24 22:25:00,56000.2,64344.2,55946.6,56025.2
2026-05-24 22:30:00,55847.5,64168.8,55810.4,55864.9
2026-05-24 22:35:00,55748.5,64055.0,55737.1,55753.8
2026-05-24 22:40:00,55630.6,63919.5,55580.7,55653.9
2026-05-24 22:45:00,55554.7,63832.4,55502.8,55579.1
2026-05-24 22:50:00,55444.3,63705.5,55405.4,55462.5
2026-05-24 22:55:00,55308.3,63549.2,55276.0,55323.4
2026-05-24 23:00:00,55284.9,63522.4,55277.5,55288.4
2026-05-24 23:05:00,55425.1,63683.4,55453.7,55411.7
2026-05-24 23:10:00,55346.5,63593.2,55363.2,55338.7
2026-05-24 23:15:00,55166.7,63386.5,55213.0,55145.0
2026-05-24 23:20:00,54990.4,63183.9,54983.6,54993.5
2026-05-24 23:25:00,54753.6,62911.9,54822.0,54721.6
2026-05-24 23:30:00,54540.0,62666.5,54502.5,54557.6
2026-05-24 23:35:00,54304.3,62395.6,54284.2,54313.6
2026-05-24 23:40:00,54014.7,62062.8,54028.8,54008.0
2026-05-24 23:45:00,53768.9,61780.5,53830.5,53740.1
2026-05-24 23:50:00,53501.8,61473.6,53486.3,53509.1
2026-05-24 23:55:00,53121.8,61037.0,53085.1,53139.0
2026-05-25 00:00:00,52723.7,60579.6,52718.0,52726.4
2026-05-25 00:05:00,52540.0,60368.5,52530.2,52544.6
2026-05-25 00:10:00,52306.4,60100.1,52287.7,52315.2
2026-05-25 00:15:00,52083.2,59843.6,52069.0,52089.9
2026-05-25 00:20:00,51867.1,59595.3,51823.9,51887.3
2026-05-25 00:25:00,51666.0,59364.3,51614.5,51690.2
2026-05-25 00:30:00,51452.0,59118.3,51437.2,51458.9
2026-05-25 00:35:00,51268.6,58907.6,51232.5,51285.5
2026-05-25 00:40:00,51102.5,58716.8,51031.0,51136.0
2026-05-25 00:45:00,51078.1,58688.8,51029.1,51101.1
2026-05-25 00:50:00,50910.6,58496.3,51016.3,50861.1
2026-05-25 00:55:00,50839.5,58414.6,50790.0,50862.7
2026-05-25 01:00:00,50656.4,58204.2,50818.0,50580.7
2026-05-25 01:05:00,50606.1,58146.4,50603.2,50607.5
2026-05-25 01:10:00,50616.5,58158.4,50599.4,50624.5
2026-05-25 01:15:00,50644.1,58190.1,50599.7,50664.9
2026-05-25 01:20:00,50634.1,58178.6,50607.8,50646.5
2026-05-25 01:25:00,50657.4,58205.4,50615.9,50676.9
2026-05-25 01:30:00,50642.2,58187.8,50612.8,50655.9
2026-05-25 01:35:00,50651.1,58198.1,50623.3,50664.1
2026-05-25 01:40:00,50640.1,58185.5,50592.6,50662.3
2026-05-25 01:45:00,50640.0,58185.3,50592.0,50662.4
2026-05-25 01:50:00,50598.0,58137.2,50605.2,50594.7
2026-05-25 01:55:00,50592.6,58130.9,50595.8,50591.1
2026-05-25 02:00:00,50615.4,58157.1,50597.3,50623.9
2026-05-25 02:05:00,50642.1,58187.8,50624.2,50650.6
2026-05-25 02:10:00,50630.4,58174.3,50611.4,50639.3
2026-05-25 02:15:00,50627.8,58171.3,50606.7,50637.7
2026-05-25 02:20:00,50626.3,58169.7,50607.6,50635.1
2026-05-25 02:25:00,50628.0,58171.5,50611.5,50635.7
2026-05-25 02:30:00,50626.8,58170.2,50610.2,50634.6
2026-05-25 02:35:00,50638.8,58184.0,50622.1,50646.6
2026-05-25 02:40:00,50631.8,58175.9,50608.6,50642.6
2026-05-25 02:45:00,50633.2,58177.5,50612.8,50642.7
2026-05-25 02:50:00,50633.0,58177.3,50610.6,50643.5
2026-05-25 02:55:00,50628.4,58172.0,50609.8,50637.0
2026-05-25 03:00:00,50642.3,58188.0,50625.1,50650.4
2026-05-25 03:05:00,50669.7,58219.5,50645.8,50680.9
2026-05-25 03:10:00,50662.4,58211.1,50640.9,50672.5
2026-05-25 03:15:00,50660.9,58209.4,50636.8,50672.2
2026-05-25 03:20:00,50660.2,58208.5,50638.2,50670.4
2026-05-25 03:25:00,50664.3,58213.2,50640.2,50675.5
2026-05-25 03:30:00,50660.7,58209.2,50641.1,50669.9
2026-05-25 03:35:00,50682.8,58234.6,50657.1,50694.9
2026-05-25 03:40:00,50665.4,58214.6,50638.7,50678.0
2026-05-25 03:45:00,50666.8,58216.1,50642.8,50678.0
2026-05-25 03:50:00,50666.1,58215.3,50640.6,50678.0
2026-05-25 03:55:00,50670.0,58219.8,50642.1,50683.0
2026-05-25 04:00:00,50719.8,58277.1,50703.4,50727.5
2026-05-25 04:05:00,50746.7,58308.0,50731.4,50753.9
2026-05-25 04:10:00,50734.9,58294.4,50709.9,50746.6
2026-05-25 04:15:00,50733.6,58292.9,50701.4,50748.6
2026-05-25 04:20:00,50734.2,58293.7,50698.0,50751.2
2026-05-25 04:25:00,50738.7,58298.8,50704.8,50754.7
2026-05-25 04:30:00,50735.6,58295.2,50706.8,50749.0
2026-05-25 04:35:00,50759.5,58322.6,50726.4,50774.9
2026-05-25 04:40:00,50734.8,58294.3,50697.5,50752.3
2026-05-25 04:45:00,50734.5,58294.0,50696.5,50752.4
2026-05-25 04:50:00,50730.4,58289.3,50694.3,50747.4
2026-05-25 04:55:00,50729.9,58288.6,50697.7,50745.0
2026-05-25 05:00:00,50765.2,58329.2,50741.1,50776.4
2026-05-25 05:05:00,50815.2,58386.6,50789.4,50827.2
2026-05-25 05:10:00,50857.1,58434.8,50993.8,50793.1
2026-05-25 05:15:00,50975.3,58570.6,50972.5,50976.6
2026-05-25 05:20:00,51041.0,58646.1,50994.4,51062.8
2026-05-25 05:25:00,51041.3,58646.5,50997.2,51062.0
2026-05-25 05:30:00,51034.4,58638.6,51003.3,51049.0
2026-05-25 05:35:00,51082.6,58693.9,51044.7,51100.3
2026-05-25 05:40:00,51114.9,58731.1,51228.9,51061.5
2026-05-25 05:45:00,51259.5,58897.2,51235.2,51270.9
2026-05-25 05:50:00,51264.5,58903.0,51255.6,51268.8
2026-05-25 05:55:00,51266.6,58905.4,51261.8,51268.9
2026-05-25 06:00:00,51326.4,58974.0,51313.2,51332.6
2026-05-25 06:05:00,51630.9,59323.9,51624.5,51633.9
2026-05-25 06:10:00,51761.6,59474.0,51737.3,51772.9
2026-05-25 06:15:00,51950.8,59691.5,51937.2,51957.2
2026-05-25 06:20:00,51919.5,59655.5,51910.4,51923.7
2026-05-25 06:25:00,51941.3,59680.6,51943.0,51940.5
2026-05-25 06:30:00,51924.9,59661.7,51933.8,51920.7
2026-05-25 06:35:00,51948.0,59688.3,51966.7,51939.2
2026-05-25 06:40:00,51887.8,59619.1,51933.0,51866.7
2026-05-25 06:45:00,51886.2,59617.3,51927.3,51867.0
2026-05-25 06:50:00,51885.8,59616.7,51932.0,51864.1
2026-05-25 06:55:00,51906.2,59640.2,51956.2,51882.8
2026-05-25 07:00:00,51988.7,59735.0,51952.8,52005.5
2026-05-25 07:05:00,52299.5,60092.2,52291.5,52303.3
2026-05-25 07:10:00,52318.8,60114.3,52327.8,52314.6
2026-05-25 07:15:00,52286.3,60076.9,52319.0,52271.0
2026-05-25 07:20:00,52255.2,60041.3,52260.4,52252.8
2026-05-25 07:25:00,52246.2,60030.9,52250.8,52244.1
2026-05-25 07:30:00,52210.0,59989.3,52215.4,52207.5
2026-05-25 07:35:00,52265.9,60053.5,52279.2,52259.7
2026-05-25 07:40:00,52184.6,59960.2,52211.8,52171.9
2026-05-25 07:45:00,52083.3,59843.7,52211.2,52023.4
2026-05-25 07:50:00,52024.3,59775.9,52020.1,52026.2
2026-05-25 07:55:00,52035.0,59788.2,52006.0,52048.6
2026-05-25 08:00:00,52135.9,59904.2,52118.4,52144.2
2026-05-25 08:05:00,52164.1,59936.6,52149.8,52170.8
2026-05-25 08:10:00,52104.2,59867.7,52071.5,52119.5
2026-05-25 08:15:00,52101.1,59864.1,52094.0,52104.3
2026-05-25 08:20:00,52061.5,59818.7,52032.5,52075.1
2026-05-25 08:25:00,52073.6,59832.5,52051.6,52083.9
2026-05-25 08:30:00,52028.4,59780.7,52011.8,52036.3
2026-05-25 08:35:00,52048.9,59804.2,52030.7,52057.4
2026-05-25 08:40:00,51999.7,59747.7,51952.6,52021.8
2026-05-25 08:45:00,52003.6,59752.1,51992.3,52008.9
2026-05-25 08:50:00,51979.7,59724.7,51969.3,51984.6
2026-05-25 08:55:00,51987.7,59733.9,51970.9,51995.6
2026-05-25 09:00:00,51946.1,59686.0,51928.5,51954.3
2026-05-25 09:05:00,51822.3,59543.9,51778.3,51843.0
2026-05-25 09:10:00,51876.4,59606.0,51828.5,51898.9
2026-05-25 09:15:00,51864.8,59592.6,51862.1,51866.0
2026-05-25 09:20:00,51845.9,59571.0,51813.7,51861.1
2026-05-25 09:25:00,51848.2,59573.6,51818.1,51862.3
2026-05-25 09:30:00,51808.8,59528.3,51790.4,51817.4
2026-05-25 09:35:00,51832.4,59555.4,51804.8,51845.3
2026-05-25 09:40:00,51799.5,59517.6,51773.6,51811.6
2026-05-25 09:45:00,51803.4,59522.1,51785.6,51811.7
2026-05-25 09:50:00,51793.8,59511.1,51771.6,51804.2
2026-05-25 09:55:00,51790.7,59507.5,51762.2,51804.0
2026-05-25 10:00:00,51752.9,59464.1,51743.7,51757.2
2026-05-25 10:05:00,51776.7,59491.5,51851.0,51742.0
2026-05-25 10:10:00,51908.1,59642.4,51890.3,51916.4
2026-05-25 10:15:00,51983.4,59728.9,51980.2,51984.9
2026-05-25 10:20:00,52111.0,59875.6,52086.5,52122.5
2026-05-25 10:25:00,52081.6,59841.7,52071.6,52086.2
2026-05-25 10:30:00,52012.8,59762.8,52001.7,52018.1
2026-05-25 10:35:00,52034.6,59787.7,52018.1,52042.3
2026-05-25 10:40:00,52015.3,59765.6,51996.6,52024.1
2026-05-25 10:45:00,52019.0,59769.9,52008.1,52024.1
2026-05-25 10:50:00,52008.2,59757.4,51991.6,52015.9
2026-05-25 10:55:00,52004.8,59753.5,51981.5,52015.7
2026-05-25 11:00:00,51999.5,59747.4,51948.8,52023.2
2026-05-25 11:05:00,51984.3,59730.0,51981.6,51985.6
2026-05-25 11:10:00,52019.0,59769.9,51991.2,52032.1
2026-05-25 11:15:00,52016.8,59767.3,52002.3,52023.5
2026-05-25 11:20:00,52004.8,59753.6,51978.0,52017.4
2026-05-25 11:25:00,52016.6,59767.0,51984.2,52031.7
2026-05-25 11:30:00,51990.5,59737.1,51963.6,52003.1
2026-05-25 11:35:00,52009.9,59759.3,51981.0,52023.4
2026-05-25 11:40:00,51974.0,59718.1,51950.7,51984.9
2026-05-25 11:45:00,51824.0,59545.8,51952.6,51763.7
2026-05-25 11:50:00,51718.9,59425.0,51703.8,51726.0
2026-05-25 11:55:00,51502.6,59176.5,51481.2,51512.6
2026-05-25 12:00:00,51295.5,58938.5,51249.7,51316.9
2026-05-25 12:05:00,51279.5,58920.1,51198.2,51317.6
2026-05-25 12:10:00,51288.9,58930.9,51224.7,51319.0
2026-05-25 12:15:00,51212.5,58843.2,51205.0,51216.1
2026-05-25 12:20:00,51218.4,58849.9,51215.0,51220.0
2026-05-25 12:25:00,51221.2,58853.1,51212.4,51225.3
2026-05-25 12:30:00,51178.7,58804.3,51171.1,51182.2
2026-05-25 12:35:00,51230.5,58863.8,51213.5,51238.4
2026-05-25 12:40:00,51269.7,58908.9,51256.0,51276.1
2026-05-25 12:45:00,51286.8,58928.5,51280.1,51289.9
2026-05-25 12:50:00,51288.8,58930.9,51266.2,51299.4
2026-05-25 12:55:00,51303.0,58947.1,51254.5,51325.7
2026-05-25 13:00:00,51435.4,59099.3,51565.0,51374.7
2026-05-25 13:05:00,51555.8,59237.6,51558.0,51554.7
2026-05-25 13:10:00,51759.0,59471.1,51752.8,51761.9
2026-05-25 13:15:00,51961.5,59703.8,51985.1,51950.4
2026-05-25 13:20:00,51960.7,59702.9,51960.4,51960.9
2026-05-25 13:25:00,51975.7,59720.1,51975.2,51976.0
2026-05-25 13:30:00,52035.8,59789.1,52191.1,51963.1
2026-05-25 13:35:00,52204.9,59983.4,52219.1,52198.2
2026-05-25 13:40:00,52349.9,60150.1,52383.6,52334.2
2026-05-25 13:45:00,52337.9,60136.2,52380.9,52317.7
2026-05-25 13:50:00,52388.9,60194.9,52357.0,52403.9
2026-05-25 13:55:00,52411.5,60220.8,52374.3,52428.9
2026-05-25 14:00:00,52485.2,60305.5,52582.4,52439.7
2026-05-25 14:05:00,52600.0,60437.4,52597.4,52601.3
2026-05-25 14:10:00,52559.7,60391.1,52608.0,52537.1
2026-05-25 14:15:00,52619.3,60459.6,52665.7,52597.6
2026-05-25 14:20:00,52667.1,60514.6,52818.7,52596.2
2026-05-25 14:25:00,52810.0,60678.7,52826.8,52802.1
2026-05-25 14:30:00,52885.4,60765.4,52973.6,52844.1
2026-05-25 14:35:00,52961.7,60853.0,52998.0,52944.7
2026-05-25 14:40:00,53026.5,60927.5,53002.5,53037.8
2026-05-25 14:45:00,53178.9,61102.6,53198.3,53169.9
2026-05-25 14:50:00,53239.0,61171.6,53350.3,53186.8
2026-05-25 14:55:00,53324.4,61269.8,53327.8,53322.8
2026-05-25 15:00:00,53279.0,61217.6,53317.1,53261.2
2026-05-25 15:05:00,53286.1,61225.7,53311.2,53274.3
2026-05-25 15:10:00,53367.3,61319.0,53397.5,53353.2
2026-05-25 15:15:00,53600.6,61587.1,53633.4,53585.2
2026-05-25 15:20:00,53759.8,61770.0,53776.4,53752.0
2026-05-25 15:25:00,53963.6,62004.1,53972.6,53959.4
2026-05-25 15:30:00,54115.6,62178.8,54111.4,54117.5
2026-05-25 15:35:00,54260.9,62345.8,54265.6,54258.7
2026-05-25 15:40:00,54405.1,62511.5,54410.4,54402.7
2026-05-25 15:45:00,54561.9,62691.6,54565.2,54560.3
2026-05-25 15:50:00,54751.7,62909.7,54743.2,54755.6
2026-05-25 15:55:00,54987.8,63181.0,54976.2,54993.2
2026-05-25 16:00:00,55135.4,63350.6,55190.1,55109.8
2026-05-25 16:05:00,55275.3,63511.3,55257.7,55283.5
2026-05-25 16:10:00,55471.4,63736.7,55471.4,55471.4
2026-05-25 16:15:00,55629.8,63918.6,55731.0,55582.3
2026-05-25 16:20:00,55810.4,64126.2,55811.4,55809.9
2026-05-25 16:25:00,55971.0,64310.7,56037.4,55939.8
2026-05-25 16:30:00,56149.5,64515.7,56122.9,56161.9
2026-05-25 16:35:00,56333.1,64726.7,56384.1,56309.2
2026-05-25 16:40:00,56483.6,64899.6,56453.8,56497.5
2026-05-25 16:45:00,56700.7,65149.1,56697.9,56702.0
2026-05-25 16:50:00,56831.1,65298.9,56816.9,56837.7
2026-05-25 16:55:00,56996.5,65489.0,56994.3,56997.6
2026-05-25 17:00:00,57058.1,65559.8,57048.2,57062.8
2026-05-25 17:05:00,57135.1,65648.3,57075.8,57162.9
2026-05-25 17:10:00,57237.2,65765.5,57262.8,57225.2
2026-05-25 17:15:00,57372.4,65920.9,57391.9,57363.2
2026-05-25 17:20:00,57528.2,66099.9,57457.0,57561.5
2026-05-25 17:25:00,57622.8,66208.6,57652.2,57609.1
2026-05-25 17:30:00,57758.2,66364.1,57782.0,57747.0
2026-05-25 17:35:00,57918.6,66548.4,57946.0,57905.7
2026-05-25 17:40:00,58066.4,66718.3,58052.9,58072.8
2026-05-25 17:45:00,58169.9,66837.2,58215.7,58148.4
2026-05-25 17:50:00,58254.9,66934.9,58289.2,58238.8
2026-05-25 17:55:00,58350.6,67044.9,58393.8,58330.4
2026-05-25 18:00:00,58450.0,67159.0,58455.0,58447.6
2026-05-25 18:05:00,58464.2,67175.4,58493.3,58450.6
2026-05-25 18:10:00,58522.4,67242.2,58547.5,58510.6
2026-05-25 18:15:00,58656.9,67396.8,58687.6,58642.5
2026-05-25 18:20:00,58784.5,67543.4,58751.5,58799.9
2026-05-25 18:25:00,58902.6,67679.0,58933.9,58887.9
2026-05-25 18:30:00,59048.6,67846.9,59076.2,59035.7
2026-05-25 18:35:00,59152.9,67966.7,59127.4,59164.8
2026-05-25 18:40:00,59210.9,68033.3,59196.0,59217.9
2026-05-25 18:45:00,59302.0,68138.0,59295.1,59305.3
2026-05-25 18:50:00,59389.7,68238.7,59385.7,59391.5
2026-05-25 18:55:00,59461.0,68320.7,59465.2,59459.0
2026-05-25 19:00:00,59514.9,68382.7,59541.3,59502.6
2026-05-25 19:05:00,59550.5,68423.6,59512.5,59568.4
2026-05-25 19:10:00,59605.6,68486.8,59631.6,59593.4
2026-05-25 19:15:00,59648.3,68535.9,59607.3,59667.5
2026-05-25 19:20:00,59664.0,68553.9,59670.4,59661.0
2026-05-25 19:25:00,59672.9,68564.2,59671.1,59673.8
2026-05-25 19:30:00,59672.9,68564.2,59666.3,59676.0
2026-05-25 19:35:00,59665.4,68555.5,59657.5,59669.1
2026-05-25 19:40:00,59659.7,68549.0,59635.6,59670.9
2026-05-25 19:45:00,59667.8,68558.3,59663.9,59669.6
2026-05-25 19:50:00,59621.4,68505.0,59611.4,59626.2
2026-05-25 19:55:00,59589.4,68468.3,59516.3,59623.7
2026-05-25 20:00:00,59556.6,68430.5,59479.8,59592.6
2026-05-25 20:05:00,59540.9,68412.5,59477.7,59570.5
2026-05-25 20:10:00,59572.7,68449.0,59511.7,59601.2
2026-05-25 20:15:00,59557.7,68431.8,59483.6,59592.5
2026-05-25 20:20:00,59546.7,68419.2,59477.9,59579.0
2026-05-25 20:25:00,59483.5,68346.5,59474.6,59487.6
2026-05-25 20:30:00,59397.5,68247.8,59388.5,59401.8
2026-05-25 20:35:00,59327.5,68167.3,59300.4,59340.1
2026-05-25 20:40:00,59296.1,68131.3,59214.8,59334.2
2026-05-25 20:45:00,59256.9,68086.2,59220.6,59273.9
2026-05-25 20:50:00,59239.3,68066.0,59208.2,59253.9
2026-05-25 20:55:00,59202.6,68023.8,59104.6,59248.5
2026-05-25 21:00:00,58986.6,67775.6,59073.1,58946.1
2026-05-25 21:05:00,58862.5,67633.0,58928.5,58831.5
2026-05-25 21:10:00,58754.1,67508.4,58739.7,58760.8
2026-05-25 21:15:00,58646.2,67384.4,58631.6,58653.0
2026-05-25 21:20:00,58506.6,67224.0,58538.4,58491.7
2026-05-25 21:25:00,58425.8,67131.3,58459.7,58409.9
2026-05-25 21:30:00,58339.0,67031.5,58366.3,58326.2
2026-05-25 21:35:00,58263.3,66944.6,58288.4,58251.6
2026-05-25 21:40:00,58162.2,66828.4,58177.0,58155.3
2026-05-25 21:45:00,58068.9,66721.2,58100.8,58054.0
2026-05-25 21:50:00,57971.1,66608.8,57994.6,57960.1
2026-05-25 21:55:00,57888.7,66514.1,57898.1,57884.3
2026-05-25 22:00:00,57803.3,66416.0,57794.0,57807.6
2026-05-25 22:05:00,57850.1,66469.8,57849.1,57850.6
2026-05-25 22:10:00,57843.6,66462.3,57825.2,57852.2
2026-05-25 22:15:00,57778.0,66386.9,57680.1,57823.8
2026-05-25 22:20:00,57684.7,66279.7,57676.2,57688.6
2026-05-25 22:25:00,57561.3,66137.9,57561.8,57561.0
2026-05-25 22:30:00,57433.2,65990.7,57343.7,57475.1
2026-05-25 22:35:00,57289.7,65825.8,57274.0,57297.0
2026-05-25 22:40:00,57221.4,65747.4,57199.2,57231.8
2026-05-25 22:45:00,57153.3,65669.2,57139.5,57159.8
2026-05-25 22:50:00,57083.1,65588.5,57036.2,57105.1
2026-05-25 22:55:00,56997.6,65490.2,56921.3,57033.3
2026-05-25 23:00:00,56978.1,65467.8,56996.5,56969.4
2026-05-25 23:05:00,57163.7,65681.1,57196.9,57148.1
2026-05-25 23:10:00,57133.0,65645.8,57132.9,57133.1
2026-05-25 23:15:00,56965.8,65453.7,56949.7,56973.4
2026-05-25 23:20:00,56794.9,65257.3,56770.4,56806.3
2026-05-25 23:25:00,56604.1,65038.1,56577.9,56616.4
2026-05-25 23:30:00,56357.6,64754.9,56317.2,56376.6
2026-05-25 23:35:00,56139.6,64504.3,56162.6,56128.7
2026-05-25 23:40:00,55943.3,64278.8,55990.5,55921.1
2026-05-25 23:45:00,55760.9,64069.3,55757.0,55762.8
2026-05-25 23:50:00,55548.2,63824.9,55503.5,55569.1
2026-05-25 23:55:00,55312.2,63553.7,55238.8,55346.6
2026-05-26 00:00:00,54886.0,63064.0,54867.3,54894.7
2026-05-26 00:05:00,54822.0,62990.4,54761.1,54850.5
2026-05-26 00:10:00,54564.4,62694.5,54562.8,54565.1
2026-05-26 00:15:00,54312.5,62405.1,54320.0,54309.0
2026-05-26 00:20:00,54071.1,62127.7,54034.7,54088.2
2026-05-26 00:25:00,53908.8,61941.2,53898.9,53913.4
2026-05-26 00:30:00,53725.1,61730.1,53744.5,53716.0
2026-05-26 00:35:00,53591.3,61576.4,53551.5,53610.0
2026-05-26 00:40:00,53443.4,61406.4,53416.3,53456.1
2026-05-26 00:45:00,53245.5,61179.0,53263.8,53236.9
2026-05-26 00:50:00,53105.8,61018.5,53085.4,53115.3
2026-05-26 00:55:00,52923.4,60809.0,52942.1,52914.7
2026-05-26 01:00:00,52778.0,60641.9,52763.4,52784.9
2026-05-26 01:05:00,52630.7,60472.7,52596.8,52646.6
2026-05-26 01:10:00,52534.6,60362.3,52609.2,52499.7
2026-05-26 01:15:00,52463.4,60280.4,52423.6,52482.0
2026-05-26 01:20:00,52471.1,60289.3,52427.4,52491.6
2026-05-26 01:25:00,52422.1,60232.9,52423.6,52421.4
2026-05-26 01:30:00,52292.5,60084.1,52404.5,52240.1
2026-05-26 01:35:00,52213.2,59993.0,52197.4,52220.6
2026-05-26 01:40:00,52209.4,59988.6,52186.8,52220.0
2026-05-26 01:45:00,52217.0,59997.4,52185.4,52231.8
2026-05-26 01:50:00,52216.4,59996.6,52185.8,52230.7
2026-05-26 01:55:00,52238.3,60021.8,52204.7,52254.0
2026-05-26 02:00:00,52219.1,59999.7,52180.4,52237.2
2026-05-26 02:05:00,52241.8,60025.8,52228.6,52247.9
2026-05-26 02:10:00,52224.5,60005.9,52211.3,52230.6
2026-05-26 02:15:00,52222.3,60003.4,52207.7,52229.1
2026-05-26 02:20:00,52219.7,60000.4,52208.6,52224.8
2026-05-26 02:25:00,52221.4,60002.3,52212.7,52225.4
2026-05-26 02:30:00,52237.6,60021.0,52183.6,52262.9
2026-05-26 02:35:00,52256.5,60042.7,52211.9,52277.4
2026-05-26 02:40:00,52248.8,60033.9,52196.4,52273.4
2026-05-26 02:45:00,52250.3,60035.6,52200.8,52273.5
2026-05-26 02:50:00,52249.6,60034.8,52197.0,52274.2
2026-05-26 02:55:00,52248.2,60033.2,52196.2,52272.6
2026-05-26 03:00:00,52274.2,60063.1,52250.6,52285.3
2026-05-26 03:05:00,52322.2,60118.2,52292.7,52336.1
2026-05-26 03:10:00,52307.5,60101.4,52283.4,52318.9
2026-05-26 03:15:00,52308.0,60101.8,52280.1,52321.0
2026-05-26 03:20:00,52306.1,60099.7,52281.6,52317.6
2026-05-26 03:25:00,52310.6,60104.8,52284.8,52322.6
2026-05-26 03:30:00,52301.7,60094.7,52271.9,52315.7
2026-05-26 03:35:00,52330.8,60128.1,52306.4,52342.3
2026-05-26 03:40:00,52310.8,60105.1,52283.9,52323.4
2026-05-26 03:45:00,52312.6,60107.1,52289.2,52323.5
2026-05-26 03:50:00,52311.1,60105.5,52284.7,52323.5
2026-05-26 03:55:00,52314.2,60109.0,52283.9,52328.4
2026-05-26 04:00:00,52328.5,60125.5,52311.5,52336.5
2026-05-26 04:05:00,52379.4,60183.9,52371.5,52383.1
2026-05-26 04:10:00,52361.2,60163.1,52344.6,52369.0
2026-05-26 04:15:00,52359.5,60161.1,52337.4,52369.9
2026-05-26 04:20:00,52359.6,60161.1,52335.5,52370.8
2026-05-26 04:25:00,52364.4,60166.7,52343.4,52374.3
2026-05-26 04:30:00,52357.2,60158.5,52330.9,52369.6
2026-05-26 04:35:00,52399.0,60206.4,52382.7,52406.6
2026-05-26 04:40:00,52373.4,60177.0,52347.6,52385.5
2026-05-26 04:45:00,52372.8,60176.3,52345.6,52385.5
2026-05-26 04:50:00,52368.4,60171.3,52342.5,52380.6
2026-05-26 04:55:00,52366.5,60169.1,52342.0,52378.0
2026-05-26 05:00:00,52390.9,60197.1,52393.4,52389.8
2026-05-26 05:05:00,52463.5,60280.5,52461.4,52464.5
2026-05-26 05:10:00,52612.2,60451.4,52634.9,52601.6
2026-05-26 05:15:00,52601.6,60439.3,52612.9,52596.4
2026-05-26 05:20:00,52602.0,60439.7,52608.0,52599.2
2026-05-26 05:25:00,52605.3,60443.5,52620.0,52598.4
2026-05-26 05:30:00,52638.2,60481.2,52613.7,52649.6
2026-05-26 05:35:00,52759.9,60621.2,52861.1,52712.6
2026-05-26 05:40:00,52847.7,60722.1,52802.7,52868.8
2026-05-26 05:45:00,53001.0,60898.2,52960.0,53020.2
2026-05-26 05:50:00,53135.2,61052.4,53189.5,53109.8
2026-05-26 05:55:00,53239.9,61172.6,53190.6,53262.9
2026-05-26 06:00:00,53469.2,61436.1,53459.3,53473.8
2026-05-26 06:05:00,53743.3,61751.1,53758.2,53736.3
2026-05-26 06:10:00,53935.1,61971.4,53940.5,53932.5
2026-05-26 06:15:00,54095.1,62155.3,54095.9,54094.7
2026-05-26 06:20:00,54216.8,62295.1,54243.5,54204.3
2026-05-26 06:25:00,54423.0,62532.0,54394.8,54436.2
2026-05-26 06:30:00,54612.7,62750.0,54525.4,54653.6
2026-05-26 06:35:00,54878.5,63055.4,54851.1,54891.3
2026-05-26 06:40:00,55118.4,63331.0,55087.8,55132.7
2026-05-26 06:45:00,55236.2,63466.4,55293.0,55209.6
2026-05-26 06:50:00,55391.8,63645.2,55465.0,55357.5
2026-05-26 06:55:00,55586.9,63869.4,55573.6,55593.2
2026-05-26 07:00:00,55864.7,64188.6,55900.1,55848.1
2026-05-26 07:05:00,56250.5,64631.9,56290.3,56231.9
2026-05-26 07:10:00,56457.3,64869.5,56465.1,56453.7
2026-05-26 07:15:00,56667.0,65110.4,56666.5,56667.3
2026-05-26 07:20:00,56789.1,65250.7,56777.0,56794.8
2026-05-26 07:25:00,56939.3,65423.2,56895.5,56959.8
2026-05-26 07:30:00,57012.3,65507.1,57027.9,57004.9
2026-05-26 07:35:00,57199.8,65722.6,57223.4,57188.8
2026-05-26 07:40:00,57312.1,65851.6,57280.7,57326.8
2026-05-26 07:45:00,57411.0,65965.2,57404.1,57414.2
2026-05-26 07:50:00,57535.8,66108.6,57488.3,57558.1
2026-05-26 07:55:00,57681.1,66275.5,57607.4,57715.6
2026-05-26 08:00:00,57938.8,66571.6,57878.6,57967.0
2026-05-26 08:05:00,58273.5,66956.2,58228.1,58294.7
2026-05-26 08:10:00,58464.0,67175.2,58428.0,58480.9
2026-05-26 08:15:00,58585.3,67314.5,58624.2,58567.1
2026-05-26 08:20:00,58742.9,67495.6,58707.4,58759.5
2026-05-26 08:25:00,58924.0,67703.7,58886.0,58941.8
2026-05-26 08:30:00,59026.5,67821.4,59016.8,59031.0
2026-05-26 08:35:00,59193.2,68013.0,59151.2,59212.9
2026-05-26 08:40:00,59197.6,68018.1,59251.3,59172.5
2026-05-26 08:45:00,59174.3,67991.3,59205.7,59159.6
2026-05-26 08:50:00,59124.5,67934.0,59217.6,59080.9
2026-05-26 08:55:00,59128.2,67938.2,59103.0,59140.0
2026-05-26 09:00:00,59000.6,67791.7,59016.5,58993.1
2026-05-26 09:05:00,58939.1,67721.1,59016.0,58903.1
2026-05-26 09:10:00,58963.6,67749.2,58948.2,58970.8
2026-05-26 09:15:00,59000.6,67791.6,59053.6,58975.7
2026-05-26 09:20:00,58966.3,67752.3,58988.5,58955.9
2026-05-26 09:25:00,58966.7,67752.7,58972.4,58964.0
2026-05-26 09:30:00,58900.4,67676.6,58907.2,58897.3
2026-05-26 09:35:00,58867.6,67638.9,58844.6,58878.4
2026-05-26 09:40:00,58781.5,67540.0,58713.0,58813.6
2026-05-26 09:45:00,58714.4,67462.8,58725.1,58709.3
2026-05-26 09:50:00,58621.7,67356.4,58624.2,58620.6
2026-05-26 09:55:00,58528.8,67249.6,58540.6,58523.3
2026-05-26 10:00:00,58339.4,67031.9,58397.8,58312.0
2026-05-26 10:05:00,58369.3,67066.4,58405.2,58352.5
2026-05-26 10:10:00,58391.5,67091.9,58427.8,58374.5
2026-05-26 10:15:00,58536.9,67258.9,58513.2,58548.0
2026-05-26 10:20:00,58541.0,67263.6,58586.6,58519.6
2026-05-26 10:25:00,58514.4,67233.1,58571.7,58487.6
2026-05-26 10:30:00,58443.2,67151.3,58468.2,58431.5
2026-05-26 10:35:00,58380.5,67079.2,58394.4,58374.0
2026-05-26 10:40:00,58331.5,67022.9,58290.6,58350.7
2026-05-26 10:45:00,58289.9,66975.2,58302.1,58284.2
2026-05-26 10:50:00,58244.5,66922.9,58184.9,58272.4
2026-05-26 10:55:00,58180.2,66849.1,58177.6,58181.5
2026-05-26 11:00:00,57996.3,66637.7,58051.7,57970.3
2026-05-26 11:05:00,57853.1,66473.2,57916.8,57823.2
2026-05-26 11:10:00,57783.1,66392.8,57826.7,57762.7
2026-05-26 11:15:00,57693.6,66289.9,57729.1,57677.0
2026-05-26 11:20:00,57591.1,66172.2,57615.0,57579.9
2026-05-26 11:25:00,57504.9,66073.1,57517.8,57498.9
2026-05-26 11:30:00,57349.5,65894.6,57379.9,57335.2
2026-05-26 11:35:00,57240.9,65769.7,57226.6,57247.5
2026-05-26 11:40:00,57128.5,65640.7,57142.4,57122.0
2026-05-26 11:45:00,56981.0,65471.2,57044.5,56951.3
2026-05-26 11:50:00,56805.6,65269.6,56765.5,56824.3
2026-05-26 11:55:00,56485.8,64902.2,56479.4,56488.8
2026-05-26 12:00:00,56065.3,64419.1,56097.1,56050.4
2026-05-26 12:05:00,56137.7,64502.2,56090.2,56159.9
2026-05-26 12:10:00,56177.4,64547.8,56230.1,56152.7
2026-05-26 12:15:00,56244.7,64625.2,56227.0,56253.0
2026-05-26 12:20:00,56295.9,64684.0,56361.9,56265.0
2026-05-26 12:25:00,56373.3,64772.9,56349.8,56384.2
2026-05-26 12:30:00,56325.2,64717.7,56339.2,56318.6
2026-05-26 12:35:00,56375.7,64775.7,56347.6,56388.9
2026-05-26 12:40:00,56528.7,64951.4,56491.2,56546.2
2026-05-26 12:45:00,56670.3,65114.1,56638.5,56685.1
2026-05-26 12:50:00,56818.5,65284.5,56795.0,56829.5
2026-05-26 12:55:00,57037.7,65536.3,57057.2,57028.5
2026-05-26 13:00:00,57450.8,66011.0,57469.0,57442.4
2026-05-26 13:05:00,57912.4,66541.4,57810.5,57960.2
2026-05-26 13:10:00,58278.2,66961.7,58214.5,58308.1
2026-05-26 13:15:00,58567.7,67294.3,58496.1,58601.2
2026-05-26 13:20:00,58802.4,67564.0,58757.7,58823.4
2026-05-26 13:25:00,58973.0,67760.0,58996.8,58961.8
2026-05-26 13:30:00,59189.3,68008.6,59196.0,59186.2
2026-05-26 13:35:00,59447.2,68304.9,59440.2,59450.5
2026-05-26 13:40:00,59668.5,68559.1,59691.9,59657.5
2026-05-26 13:45:00,59810.1,68721.8,59821.7,59804.7
2026-05-26 13:50:00,59951.8,68884.6,59995.4,59931.3
2026-05-26 13:55:00,60107.5,69063.5,60130.0,60097.0
2026-05-26 14:00:00,60246.9,69223.7,60280.3,60231.3
2026-05-26 14:05:00,60366.6,69361.2,60386.8,60357.1
2026-05-26 14:10:00,60542.6,69563.4,60498.6,60563.2
2026-05-26 14:15:00,60698.1,69742.1,60686.1,60703.7
2026-05-26 14:20:00,60881.0,69952.2,60841.4,60899.5
2026-05-26 14:25:00,61048.1,70144.2,61038.8,61052.4
2026-05-26 14:30:00,61216.2,70337.4,61181.1,61232.6
2026-05-26 14:35:00,61338.3,70477.7,61290.0,61361.0
2026-05-26 14:40:00,61446.1,70601.6,61488.5,61426.3
2026-05-26 14:45:00,61522.0,70688.7,61594.4,61488.0
2026-05-26 14:50:00,61644.7,70829.8,61578.3,61675.8
2026-05-26 14:55:00,61736.0,70934.7,61747.1,61730.8
2026-05-26 15:00:00,61797.8,71005.7,61847.8,61774.4
2026-05-26 15:05:00,61898.4,71121.3,61899.6,61897.9
2026-05-26 15:10:00,62048.1,71293.3,62069.2,62038.2
2026-05-26 15:15:00,62305.9,71589.5,62290.3,62313.2
2026-05-26 15:20:00,62599.5,71926.9,62526.8,62633.6
2026-05-26 15:25:00,62849.4,72213.9,62856.0,62846.2
2026-05-26 15:30:00,63001.7,72389.0,63017.6,62994.3
2026-05-26 15:35:00,63196.4,72612.6,63196.4,63196.4
2026-05-26 15:40:00,63414.1,72862.8,63389.3,63425.7
2026-05-26 15:45:00,63658.2,73143.2,63630.7,63671.0
2026-05-26 15:50:00,63911.4,73434.2,63895.7,63918.7
2026-05-26 15:55:00,64162.5,73722.7,64127.2,64179.0
2026-05-26 16:00:00,64350.7,73938.9,64335.0,64358.0
2026-05-26 16:05:00,64371.9,73963.3,64397.3,64360.0
2026-05-26 16:10:00,64545.2,74162.5,64593.4,64522.7
2026-05-26 16:15:00,64714.7,74357.2,64705.0,64719.3
2026-05-26 16:20:00,64886.6,74554.7,64882.7,64888.5
2026-05-26 16:25:00,65090.9,74789.4,65035.9,65116.6
2026-05-26 16:30:00,65250.3,74972.6,65272.3,65240.0
2026-05-26 16:35:00,65421.9,75169.7,65473.8,65397.5
2026-05-26 16:40:00,65606.8,75382.2,65631.2,65595.3
2026-05-26 16:45:00,65765.5,75564.5,65750.6,65772.4
2026-05-26 16:50:00,65928.4,75751.7,65904.6,65939.6
2026-05-26 16:55:00,66007.8,75842.9,66077.7,65975.0
2026-05-26 17:00:00,65965.4,75794.3,66000.2,65949.1
2026-05-26 17:05:00,65853.6,75665.8,65943.6,65811.5
2026-05-26 17:10:00,65939.6,75764.6,65974.4,65923.2
2026-05-26 17:15:00,66047.8,75889.0,66079.1,66033.2
2026-05-26 17:20:00,66184.4,76045.9,66174.6,66189.0
2026-05-26 17:25:00,66288.9,76165.9,66302.0,66282.7
2026-05-26 17:30:00,66392.8,76285.3,66380.5,66398.5
2026-05-26 17:35:00,66494.8,76402.5,66493.0,66495.7
2026-05-26 17:40:00,66568.4,76487.1,66588.8,66558.8
2026-05-26 17:45:00,66688.0,76624.6,66670.0,66696.5
2026-05-26 17:50:00,66732.5,76675.7,66732.0,66732.8
2026-05-26 17:55:00,66701.1,76639.6,66702.8,66700.3
2026-05-26 18:00:00,66677.7,76612.7,66673.6,66679.7
2026-05-26 18:05:00,66631.4,76559.5,66621.4,66636.2
2026-05-26 18:10:00,66672.0,76606.1,66643.0,66685.6
2026-05-26 18:15:00,66771.8,76720.8,66766.2,66774.4
2026-05-26 18:20:00,66801.7,76755.1,66856.9,66775.8
2026-05-26 18:25:00,66865.8,76828.9,66860.5,66868.4
2026-05-26 18:30:00,66909.9,76879.4,66955.2,66888.6
2026-05-26 18:35:00,66969.2,76947.6,66978.4,66964.9
2026-05-26 18:40:00,66977.6,76957.3,67052.5,66942.5
2026-05-26 18:45:00,66963.8,76941.4,67038.1,66929.0
2026-05-26 18:50:00,66924.9,76896.7,67002.8,66888.4
2026-05-26 18:55:00,66873.2,76837.3,66876.3,66871.7
2026-05-26 19:00:00,66783.2,76733.9,66801.0,66774.8
2026-05-26 19:05:00,66727.8,76670.2,66726.4,66728.4
2026-05-26 19:10:00,66678.9,76614.0,66662.0,66686.8
2026-05-26 19:15:00,66683.7,76619.6,66656.6,66696.4
2026-05-26 19:20:00,66680.5,76615.9,66654.8,66692.6
2026-05-26 19:25:00,66674.6,76609.1,66648.2,66687.0
2026-05-26 19:30:00,66664.6,76597.7,66640.5,66675.9
2026-05-26 19:35:00,66624.0,76550.9,66649.5,66612.0
2026-05-26 19:40:00,66593.0,76515.4,66547.4,66614.4
2026-05-26 19:45:00,66605.7,76530.0,66553.1,66630.4
2026-05-26 19:50:00,66572.9,76492.3,66532.0,66592.1
2026-05-26 19:55:00,66552.2,76468.5,66491.4,66580.7
2026-05-26 20:00:00,66421.7,76318.5,66456.9,66405.2
2026-05-26 20:05:00,66307.9,76187.8,66266.4,66327.4
2026-05-26 20:10:00,66257.9,76130.3,66216.4,66277.3
2026-05-26 20:15:00,66254.1,76126.0,66206.6,66276.4
2026-05-26 20:20:00,66236.2,76105.4,66187.1,66259.2
2026-05-26 20:25:00,66176.6,76036.9,66180.5,66174.7
2026-05-26 20:30:00,66113.5,75964.4,66047.0,66144.6
2026-05-26 20:35:00,66038.7,75878.4,65989.1,66061.9
2026-05-26 20:40:00,65940.2,75765.3,65982.2,65920.5
2026-05-26 20:45:00,65907.1,75727.2,65875.8,65921.7
2026-05-26 20:50:00,65783.5,75585.3,65734.6,65806.5
2026-05-26 20:55:00,65661.5,75445.0,65626.8,65677.7
2026-05-26 21:00:00,65405.3,75150.7,65430.4,65393.5
2026-05-26 21:05:00,65180.3,74892.2,65174.8,65182.9
2026-05-26 21:10:00,65023.7,74712.3,64992.6,65038.3
2026-05-26 21:15:00,64839.2,74500.2,64802.0,64856.6
2026-05-26 21:20:00,64647.1,74279.5,64617.8,64660.8
2026-05-26 21:25:00,64470.8,74077.0,64447.5,64481.8
2026-05-26 21:30:00,64342.2,73929.1,64349.6,64338.7
2026-05-26 21:35:00,64192.4,73757.1,64173.1,64201.5
2026-05-26 21:40:00,64007.7,73544.8,64049.6,63988.0
2026-05-26 21:45:00,63840.0,73352.2,63886.7,63818.2
2026-05-26 21:50:00,63699.9,73191.2,63718.1,63691.4
2026-05-26 21:55:00,63536.4,73003.3,63617.9,63498.2
2026-05-26 22:00:00,63347.1,72785.8,63363.2,63339.5
2026-05-26 22:05:00,63472.9,72930.4,63448.9,63484.2
2026-05-26 22:10:00,63366.8,72808.5,63366.9,63366.8
2026-05-26 22:15:00,63267.3,72694.2,63261.0,63270.3
2026-05-26 22:20:00,63172.1,72584.8,63156.0,63179.7
2026-05-26 22:25:00,63037.2,72429.8,63036.8,63037.4
2026-05-26 22:30:00,62835.5,72198.0,62798.8,62852.7
2026-05-26 22:35:00,62678.3,72017.4,62656.7,62688.5
2026-05-26 22:40:00,62563.9,71885.9,62555.9,62567.6
2026-05-26 22:45:00,62390.5,71686.7,62365.1,62402.4
2026-05-26 22:50:00,62247.9,71522.9,62282.7,62231.7
2026-05-26 22:55:00,62107.5,71361.5,62124.0,62099.8
2026-05-26 23:00:00,62169.2,71432.4,62104.8,62199.4
2026-05-26 23:05:00,62571.4,71894.5,62568.8,62572.6
2026-05-26 23:10:00,62510.6,71824.7,62506.0,62512.8
2026-05-26 23:15:00,62340.0,71628.7,62334.1,62342.8
2026-05-26 23:20:00,62106.9,71360.8,62041.3,62137.5
2026-05-26 23:25:00,61871.9,71090.9,61766.0,61921.6
2026-05-26 23:30:00,61491.3,70653.5,61460.2,61505.9
2026-05-26 23:35:00,61118.4,70225.1,61117.3,61119.0
2026-05-26 23:40:00,60753.4,69805.7,60706.0,60775.7
2026-05-26 23:45:00,60379.7,69376.3,60364.8,60386.7
2026-05-26 23:50:00,60040.6,68986.7,60055.5,60033.6
2026-05-26 23:55:00,59574.2,68450.8,59632.6,59546.8
2026-05-27 00:00:00,58909.5,67687.1,58987.9,58872.8
2026-05-27 00:05:00,58712.4,67460.6,58755.3,58692.3
2026-05-27 00:10:00,58409.7,67112.7,58435.4,58397.6
2026-05-27 00:15:00,58146.5,66810.3,58094.9,58170.6
2026-05-27 00:20:00,57954.9,66590.1,57896.4,57982.3
2026-05-27 00:25:00,57749.2,66353.9,57728.7,57758.9
2026-05-27 00:30:00,57490.1,66056.1,57432.0,57517.3
2026-05-27 00:35:00,57218.2,65743.7,57270.6,57193.6
2026-05-27 00:40:00,56984.5,65475.2,57033.6,56961.5
2026-05-27 00:45:00,56773.0,65232.1,56767.2,56775.6
2026-05-27 00:50:00,56621.7,65058.3,56595.8,56633.8
2026-05-27 00:55:00,56481.6,64897.3,56414.3,56513.1
2026-05-27 01:00:00,56370.0,64769.1,56368.3,56370.8
2026-05-27 01:05:00,56236.8,64616.1,56325.3,56195.3
2026-05-27 01:10:00,56105.1,64464.7,56098.3,56108.2
2026-05-27 01:15:00,56009.1,64354.5,55967.3,56028.7
2026-05-27 01:20:00,55885.0,64211.8,55872.9,55890.6
2026-05-27 01:25:00,55813.2,64129.4,55781.0,55828.4
2026-05-27 01:30:00,55753.6,64060.9,55786.8,55738.0
2026-05-27 01:35:00,55676.3,63972.1,55655.3,55686.2
2026-05-27 01:40:00,55598.8,63883.0,55547.9,55622.7
2026-05-27 01:45:00,55509.2,63780.1,55549.3,55490.5
2026-05-27 01:50:00,55468.0,63732.8,55468.9,55467.6
2026-05-27 01:55:00,55403.3,63658.4,55458.9,55377.3
2026-05-27 02:00:00,55345.1,63591.5,55307.0,55363.0
2026-05-27 02:05:00,55318.9,63561.4,55368.9,55295.4
2026-05-27 02:10:00,55263.2,63497.4,55235.7,55276.1
2026-05-27 02:15:00,55258.0,63491.4,55237.4,55267.7
2026-05-27 02:20:00,55236.3,63466.5,55240.9,55234.2
2026-05-27 02:25:00,55157.0,63375.4,55216.9,55129.0
2026-05-27 02:30:00,55111.2,63322.8,55080.6,55125.6
2026-05-27 02:35:00,55050.8,63253.4,55116.6,55020.0
2026-05-27 02:40:00,55014.4,63211.6,55005.8,55018.5
2026-05-27 02:45:00,55008.0,63204.2,55010.2,55007.0
2026-05-27 02:50:00,55028.7,63227.9,55006.4,55039.1
2026-05-27 02:55:00,55032.6,63232.5,55020.3,55038.4
2026-05-27 03:00:00,54970.0,63160.5,55022.5,54945.4
2026-05-27 03:05:00,54902.2,63082.6,54895.7,54905.2
2026-05-27 03:10:00,54885.7,63063.6,54878.1,54889.2
2026-05-27 03:15:00,54883.9,63061.6,54873.0,54888.9
2026-05-27 03:20:00,54888.6,63067.0,54872.0,54896.3
2026-05-27 03:25:00,54893.3,63072.4,54883.6,54897.9
2026-05-27 03:30:00,54897.9,63077.7,54872.7,54909.7
2026-05-27 03:35:00,54930.7,63115.3,54912.9,54939.0
2026-05-27 03:40:00,54911.5,63093.3,54890.4,54921.4
2026-05-27 03:45:00,54915.4,63097.8,54896.6,54924.2
2026-05-27 03:50:00,54911.8,63093.7,54891.3,54921.4
2026-05-27 03:55:00,54915.7,63098.1,54891.0,54927.2
2026-05-27 04:00:00,55001.9,63197.2,54940.3,55030.8
2026-05-27 04:05:00,55165.5,63385.1,55146.7,55174.2
2026-05-27 04:10:00,55229.9,63459.1,55212.1,55238.2
2026-05-27 04:15:00,55267.2,63502.0,55322.2,55241.4
2026-05-27 04:20:00,55333.0,63577.7,55317.4,55340.4
2026-05-27 04:25:00,55340.5,63586.2,55325.9,55347.3
2026-05-27 04:30:00,55334.3,63579.1,55314.3,55343.7
2026-05-27 04:35:00,55378.8,63630.2,55366.1,55384.7
2026-05-27 04:40:00,55448.2,63710.0,55455.9,55444.6
2026-05-27 04:45:00,55494.9,63763.6,55453.8,55514.1
2026-05-27 04:50:00,55590.4,63873.4,55566.2,55601.7
2026-05-27 04:55:00,55627.9,63916.4,55662.8,55611.5
2026-05-27 05:00:00,55720.4,64022.8,55730.4,55715.8
2026-05-27 05:05:00,55900.3,64229.5,55921.8,55890.2
2026-05-27 05:10:00,55951.0,64287.7,55958.9,55947.3
2026-05-27 05:15:00,56079.6,64435.4,56069.3,56084.4
2026-05-27 05:20:00,56180.5,64551.4,56172.9,56184.1
2026-05-27 05:25:00,56297.6,64686.0,56285.2,56303.4
2026-05-27 05:30:00,56379.2,64779.7,56371.0,56383.0
2026-05-27 05:35:00,56559.0,64986.2,56525.7,56574.5
2026-05-27 05:40:00,56679.2,65124.4,56718.8,56660.6
2026-05-27 05:45:00,56813.0,65278.1,56784.5,56826.3
2026-05-27 05:50:00,56927.5,65409.7,56892.0,56944.1
2026-05-27 05:55:00,57054.0,65555.1,57050.2,57055.8
2026-05-27 06:00:00,57302.3,65840.3,57276.3,57314.4
2026-05-27 06:05:00,57733.6,66335.9,57695.3,57751.6
2026-05-27 06:10:00,57910.2,66538.8,57891.7,57918.8
2026-05-27 06:15:00,58139.2,66801.9,58077.6,58168.0
2026-05-27 06:20:00,58292.8,66978.4,58318.3,58280.8
2026-05-27 06:25:00,58429.1,67135.0,58396.2,58444.5
2026-05-27 06:30:00,58533.2,67254.6,58547.8,58526.3
2026-05-27 06:35:00,58743.5,67496.3,58730.0,58749.9
2026-05-27 06:40:00,58902.2,67678.7,58871.4,58916.7
2026-05-27 06:45:00,59036.2,67832.6,59053.3,59028.2
2026-05-27 06:50:00,59158.4,67973.0,59126.8,59173.2
2026-05-27 06:55:00,59292.3,68126.9,59321.3,59278.7
2026-05-27 07:00:00,59568.0,68443.7,59599.6,59553.2
2026-05-27 07:05:00,60015.5,68957.8,60034.6,60006.5
2026-05-27 07:10:00,60301.4,69286.3,60299.6,60302.2
2026-05-27 07:15:00,60533.5,69553.0,60519.6,60540.0
2026-05-27 07:20:00,60597.8,69626.9,60652.0,60572.4
2026-05-27 07:25:00,60704.5,69749.5,60738.0,60688.8
2026-05-27 07:30:00,60738.3,69788.3,60774.7,60721.2
2026-05-27 07:35:00,60940.2,70020.3,60870.4,60973.0
2026-05-27 07:40:00,61004.0,70093.6,60971.3,61019.3
2026-05-27 07:45:00,61025.3,70118.0,61035.9,61020.3
2026-05-27 07:50:00,61095.0,70198.2,61029.9,61125.6
2026-05-27 07:55:00,61097.9,70201.5,61126.8,61084.3
2026-05-27 08:00:00,61343.8,70484.0,61364.9,61333.9
2026-05-27 08:05:00,61829.8,71042.5,61819.0,61834.9
2026-05-27 08:10:00,62176.0,71440.2,62108.3,62207.7
2026-05-27 08:15:00,62456.5,71762.5,62441.2,62463.6
2026-05-27 08:20:00,62632.7,71965.0,62598.5,62648.7
2026-05-27 08:25:00,62819.2,72179.3,62790.1,62832.9
2026-05-27 08:30:00,62926.0,72301.9,62913.1,62932.0
2026-05-27 08:35:00,63040.9,72434.0,63055.7,63034.0
2026-05-27 08:40:00,62977.3,72360.9,63138.5,62901.8
2026-05-27 08:45:00,62986.8,72371.9,63009.9,62976.0
2026-05-27 08:50:00,62955.3,72335.6,63011.4,62929.0
2026-05-27 08:55:00,62938.5,72316.3,62997.6,62910.8
2026-05-27 09:00:00,62737.9,72085.9,62793.4,62711.9
2026-05-27 09:05:00,62649.0,71983.7,62729.1,62611.4
2026-05-27 09:10:00,62613.4,71942.8,62626.4,62607.4
2026-05-27 09:15:00,62584.2,71909.2,62614.9,62569.8
2026-05-27 09:20:00,62548.3,71868.0,62547.5,62548.7
2026-05-27 09:25:00,62441.9,71745.7,62434.3,62445.4
2026-05-27 09:30:00,62252.2,71527.8,62265.9,62245.8
2026-05-27 09:35:00,62149.4,71409.6,62128.0,62159.4
2026-05-27 09:40:00,62024.8,71266.5,62014.3,62029.8
2026-05-27 09:45:00,61915.4,71140.8,61923.5,61911.5
2026-05-27 09:50:00,61817.8,71028.6,61824.8,61814.4
2026-05-27 09:55:00,61701.6,70895.2,61707.6,61698.8
2026-05-27 10:00:00,61523.4,70690.4,61483.4,61542.1
2026-05-27 10:05:00,61510.6,70675.6,61518.2,61507.0
2026-05-27 10:10:00,61507.7,70672.4,61526.7,61498.8
2026-05-27 10:15:00,61614.7,70795.3,61634.2,61605.6
2026-05-27 10:20:00,61680.6,70871.0,61601.9,61717.5
2026-05-27 10:25:00,61687.4,70878.8,61687.7,61687.2
2026-05-27 10:30:00,61535.6,70704.4,61566.3,61521.2
2026-05-27 10:35:00,61495.7,70658.5,61510.4,61488.8
2026-05-27 10:40:00,61361.8,70504.7,61399.6,61344.0
2026-05-27 10:45:00,61257.2,70384.6,61290.4,61241.7
2026-05-27 10:50:00,61138.4,70248.0,61202.1,61108.6
2026-05-27 10:55:00,60994.5,70082.7,60947.1,61016.7
2026-05-27 11:00:00,60741.6,69792.1,60807.3,60710.8
2026-05-27 11:05:00,60522.8,69540.7,60547.9,60511.1
2026-05-27 11:10:00,60313.3,69300.0,60350.8,60295.8
2026-05-27 11:15:00,60129.1,69088.3,60153.1,60117.9
2026-05-27 11:20:00,59932.3,68862.2,59929.0,59933.8
2026-05-27 11:25:00,59760.4,68664.7,59757.8,59761.7
2026-05-27 11:30:00,59495.3,68360.1,59526.8,59480.6
2026-05-27 11:35:00,59323.5,68162.7,59287.8,59340.2
2026-05-27 11:40:00,59110.4,67917.9,59085.2,59122.3
2026-05-27 11:45:00,58848.1,67616.5,58884.7,58831.0
2026-05-27 11:50:00,58525.0,67245.3,58511.5,58531.4
2026-05-27 11:55:00,58046.2,66695.0,58149.0,57998.0
2026-05-27 12:00:00,57523.4,66094.4,57608.6,57483.5
2026-05-27 12:05:00,57430.3,65987.4,57464.3,57414.3
2026-05-27 12:10:00,57356.8,65903.0,57374.3,57348.6
2026-05-27 12:15:00,57289.4,65825.5,57281.5,57293.1
2026-05-27 12:20:00,57193.1,65714.9,57276.9,57153.9
2026-05-27 12:25:00,57122.0,65633.2,57191.5,57089.5
2026-05-27 12:30:00,56957.4,65444.1,56980.2,56946.8
2026-05-27 12:35:00,56957.1,65443.7,56922.4,56973.3
2026-05-27 12:40:00,57082.9,65588.2,56979.2,57131.5
2026-05-27 12:45:00,57225.5,65752.1,57147.0,57262.3
2026-05-27 12:50:00,57376.6,65925.7,57357.0,57385.8
2026-05-27 12:55:00,57628.3,66214.9,57614.4,57634.7
2026-05-27 13:00:00,57997.1,66638.7,57971.9,58008.9
2026-05-27 13:05:00,58243.5,66921.8,58321.4,58207.0
2026-05-27 13:10:00,58471.6,67183.9,58511.4,58453.0
2026-05-27 13:15:00,58622.2,67356.9,58615.5,58625.3
2026-05-27 13:20:00,58783.1,67541.8,58801.2,58774.6
2026-05-27 13:25:00,59020.4,67814.5,59005.3,59027.5
2026-05-27 13:30:00,59212.4,68035.0,59200.3,59218.0
2026-05-27 13:35:00,59492.1,68356.4,59439.3,59516.8
2026-05-27 13:40:00,59658.1,68547.1,59681.2,59647.2
2026-05-27 13:45:00,59798.3,68708.3,59844.4,59776.7
2026-05-27 13:50:00,59952.3,68885.2,59917.7,59968.5
2026-05-27 13:55:00,60070.3,69020.7,60135.0,60040.0
2026-05-27 14:00:00,60190.5,69158.9,60167.5,60201.3
2026-05-27 14:05:00,60347.3,69339.0,60374.7,60334.5
2026-05-27 14:10:00,60520.6,69538.2,60494.6,60532.8
2026-05-27 14:15:00,60642.6,69678.3,60674.9,60627.5
2026-05-27 14:20:00,60845.4,69911.3,60744.0,60892.8
2026-05-27 14:25:00,61009.8,70100.3,60932.1,61046.2
2026-05-27 14:30:00,61123.1,70230.4,61093.6,61136.8
2026-05-27 14:35:00,61228.1,70351.0,61193.0,61244.5
2026-05-27 14:40:00,61337.5,70476.8,61297.3,61356.4
2026-05-27 14:45:00,61377.0,70522.2,61408.6,61362.2
2026-05-27 14:50:00,61429.6,70582.6,61481.2,61405.5
2026-05-27 14:55:00,61523.2,70690.1,61470.0,61548.1
2026-05-27 15:00:00,61569.3,70743.1,61558.2,61574.5
2026-05-27 15:05:00,61587.7,70764.3,61668.7,61549.7
2026-05-27 15:10:00,61707.0,70901.4,61769.0,61678.0
2026-05-27 15:15:00,61944.7,71174.4,61901.8,61964.7
2026-05-27 15:20:00,62178.1,71442.7,62145.7,62193.3
2026-05-27 15:25:00,62357.1,71648.3,62385.1,62344.0
2026-05-27 15:30:00,62499.7,71812.2,62493.9,62502.4
2026-05-27 15:35:00,62684.0,72023.9,62699.7,62676.6
2026-05-27 15:40:00,62873.2,72241.3,62892.6,62864.1
2026-05-27 15:45:00,63100.2,72502.1,63131.9,63085.3
2026-05-27 15:50:00,63295.5,72726.5,63293.8,63296.3
2026-05-27 15:55:00,63479.9,72938.4,63449.4,63494.1
2026-05-27 16:00:00,63636.2,73118.0,63574.7,63665.0
2026-05-27 16:05:00,63707.3,73199.6,63747.1,63688.6
2026-05-27 16:10:00,63845.8,73358.8,63910.4,63815.5
2026-05-27 16:15:00,64049.8,73593.2,64053.9,64047.9
2026-05-27 16:20:00,64197.7,73763.1,64220.8,64186.8
2026-05-27 16:25:00,64433.6,74034.2,64421.2,64439.5
2026-05-27 16:30:00,64584.7,74207.8,64563.7,64594.5
2026-05-27 16:35:00,64813.6,74470.9,64778.0,64830.3
2026-05-27 16:40:00,65008.2,74694.4,64969.2,65026.5
2026-05-27 16:45:00,65184.1,74896.5,65179.1,65186.4
2026-05-27 16:50:00,65300.1,75029.8,65321.8,65290.0
2026-05-27 16:55:00,65402.3,75147.2,65387.1,65409.4
2026-05-27 17:00:00,65389.6,75132.6,65375.6,65396.1
2026-05-27 17:05:00,65276.0,75002.2,65313.0,65258.7
2026-05-27 17:10:00,65399.4,75143.9,65394.5,65401.7
2026-05-27 17:15:00,65474.9,75230.7,65486.5,65469.5
2026-05-27 17:20:00,65599.7,75374.0,65588.2,65605.0
2026-05-27 17:25:00,65695.0,75483.5,65708.5,65688.7
2026-05-27 17:30:00,65782.5,75584.1,65777.2,65784.9
2026-05-27 17:35:00,65883.5,75700.2,65875.6,65887.3
2026-05-27 17:40:00,65965.3,75794.1,65957.3,65969.1
2026-05-27 17:45:00,66031.9,75870.6,66037.7,66029.1
2026-05-27 17:50:00,66098.5,75947.1,66148.8,66074.9
2026-05-27 17:55:00,66130.7,75984.2,66109.2,66140.9
2026-05-27 18:00:00,66146.3,76002.1,66173.5,66133.5
2026-05-27 18:05:00,66124.8,75977.4,66127.2,66123.7
2026-05-27 18:10:00,66173.4,76033.3,66239.0,66142.7
2026-05-27 18:15:00,66257.8,76130.2,66251.6,66260.7
2026-05-27 18:20:00,66372.4,76261.9,66369.3,66373.9
2026-05-27 18:25:00,66462.6,76365.5,66467.5,66460.3
2026-05-27 18:30:00,66550.9,76467.0,66575.0,66539.6
2026-05-27 18:35:00,66608.9,76533.6,66655.4,66587.1
2026-05-27 18:40:00,66645.4,76575.6,66640.5,66647.7
2026-05-27 18:45:00,66679.4,76614.7,66744.6,66648.9
2026-05-27 18:50:00,66726.1,76668.3,66710.8,66733.2
2026-05-27 18:55:00,66697.1,76634.9,66672.7,66708.5
2026-05-27 19:00:00,66669.0,76602.7,66600.5,66701.1
2026-05-27 19:05:00,66635.0,76563.6,66592.8,66654.7
2026-05-27 19:10:00,66603.7,76527.7,66569.5,66619.7
2026-05-27 19:15:00,66613.5,76539.0,66550.6,66643.1
2026-05-27 19:20:00,66604.5,76528.6,66545.0,66632.4
2026-05-27 19:25:00,66601.6,76525.3,66537.9,66631.5
2026-05-27 19:30:00,66591.8,76514.0,66530.6,66620.5
2026-05-27 19:35:00,66595.8,76518.6,66543.4,66620.3
2026-05-27 19:40:00,66595.2,76517.9,66537.4,66622.3
2026-05-27 19:45:00,66597.9,76521.0,66543.1,66623.5
2026-05-27 19:50:00,66561.2,76478.8,66508.9,66585.7
2026-05-27 19:55:00,66490.0,76397.0,66490.4,66489.8
2026-05-27 20:00:00,66399.2,76292.6,66362.7,66416.3
2026-05-27 20:05:00,66304.7,76184.1,66268.8,66321.5
2026-05-27 20:10:00,66245.1,76115.6,66220.8,66256.5
2026-05-27 20:15:00,66182.9,76044.1,66198.0,66175.8
2026-05-27 20:20:00,66145.6,76001.3,66086.5,66173.3
2026-05-27 20:25:00,66142.0,75997.1,66079.5,66171.2
2026-05-27 20:30:00,66043.2,75883.6,66048.8,66040.6
2026-05-27 20:35:00,66037.4,75876.9,65992.6,66058.4
2026-05-27 20:40:00,65938.5,75763.3,65985.2,65916.6
2026-05-27 20:45:00,65851.5,75663.3,65878.8,65838.7
2026-05-27 20:50:00,65781.5,75582.9,65736.1,65802.7
2026-05-27 20:55:00,65652.7,75434.9,65625.8,65665.3
2026-05-27 21:00:00,65403.3,75148.4,65426.0,65392.6
2026-05-27 21:05:00,65181.0,74892.9,65178.9,65182.0
2026-05-27 21:10:00,65023.3,74711.7,64993.1,65037.4
2026-05-27 21:15:00,64839.2,74500.2,64806.3,64854.6
2026-05-27 21:20:00,64647.7,74280.2,64627.0,64657.4
2026-05-27 21:25:00,64469.8,74075.8,64449.2,64479.4
2026-05-27 21:30:00,64340.8,73927.6,64350.4,64336.3
2026-05-27 21:35:00,64191.8,73756.4,64176.3,64199.1
2026-05-27 21:40:00,64007.1,73544.1,64052.8,63985.7
2026-05-27 21:45:00,63839.4,73351.5,63889.8,63815.8
2026-05-27 21:50:00,63698.8,73190.0,63720.0,63688.9
2026-05-27 21:55:00,63534.9,73001.5,63619.7,63495.1
2026-05-27 22:00:00,63345.7,72784.2,63363.9,63337.1
2026-05-27 22:05:00,63472.8,72930.3,63453.7,63481.8
2026-05-27 22:10:00,63365.8,72807.3,63368.8,63364.4
2026-05-27 22:15:00,63265.8,72692.4,63261.6,63267.8
2026-05-27 22:20:00,63170.6,72583.0,63156.8,63177.0
2026-05-27 22:25:00,63035.2,72427.4,63035.2,63035.2
2026-05-27 22:30:00,62834.1,72196.4,62799.1,62850.5
2026-05-27 22:35:00,62678.1,72017.1,62658.2,62687.4
2026-05-27 22:40:00,62564.4,71886.5,62559.9,62566.5
2026-05-27 22:45:00,62391.0,71687.3,62369.2,62401.3
2026-05-27 22:50:00,62246.9,71521.7,62286.4,62228.4
2026-05-27 22:55:00,62105.7,71359.5,62126.8,62095.9
2026-05-27 23:00:00,62174.9,71438.9,62105.6,62207.3
2026-05-27 23:05:00,62570.3,71893.2,62574.0,62568.5
2026-05-27 23:10:00,62520.3,71835.9,62519.5,62520.7
2026-05-27 23:15:00,62347.7,71637.5,62340.2,62351.3
2026-05-27 23:20:00,62108.9,71363.1,62047.1,62137.8
2026-05-27 23:25:00,61907.4,71131.6,61871.6,61924.2
2026-05-27 23:30:00,61567.7,70741.3,61472.9,61612.1
2026-05-27 23:35:00,61201.5,70320.6,61211.4,61196.9
2026-05-27 23:40:00,60787.5,69844.8,60809.5,60777.1
2026-05-27 23:45:00,60402.1,69402.1,60441.5,60383.7
2026-05-27 23:50:00,60057.3,69005.9,60062.4,60054.9
2026-05-27 23:55:00,59635.5,68521.2,59638.3,59634.2
2026-05-28 00:00:00,58980.1,67768.2,59084.4,58931.3
2026-05-28 00:05:00,58783.3,67542.0,58846.4,58753.7
2026-05-28 00:10:00,58474.1,67186.7,58513.8,58455.5
2026-05-28 00:15:00,58222.1,66897.2,58171.0,58246.0
2026-05-28 00:20:00,57988.9,66629.2,57907.6,58026.9
2026-05-28 00:25:00,57754.1,66359.5,57728.9,57765.9
2026-05-28 00:30:00,57525.3,66096.6,57527.4,57524.4
2026-05-28 00:35:00,57277.8,65812.2,57273.6,57279.7
2026-05-28 00:40:00,57043.1,65542.6,57037.4,57045.8
2026-05-28 00:45:00,56812.5,65277.5,56868.7,56786.1
2026-05-28 00:50:00,56629.3,65067.0,56598.7,56643.6
2026-05-28 00:55:00,56480.6,64896.2,56416.0,56510.8
2026-05-28 01:00:00,56424.5,64831.8,56369.2,56450.5
2026-05-28 01:05:00,56308.2,64698.2,56328.2,56298.9
2026-05-28 01:10:00,56207.7,64582.7,56217.8,56203.0
2026-05-28 01:15:00,56123.7,64486.1,56083.3,56142.6
2026-05-28 01:20:00,56039.0,64388.8,55977.9,56067.6
2026-05-28 01:25:00,55970.0,64309.5,55986.5,55962.2
2026-05-28 01:30:00,55910.7,64241.4,55904.2,55913.7
2026-05-28 01:35:00,55880.1,64206.2,55929.0,55857.2
2026-05-28 01:40:00,55808.1,64123.5,55786.4,55818.2
2026-05-28 01:45:00,55740.6,64045.9,55770.6,55726.5
2026-05-28 01:50:00,55697.8,63996.7,55683.3,55704.5
2026-05-28 01:55:00,55636.0,63925.8,55690.9,55610.3
2026-05-28 02:00:00,55585.5,63867.7,55558.4,55598.2
2026-05-28 02:05:00,55567.4,63846.9,55617.5,55543.9
2026-05-28 02:10:00,55497.7,63766.9,55472.9,55509.3
2026-05-28 02:15:00,55488.4,63756.2,55467.8,55498.1
2026-05-28 02:20:00,55483.5,63750.5,55466.2,55491.6
2026-05-28 02:25:00,55410.4,63666.5,55476.6,55379.3
2026-05-28 02:30:00,55341.5,63587.3,55330.5,55346.6
2026-05-28 02:35:00,55256.5,63489.7,55260.8,55254.5
2026-05-28 02:40:00,55238.4,63468.9,55242.1,55236.7
2026-05-28 02:45:00,55179.2,63401.0,55250.9,55145.7
2026-05-28 02:50:00,55135.8,63351.1,55106.6,55149.5
2026-05-28 02:55:00,55133.9,63348.9,55105.5,55147.3
2026-05-28 03:00:00,55083.9,63291.4,55108.8,55072.3
2026-05-28 03:05:00,55047.2,63249.2,55068.9,55037.0
2026-05-28 03:10:00,55028.4,63227.6,55044.2,55021.0
2026-05-28 03:15:00,55027.2,63226.2,55039.5,55021.4
2026-05-28 03:20:00,55047.6,63249.7,55038.4,55051.9
2026-05-28 03:25:00,55011.7,63208.5,55055.7,54991.1
2026-05-28 03:30:00,54990.1,63183.7,55004.9,54983.2
2026-05-28 03:35:00,54962.0,63151.3,55038.1,54926.3
2026-05-28 03:40:00,54899.3,63079.3,54879.2,54908.7
2026-05-28 03:45:00,54904.0,63084.7,54893.7,54908.8
2026-05-28 03:50:00,54913.5,63095.6,54887.8,54925.5
2026-05-28 03:55:00,54916.3,63098.8,54887.5,54929.8
2026-05-28 04:00:00,54999.4,63194.3,54939.9,55027.3
2026-05-28 04:05:00,55100.8,63310.8,55146.3,55079.5
2026-05-28 04:10:00,55139.8,63355.6,55108.4,55154.5
2026-05-28 04:15:00,55224.0,63452.4,55198.0,55236.3
2026-05-28 04:20:00,55223.7,63452.0,55193.0,55238.1
2026-05-28 04:25:00,55232.9,63462.6,55201.0,55247.8
2026-05-28 04:30:00,55264.0,63498.4,55306.2,55244.2
2026-05-28 04:35:00,55378.9,63630.3,55366.6,55384.7
2026-05-28 04:40:00,55435.0,63694.8,55414.3,55444.6
2026-05-28 04:45:00,55448.4,63710.2,55456.4,55444.7
2026-05-28 04:50:00,55490.7,63758.8,55452.9,55508.5
2026-05-28 04:55:00,55585.7,63868.0,55564.0,55595.8
2026-05-28 05:00:00,55649.1,63940.8,55730.4,55611.0
2026-05-28 05:05:00,55792.2,64105.2,55817.3,55780.4
2026-05-28 05:10:00,55867.3,64191.5,55848.4,55876.1
2026-05-28 05:15:00,55943.8,64279.5,55945.2,55943.2
2026-05-28 05:20:00,56035.0,64384.3,56063.4,56021.7
2026-05-28 05:25:00,56117.1,64478.5,56174.5,56090.2
2026-05-28 05:30:00,56188.2,64560.2,56161.6,56200.7
2026-05-28 05:35:00,56360.7,64758.4,56341.2,56369.8
2026-05-28 05:40:00,56438.1,64847.4,56468.6,56423.8
2026-05-28 05:45:00,56538.5,64962.7,56483.1,56564.4
2026-05-28 05:50:00,56641.4,65081.0,56601.3,56660.2
2026-05-28 05:55:00,56764.6,65222.5,56787.3,56753.9
2026-05-28 06:00:00,56938.0,65421.7,57014.8,56901.9
2026-05-28 06:05:00,57301.4,65839.3,57300.6,57301.8
2026-05-28 06:10:00,57542.0,66115.7,57521.1,57551.7
2026-05-28 06:15:00,57713.6,66312.9,57680.2,57729.2
2026-05-28 06:20:00,57813.1,66427.3,57854.8,57793.6
2026-05-28 06:25:00,57983.2,66622.7,57950.0,57998.8
2026-05-28 06:30:00,58093.3,66749.2,58110.1,58085.4
2026-05-28 06:35:00,58266.5,66948.3,58260.0,58269.6
2026-05-28 06:40:00,58357.1,67052.3,58378.7,58347.0
2026-05-28 06:45:00,58453.3,67162.9,58475.3,58443.0
2026-05-28 06:50:00,58572.0,67299.2,58581.2,58567.7
2026-05-28 06:55:00,58746.3,67499.4,58695.1,58770.2
2026-05-28 07:00:00,59052.9,67851.8,59008.7,59073.6
2026-05-28 07:05:00,59512.7,68380.1,59449.9,59542.1
2026-05-28 07:10:00,59767.6,68672.9,59729.4,59785.4
2026-05-28 07:15:00,59962.7,68897.2,59970.3,59959.2
2026-05-28 07:20:00,60056.9,69005.3,60085.0,60043.7
2026-05-28 07:25:00,60182.8,69150.0,60159.0,60193.9
2026-05-28 07:30:00,60252.1,69229.7,60302.3,60228.6
2026-05-28 07:35:00,60430.1,69434.2,60383.8,60451.7
2026-05-28 07:40:00,60444.6,69450.8,60488.8,60423.9
2026-05-28 07:45:00,60487.5,69500.1,60481.3,60490.4
2026-05-28 07:50:00,60592.9,69621.3,60595.5,60591.7
2026-05-28 07:55:00,60677.7,69718.7,60659.8,60686.1
2026-05-28 08:00:00,61009.0,70099.4,61015.9,61005.8
2026-05-28 08:05:00,61443.7,70598.8,61423.1,61453.3
2026-05-28 08:10:00,61762.9,70965.5,61729.5,61778.5
2026-05-28 08:15:00,62032.1,71274.9,62017.0,62039.3
2026-05-28 08:20:00,62267.0,71544.8,62216.3,62290.8
2026-05-28 08:25:00,62466.9,71774.5,62484.0,62458.9
2026-05-28 08:30:00,62571.7,71894.8,62564.0,62575.3
2026-05-28 08:35:00,62710.4,72054.2,62716.6,62707.5
2026-05-28 08:40:00,62754.9,72105.4,62795.6,62735.8
2026-05-28 08:45:00,62763.4,72115.1,62820.6,62736.5
2026-05-28 08:50:00,62807.7,72166.1,62845.2,62790.1
2026-05-28 08:55:00,62790.3,72146.0,62817.6,62777.5
2026-05-28 09:00:00,62652.2,71987.4,62711.7,62624.3
2026-05-28 09:05:00,62572.4,71895.7,62651.8,62535.2
2026-05-28 09:10:00,62588.6,71914.3,62566.7,62598.8
2026-05-28 09:15:00,62637.0,71969.9,62672.0,62620.6
2026-05-28 09:20:00,62604.5,71932.5,62599.1,62607.0
2026-05-28 09:25:00,62548.5,71868.2,62558.4,62543.9
2026-05-28 09:30:00,62366.1,71658.7,62388.0,62355.8
2026-05-28 09:35:00,62204.0,71472.4,62218.9,62197.0
2026-05-28 09:40:00,62112.4,71367.1,62097.2,62119.5
2026-05-28 09:45:00,62032.4,71275.2,62028.9,62034.0
2026-05-28 09:50:00,61913.3,71138.4,61913.6,61913.2
2026-05-28 09:55:00,61781.4,70986.9,61704.1,61817.7
2026-05-28 10:00:00,61558.7,70731.0,61590.7,61543.8
2026-05-28 10:05:00,61596.7,70774.7,61608.2,61591.4
2026-05-28 10:10:00,61586.2,70762.5,61615.4,61572.5
2026-05-28 10:15:00,61704.4,70898.3,61724.2,61695.1
2026-05-28 10:20:00,61736.2,70934.9,61706.7,61750.0
2026-05-28 10:25:00,61754.6,70956.0,61789.2,61738.4
2026-05-28 10:30:00,61646.6,70831.9,61655.8,61642.3
2026-05-28 10:35:00,61565.8,70739.1,61595.4,61551.9
2026-05-28 10:40:00,61471.7,70631.0,61486.6,61464.8
2026-05-28 10:45:00,61365.2,70508.6,61410.3,61344.1
2026-05-28 10:50:00,61255.4,70382.4,61317.2,61226.4
2026-05-28 10:55:00,61125.9,70233.6,61188.2,61096.7
2026-05-28 11:00:00,60909.8,69985.3,60913.4,60908.1
2026-05-28 11:05:00,60662.7,69701.4,60762.0,60616.2
2026-05-28 11:10:00,60508.4,69524.2,60541.1,60493.2
2026-05-28 11:15:00,60326.3,69314.9,60371.2,60305.2
2026-05-28 11:20:00,60098.0,69052.6,60110.9,60092.0
2026-05-28 11:25:00,59945.1,68876.9,59937.4,59948.7
2026-05-28 11:30:00,59678.7,68570.8,59718.2,59660.1
2026-05-28 11:35:00,59466.6,68327.1,59482.6,59459.0
2026-05-28 11:40:00,59238.9,68065.5,59248.6,59234.4
2026-05-28 11:45:00,59025.3,67820.0,58980.2,59046.4
2026-05-28 11:50:00,58753.1,67507.3,58703.3,58776.4
2026-05-28 11:55:00,58283.5,66967.8,58336.4,58258.8
2026-05-28 12:00:00,57832.9,66450.0,57828.8,57834.8
2026-05-28 12:05:00,57814.9,66429.3,57731.7,57853.9
2026-05-28 12:10:00,57729.2,66330.9,57727.6,57730.0
2026-05-28 12:15:00,57649.4,66239.1,57648.3,57649.9
2026-05-28 12:20:00,57545.9,66120.2,57565.8,57536.5
2026-05-28 12:25:00,57443.6,66002.7,57455.3,57438.2
2026-05-28 12:30:00,57323.4,65864.6,57282.3,57342.7
2026-05-28 12:35:00,57304.4,65842.8,57305.6,57303.9
2026-05-28 12:40:00,57414.5,65969.2,57391.2,57425.4
2026-05-28 12:45:00,57558.5,66134.7,57494.8,57588.3
2026-05-28 12:50:00,57768.2,66375.7,57662.3,57817.9
2026-05-28 12:55:00,57996.1,66637.5,58006.4,57991.2
2026-05-28 13:00:00,58268.0,66949.9,58340.9,58233.8
2026-05-28 13:05:00,58520.4,67239.9,58585.6,58489.8
2026-05-28 13:10:00,58838.9,67605.9,58843.0,58837.0
2026-05-28 13:15:00,59066.0,67866.8,59008.0,59093.1
2026-05-28 13:20:00,59265.9,68096.5,59267.0,59265.4
2026-05-28 13:25:00,59527.1,68396.6,59525.9,59527.6
2026-05-28 13:30:00,59780.7,68688.0,59725.9,59806.3
2026-05-28 13:35:00,60069.5,69019.8,60024.3,60090.6
2026-05-28 13:40:00,60257.8,69236.2,60272.8,60250.7
2026-05-28 13:45:00,60438.6,69444.0,60451.5,60432.6
2026-05-28 13:50:00,60598.4,69627.6,60597.4,60598.9
2026-05-28 13:55:00,60734.2,69783.6,60813.4,60697.1
2026-05-28 14:00:00,60855.0,69922.4,60843.2,60860.5
2026-05-28 14:05:00,61033.8,70127.9,61054.6,61024.1
2026-05-28 14:10:00,61233.3,70357.1,61164.1,61265.7
2026-05-28 14:15:00,61400.7,70549.4,61349.9,61424.6
2026-05-28 14:20:00,61502.3,70666.1,61503.8,61501.5
2026-05-28 14:25:00,61611.1,70791.1,61599.0,61616.7
2026-05-28 14:30:00,61722.0,70918.5,61664.1,61749.1
2026-05-28 14:35:00,61870.7,71089.4,61859.2,61876.0
2026-05-28 14:40:00,61976.2,71210.6,61970.9,61978.6
2026-05-28 14:45:00,62081.1,71331.2,62087.4,62078.1
2026-05-28 14:50:00,62162.1,71424.3,62158.0,62164.0
2026-05-28 14:55:00,62238.9,71512.5,62243.7,62236.6
2026-05-28 15:00:00,62285.9,71566.5,62335.3,62262.8
2026-05-28 15:05:00,62306.8,71590.5,62357.4,62283.1
2026-05-28 15:10:00,62500.2,71812.7,62529.5,62486.4
2026-05-28 15:15:00,62712.2,72056.3,62758.5,62690.5
2026-05-28 15:20:00,62964.4,72346.1,62915.8,62987.2
2026-05-28 15:25:00,63215.9,72635.1,63230.6,63209.1
2026-05-28 15:30:00,63379.5,72823.0,63373.4,63382.3
2026-05-28 15:35:00,63612.1,73090.3,63604.5,63615.6
2026-05-28 15:40:00,63787.0,73291.2,63773.2,63793.4
2026-05-28 15:45:00,64010.1,73547.6,63987.1,64020.8
2026-05-28 15:50:00,64246.2,73818.9,64247.4,64245.7
2026-05-28 15:55:00,64434.7,74035.5,64400.2,64450.9
2026-05-28 16:00:00,64580.2,74202.7,64501.1,64617.3
2026-05-28 16:05:00,64583.2,74206.1,64657.4,64548.4
2026-05-28 16:10:00,64695.7,74335.4,64763.8,64663.8
2026-05-28 16:15:00,64889.0,74557.5,64892.8,64887.2
2026-05-28 16:20:00,65090.4,74788.9,65050.3,65109.2
2026-05-28 16:25:00,65283.3,75010.6,65277.6,65286.0
2026-05-28 16:30:00,65455.8,75208.8,65448.0,65459.5
2026-05-28 16:35:00,65625.7,75404.0,65634.1,65621.9
2026-05-28 16:40:00,65755.3,75552.8,65735.9,65764.4
2026-05-28 16:45:00,65950.7,75777.3,65938.7,65956.3
2026-05-28 16:50:00,66071.8,75916.5,66094.7,66061.0
2026-05-28 16:55:00,66199.1,76062.8,66179.5,66208.3
2026-05-28 17:00:00,66206.1,76070.8,66216.0,66201.4
2026-05-28 17:05:00,66091.8,75939.5,66155.3,66062.1
2026-05-28 17:10:00,66178.4,76039.0,66209.4,66163.9
2026-05-28 17:15:00,66285.8,76162.4,66310.3,66274.4
2026-05-28 17:20:00,66389.9,76282.0,66393.5,66388.1
2026-05-28 17:25:00,66479.6,76385.1,66485.2,66477.0
2026-05-28 17:30:00,66555.0,76471.7,66563.0,66551.2
2026-05-28 17:35:00,66637.6,76566.6,66703.7,66606.7
2026-05-28 17:40:00,66703.1,76641.8,66758.6,66677.0
2026-05-28 17:45:00,66744.6,76689.5,66754.3,66740.0
2026-05-28 17:50:00,66780.6,76730.9,66834.8,66755.3
2026-05-28 17:55:00,66816.6,76772.3,66797.0,66825.8
2026-05-28 18:00:00,66805.3,76759.3,66773.9,66820.1
2026-05-28 18:05:00,66715.5,76656.1,66719.4,66713.6
2026-05-28 18:10:00,66743.1,76687.8,66737.8,66745.5
2026-05-28 18:15:00,66787.4,76738.7,66856.9,66754.9
2026-05-28 18:20:00,66848.9,76809.4,66842.1,66852.1
2026-05-28 18:25:00,66892.6,76859.6,66939.2,66870.8
2026-05-28 18:30:00,66971.2,76949.9,66988.7,66962.9
2026-05-28 18:35:00,66976.8,76956.3,67066.2,66934.9
2026-05-28 18:40:00,66956.6,76933.1,67031.8,66921.3
2026-05-28 18:45:00,66959.0,76935.9,67036.9,66922.5
2026-05-28 18:50:00,66920.0,76891.0,67001.1,66881.9
2026-05-28 18:55:00,66866.7,76829.8,66872.2,66864.1
2026-05-28 19:00:00,66781.8,76732.3,66803.3,66771.8
2026-05-28 19:05:00,66719.3,76660.4,66706.2,66725.4
2026-05-28 19:10:00,66675.6,76610.3,66658.2,66683.8
2026-05-28 19:15:00,66680.8,76616.2,66655.3,66692.7
2026-05-28 19:20:00,66677.5,76612.4,66653.8,66688.5
2026-05-28 19:25:00,66671.9,76606.0,66646.7,66683.7
2026-05-28 19:30:00,66662.0,76594.7,66639.5,66672.6
2026-05-28 19:35:00,66622.6,76549.4,66652.3,66608.7
2026-05-28 19:40:00,66601.3,76524.9,66549.7,66625.4
2026-05-28 19:45:00,66603.9,76527.9,66555.4,66626.7
2026-05-28 19:50:00,66570.8,76489.8,66533.8,66588.1
2026-05-28 19:55:00,66548.6,76464.4,66491.2,66575.5
2026-05-28 20:00:00,66418.7,76315.1,66461.6,66398.7
2026-05-28 20:05:00,66303.4,76182.6,66265.9,66320.9
2026-05-28 20:10:00,66253.6,76125.3,66216.7,66270.9
2026-05-28 20:15:00,66241.2,76111.1,66206.8,66257.2
2026-05-28 20:20:00,66177.9,76038.4,66187.8,66173.3
2026-05-28 20:25:00,66142.0,75997.1,66079.6,66171.2
2026-05-28 20:30:00,66043.1,75883.5,66048.4,66040.6
2026-05-28 20:35:00,66037.5,75877.0,65992.8,66058.4
2026-05-28 20:40:00,65938.5,75763.4,65985.5,65916.6
2026-05-28 20:45:00,65851.5,75663.4,65878.8,65838.7
2026-05-28 20:50:00,65781.4,75582.8,65737.2,65802.1
2026-05-28 20:55:00,65657.9,75440.9,65627.4,65672.1
2026-05-28 21:00:00,65403.4,75148.5,65427.9,65392.0
2026-05-28 21:05:00,65180.9,74892.8,65180.0,65181.3
2026-05-28 21:10:00,65023.2,74711.6,64994.2,65036.7
2026-05-28 21:15:00,64838.5,74499.4,64806.4,64853.5
2026-05-28 21:20:00,64648.1,74280.7,64628.3,64657.4
2026-05-28 21:25:00,64470.2,74076.3,64450.5,64479.4
2026-05-28 21:30:00,64341.2,73928.1,64351.7,64336.3
2026-05-28 21:35:00,64192.2,73756.9,64177.6,64199.1
2026-05-28 21:40:00,64007.5,73544.6,64054.1,63985.7
2026-05-28 21:45:00,63839.8,73352.0,63891.2,63815.8
2026-05-28 21:50:00,63699.2,73190.3,63722.4,63688.3
2026-05-28 21:55:00,63535.2,73001.9,63622.1,63494.4
2026-05-28 22:00:00,63346.3,72784.9,63365.8,63337.1
2026-05-28 22:05:00,63473.2,72930.7,63454.9,63481.8
2026-05-28 22:10:00,63366.2,72807.7,63370.0,63364.4
2026-05-28 22:15:00,63266.2,72692.9,63262.8,63267.8
2026-05-28 22:20:00,63171.1,72583.5,63158.4,63177.0
2026-05-28 22:25:00,63035.7,72428.0,63036.7,63035.2
2026-05-28 22:30:00,62835.2,72197.6,62802.5,62850.5
2026-05-28 22:35:00,62678.3,72017.4,62658.9,62687.4
2026-05-28 22:40:00,62564.6,71886.7,62560.6,62566.5
2026-05-28 22:45:00,62391.3,71687.6,62369.8,62401.3
2026-05-28 22:50:00,62247.4,71522.3,62288.0,62228.4
2026-05-28 22:55:00,62105.4,71359.1,62125.8,62095.9
2026-05-28 23:00:00,62175.5,71439.6,62107.4,62207.3
2026-05-28 23:05:00,62579.8,71904.2,62589.9,62575.1
2026-05-28 23:10:00,62606.6,71934.9,62615.9,62602.2
2026-05-28 23:15:00,62433.6,71736.2,62435.5,62432.7
2026-05-28 23:20:00,62199.7,71467.4,62150.4,62222.7
2026-05-28 23:25:00,61965.1,71197.9,61868.6,62010.4
2026-05-28 23:30:00,61603.4,70782.3,61583.6,61612.7
2026-05-28 23:35:00,61200.8,70319.7,61209.2,61196.9
2026-05-28 23:40:00,60786.9,69844.2,60807.9,60777.1
2026-05-28 23:45:00,60441.7,69447.5,60439.3,60442.8
2026-05-28 23:50:00,60105.2,69060.9,60061.3,60125.8
2026-05-28 23:55:00,59668.7,68559.3,59729.4,59640.3
2026-05-29 00:00:00,58987.3,67776.4,59092.8,58937.9
2026-05-29 00:05:00,58775.6,67533.2,58843.3,58744.0
2026-05-29 00:10:00,58450.9,67160.1,58439.8,58456.1
2026-05-29 00:15:00,58171.1,66838.6,58165.2,58173.9
2026-05-29 00:20:00,57954.6,66589.8,57888.5,57985.5
2026-05-29 00:25:00,57750.1,66354.9,57724.4,57762.1
2026-05-29 00:30:00,57523.5,66094.5,57522.9,57523.8
2026-05-29 00:35:00,57222.7,65748.8,57267.8,57201.5
2026-05-29 00:40:00,56988.9,65480.2,57030.5,56969.4
2026-05-29 00:45:00,56777.2,65237.0,56763.4,56783.6
2026-05-29 00:50:00,56627.0,65064.5,56593.1,56642.9
2026-05-29 00:55:00,56477.4,64892.5,56410.1,56508.9
2026-05-29 01:00:00,56326.1,64718.7,56370.5,56305.3
2026-05-29 01:05:00,56208.4,64583.5,56234.6,56196.1
2026-05-29 01:10:00,56114.8,64475.9,56112.6,56115.8
2026-05-29 01:15:00,56012.2,64358.0,55961.4,56036.0
2026-05-29 01:20:00,55889.3,64216.8,55872.2,55897.3
2026-05-29 01:25:00,55817.7,64134.5,55780.7,55835.0
2026-05-29 01:30:00,55762.4,64071.0,55789.5,55749.7
2026-05-29 01:35:00,55680.8,63977.3,55652.8,55693.9
2026-05-29 01:40:00,55603.2,63888.0,55545.0,55630.4
2026-05-29 01:45:00,55570.4,63850.4,55545.8,55581.9
2026-05-29 01:50:00,55469.3,63734.2,55467.2,55470.2
2026-05-29 01:55:00,55401.3,63656.1,55456.9,55375.2
2026-05-29 02:00:00,55352.8,63600.3,55315.0,55370.5
2026-05-29 02:05:00,55323.3,63566.5,55372.5,55300.2
2026-05-29 02:10:00,55268.3,63503.3,55238.8,55282.1
2026-05-29 02:15:00,55262.8,63496.9,55240.5,55273.2
2026-05-29 02:20:00,55241.5,63472.4,55242.9,55240.8
2026-05-29 02:25:00,55162.2,63381.3,55218.8,55135.6
2026-05-29 02:30:00,55121.5,63334.6,55095.3,55133.8
2026-05-29 02:35:00,55055.8,63259.2,55118.2,55026.6
2026-05-29 02:40:00,55018.5,63216.2,55007.0,55023.8
2026-05-29 02:45:00,55012.9,63209.8,55011.4,55013.6
2026-05-29 02:50:00,55033.4,63233.3,55007.4,55045.5
2026-05-29 02:55:00,55036.7,63237.1,55021.4,55043.8
2026-05-29 03:00:00,54975.8,63167.1,55031.4,54949.7
2026-05-29 03:05:00,54905.7,63086.6,54900.0,54908.3
2026-05-29 03:10:00,54889.7,63068.2,54881.1,54893.7
2026-05-29 03:15:00,54888.4,63066.8,54876.0,54894.3
2026-05-29 03:20:00,54892.8,63071.8,54873.9,54901.7
2026-05-29 03:25:00,54897.7,63077.5,54885.9,54903.2
2026-05-29 03:30:00,54903.9,63084.6,54876.8,54916.7
2026-05-29 03:35:00,54935.0,63120.4,54915.2,54944.3
2026-05-29 03:40:00,54915.5,63097.9,54891.6,54926.7
2026-05-29 03:45:00,54919.4,63102.4,54897.7,54929.5
2026-05-29 03:50:00,54915.1,63097.5,54892.1,54925.9
2026-05-29 03:55:00,54918.4,63101.2,54892.0,54930.7
2026-05-29 04:00:00,55002.5,63197.9,54946.3,55028.8
2026-05-29 04:05:00,55163.8,63383.2,55148.2,55171.1
2026-05-29 04:10:00,55228.6,63457.6,55212.8,55235.9
2026-05-29 04:15:00,55229.6,63458.8,55206.7,55240.3
2026-05-29 04:20:00,55264.6,63499.0,55317.3,55239.8
2026-05-29 04:25:00,55339.2,63584.8,55324.3,55346.2
2026-05-29 04:30:00,55334.9,63579.8,55314.8,55344.3
2026-05-29 04:35:00,55377.7,63629.0,55361.9,55385.1
2026-05-29 04:40:00,55432.5,63692.0,55411.9,55442.2
2026-05-29 04:45:00,55493.3,63761.8,55453.9,55511.7
2026-05-29 04:50:00,55586.1,63868.5,55562.7,55597.1
2026-05-29 04:55:00,55621.0,63908.6,55659.6,55603.0
2026-05-29 05:00:00,55719.4,64021.6,55731.2,55713.9
2026-05-29 05:05:00,55896.0,64224.5,55912.2,55888.4
2026-05-29 05:10:00,55950.7,64287.4,55961.9,55945.5
2026-05-29 05:15:00,56078.1,64433.7,56064.4,56084.5
2026-05-29 05:20:00,56176.8,64547.1,56166.7,56181.5
2026-05-29 05:25:00,56293.8,64681.6,56279.3,56300.6
2026-05-29 05:30:00,56380.1,64780.7,56368.2,56385.6
2026-05-29 05:35:00,56557.7,64984.8,56520.6,56575.1
2026-05-29 05:40:00,56676.6,65121.5,56715.6,56658.4
2026-05-29 05:45:00,56810.5,65275.2,56781.4,56824.1
2026-05-29 05:50:00,56922.4,65403.9,56888.1,56938.5
2026-05-29 05:55:00,57046.3,65546.2,57047.5,57045.8
2026-05-29 06:00:00,57223.1,65749.3,57266.6,57202.7
2026-05-29 06:05:00,57610.2,66194.1,57587.3,57620.9
2026-05-29 06:10:00,57758.2,66364.1,57801.7,57737.8
2026-05-29 06:15:00,57972.6,66610.5,57945.9,57985.1
2026-05-29 06:20:00,58104.7,66762.3,58124.4,58095.5
2026-05-29 06:25:00,58254.9,66934.9,58203.9,58278.8
2026-05-29 06:30:00,58367.9,67064.7,58359.0,58372.0
2026-05-29 06:35:00,58495.7,67211.5,58519.6,58484.5
2026-05-29 06:40:00,58571.6,67298.8,58583.1,58566.2
2026-05-29 06:45:00,58742.1,67494.7,58687.4,58767.8
2026-05-29 06:50:00,58839.4,67606.5,58851.2,58833.8
2026-05-29 06:55:00,58986.1,67775.1,58929.0,59012.9
2026-05-29 07:00:00,59229.9,68055.1,59260.8,59215.4
2026-05-29 07:05:00,59672.4,68563.6,59621.5,59696.3
2026-05-29 07:10:00,59849.4,68767.0,59885.5,59832.5
2026-05-29 07:15:00,60043.1,68989.5,60041.0,60044.0
2026-05-29 07:20:00,60119.2,69076.9,60155.2,60102.3
2026-05-29 07:25:00,60199.7,69169.4,60233.2,60184.0
2026-05-29 07:30:00,60295.6,69279.7,60286.3,60300.0
2026-05-29 07:35:00,60421.3,69424.1,60449.3,60408.2
2026-05-29 07:40:00,60419.5,69422.0,60461.6,60399.8
2026-05-29 07:45:00,60464.2,69473.4,60435.8,60477.5
2026-05-29 07:50:00,60538.8,69559.1,60459.9,60575.7
2026-05-29 07:55:00,60579.8,69606.2,60548.9,60594.3
2026-05-29 08:00:00,60822.8,69885.4,60851.5,60809.3
2026-05-29 08:05:00,61277.0,70407.3,61193.8,61316.0
2026-05-29 08:10:00,61509.1,70674.0,61522.7,61502.8
2026-05-29 08:15:00,61693.6,70885.9,61711.0,61685.4
2026-05-29 08:20:00,61785.4,70991.4,61798.0,61779.4
2026-05-29 08:25:00,61982.4,71217.7,61956.4,61994.5
2026-05-29 08:30:00,62073.0,71321.9,62072.7,62073.2
2026-05-29 08:35:00,62201.6,71469.6,62196.3,62204.0
2026-05-29 08:40:00,62246.5,71521.2,62310.9,62216.3
2026-05-29 08:45:00,62233.2,71506.0,62281.7,62210.5
2026-05-29 08:50:00,62212.6,71482.3,62273.2,62184.2
2026-05-29 08:55:00,62204.2,71472.6,62258.3,62178.8
2026-05-29 09:00:00,62083.9,71334.4,62129.2,62062.6
2026-05-29 09:05:00,62004.7,71243.4,62119.5,61951.0
2026-05-29 09:10:00,62095.4,71347.7,62022.3,62129.7
2026-05-29 09:15:00,62119.8,71375.6,62119.1,62120.1
2026-05-29 09:20:00,62176.6,71440.9,62170.2,62179.6
2026-05-29 09:25:00,62147.1,71407.0,62173.8,62134.6
2026-05-29 09:30:00,62068.8,71317.1,62095.1,62056.5
2026-05-29 09:35:00,61992.4,71229.3,61994.8,61991.3
2026-05-29 09:40:00,61884.0,71104.7,61875.6,61887.9
2026-05-29 09:45:00,61780.0,70985.2,61752.8,61792.7
2026-05-29 09:50:00,61705.9,70900.1,61671.6,61722.0
2026-05-29 09:55:00,61664.0,70851.9,61568.0,61708.9
2026-05-29 10:00:00,61494.6,70657.3,61515.9,61484.7
2026-05-29 10:05:00,61534.2,70702.8,61568.7,61518.0
2026-05-29 10:10:00,61636.9,70820.7,61639.8,61635.4
2026-05-29 10:15:00,61796.2,71003.8,61843.1,61774.2
2026-05-29 10:20:00,61799.2,71007.2,61811.9,61793.2
2026-05-29 10:25:00,61779.1,70984.2,61797.5,61770.5
2026-05-29 10:30:00,61627.6,70810.2,61666.9,61609.2
2026-05-29 10:35:00,61576.7,70751.7,61597.1,61567.2
2026-05-29 10:40:00,61437.4,70591.6,61494.3,61410.7
2026-05-29 10:45:00,61379.3,70524.9,61425.0,61357.9
2026-05-29 10:50:00,61329.4,70467.5,61291.5,61347.2
2026-05-29 10:55:00,61239.2,70363.8,61190.1,61262.2
2026-05-29 11:00:00,61105.0,70209.6,61155.2,61081.4
2026-05-29 11:05:00,60928.2,70006.6,60989.3,60899.7
2026-05-29 11:10:00,60825.4,69888.3,60764.2,60854.0
2026-05-29 11:15:00,60675.5,69716.1,60659.1,60683.1
2026-05-29 11:20:00,60485.4,69497.7,60522.8,60467.8
2026-05-29 11:25:00,60303.7,69288.9,60340.8,60286.3
2026-05-29 11:30:00,60031.9,68976.6,60068.6,60014.7
2026-05-29 11:35:00,59814.1,68726.5,59838.8,59802.6
2026-05-29 11:40:00,59608.5,68490.2,59620.4,59603.0
2026-05-29 11:45:00,59380.1,68227.8,59380.4,59380.0
2026-05-29 11:50:00,59093.7,67898.7,59095.2,59093.0
2026-05-29 11:55:00,58689.9,67434.6,58706.0,58682.3
2026-05-29 12:00:00,58276.0,66959.2,58289.7,58269.6
2026-05-29 12:05:00,58238.7,66916.3,58220.0,58247.5
2026-05-29 12:10:00,58163.8,66830.2,58178.5,58156.9
2026-05-29 12:15:00,58068.2,66720.3,58094.0,58056.1
2026-05-29 12:20:00,57927.6,66558.8,58020.3,57884.1
2026-05-29 12:25:00,57837.9,66455.8,57856.7,57829.1
2026-05-29 12:30:00,57690.5,66286.4,57694.7,57688.6
2026-05-29 12:35:00,57617.0,66201.9,57695.5,57580.2
2026-05-29 12:40:00,57652.1,66242.2,57641.3,57657.1
2026-05-29 12:45:00,57741.0,66344.4,57712.7,57754.3
2026-05-29 12:50:00,57889.8,66515.4,57864.0,57901.9
2026-05-29 12:55:00,58086.3,66741.1,58131.4,58065.1
2026-05-29 13:00:00,58334.9,67026.7,58388.6,58309.7
2026-05-29 13:05:00,58561.2,67286.8,58662.6,58513.7
2026-05-29 13:10:00,58797.1,67557.9,58778.3,58806.0
2026-05-29 13:15:00,58945.3,67728.2,58972.8,58932.5
2026-05-29 13:20:00,59105.0,67911.6,59070.2,59121.3
2026-05-29 13:25:00,59249.7,68077.9,59268.4,59240.9
2026-05-29 13:30:00,59430.3,68285.4,59385.7,59451.1
2026-05-29 13:35:00,59629.6,68514.4,59628.1,59630.3
2026-05-29 13:40:00,59789.1,68697.7,59812.5,59778.1
2026-05-29 13:45:00,59962.2,68896.5,59924.7,59979.7
2026-05-29 13:50:00,60047.2,68994.3,60085.3,60029.4
2026-05-29 13:55:00,60131.2,69090.7,60190.6,60103.4
2026-05-29 14:00:00,60218.2,69190.7,60260.0,60198.7
2026-05-29 14:05:00,60355.2,69348.2,60375.7,60345.7
2026-05-29 14:10:00,60517.0,69534.0,60462.4,60542.5
2026-05-29 14:15:00,60688.5,69731.1,60669.7,60697.3
2026-05-29 14:20:00,60847.4,69913.7,60828.5,60856.2
2026-05-29 14:25:00,60986.1,70073.1,60938.9,61008.3
2026-05-29 14:30:00,61085.8,70187.6,61098.4,61079.9
2026-05-29 14:35:00,61185.0,70301.6,61192.4,61181.5
2026-05-29 14:40:00,61265.6,70394.2,61291.0,61253.7
2026-05-29 14:45:00,61323.5,70460.7,61402.3,61286.6
2026-05-29 14:50:00,61353.1,70494.7,61372.5,61344.0
2026-05-29 14:55:00,61439.4,70593.8,61462.4,61428.6
2026-05-29 15:00:00,61501.3,70665.0,61559.4,61474.1
2026-05-29 15:05:00,61534.1,70702.6,61569.9,61517.3
2026-05-29 15:10:00,61694.3,70886.8,61755.4,61665.7
2026-05-29 15:15:00,61864.9,71082.8,61867.7,61863.7
2026-05-29 15:20:00,62062.4,71309.8,62022.6,62081.1
2026-05-29 15:25:00,62231.9,71504.4,62239.7,62228.2
2026-05-29 15:30:00,62367.7,71660.5,62405.9,62349.8
2026-05-29 15:35:00,62495.0,71806.8,62509.9,62488.1
2026-05-29 15:40:00,62671.4,72009.4,62679.1,62667.8
2026-05-29 15:45:00,62862.0,72228.4,62888.1,62849.7
2026-05-29 15:50:00,63054.3,72449.4,63103.6,63031.3
2026-05-29 15:55:00,63251.7,72676.2,63254.2,63250.5
2026-05-29 16:00:00,63420.5,72870.2,63393.3,63433.3
2026-05-29 16:05:00,63459.9,72915.4,63536.9,63423.8
2026-05-29 16:10:00,63635.9,73117.7,63654.9,63627.0
2026-05-29 16:15:00,63830.4,73341.1,63863.3,63814.9
2026-05-29 16:20:00,64040.2,73582.2,64033.0,64043.6
2026-05-29 16:25:00,64191.3,73755.8,64206.7,64184.0
2026-05-29 16:30:00,64357.8,73947.1,64382.8,64346.1
2026-05-29 16:35:00,64531.6,74146.8,64568.6,64514.3
2026-05-29 16:40:00,64691.1,74330.0,64652.4,64709.2
2026-05-29 16:45:00,64896.8,74566.5,64898.4,64896.1
2026-05-29 16:50:00,65013.6,74700.6,65008.6,65015.9
2026-05-29 16:55:00,65115.9,74818.2,65099.4,65123.7
2026-05-29 17:00:00,65142.8,74849.1,65113.1,65156.8
2026-05-29 17:05:00,65057.3,74750.8,65147.4,65015.0
2026-05-29 17:10:00,65121.9,74825.1,65209.0,65081.1
2026-05-29 17:15:00,65184.4,74896.9,65214.1,65170.5
2026-05-29 17:20:00,65254.3,74977.2,65276.6,65243.8
2026-05-29 17:25:00,65293.0,75021.6,65381.3,65251.6
2026-05-29 17:30:00,65340.5,75076.2,65365.0,65329.0
2026-05-29 17:35:00,65381.0,75122.8,65459.0,65344.5
2026-05-29 17:40:00,65448.5,75200.4,65423.5,65460.3
2026-05-29 17:45:00,65483.9,75241.0,65547.8,65454.0
2026-05-29 17:50:00,65543.8,75309.8,65522.4,65553.8
2026-05-29 17:55:00,65559.3,75327.7,65602.9,65538.9
2026-05-29 18:00:00,65618.0,75395.1,65580.4,65635.6
2026-05-29 18:05:00,65552.9,75320.3,65547.9,65555.2
2026-05-29 18:10:00,65640.2,75420.6,65646.8,65637.2
2026-05-29 18:15:00,65681.4,75467.9,65733.6,65657.0
2026-05-29 18:20:00,65753.2,75550.4,65742.1,65758.4
2026-05-29 18:25:00,65857.5,75670.2,65870.9,65851.2
2026-05-29 18:30:00,65943.0,75768.5,65954.6,65937.6
2026-05-29 18:35:00,66015.4,75851.7,66046.5,66000.8
2026-05-29 18:40:00,65996.1,75829.5,66019.8,65985.0
2026-05-29 18:45:00,65999.1,75833.0,66026.6,65986.2
2026-05-29 18:50:00,65962.5,75790.9,65995.0,65947.3
2026-05-29 18:55:00,65935.6,75760.0,65966.6,65921.1
2026-05-29 19:00:00,65870.0,75684.7,65912.2,65850.3
2026-05-29 19:05:00,65809.1,75614.7,65797.0,65814.8
2026-05-29 19:10:00,65748.4,75545.0,65736.4,65754.1
2026-05-29 19:15:00,65747.1,75543.4,65732.5,65753.9
2026-05-29 19:20:00,65741.5,75537.0,65723.9,65749.8
2026-05-29 19:25:00,65684.1,75471.0,65706.4,65673.6
2026-05-29 19:30:00,65644.5,75425.5,65593.4,65668.4
2026-05-29 19:35:00,65588.8,75361.5,65605.8,65580.8
2026-05-29 19:40:00,65553.8,75321.3,65496.6,65580.5
2026-05-29 19:45:00,65556.3,75324.2,65502.0,65581.7
2026-05-29 19:50:00,65522.8,75285.7,65482.7,65541.5
2026-05-29 19:55:00,65435.8,75185.7,65474.7,65417.6
2026-05-29 20:00:00,65297.0,75026.3,65327.0,65283.0
2026-05-29 20:05:00,65207.1,74922.9,65174.1,65222.5
2026-05-29 20:10:00,65143.0,74849.3,65117.5,65154.9
2026-05-29 20:15:00,65086.3,74784.1,65103.5,65078.2
2026-05-29 20:20:00,65059.7,74753.6,65025.6,65075.7
2026-05-29 20:25:00,64976.5,74658.0,65018.4,64956.9
2026-05-29 20:30:00,64879.3,74546.4,64882.3,64878.0
2026-05-29 20:35:00,64798.1,74453.0,64826.3,64784.8
2026-05-29 20:40:00,64709.1,74350.8,64723.9,64702.2
2026-05-29 20:45:00,64610.7,74237.7,64631.0,64601.2
2026-05-29 20:50:00,64487.6,74096.3,64496.0,64483.7
2026-05-29 20:55:00,64381.3,73974.1,64381.7,64381.2
2026-05-29 21:00:00,64135.8,73692.0,64198.8,64106.2
2026-05-29 21:05:00,63996.8,73532.3,63978.2,64005.6
2026-05-29 21:10:00,63848.6,73362.0,63899.4,63824.8
2026-05-29 21:15:00,63755.5,73255.1,63730.2,63767.4
2026-05-29 21:20:00,63674.2,73161.6,63624.2,63697.6
2026-05-29 21:25:00,63554.8,73024.5,63513.9,63574.0
2026-05-29 21:30:00,63412.6,72861.1,63396.8,63420.0
2026-05-29 21:35:00,63236.2,72658.4,63256.8,63226.5
2026-05-29 21:40:00,63072.4,72470.2,63115.5,63052.2
2026-05-29 21:45:00,62963.5,72345.0,62948.1,62970.6
2026-05-29 21:50:00,62858.0,72223.8,62839.6,62866.6
2026-05-29 21:55:00,62772.3,72125.4,62774.7,62771.2
2026-05-29 22:00:00,62702.5,72045.2,62696.1,62705.5
2026-05-29 22:05:00,62826.7,72187.8,62797.6,62840.3
2026-05-29 22:10:00,62758.9,72109.9,62742.5,62766.5
2026-05-29 22:15:00,62636.0,71968.8,62705.0,62603.7
2026-05-29 22:20:00,62503.4,71816.4,62503.6,62503.3
2026-05-29 22:25:00,62379.9,71674.5,62376.6,62381.4
2026-05-29 22:30:00,62201.5,71469.5,62178.9,62212.1
2026-05-29 22:35:00,62063.2,71310.7,62030.0,62078.8
2026-05-29 22:40:00,61842.2,71056.7,61844.7,61841.1
2026-05-29 22:45:00,61631.4,70814.5,61668.0,61614.3
2026-05-29 22:50:00,61450.0,70606.1,61490.2,61431.2
2026-05-29 22:55:00,61257.3,70384.6,61299.4,61237.6
2026-05-29 23:00:00,61297.3,70430.6,61290.5,61300.5
2026-05-29 23:05:00,61631.1,70814.1,61630.0,61631.6
2026-05-29 23:10:00,61597.5,70775.6,61646.6,61574.6
2026-05-29 23:15:00,61366.5,70510.1,61383.4,61358.6
2026-05-29 23:20:00,61129.2,70237.5,61123.4,61132.0
2026-05-29 23:25:00,60915.6,69992.0,60819.8,60960.5
2026-05-29 23:30:00,60543.7,69564.7,60566.7,60532.9
2026-05-29 23:35:00,60244.9,69221.4,60238.2,60248.1
2026-05-29 23:40:00,59936.9,68867.5,59955.4,59928.2
2026-05-29 23:45:00,59624.3,68508.4,59636.9,59618.5
2026-05-29 23:50:00,59290.2,68124.4,59362.8,59256.2
2026-05-29 23:55:00,58907.5,67684.7,58961.2,58882.3
2026-05-30 00:00:00,58426.6,67132.1,58470.4,58406.1
2026-05-30 00:05:00,58242.6,66920.8,58255.7,58236.5
2026-05-30 00:10:00,57938.4,66571.2,57958.2,57929.1
2026-05-30 00:15:00,57648.2,66237.7,57595.9,57672.6
2026-05-30 00:20:00,57367.4,65915.2,57285.9,57405.6
2026-05-30 00:25:00,57047.2,65547.2,57016.3,57061.6
2026-05-30 00:30:00,56743.8,65198.6,56799.9,56717.5
2026-05-30 00:35:00,56525.5,64947.8,56559.4,56509.7
2026-05-30 00:40:00,56334.2,64727.9,56284.3,56357.5
2026-05-30 00:45:00,56142.2,64507.3,56097.1,56163.3
2026-05-30 00:50:00,55918.3,64250.1,55968.7,55894.7
2026-05-30 00:55:00,55712.9,64014.1,55757.2,55692.2
2026-05-30 01:00:00,55516.8,63788.8,55561.0,55496.1
2026-05-30 01:05:00,55416.4,63673.4,55399.3,55424.4
2026-05-30 01:10:00,55298.3,63537.7,55257.6,55317.4
2026-05-30 01:15:00,55174.1,63395.0,55128.8,55195.3
2026-05-30 01:20:00,55025.8,63224.6,54997.0,55039.3
2026-05-30 01:25:00,54894.4,63073.7,54889.0,54896.9
2026-05-30 01:30:00,54786.6,62949.8,54783.2,54788.2
2026-05-30 01:35:00,54674.0,62820.4,54680.3,54671.1
2026-05-30 01:40:00,54545.7,62673.0,54527.0,54554.4
2026-05-30 01:45:00,54388.7,62492.6,54402.1,54382.4
2026-05-30 01:50:00,54234.8,62315.8,54226.0,54238.9
2026-05-30 01:55:00,54112.4,62175.1,54089.0,54123.3
2026-05-30 02:00:00,54035.6,62086.9,54001.0,54051.8
2026-05-30 02:05:00,53962.6,62003.1,54029.5,53931.3
2026-05-30 02:10:00,53884.3,61913.0,53846.7,53901.9
2026-05-30 02:15:00,53878.2,61906.0,53845.4,53893.5
2026-05-30 02:20:00,53767.0,61778.3,53837.5,53734.0
2026-05-30 02:25:00,53706.7,61709.0,53677.0,53720.6
2026-05-30 02:30:00,53626.4,61616.7,53691.6,53595.9
2026-05-30 02:35:00,53591.3,61576.4,53583.1,53595.2
2026-05-30 02:40:00,53553.1,61532.5,53537.4,53560.4
2026-05-30 02:45:00,53569.5,61551.4,53557.4,53575.2
2026-05-30 02:50:00,53570.9,61553.0,53555.1,53578.3
2026-05-30 02:55:00,53571.2,61553.3,53555.8,53578.4
2026-05-30 03:00:00,53538.4,61515.7,53563.3,53526.8
2026-05-30 03:05:00,53466.7,61433.2,53572.1,53417.3
2026-05-30 03:10:00,53406.0,61363.5,53399.0,53409.3
2026-05-30 03:15:00,53420.4,61380.1,53394.4,53432.6
2026-05-30 03:20:00,53416.0,61374.9,53390.5,53427.9
2026-05-30 03:25:00,53434.5,61396.3,53394.0,53453.5
2026-05-30 03:30:00,53431.0,61392.2,53395.4,53447.6
2026-05-30 03:35:00,53453.9,61418.5,53417.4,53471.0
2026-05-30 03:40:00,53437.9,61400.2,53399.8,53455.8
2026-05-30 03:45:00,53439.3,61401.7,53403.9,53455.8
2026-05-30 03:50:00,53438.1,61400.3,53402.0,53455.0
2026-05-30 03:55:00,53442.2,61405.1,53401.0,53461.5
2026-05-30 04:00:00,53496.7,61467.7,53430.1,53527.9
2026-05-30 04:05:00,53527.7,61503.4,53467.9,53555.8
2026-05-30 04:10:00,53515.7,61489.6,53445.2,53548.8
2026-05-30 04:15:00,53516.8,61490.9,53439.3,53553.2
2026-05-30 04:20:00,53514.3,61488.0,53432.2,53552.8
2026-05-30 04:25:00,53520.8,61495.4,53438.9,53559.1
2026-05-30 04:30:00,53517.5,61491.6,53436.5,53555.4
2026-05-30 04:35:00,53545.7,61524.0,53460.5,53585.6
2026-05-30 04:40:00,53574.9,61557.5,53602.8,53561.8
2026-05-30 04:45:00,53665.9,61662.1,53601.7,53695.9
2026-05-30 04:50:00,53660.3,61655.7,53599.6,53688.7
2026-05-30 04:55:00,53656.0,61650.7,53597.8,53683.2
2026-05-30 05:00:00,53651.2,61645.2,53631.5,53660.4
2026-05-30 05:05:00,53701.4,61702.9,53661.2,53720.2
2026-05-30 05:10:00,53719.7,61724.0,53793.6,53685.1
2026-05-30 05:15:00,53792.6,61807.7,53781.2,53797.9
2026-05-30 05:20:00,53791.1,61806.0,53773.3,53799.4
2026-05-30 05:25:00,53791.4,61806.4,53775.1,53799.1
2026-05-30 05:30:00,53789.4,61804.0,53776.8,53795.3
2026-05-30 05:35:00,53828.1,61848.4,53793.0,53844.5
2026-05-30 05:40:00,53758.7,61768.8,53760.1,53758.1
2026-05-30 05:45:00,53774.2,61786.5,53807.8,53758.4
2026-05-30 05:50:00,53831.5,61852.4,53807.5,53842.8
2026-05-30 05:55:00,53825.9,61845.9,53804.1,53836.1
2026-05-30 06:00:00,53845.6,61868.6,53839.3,53848.6
2026-05-30 06:05:00,53934.3,61970.5,53872.5,53963.2
2026-05-30 06:10:00,53977.7,62020.4,53952.6,53989.4
2026-05-30 06:15:00,53944.7,61982.4,53936.6,53948.4
2026-05-30 06:20:00,53919.0,61952.9,53914.2,53921.2
2026-05-30 06:25:00,53920.1,61954.1,53918.3,53920.9
2026-05-30 06:30:00,53908.6,61941.0,53912.3,53906.9
2026-05-30 06:35:00,53931.7,61967.5,53938.8,53928.3
2026-05-30 06:40:00,53885.7,61914.7,53905.8,53876.3
2026-05-30 06:45:00,53887.1,61916.3,53909.7,53876.6
2026-05-30 06:50:00,53879.1,61907.1,53904.8,53867.0
2026-05-30 06:55:00,53787.7,61802.1,53903.4,53733.6
2026-05-30 07:00:00,53773.2,61785.4,53774.2,53772.8
2026-05-30 07:05:00,53865.0,61890.9,53857.0,53868.7
2026-05-30 07:10:00,53832.4,61853.4,53933.5,53785.0
2026-05-30 07:15:00,53771.4,61783.3,53771.1,53771.5
2026-05-30 07:20:00,53717.1,61721.0,53711.8,53719.6
2026-05-30 07:25:00,53708.7,61711.3,53703.2,53711.3
2026-05-30 07:30:00,53592.3,61577.5,53658.1,53561.4
2026-05-30 07:35:00,53589.2,61574.0,53577.2,53594.8
2026-05-30 07:40:00,53524.7,61499.8,53517.4,53528.0
2026-05-30 07:45:00,53376.1,61329.1,53346.2,53390.0
2026-05-30 07:50:00,53316.8,61261.0,53306.0,53321.8
2026-05-30 07:55:00,53141.9,61060.1,53107.2,53158.2
2026-05-30 08:00:00,53128.1,61044.2,53098.5,53142.0
2026-05-30 08:05:00,53221.7,61151.8,53160.4,53250.5
2026-05-30 08:10:00,53286.5,61226.2,53264.3,53296.9
2026-05-30 08:15:00,53288.8,61228.8,53280.3,53292.7
2026-05-30 08:20:00,53269.8,61207.0,53222.3,53292.0
2026-05-30 08:25:00,53234.2,61166.1,53236.8,53232.9
2026-05-30 08:30:00,53179.9,61103.7,53191.7,53174.4
2026-05-30 08:35:00,53113.0,61026.9,53211.0,53067.1
2026-05-30 08:40:00,53002.9,60900.3,52989.9,53009.0
2026-05-30 08:45:00,52885.1,60765.0,52967.1,52846.7
2026-05-30 08:50:00,52750.6,60610.4,52757.6,52747.3
2026-05-30 08:55:00,52581.6,60416.3,52579.6,52582.6
2026-05-30 09:00:00,52424.7,60236.0,52397.1,52437.6
2026-05-30 09:05:00,52478.4,60297.6,52460.6,52486.7
2026-05-30 09:10:00,52519.4,60344.8,52496.9,52530.0
2026-05-30 09:15:00,52533.3,60360.8,52527.6,52536.0
2026-05-30 09:20:00,52500.4,60322.9,52475.2,52512.1
2026-05-30 09:25:00,52503.5,60326.5,52481.4,52513.8
2026-05-30 09:30:00,52469.5,60287.5,52445.1,52481.0
2026-05-30 09:35:00,52490.5,60311.6,52466.1,52502.0
2026-05-30 09:40:00,52470.1,60288.1,52432.7,52487.6
2026-05-30 09:45:00,52418.3,60228.6,52457.6,52399.9
2026-05-30 09:50:00,52303.2,60096.4,52418.0,52249.4
2026-05-30 09:55:00,52193.8,59970.7,52168.3,52205.8
2026-05-30 10:00:00,52013.0,59763.0,52141.0,51953.1
2026-05-30 10:05:00,52075.2,59834.4,52052.7,52085.8
2026-05-30 10:10:00,52086.4,59847.3,52079.9,52089.5
2026-05-30 10:15:00,52133.6,59901.5,52172.2,52115.5
2026-05-30 10:20:00,52083.8,59844.3,52078.9,52086.1
2026-05-30 10:25:00,52066.3,59824.2,52068.4,52065.3
2026-05-30 10:30:00,52002.8,59751.3,51980.1,52013.5
2026-05-30 10:35:00,51947.0,59687.1,51955.4,51943.0
2026-05-30 10:40:00,51730.2,59438.0,51722.9,51733.6
2026-05-30 10:45:00,51590.6,59277.7,51549.9,51609.7
2026-05-30 10:50:00,51578.3,59263.5,51530.7,51600.6
2026-05-30 10:55:00,51538.7,59218.0,51515.6,51549.5
2026-05-30 11:00:00,51439.9,59104.5,51519.5,51402.6
2026-05-30 11:05:00,51392.5,59050.0,51333.7,51420.0
2026-05-30 11:10:00,51393.8,59051.5,51338.1,51419.9
2026-05-30 11:15:00,51327.9,58975.7,51346.5,51319.1
2026-05-30 11:20:00,51317.5,58963.8,51325.9,51313.6
2026-05-30 11:25:00,51200.5,58829.4,51333.3,51138.3
2026-05-30 11:30:00,51103.8,58718.2,51068.3,51120.4
2026-05-30 11:35:00,51124.2,58741.7,51099.9,51135.5
2026-05-30 11:40:00,51088.3,58700.5,51072.0,51095.9
2026-05-30 11:45:00,50949.5,58541.0,51071.6,50892.3
2026-05-30 11:50:00,50818.1,58389.9,50759.5,50845.5
2026-05-30 11:55:00,50620.8,58163.3,50714.5,50577.0
2026-05-30 12:00:00,50574.1,58109.7,50501.7,50608.1
2026-05-30 12:05:00,50520.6,58048.2,50663.9,50453.5
2026-05-30 12:10:00,50442.5,57958.4,50419.9,50453.1
2026-05-30 12:15:00,50441.6,57957.5,50410.2,50456.4
2026-05-30 12:20:00,50447.2,57963.8,50418.0,50460.8
2026-05-30 12:25:00,50450.1,57967.1,50418.6,50464.8
2026-05-30 12:30:00,50416.4,57928.4,50372.8,50436.8
2026-05-30 12:35:00,50450.3,57967.3,50417.2,50465.7
2026-05-30 12:40:00,50435.6,57950.5,50445.5,50431.0
2026-05-30 12:45:00,50456.5,57974.5,50467.1,50451.5
2026-05-30 12:50:00,50451.7,57969.1,50434.6,50459.8
2026-05-30 12:55:00,50463.4,57982.4,50441.5,50473.6
2026-05-30 13:00:00,50598.6,58137.8,50552.4,50620.3
2026-05-30 13:05:00,50821.0,58393.4,50825.1,50819.2
2026-05-30 13:10:00,50876.2,58456.8,51022.8,50807.6
2026-05-30 13:15:00,50967.3,58561.5,51011.1,50946.8
2026-05-30 13:20:00,51019.6,58621.5,51000.9,51028.4
2026-05-30 13:25:00,51076.5,58686.9,51018.4,51103.8
2026-05-30 13:30:00,51139.0,58758.7,51240.9,51091.3
2026-05-30 13:35:00,51295.0,58938.0,51256.5,51313.1
2026-05-30 13:40:00,51274.6,58914.5,51245.4,51288.3
2026-05-30 13:45:00,51265.9,58904.6,51239.6,51278.3
2026-05-30 13:50:00,51239.0,58873.6,51210.1,51252.5
2026-05-30 13:55:00,51234.0,58867.9,51214.6,51243.1
2026-05-30 14:00:00,51274.4,58914.3,51251.2,51285.3
2026-05-30 14:05:00,51276.9,58917.1,51229.0,51299.3
2026-05-30 14:10:00,51280.0,58920.7,51270.8,51284.4
2026-05-30 14:15:00,51281.2,58922.1,51270.1,51286.4
2026-05-30 14:20:00,51277.0,58917.3,51262.1,51284.0
2026-05-30 14:25:00,51281.0,58921.8,51264.8,51288.5
2026-05-30 14:30:00,51273.7,58913.5,51257.7,51281.2
2026-05-30 14:35:00,51277.7,58918.1,51259.9,51286.0
2026-05-30 14:40:00,51278.4,58918.9,51264.1,51285.1
2026-05-30 14:45:00,51279.9,58920.5,51270.1,51284.4
2026-05-30 14:50:00,51273.6,58913.3,51257.2,51281.2
2026-05-30 14:55:00,51265.6,58904.2,51249.1,51273.4
2026-05-30 15:00:00,51310.4,58955.7,51305.3,51312.9
2026-05-30 15:05:00,51388.8,59045.7,51508.6,51332.7
2026-05-30 15:10:00,51569.6,59253.5,51575.3,51567.0
2026-05-30 15:15:00,51795.0,59512.5,51825.0,51781.0
2026-05-30 15:20:00,52007.5,59756.6,52052.7,51986.3
2026-05-30 15:25:00,52243.5,60027.8,52293.2,52220.3
2026-05-30 15:30:00,52418.0,60228.3,52474.6,52391.5
2026-05-30 15:35:00,52492.5,60313.9,52697.0,52396.7
2026-05-30 15:40:00,52642.3,60486.0,52708.8,52611.1
2026-05-30 15:45:00,52780.6,60644.9,52914.8,52717.7
2026-05-30 15:50:00,52909.0,60792.4,52902.7,52911.9
2026-05-30 15:55:00,53143.7,61062.1,53076.4,53175.2
2026-05-30 16:00:00,53329.3,61275.4,53252.7,53365.2
2026-05-30 16:05:00,53395.9,61351.8,53391.6,53397.9
2026-05-30 16:10:00,53673.6,61671.0,53650.5,53684.5
2026-05-30 16:15:00,53792.9,61808.0,53793.4,53792.7
2026-05-30 16:20:00,53951.9,61990.7,53956.8,53949.6
2026-05-30 16:25:00,54119.1,62182.8,54152.5,54103.4
2026-05-30 16:30:00,54293.0,62382.7,54283.7,54297.4
2026-05-30 16:35:00,54441.4,62553.1,54440.0,54442.0
2026-05-30 16:40:00,54617.4,62755.4,54575.8,54636.9
2026-05-30 16:45:00,54826.5,62995.6,54829.3,54825.1
2026-05-30 16:50:00,54958.0,63146.7,54951.3,54961.1
2026-05-30 16:55:00,55081.0,63288.0,55089.6,55076.9
2026-05-30 17:00:00,55216.6,63443.9,55199.5,55224.6
2026-05-30 17:05:00,55261.0,63494.9,55218.1,55281.1
2026-05-30 17:10:00,55462.9,63726.9,55462.7,55463.0
2026-05-30 17:15:00,55600.8,63885.3,55699.0,55554.8
2026-05-30 17:20:00,55816.3,64132.9,55784.7,55831.1
2026-05-30 17:25:00,55955.9,64293.4,56020.4,55925.7
2026-05-30 17:30:00,56132.9,64496.7,56119.6,56139.2
2026-05-30 17:35:00,56306.4,64696.0,56351.8,56285.1
2026-05-30 17:40:00,56465.5,64878.9,56440.4,56477.3
2026-05-30 17:45:00,56571.7,65000.9,56636.8,56541.2
2026-05-30 17:50:00,56681.9,65127.5,56751.2,56649.4
2026-05-30 17:55:00,56820.1,65286.2,56801.7,56828.6
2026-05-30 18:00:00,56953.6,65439.7,56989.1,56937.0
2026-05-30 18:05:00,57012.0,65506.8,56986.8,57023.9
2026-05-30 18:10:00,57143.7,65658.1,57152.4,57139.6
2026-05-30 18:15:00,57255.3,65786.3,57275.0,57246.0
2026-05-30 18:20:00,57408.3,65962.1,57362.5,57429.8
2026-05-30 18:25:00,57478.6,66042.9,57526.2,57456.3
2026-05-30 18:30:00,57639.6,66227.9,57662.8,57628.7
2026-05-30 18:35:00,57772.0,66380.1,57733.3,57790.2
2026-05-30 18:40:00,57855.4,66475.9,57890.2,57839.1
2026-05-30 18:45:00,57943.7,66577.3,58004.8,57915.0
2026-05-30 18:50:00,57983.9,66623.5,57967.6,57991.5
2026-05-30 18:55:00,57996.0,66637.5,58056.2,57967.9
2026-05-30 19:00:00,58017.2,66661.8,58044.3,58004.5
2026-05-30 19:05:00,58090.1,66745.5,58056.5,58105.8
2026-05-30 19:10:00,58151.2,66815.7,58185.9,58134.9
2026-05-30 19:15:00,58212.2,66885.8,58233.2,58202.4
2026-05-30 19:20:00,58260.5,66941.3,58236.1,58272.0
2026-05-30 19:25:00,58283.4,66967.7,58295.2,58277.9
2026-05-30 19:30:00,58324.9,67015.3,58317.9,58328.1
2026-05-30 19:35:00,58343.5,67036.7,58405.2,58314.7
2026-05-30 19:40:00,58342.8,67035.8,58398.4,58316.7
2026-05-30 19:45:00,58345.7,67039.3,58409.1,58316.0
2026-05-30 19:50:00,58315.9,67004.9,58369.7,58290.7
2026-05-30 19:55:00,58311.1,66999.4,58368.8,58284.1
2026-05-30 20:00:00,58248.2,66927.2,58220.1,58261.4
2026-05-30 20:05:00,58175.4,66843.5,58211.0,58158.7
2026-05-30 20:10:00,58126.1,66786.8,58147.6,58115.9
2026-05-30 20:15:00,58072.2,66724.9,58026.0,58093.8
2026-05-30 20:20:00,57989.0,66629.4,58020.7,57974.2
2026-05-30 20:25:00,57923.6,66554.2,57939.1,57916.3
2026-05-30 20:30:00,57872.9,66496.0,57830.6,57892.7
2026-05-30 20:35:00,57831.4,66448.3,57856.3,57819.8
2026-05-30 20:40:00,57792.5,66403.6,57755.0,57810.1
2026-05-30 20:45:00,57743.4,66347.2,57760.8,57735.3
2026-05-30 20:50:00,57700.1,66297.5,57668.3,57715.1
2026-05-30 20:55:00,57653.3,66243.6,57668.2,57646.3
2026-05-30 21:00:00,57524.4,66095.5,57496.2,57537.6
2026-05-30 21:05:00,57389.1,65940.1,57392.9,57387.3
2026-05-30 21:10:00,57334.5,65877.4,57331.6,57335.9
2026-05-30 21:15:00,57258.1,65789.5,57237.3,57267.8
2026-05-30 21:20:00,57236.1,65764.3,57159.8,57271.9
2026-05-30 21:25:00,57142.7,65657.0,57167.6,57131.1
2026-05-30 21:30:00,57045.5,65545.2,57050.1,57043.3
2026-05-30 21:35:00,56945.9,65430.8,56949.5,56944.2
2026-05-30 21:40:00,56844.8,65314.6,56846.0,56844.2
2026-05-30 21:45:00,56763.2,65221.0,56779.7,56755.5
2026-05-30 21:50:00,56668.3,65111.9,56696.9,56654.9
2026-05-30 21:55:00,56555.3,64982.0,56588.5,56539.7
2026-05-30 22:00:00,56457.8,64870.0,56516.5,56430.3
2026-05-30 22:05:00,56491.9,64909.2,56551.8,56463.8
2026-05-30 22:10:00,56453.4,64865.0,56437.8,56460.7
2026-05-30 22:15:00,56366.6,64765.2,56387.5,56356.7
2026-05-30 22:20:00,56251.4,64632.8,56295.5,56230.7
2026-05-30 22:25:00,56148.8,64515.0,56174.9,56136.6
2026-05-30 22:30:00,56031.9,64380.6,56034.6,56030.6
2026-05-30 22:35:00,55959.8,64297.8,55961.4,55959.1
2026-05-30 22:40:00,55848.1,64169.4,55860.8,55842.1
2026-05-30 22:45:00,55765.5,64074.6,55724.1,55784.9
2026-05-30 22:50:00,55666.8,63961.2,55607.3,55694.7
2026-05-30 22:55:00,55569.6,63849.5,55524.2,55590.9
2026-05-30 23:00:00,55564.2,63843.2,55555.3,55568.3
2026-05-30 23:05:00,55693.9,63992.3,55736.7,55673.9
2026-05-30 23:10:00,55672.0,63967.2,55752.8,55634.2
2026-05-30 23:15:00,55530.1,63804.1,55474.5,55556.2
2026-05-30 23:20:00,55369.7,63619.8,55344.8,55381.4
2026-05-30 23:25:00,55226.3,63455.0,55194.9,55241.0
2026-05-30 23:30:00,54949.4,63136.8,54919.5,54963.4
2026-05-30 23:35:00,54703.5,62854.3,54705.6,54702.5
2026-05-30 23:40:00,54455.8,62569.7,54432.2,54466.8
2026-05-30 23:45:00,54192.5,62267.1,54261.2,54160.2
2026-05-30 23:50:00,54030.7,62081.3,53994.0,54048.0
2026-05-30 23:55:00,53731.4,61737.4,53779.8,53708.7
2026-05-31 00:00:00,53435.9,61397.9,53336.3,53482.6
2026-05-31 00:05:00,53219.1,61148.8,53198.5,53228.8
2026-05-31 00:10:00,52907.6,60790.8,52957.7,52884.1
2026-05-31 00:15:00,52618.1,60458.2,52632.7,52611.3
2026-05-31 00:20:00,52380.8,60185.5,52460.9,52343.3
2026-05-31 00:25:00,52086.8,59847.8,52070.8,52094.3
2026-05-31 00:30:00,51877.6,59607.3,51838.9,51895.7
2026-05-31 00:35:00,51682.2,59382.8,51642.2,51700.9
2026-05-31 00:40:00,51465.7,59134.0,51462.5,51467.1
2026-05-31 00:45:00,51267.8,58906.7,51230.5,51285.3
2026-05-31 00:50:00,51095.7,58708.9,51032.7,51125.1
2026-05-31 00:55:00,51058.4,58666.1,51026.3,51073.5
2026-05-31 01:00:00,50836.9,58411.6,50815.5,50846.9
2026-05-31 01:05:00,50729.9,58288.7,50832.1,50682.0
2026-05-31 01:10:00,50595.4,58134.1,50612.8,50587.3
2026-05-31 01:15:00,50577.2,58113.1,50587.6,50572.2
2026-05-31 01:20:00,50410.0,57921.1,50562.7,50338.5
2026-05-31 01:25:00,50369.4,57874.4,50334.4,50385.8
2026-05-31 01:30:00,50341.5,57842.4,50328.8,50347.4
2026-05-31 01:35:00,50367.6,57872.4,50352.1,50374.8
2026-05-31 01:40:00,50389.2,57897.2,50346.3,50409.3
2026-05-31 01:45:00,50374.2,57879.9,50346.0,50387.3
2026-05-31 01:50:00,50331.4,57830.8,50329.0,50332.6
2026-05-31 01:55:00,50341.3,57842.2,50343.2,50340.4
2026-05-31 02:00:00,50291.7,57785.2,50334.3,50271.7
2026-05-31 02:05:00,50200.9,57680.8,50363.5,50124.7
2026-05-31 02:10:00,50108.7,57574.8,50094.9,50115.1
2026-05-31 02:15:00,50106.3,57572.1,50089.7,50114.0
2026-05-31 02:20:00,50048.0,57505.2,50078.7,50033.6
2026-05-31 02:25:00,50051.2,57508.8,50083.8,50035.9
2026-05-31 02:30:00,50051.0,57508.6,50082.0,50036.4
2026-05-31 02:35:00,50062.4,57521.7,50095.4,50046.9
2026-05-31 02:40:00,50054.1,57512.2,50080.7,50041.7
2026-05-31 02:45:00,50055.5,57513.8,50085.0,50041.7
2026-05-31 02:50:00,50055.3,57513.5,50083.2,50042.2
2026-05-31 02:55:00,50051.6,57509.2,50082.1,50037.3
2026-05-31 03:00:00,50070.5,57531.0,50070.0,50070.8
2026-05-31 03:05:00,50101.4,57566.5,50102.8,50100.8
2026-05-31 03:10:00,50094.8,57558.9,50096.5,50094.0
2026-05-31 03:15:00,50093.1,57556.9,50092.0,50093.6
2026-05-31 03:20:00,50091.0,57554.5,50093.4,50089.8
2026-05-31 03:25:00,50096.7,57561.2,50096.9,50096.7
2026-05-31 03:30:00,50093.6,57557.6,50095.7,50092.6
2026-05-31 03:35:00,50115.1,57582.3,50113.2,50116.0
2026-05-31 03:40:00,50097.1,57561.6,50095.6,50097.9
2026-05-31 03:45:00,50098.5,57563.2,50099.7,50097.9
2026-05-31 03:50:00,50097.8,57562.4,50098.0,50097.7
2026-05-31 03:55:00,50101.9,57567.1,50096.8,50104.3
2026-05-31 04:00:00,50120.9,57588.9,50129.0,50117.2
2026-05-31 04:05:00,50146.0,57617.7,50152.4,50143.0
2026-05-31 04:10:00,50137.0,57607.4,50136.6,50137.2
2026-05-31 04:15:00,50135.0,57605.1,50128.1,50138.3
2026-05-31 04:20:00,50135.3,57605.5,50124.7,50140.3
2026-05-31 04:25:00,50140.1,57611.0,50131.4,50144.2
2026-05-31 04:30:00,50139.4,57610.1,50133.0,50142.3
2026-05-31 04:35:00,50164.6,57639.2,50152.6,50170.3
2026-05-31 04:40:00,50142.8,57614.1,50130.3,50148.7
2026-05-31 04:45:00,50142.5,57613.7,50129.2,50148.7
2026-05-31 04:50:00,50137.6,57608.0,50127.0,50142.5
2026-05-31 04:55:00,50136.7,57607.0,50126.5,50141.4
2026-05-31 05:00:00,50127.8,57596.9,50134.2,50124.8
2026-05-31 05:05:00,50169.7,57645.0,50155.9,50176.2
2026-05-31 05:10:00,50143.7,57615.1,50141.3,50144.8
2026-05-31 05:15:00,50140.6,57611.6,50132.8,50144.3
2026-05-31 05:20:00,50138.7,57609.4,50126.6,50144.4
2026-05-31 05:25:00,50139.1,57609.8,50128.4,50144.1
2026-05-31 05:30:00,50139.5,57610.3,50133.3,50142.4
2026-05-31 05:35:00,50180.9,57657.9,50163.0,50189.3
2026-05-31 05:40:00,50142.8,57614.0,50132.2,50147.7
2026-05-31 05:45:00,50142.2,57613.4,50129.7,50148.0
2026-05-31 05:50:00,50138.1,57608.7,50129.3,50142.2
2026-05-31 05:55:00,50136.2,57606.5,50125.6,50141.2
2026-05-31 06:00:00,50144.9,57616.5,50141.8,50146.4
2026-05-31 06:05:00,50212.6,57694.2,50187.8,50224.2
2026-05-31 06:10:00,50146.4,57618.2,50133.2,50152.5
2026-05-31 06:15:00,50139.2,57610.0,50122.7,50147.0
2026-05-31 06:20:00,50111.6,57578.3,50103.4,50115.5
2026-05-31 06:25:00,50112.2,57579.0,50106.0,50115.2
2026-05-31 06:30:00,50103.4,57568.8,50103.2,50103.5
2026-05-31 06:35:00,50124.1,57592.6,50127.1,50122.7
2026-05-31 06:40:00,50082.9,57545.2,50096.6,50076.4
2026-05-31 06:45:00,50084.3,57546.9,50100.5,50076.8
2026-05-31 06:50:00,50076.0,57537.3,50095.6,50066.8
2026-05-31 06:55:00,50074.4,57535.5,50092.8,50065.8
2026-05-31 07:00:00,50088.0,57551.1,50076.4,50093.4
2026-05-31 07:05:00,50159.5,57633.2,50152.2,50162.9
2026-05-31 07:10:00,50103.9,57569.4,50092.6,50109.2
2026-05-31 07:15:00,50094.4,57558.4,50085.7,50098.4
2026-05-31 07:20:00,50037.3,57492.9,50029.3,50041.0
2026-05-31 07:25:00,50028.7,57483.0,50020.2,50032.7
2026-05-31 07:30:00,49824.7,57248.6,49977.3,49753.2
2026-05-31 07:35:00,49793.9,57213.1,49781.4,49799.7
2026-05-31 07:40:00,49733.0,57143.2,49724.3,49737.0
2026-05-31 07:45:00,49728.7,57138.3,49720.7,49732.5
2026-05-31 07:50:00,49730.3,57140.1,49727.2,49731.7
2026-05-31 07:55:00,49728.5,57138.0,49720.9,49732.1
2026-05-31 08:00:00,49842.2,57268.7,49829.0,49848.3
2026-05-31 08:05:00,49910.9,57347.6,49883.9,49923.6
2026-05-31 08:10:00,49883.5,57316.1,49848.8,49899.7
2026-05-31 08:15:00,49886.3,57319.3,49866.6,49895.5
2026-05-31 08:20:00,49852.3,57280.2,49819.9,49867.4
2026-05-31 08:25:00,49859.5,57288.5,49833.9,49871.5
2026-05-31 08:30:00,49812.6,57234.7,49794.2,49821.2
2026-05-31 08:35:00,49827.3,57251.6,49809.6,49835.7
2026-05-31 08:40:00,49753.9,57167.2,49743.3,49758.8
2026-05-31 08:45:00,49756.8,57170.5,49752.3,49758.8
2026-05-31 08:50:00,49725.9,57135.1,49721.7,49727.9
2026-05-31 08:55:00,49721.5,57130.0,49714.8,49724.6
2026-05-31 09:00:00,49761.7,57176.2,49728.6,49777.3
2026-05-31 09:05:00,49800.9,57221.3,49764.6,49818.0
2026-05-31 09:10:00,49846.4,57273.5,49816.6,49860.4
2026-05-31 09:15:00,49855.1,57283.6,49841.3,49861.6
2026-05-31 09:20:00,49847.7,57275.0,49813.8,49863.6
2026-05-31 09:25:00,49850.6,57278.3,49819.2,49865.3
2026-05-31 09:30:00,49817.5,57240.4,49791.7,49829.7
2026-05-31 09:35:00,49835.3,57260.8,49805.8,49849.2
2026-05-31 09:40:00,49797.7,57217.6,49772.5,49809.5
2026-05-31 09:45:00,49800.9,57221.2,49782.3,49809.6
2026-05-31 09:50:00,49793.2,57212.4,49770.9,49803.6
2026-05-31 09:55:00,49793.3,57212.5,49763.7,49807.2
2026-05-31 10:00:00,49790.4,57209.1,49752.8,49808.0
2026-05-31 10:05:00,49908.7,57345.0,49853.5,49934.5
2026-05-31 10:10:00,49923.4,57362.0,49889.5,49939.3
2026-05-31 10:15:00,49947.5,57389.7,49957.0,49943.1
2026-05-31 10:20:00,49913.8,57350.9,49894.2,49922.9
2026-05-31 10:25:00,49896.3,57330.9,49883.8,49902.2
2026-05-31 10:30:00,49831.0,57255.8,49807.3,49842.1
2026-05-31 10:35:00,49845.6,57272.6,49824.2,49855.6
2026-05-31 10:40:00,49819.6,57242.7,49801.4,49828.1
2026-05-31 10:45:00,49822.6,57246.2,49810.6,49828.2
2026-05-31 10:50:00,49814.1,57236.4,49796.8,49822.2
2026-05-31 10:55:00,49811.4,57233.3,49788.8,49822.0
2026-05-31 11:00:00,49799.8,57219.9,49764.3,49816.4
2026-05-31 11:05:00,49817.7,57240.5,49774.4,49838.0
2026-05-31 11:10:00,49820.0,57243.2,49783.2,49837.3
2026-05-31 11:15:00,49824.2,57248.0,49794.9,49838.0
2026-05-31 11:20:00,49815.6,57238.1,49780.7,49831.9
2026-05-31 11:25:00,49826.9,57251.1,49788.4,49844.9
2026-05-31 11:30:00,49809.4,57231.0,49773.6,49826.2
2026-05-31 11:35:00,49823.9,57247.6,49790.4,49839.5
2026-05-31 11:40:00,49789.0,57207.5,49760.8,49802.2
2026-05-31 11:45:00,49787.4,57205.7,49760.4,49800.0
2026-05-31 11:50:00,49778.1,57195.0,49760.6,49786.3
2026-05-31 11:55:00,49784.4,57202.3,49752.6,49799.3
2026-05-31 12:00:00,49787.7,57206.1,49753.0,49804.0
2026-05-31 12:05:00,49879.7,57311.7,49839.8,49898.3
2026-05-31 12:10:00,49884.5,57317.3,49861.6,49895.3
2026-05-31 12:15:00,49881.8,57314.2,49851.6,49896.0
2026-05-31 12:20:00,49888.8,57322.2,49865.0,49899.9
2026-05-31 12:25:00,49891.9,57325.8,49866.3,49903.9
2026-05-31 12:30:00,49878.1,57309.9,49844.2,49893.9
2026-05-31 12:35:00,49893.6,57327.7,49873.0,49903.2
2026-05-31 12:40:00,49920.9,57359.1,49904.8,49928.4
2026-05-31 12:45:00,49929.4,57368.9,49912.7,49937.3
2026-05-31 12:50:00,49944.1,57385.8,49928.3,49951.5
2026-05-31 12:55:00,49952.1,57394.9,49937.9,49958.7
2026-05-31 13:00:00,50064.7,57524.3,50026.7,50082.5
2026-05-31 13:05:00,50300.2,57794.9,50270.0,50314.4
2026-05-31 13:10:00,50366.4,57871.0,50484.2,50311.2
2026-05-31 13:15:00,50514.9,58041.7,50494.3,50524.6
2026-05-31 13:20:00,50504.7,58029.8,50472.7,50519.6
2026-05-31 13:25:00,50521.2,58048.9,50490.4,50535.6
2026-05-31 13:30:00,50514.0,58040.6,50489.4,50525.5
2026-05-31 13:35:00,50525.4,58053.7,50504.8,50535.0
2026-05-31 13:40:00,50498.6,58022.9,50468.7,50512.6
2026-05-31 13:45:00,50493.0,58016.5,50462.3,50507.4
2026-05-31 13:50:00,50562.3,58096.0,50485.2,50598.4
2026-05-31 13:55:00,50647.5,58193.9,50752.8,50598.1
2026-05-31 14:00:00,50812.1,58383.1,50761.5,50835.8
2026-05-31 14:05:00,50826.6,58399.7,50952.0,50767.8
2026-05-31 14:10:00,50851.5,58428.4,51002.6,50780.8
2026-05-31 14:15:00,50852.0,58429.0,51008.6,50778.7
2026-05-31 14:20:00,50890.3,58472.9,50999.7,50839.0
2026-05-31 14:25:00,51013.9,58615.0,51024.1,51009.1
2026-05-31 14:30:00,51064.8,58673.4,51012.0,51089.5
2026-05-31 14:35:00,51070.1,58679.5,51021.8,51092.6
2026-05-31 14:40:00,51142.2,58762.4,51250.0,51091.7
2026-05-31 14:45:00,51286.0,58927.7,51256.0,51300.1
2026-05-31 14:50:00,51291.6,58934.0,51270.2,51301.6
2026-05-31 14:55:00,51275.3,58915.3,51263.1,51281.0
2026-05-31 15:00:00,51319.3,58965.9,51319.2,51319.4
2026-05-31 15:05:00,51384.0,59040.3,51520.2,51320.3
2026-05-31 15:10:00,51583.6,59269.5,51589.5,51580.8
2026-05-31 15:15:00,51808.4,59527.8,51830.9,51797.8
2026-05-31 15:20:00,52008.0,59757.2,52044.3,51991.0
2026-05-31 15:25:00,52270.1,60058.3,52302.4,52255.0
2026-05-31 15:30:00,52450.2,60265.3,52485.8,52433.5
2026-05-31 15:35:00,52659.2,60505.4,52699.8,52640.1
2026-05-31 15:40:00,52836.7,60709.4,52897.4,52808.2
2026-05-31 15:45:00,53046.2,60950.1,53065.2,53037.3
2026-05-31 15:50:00,53262.3,61198.3,53266.2,53260.4
2026-05-31 15:55:00,53443.2,61406.2,53440.3,53444.5
2026-05-31 16:00:00,53654.7,61649.2,53638.2,53662.4
2026-05-31 16:05:00,53797.9,61813.8,53759.0,53816.2
2026-05-31 16:10:00,53982.6,62026.0,53978.2,53984.7
2026-05-31 16:15:00,54144.2,62211.7,54163.1,54135.4
2026-05-31 16:20:00,54264.6,62350.0,54317.2,54239.9
2026-05-31 16:25:00,54470.2,62586.3,54465.1,54472.7
2026-05-31 16:30:00,54654.7,62798.3,54696.3,54635.3
2026-05-31 16:35:00,54842.5,63014.0,54833.1,54846.9
2026-05-31 16:40:00,55003.9,63199.5,54994.5,55008.3
2026-05-31 16:45:00,55227.9,63456.9,55278.4,55204.3
2026-05-31 16:50:00,55358.0,63606.3,55335.0,55368.7
2026-05-31 16:55:00,55514.1,63785.7,55568.1,55488.8
2026-05-31 17:00:00,55682.7,63979.4,55656.0,55695.1
2026-05-31 17:05:00,55712.9,64014.1,55698.8,55719.5
2026-05-31 17:10:00,55868.0,64192.3,55880.2,55862.3
2026-05-31 17:15:00,56004.3,64349.0,56001.6,56005.6
2026-05-31 17:20:00,56179.4,64550.1,56137.3,56199.1
2026-05-31 17:25:00,56332.6,64726.2,56321.8,56337.7
2026-05-31 17:30:00,56482.9,64898.8,56468.6,56489.6
2026-05-31 17:35:00,56650.4,65091.3,56633.8,56658.2
2026-05-31 17:40:00,56768.6,65227.1,56804.5,56751.7
2026-05-31 17:45:00,56850.9,65321.7,56917.7,56819.6
2026-05-31 17:50:00,56975.2,65464.5,56971.4,56977.0
2026-05-31 17:55:00,57097.1,65604.6,57045.2,57121.5
2026-05-31 18:00:00,57208.5,65732.5,57256.8,57185.8
2026-05-31 18:05:00,57309.0,65848.0,57297.8,57314.2
2026-05-31 18:10:00,57430.4,65987.5,57440.4,57425.7
2026-05-31 18:15:00,57454.1,66014.8,57508.2,57428.8
2026-05-31 18:20:00,57559.0,66135.2,57512.0,57581.0
2026-05-31 18:25:00,57675.4,66269.0,57634.2,57694.7
2026-05-31 18:30:00,57789.5,66400.2,57854.0,57759.3
2026-05-31 18:35:00,57834.0,66451.3,57899.6,57803.3
2026-05-31 18:40:00,57892.3,66518.3,57886.0,57895.3
2026-05-31 18:45:00,57921.4,66551.7,58001.7,57883.8
2026-05-31 18:50:00,57985.6,66625.4,57976.2,57989.9
2026-05-31 18:55:00,58037.0,66684.5,58090.0,58012.1
2026-05-31 19:00:00,58113.9,66772.9,58042.4,58147.4
2026-05-31 19:05:00,58156.6,66821.9,58099.7,58183.2
2026-05-31 19:10:00,58183.8,66853.2,58240.8,58157.1
2026-05-31 19:15:00,58213.5,66887.3,58239.4,58201.3
2026-05-31 19:20:00,58215.4,66889.5,58220.3,58213.1
2026-05-31 19:25:00,58225.8,66901.5,58232.4,58222.8
2026-05-31 19:30:00,58242.6,66920.7,58301.8,58214.9
2026-05-31 19:35:00,58232.5,66909.1,58291.3,58204.9
2026-05-31 19:40:00,58234.8,66911.8,58284.3,58211.7
2026-05-31 19:45:00,58236.2,66913.4,58290.0,58211.0
2026-05-31 19:50:00,58213.7,66887.6,58256.9,58193.5
2026-05-31 19:55:00,58172.1,66839.7,58167.2,58174.4
2026-05-31 20:00:00,58114.0,66772.9,58121.9,58110.2
2026-05-31 20:05:00,58068.6,66720.8,58014.5,58093.9
2026-05-31 20:10:00,58014.5,66658.7,58039.3,58002.9
2026-05-31 20:15:00,57964.4,66601.1,57940.3,57975.7
2026-05-31 20:20:00,57914.2,66543.4,57935.9,57904.0
2026-05-31 20:25:00,57884.1,66508.8,57841.0,57904.2
2026-05-31 20:30:00,57806.4,66419.5,57824.4,57798.0
2026-05-31 20:35:00,57744.8,66348.7,57758.1,57738.5
2026-05-31 20:40:00,57712.8,66312.0,57673.7,57731.1
2026-05-31 20:45:00,57673.1,66266.4,57679.4,57670.1
2026-05-31 20:50:00,57650.8,66240.8,57650.1,57651.2
2026-05-31 20:55:00,57627.8,66214.3,57569.9,57654.9
2026-05-31 21:00:00,57521.1,66091.7,57472.2,57544.0
2026-05-31 21:05:00,57374.9,65923.8,57382.8,57371.2
2026-05-31 21:10:00,57297.0,65834.3,57248.9,57319.6
2026-05-31 21:15:00,57246.2,65775.9,57226.0,57255.6
2026-05-31 21:20:00,57174.7,65693.7,57155.6,57183.6
2026-05-31 21:25:00,57100.7,65608.7,57033.8,57132.0
2026-05-31 21:30:00,57024.3,65520.9,57029.4,57021.8
2026-05-31 21:35:00,56911.7,65391.5,56938.5,56899.1
2026-05-31 21:40:00,56827.7,65295.0,56841.9,56821.1
2026-05-31 21:45:00,56743.7,65198.5,56767.9,56732.4
2026-05-31 21:50:00,56652.7,65093.9,56684.6,56637.7
2026-05-31 21:55:00,56542.5,64967.3,56584.0,56523.0
2026-05-31 22:00:00,56439.7,64849.3,56502.5,56410.3
2026-05-31 22:05:00,56443.1,64853.2,56445.3,56442.1
2026-05-31 22:10:00,56345.3,64740.7,56330.5,56352.2
2026-05-31 22:15:00,56233.9,64612.7,56282.9,56210.9
2026-05-31 22:20:00,56107.7,64467.8,56088.9,56116.6
2026-05-31 22:25:00,55987.8,64330.0,55946.4,56007.3
2026-05-31 22:30:00,55845.1,64166.1,55807.6,55862.8
2026-05-31 22:35:00,55784.6,64096.5,55736.5,55807.1
2026-05-31 22:40:00,55628.1,63916.7,55577.6,55651.8
2026-05-31 22:45:00,55550.6,63827.7,55494.5,55576.9
2026-05-31 22:50:00,55437.6,63697.8,55388.9,55460.3
2026-05-31 22:55:00,55306.8,63547.5,55275.1,55321.7
2026-05-31 23:00:00,55286.3,63524.0,55282.6,55288.1
2026-05-31 23:05:00,55419.8,63677.4,55462.6,55399.8
2026-05-31 23:10:00,55346.6,63593.2,55364.0,55338.4
2026-05-31 23:15:00,55167.4,63387.4,55216.1,55144.6
2026-05-31 23:20:00,54989.9,63183.4,54982.8,54993.2
2026-05-31 23:25:00,54753.6,62911.8,54822.4,54721.3
2026-05-31 23:30:00,54538.9,62665.2,54499.3,54557.4
2026-05-31 23:35:00,54304.8,62396.2,54286.7,54313.3
2026-05-31 23:40:00,54015.3,62063.6,54029.4,54008.7
2026-05-31 23:45:00,53770.3,61782.1,53833.4,53740.8
2026-05-31 23:50:00,53507.9,61480.6,53486.4,53518.0
2026-05-31 23:55:00,53122.3,61037.5,53085.2,53139.7
2026-06-01 00:00:00,52713.4,60567.7,52700.3,52719.5
2026-06-01 00:05:00,52590.2,60426.1,52591.3,52589.6
2026-06-01 00:10:00,52357.9,60159.3,52351.1,52361.1
2026-06-01 00:15:00,52118.8,59884.5,52108.6,52123.6
2026-06-01 00:20:00,51902.5,59636.0,51864.9,51920.1
2026-06-01 00:25:00,51701.1,59404.6,51654.6,51722.9
2026-06-01 00:30:00,51480.9,59151.6,51469.1,51486.4
2026-06-01 00:35:00,51297.6,58940.9,51267.1,51311.9
2026-06-01 00:40:00,51124.1,58741.5,51061.5,51153.4
2026-06-01 00:45:00,51100.2,58714.1,51061.2,51118.5
2026-06-01 00:50:00,51067.4,58676.5,51050.4,51075.5
2026-06-01 00:55:00,50931.3,58520.0,51041.0,50879.9
2026-06-01 01:00:00,50808.9,58379.4,50833.6,50797.3
2026-06-01 01:05:00,50660.5,58208.9,50631.6,50674.0
2026-06-01 01:10:00,50653.0,58200.3,50629.8,50663.8
2026-06-01 01:15:00,50678.2,58229.3,50624.0,50703.7
2026-06-01 01:20:00,50682.1,58233.8,50628.3,50707.4
2026-06-01 01:25:00,50676.2,58227.0,50634.9,50695.6
2026-06-01 01:30:00,50673.6,58224.0,50626.1,50695.9
2026-06-01 01:35:00,50670.4,58220.3,50645.1,50682.2
2026-06-01 01:40:00,50657.8,58205.8,50610.4,50680.0
2026-06-01 01:45:00,50657.4,58205.4,50609.2,50680.0
2026-06-01 01:50:00,50670.6,58220.5,50611.3,50698.3
2026-06-01 01:55:00,50672.5,58222.7,50625.3,50694.6
2026-06-01 02:00:00,50624.4,58167.5,50602.6,50634.7
2026-06-01 02:05:00,50665.6,58214.8,50649.3,50673.2
2026-06-01 02:10:00,50648.9,58195.6,50632.1,50656.8
2026-06-01 02:15:00,50648.2,58194.8,50631.0,50656.3
2026-06-01 02:20:00,50646.7,58193.0,50632.2,50653.5
2026-06-01 02:25:00,50648.5,58195.1,50636.7,50654.0
2026-06-01 02:30:00,50644.9,58191.0,50629.3,50652.2
2026-06-01 02:35:00,50656.1,58203.9,50646.1,50660.8
2026-06-01 02:40:00,50649.4,58196.2,50630.2,50658.4
2026-06-01 02:45:00,50650.6,58197.6,50633.9,50658.5
2026-06-01 02:50:00,50650.3,58197.2,50631.2,50659.3
2026-06-01 02:55:00,50645.4,58191.5,50629.9,50652.6
2026-06-01 03:00:00,50656.4,58204.2,50631.3,50668.2
2026-06-01 03:05:00,50700.6,58255.0,50665.7,50716.9
2026-06-01 03:10:00,50689.3,58242.0,50659.4,50703.3
2026-06-01 03:15:00,50689.4,58242.1,50656.3,50704.9
2026-06-01 03:20:00,50688.5,58241.1,50659.5,50702.1
2026-06-01 03:25:00,50692.9,58246.1,50662.2,50707.2
2026-06-01 03:30:00,50686.9,58239.2,50657.0,50700.8
2026-06-01 03:35:00,50710.1,58265.9,50679.6,50724.3
2026-06-01 03:40:00,50691.4,58244.4,50657.9,50707.1
2026-06-01 03:45:00,50692.6,58245.8,50661.4,50707.1
2026-06-01 03:50:00,50691.7,58244.8,50658.7,50707.1
2026-06-01 03:55:00,50690.8,58243.7,50661.9,50704.3
2026-06-01 04:00:00,50740.1,58300.4,50714.0,50752.4
2026-06-01 04:05:00,50788.3,58355.8,50768.6,50797.5
2026-06-01 04:10:00,50769.9,58334.6,50738.8,50784.5
2026-06-01 04:15:00,50770.0,58334.7,50733.0,50787.3
2026-06-01 04:20:00,50768.1,58332.5,50730.1,50785.9
2026-06-01 04:25:00,50772.7,58337.9,50737.3,50789.3
2026-06-01 04:30:00,50766.9,58331.1,50732.5,50783.0
2026-06-01 04:35:00,50796.7,58365.4,50766.9,50810.6
2026-06-01 04:40:00,50767.3,58331.7,50723.8,50787.7
2026-06-01 04:45:00,50766.2,58330.4,50720.2,50787.8
2026-06-01 04:50:00,50760.6,58323.9,50715.2,50781.8
2026-06-01 04:55:00,50760.3,58323.6,50719.8,50779.3
2026-06-01 05:00:00,50840.8,58416.1,50799.8,50860.0
2026-06-01 05:05:00,50996.5,58595.0,51116.1,50940.4
2026-06-01 05:10:00,51143.3,58763.7,51084.1,51171.1
2026-06-01 05:15:00,51337.6,58986.9,51290.7,51359.5
2026-06-01 05:20:00,51566.5,59249.9,51559.6,51569.7
2026-06-01 05:25:00,51799.3,59517.3,51788.6,51804.3
2026-06-01 05:30:00,52006.8,59755.8,52005.8,52007.2
2026-06-01 05:35:00,52333.9,60131.7,52293.6,52352.8
2026-06-01 05:40:00,52495.5,60317.3,52445.0,52519.1
2026-06-01 05:45:00,52722.8,60578.5,52695.6,52735.6
2026-06-01 05:50:00,52914.9,60799.3,52912.7,52916.0
2026-06-01 05:55:00,53154.9,61075.0,53141.0,53161.4
2026-06-01 06:00:00,53479.7,61448.2,53453.8,53491.9
2026-06-01 06:05:00,53928.2,61963.5,53925.2,53929.6
2026-06-01 06:10:00,54267.7,62353.6,54248.7,54276.6
2026-06-01 06:15:00,54546.1,62673.5,54501.6,54567.0
2026-06-01 06:20:00,54779.7,62941.8,54783.8,54777.7
2026-06-01 06:25:00,55051.7,63254.4,55038.5,55057.9
2026-06-01 06:30:00,55334.2,63578.9,55298.1,55351.0
2026-06-01 06:35:00,55652.2,63944.3,55618.8,55667.8
2026-06-01 06:40:00,55871.5,64196.3,55869.4,55872.4
2026-06-01 06:45:00,56123.5,64485.9,56106.8,56131.3
2026-06-01 06:50:00,56325.7,64718.2,56305.6,56335.1
2026-06-01 06:55:00,56582.3,65013.1,56569.9,56588.1
2026-06-01 07:00:00,57083.6,65589.1,57048.4,57100.1
2026-06-01 07:05:00,57652.8,66243.1,57640.8,57658.4
2026-06-01 07:10:00,57984.5,66624.2,57976.9,57988.0
2026-06-01 07:15:00,58328.9,67019.9,58377.1,58306.3
2026-06-01 07:20:00,58615.0,67348.6,58658.2,58594.7
2026-06-01 07:25:00,58908.8,67686.2,58917.6,58904.6
2026-06-01 07:30:00,59124.6,67934.2,59111.8,59130.7
2026-06-01 07:35:00,59435.4,68291.3,59385.3,59458.9
2026-06-01 07:40:00,59721.5,68620.0,59654.1,59753.1
2026-06-01 07:45:00,60023.1,68966.5,59990.5,60038.4
2026-06-01 07:50:00,60278.1,69259.6,60286.2,60274.3
2026-06-01 07:55:00,60541.5,69562.1,60576.6,60525.0
2026-06-01 08:00:00,60969.9,70054.4,60930.9,60988.1
2026-06-01 08:05:00,61584.7,70760.8,61575.0,61589.2
2026-06-01 08:10:00,61955.9,71187.3,61942.7,61962.0
2026-06-01 08:15:00,62330.4,71617.7,62360.2,62316.5
2026-06-01 08:20:00,62606.4,71934.7,62634.1,62593.4
2026-06-01 08:25:00,62888.4,72258.8,62936.7,62865.7
2026-06-01 08:30:00,63154.9,72565.0,63191.7,63137.7
2026-06-01 08:35:00,63481.9,72940.7,63485.6,63480.2
2026-06-01 08:40:00,63687.8,73177.3,63671.9,63695.3
2026-06-01 08:45:00,63843.8,73356.5,63854.9,63838.6
2026-06-01 08:50:00,64054.3,73598.4,64038.3,64061.8
2026-06-01 08:55:00,64230.8,73801.2,64216.3,64237.6
2026-06-01 09:00:00,64268.0,73843.9,64285.9,64259.6
2026-06-01 09:05:00,64390.8,73985.0,64433.9,64370.6
2026-06-01 09:10:00,64596.4,74221.3,64562.2,64612.5
2026-06-01 09:15:00,64812.6,74469.6,64758.1,64838.1
2026-06-01 09:20:00,64948.6,74625.9,64874.8,64983.1
2026-06-01 09:25:00,65089.4,74787.7,65106.3,65081.5
2026-06-01 09:30:00,65137.3,74842.8,65141.8,65135.2
2026-06-01 09:35:00,65167.8,74877.7,65241.4,65133.3
2026-06-01 09:40:00,65151.0,74858.5,65196.2,65129.8
2026-06-01 09:45:00,65133.0,74837.8,65205.7,65098.9
2026-06-01 09:50:00,65083.7,74781.2,65180.9,65038.2
2026-06-01 09:55:00,65026.4,74715.3,65068.4,65006.7
2026-06-01 10:00:00,64853.4,74516.5,64951.2,64807.6
2026-06-01 10:05:00,64883.7,74551.4,65007.2,64825.9
2026-06-01 10:10:00,64960.2,74639.3,64994.0,64944.4
2026-06-01 10:15:00,65106.8,74807.7,65170.8,65076.9
2026-06-01 10:20:00,65158.1,74866.6,65166.6,65154.1
2026-06-01 10:25:00,65138.1,74843.6,65235.7,65092.3
2026-06-01 10:30:00,65040.1,74731.1,65124.3,65000.6
2026-06-01 10:35:00,64949.0,74626.4,64971.3,64938.5
2026-06-01 10:40:00,64879.8,74546.9,64953.8,64845.2
2026-06-01 10:45:00,64851.2,74514.0,64863.9,64845.3
2026-06-01 10:50:00,64783.4,74436.1,64856.8,64749.0
2026-06-01 10:55:00,64748.9,74396.5,64761.5,64743.0
2026-06-01 11:00:00,64594.1,74218.6,64563.5,64608.4
2026-06-01 11:05:00,64542.9,74159.8,64539.7,64544.4
2026-06-01 11:10:00,64466.3,74071.8,64437.4,64479.8
2026-06-01 11:15:00,64366.4,73956.9,64434.7,64334.3
2026-06-01 11:20:00,64243.5,73815.8,64308.8,64212.9
2026-06-01 11:25:00,64130.5,73685.9,64111.3,64139.5
2026-06-01 11:30:00,64008.4,73545.7,63969.1,64026.9
2026-06-01 11:35:00,63952.9,73481.9,63914.5,63970.9
2026-06-01 11:40:00,63822.2,73331.7,63749.2,63856.4
2026-06-01 11:45:00,63742.2,73239.8,63672.0,63775.1
2026-06-01 11:50:00,63557.7,73027.8,63468.4,63599.6
2026-06-01 11:55:00,63236.3,72658.5,63222.5,63242.7
2026-06-01 12:00:00,62770.2,72123.0,62863.2,62726.7
2026-06-01 12:05:00,62884.2,72253.9,62837.8,62905.9
2026-06-01 12:10:00,62920.1,72295.2,62926.1,62917.3
2026-06-01 12:15:00,62905.5,72278.4,62898.4,62908.8
2026-06-01 12:20:00,62916.4,72290.9,62910.2,62919.3
2026-06-01 12:25:00,62924.1,72299.8,62899.8,62935.5
2026-06-01 12:30:00,62785.7,72140.8,62777.5,62789.6
2026-06-01 12:35:00,62785.9,72141.1,62776.3,62790.5
2026-06-01 12:40:00,62876.6,72245.2,62837.4,62895.0
2026-06-01 12:45:00,63017.5,72407.1,62986.4,63032.1
2026-06-01 12:50:00,63114.0,72518.0,63102.0,63119.6
2026-06-01 12:55:00,63280.0,72708.7,63244.8,63296.5
2026-06-01 13:00:00,63692.5,73182.7,63559.5,63754.9
2026-06-01 13:05:00,64082.3,73630.6,63996.1,64122.7
2026-06-01 13:10:00,64394.5,73989.3,64451.2,64367.9
2026-06-01 13:15:00,64678.2,74315.2,64644.3,64694.1
2026-06-01 13:20:00,64902.7,74573.2,64934.6,64887.8
2026-06-01 13:25:00,65163.6,74873.0,65093.4,65196.5
2026-06-01 13:30:00,65407.2,75152.9,65408.6,65406.5
2026-06-01 13:35:00,65642.3,75423.0,65588.2,65667.6
2026-06-01 13:40:00,65859.1,75672.1,65897.7,65841.0
2026-06-01 13:45:00,66071.3,75915.9,66048.4,66082.0
2026-06-01 13:50:00,66215.2,76081.3,66205.2,66219.9
2026-06-01 13:55:00,66318.7,76200.2,66349.0,66304.5
2026-06-01 14:00:00,66406.1,76300.6,66394.2,66411.7
2026-06-01 14:05:00,66468.8,76372.6,66489.9,66458.9
2026-06-01 14:10:00,66621.3,76547.9,66640.3,66612.4
2026-06-01 14:15:00,66748.0,76693.5,66739.7,66751.9
2026-06-01 14:20:00,66843.4,76803.1,66897.3,66818.2
2026-06-01 14:25:00,66902.8,76871.3,66896.0,66906.0
2026-06-01 14:30:00,66990.6,76972.2,66989.4,66991.1
2026-06-01 14:35:00,67079.6,77074.4,67065.2,67086.3
2026-06-01 14:40:00,67083.5,77078.9,67196.0,67030.8
2026-06-01 14:45:00,67081.3,77076.4,67222.7,67015.0
2026-06-01 14:50:00,67066.1,77058.9,67205.8,67000.6
2026-06-01 14:55:00,67033.7,77021.7,67152.8,66977.9
2026-06-01 15:00:00,66919.8,76890.8,67009.9,66877.5
2026-06-01 15:05:00,66841.0,76800.3,66918.3,66804.8
2026-06-01 15:10:00,66886.3,76852.3,66941.0,66860.6
2026-06-01 15:15:00,67049.9,77040.3,67053.7,67048.1
2026-06-01 15:20:00,67138.2,77141.8,67121.2,67146.1
2026-06-01 15:25:00,67235.9,77254.0,67250.8,67228.9
2026-06-01 15:30:00,67311.8,77341.3,67297.0,67318.7
2026-06-01 15:35:00,67393.5,77435.1,67436.9,67373.2
2026-06-01 15:40:00,67501.9,77559.7,67539.0,67484.6
2026-06-01 15:45:00,67623.1,77698.9,67674.5,67599.0
2026-06-01 15:50:00,67727.2,77818.6,67764.7,67709.6
2026-06-01 15:55:00,67827.6,77933.9,67866.3,67809.4
2026-06-01 16:00:00,67845.0,77953.9,67873.5,67831.7
2026-06-01 16:05:00,67727.5,77818.9,67817.8,67685.3
2026-06-01 16:10:00,67815.0,77919.4,67855.8,67795.8
2026-06-01 16:15:00,67925.8,78046.8,67983.3,67898.9
2026-06-01 16:20:00,68008.5,78141.7,68079.0,67975.4
2026-06-01 16:25:00,68087.7,78232.7,68076.0,68093.2
2026-06-01 16:30:00,68186.0,78345.7,68183.8,68187.1
2026-06-01 16:35:00,68232.9,78399.6,68299.5,68201.7
2026-06-01 16:40:00,68301.2,78478.1,68283.6,68309.5
2026-06-01 16:45:00,68395.7,78586.7,68389.0,68398.8
2026-06-01 16:50:00,68458.5,78658.8,68485.4,68445.9
2026-06-01 16:55:00,68526.4,78736.8,68452.0,68561.2
2026-06-01 17:00:00,68504.2,78711.3,68470.2,68520.2
2026-06-01 17:05:00,68362.5,78548.5,68376.8,68355.8
2026-06-01 17:10:00,68451.9,78651.2,68464.0,68446.2
2026-06-01 17:15:00,68526.6,78737.1,68484.4,68546.4
2026-06-01 17:20:00,68606.1,78828.4,68575.8,68620.3
2026-06-01 17:25:00,68672.3,78904.4,68697.2,68660.6
2026-06-01 17:30:00,68723.7,78963.5,68711.3,68729.5
2026-06-01 17:35:00,68775.3,79022.8,68863.0,68734.3
2026-06-01 17:40:00,68885.8,79149.8,68870.2,68893.1
2026-06-01 17:45:00,68981.6,79259.9,68982.5,68981.2
2026-06-01 17:50:00,69055.3,79344.6,69069.2,69048.8
2026-06-01 17:55:00,69050.1,79338.6,69109.4,69022.4
2026-06-01 18:00:00,69035.8,79322.2,69075.5,69017.3
2026-06-01 18:05:00,68973.6,79250.6,69023.9,68950.0
2026-06-01 18:10:00,69009.6,79292.0,69083.1,68975.2
2026-06-01 18:15:00,69073.2,79365.1,69088.0,69066.3
2026-06-01 18:20:00,69094.4,79389.5,69161.5,69063.0
2026-06-01 18:25:00,69164.9,79470.4,69174.6,69160.3
2026-06-01 18:30:00,69236.9,79553.2,69304.0,69205.5
2026-06-01 18:35:00,69278.0,79600.4,69284.5,69274.9
2026-06-01 18:40:00,69297.1,79622.4,69368.7,69263.6
2026-06-01 18:45:00,69295.0,79619.9,69367.8,69260.9
2026-06-01 18:50:00,69256.4,79575.6,69334.5,69219.9
2026-06-01 18:55:00,69197.4,79507.8,69194.1,69198.9
2026-06-01 19:00:00,69093.9,79388.8,69105.9,69088.2
2026-06-01 19:05:00,68962.4,79237.7,68946.0,68970.0
2026-06-01 19:10:00,68934.0,79205.1,68918.5,68941.2
2026-06-01 19:15:00,68933.6,79204.8,68916.9,68941.5
2026-06-01 19:20:00,68933.9,79205.1,68916.8,68941.9
2026-06-01 19:25:00,68918.7,79187.5,68881.7,68936.0
2026-06-01 19:30:00,68838.5,79095.5,68774.2,68868.7
2026-06-01 19:35:00,68742.4,78985.0,68772.8,68728.1
2026-06-01 19:40:00,68617.7,78841.7,68657.3,68599.2
2026-06-01 19:45:00,68506.9,78714.4,68533.6,68494.3
2026-06-01 19:50:00,68376.2,78564.3,68406.2,68362.1
2026-06-01 19:55:00,68322.6,78502.7,68289.0,68338.3
2026-06-01 20:00:00,68166.5,78323.3,68137.1,68180.3
2026-06-01 20:05:00,68000.6,78132.7,68032.8,67985.5
2026-06-01 20:10:00,67878.0,77991.8,67861.7,67885.6
2026-06-01 20:15:00,67767.4,77864.7,67720.2,67789.5
2026-06-01 20:20:00,67611.1,77685.2,67601.4,67615.7
2026-06-01 20:25:00,67401.7,77444.5,67494.7,67358.1
2026-06-01 20:30:00,67147.3,77152.2,67214.6,67115.7
2026-06-01 20:35:00,66964.0,76941.7,66933.4,66978.4
2026-06-01 20:40:00,66779.8,76730.0,66816.0,66762.9
2026-06-01 20:45:00,66651.6,76582.7,66622.6,66665.2
2026-06-01 20:50:00,66443.1,76343.2,66482.8,66424.5
2026-06-01 20:55:00,66257.4,76129.7,66266.4,66253.1
2026-06-01 21:00:00,66026.5,75864.5,66038.3,66021.0
2026-06-01 21:05:00,65843.6,75654.3,65862.6,65834.7
2026-06-01 21:10:00,65708.4,75499.0,65695.7,65714.4
2026-06-01 21:15:00,65476.0,75231.9,65507.4,65461.3
2026-06-01 21:20:00,65274.8,75000.7,65303.8,65261.2
2026-06-01 21:25:00,65082.1,74779.3,65103.3,65072.1
2026-06-01 21:30:00,64902.7,74573.2,64894.7,64906.4
2026-06-01 21:35:00,64714.1,74356.5,64699.3,64721.0
2026-06-01 21:40:00,64536.4,74152.4,64514.1,64546.9
2026-06-01 21:45:00,64365.6,73956.1,64347.3,64374.2
2026-06-01 21:50:00,64240.4,73812.2,64247.0,64237.2
2026-06-01 21:55:00,64045.7,73588.6,64038.0,64049.4
2026-06-01 22:00:00,63824.6,73334.5,63834.5,63820.0
2026-06-01 22:05:00,63905.9,73427.9,63910.4,63903.8
2026-06-01 22:10:00,63791.5,73296.5,63854.0,63762.3
2026-06-01 22:15:00,63650.4,73134.3,63640.7,63655.0
2026-06-01 22:20:00,63527.4,72992.9,63495.9,63542.1
2026-06-01 22:25:00,63342.1,72780.1,63353.0,63337.0
2026-06-01 22:30:00,63185.8,72600.5,63172.8,63191.9
2026-06-01 22:35:00,63033.1,72425.0,63013.9,63042.1
2026-06-01 22:40:00,62848.2,72212.6,62812.6,62864.9
2026-06-01 22:45:00,62680.3,72019.6,62670.9,62684.6
2026-06-01 22:50:00,62569.1,71891.9,62564.9,62571.0
2026-06-01 22:55:00,62393.1,71689.6,62382.1,62398.2
2026-06-01 23:00:00,62448.5,71753.3,62467.1,62439.8
2026-06-01 23:05:00,62760.8,72112.1,62819.6,62733.2
2026-06-01 23:10:00,62731.9,72078.9,62817.7,62691.7
2026-06-01 23:15:00,62564.4,71886.5,62567.4,62563.0
2026-06-01 23:20:00,62332.6,71620.1,62303.8,62346.0
2026-06-01 23:25:00,62101.5,71354.6,62083.8,62109.8
2026-06-01 23:30:00,61762.0,70964.5,61669.8,61805.2
2026-06-01 23:35:00,61384.7,70531.1,61386.7,61383.8
2026-06-01 23:40:00,60977.4,70063.1,61003.6,60965.1
2026-06-01 23:45:00,60603.4,69633.3,60604.3,60602.9
2026-06-01 23:50:00,60234.4,69209.3,60248.4,60227.8
2026-06-01 23:55:00,59803.7,68714.4,59813.4,59799.2
2026-06-02 00:00:00,59198.8,68019.4,59191.3,59202.3
2026-06-02 00:05:00,58941.4,67723.7,59020.6,58904.3
2026-06-02 00:10:00,58641.4,67379.0,58636.5,58643.7
2026-06-02 00:15:00,58336.2,67028.3,58348.9,58330.3
2026-06-02 00:20:00,58113.6,66772.5,58100.4,58119.8
2026-06-02 00:25:00,57892.5,66518.5,57807.0,57932.5
2026-06-02 00:30:00,57639.9,66228.3,57620.0,57649.2
2026-06-02 00:35:00,57441.0,65999.7,57372.8,57472.9
2026-06-02 00:40:00,57197.1,65719.4,57191.7,57199.5
2026-06-02 00:45:00,56990.1,65481.7,57036.7,56968.3
2026-06-02 00:50:00,56769.4,65228.1,56747.2,56779.9
2026-06-02 00:55:00,56630.6,65068.5,56592.4,56648.5
2026-06-02 01:00:00,56517.1,64938.1,56452.3,56547.4
2026-06-02 01:05:00,56424.0,64831.2,56425.3,56423.4
2026-06-02 01:10:00,56291.3,64678.7,56293.8,56290.1
2026-06-02 01:15:00,56196.2,64569.4,56194.7,56196.9
2026-06-02 01:20:00,56136.5,64500.9,56088.1,56159.2
2026-06-02 01:25:00,56073.7,64428.6,56089.9,56066.1
2026-06-02 01:30:00,56036.6,64386.0,56001.6,56053.0
2026-06-02 01:35:00,55995.2,64338.4,56027.8,55979.8
2026-06-02 01:40:00,55914.6,64245.9,55910.1,55916.7
2026-06-02 01:45:00,55836.4,64156.0,55876.4,55817.7
2026-06-02 01:50:00,55814.0,64130.3,55764.4,55837.2
2026-06-02 01:55:00,55733.9,64038.2,55797.9,55703.9
2026-06-02 02:00:00,55699.5,63998.7,55655.8,55719.9
2026-06-02 02:05:00,55665.7,63959.9,55725.4,55637.7
2026-06-02 02:10:00,55597.7,63881.7,55586.9,55602.7
2026-06-02 02:15:00,55537.5,63812.5,55575.4,55519.7
2026-06-02 02:20:00,55486.3,63753.7,55462.8,55497.2
2026-06-02 02:25:00,55479.8,63746.3,55465.4,55486.6
2026-06-02 02:30:00,55399.7,63654.3,55459.9,55371.6
2026-06-02 02:35:00,55370.0,63620.1,55348.2,55380.2
2026-06-02 02:40:00,55340.2,63585.9,55334.2,55343.0
2026-06-02 02:45:00,55242.8,63473.9,55240.8,55243.7
2026-06-02 02:50:00,55168.8,63388.9,55233.7,55138.4
2026-06-02 02:55:00,55124.4,63338.0,55098.1,55136.8
2026-06-02 03:00:00,55052.0,63254.8,55090.7,55033.9
2026-06-02 03:05:00,55046.4,63248.3,55059.4,55040.2
2026-06-02 03:10:00,55030.4,63230.0,55038.3,55026.8
2026-06-02 03:15:00,55021.5,63219.7,55032.3,55016.4
2026-06-02 03:20:00,55042.5,63243.8,55032.5,55047.2
2026-06-02 03:25:00,55046.0,63247.9,55035.2,55051.1
2026-06-02 03:30:00,54997.7,63192.4,55039.0,54978.4
2026-06-02 03:35:00,54945.1,63131.9,55025.3,54907.6
2026-06-02 03:40:00,54885.1,63063.0,54870.2,54892.1
2026-06-02 03:45:00,54891.8,63070.7,54873.7,54900.3
2026-06-02 03:50:00,54893.5,63072.6,54878.9,54900.3
2026-06-02 03:55:00,54905.1,63086.0,54880.4,54916.7
2026-06-02 04:00:00,55008.2,63204.5,54935.7,55042.2
2026-06-02 04:05:00,55172.2,63392.9,55143.5,55185.7
2026-06-02 04:10:00,55233.2,63462.9,55202.7,55247.4
2026-06-02 04:15:00,55269.0,63504.1,55311.6,55249.1
2026-06-02 04:20:00,55324.2,63567.5,55307.2,55332.2
2026-06-02 04:25:00,55329.9,63574.1,55314.0,55337.4
2026-06-02 04:30:00,55329.3,63573.4,55303.8,55341.3
2026-06-02 04:35:00,55364.3,63613.6,55354.4,55368.9
2026-06-02 04:40:00,55368.5,63618.4,55408.4,55349.8
2026-06-02 04:45:00,55427.6,63686.3,55448.9,55417.7
2026-06-02 04:50:00,55481.9,63748.7,55443.4,55499.9
2026-06-02 04:55:00,55516.9,63788.9,55558.7,55497.4
2026-06-02 05:00:00,55619.8,63907.2,55637.7,55611.5
2026-06-02 05:05:00,55784.8,64096.7,55819.8,55768.4
2026-06-02 05:10:00,55852.3,64174.3,55847.3,55854.7
2026-06-02 05:15:00,55946.7,64282.7,55944.3,55947.8
2026-06-02 05:20:00,56086.4,64443.2,56067.1,56095.4
2026-06-02 05:25:00,56186.4,64558.2,56179.0,56189.9
2026-06-02 05:30:00,56295.4,64683.4,56279.3,56302.9
2026-06-02 05:35:00,56448.8,64859.7,56442.3,56451.9
2026-06-02 05:40:00,56549.1,64975.0,56594.1,56528.1
2026-06-02 05:45:00,56686.1,65132.3,56716.7,56671.8
2026-06-02 05:50:00,56818.9,65284.9,56787.1,56833.8
2026-06-02 05:55:00,56958.6,65445.5,56978.2,56949.4
2026-06-02 06:00:00,57235.9,65764.1,57196.0,57254.6
2026-06-02 06:05:00,57632.1,66219.3,57649.5,57623.9
2026-06-02 06:10:00,57903.1,66530.6,57844.1,57930.7
2026-06-02 06:15:00,58030.1,66676.5,58096.1,57999.1
2026-06-02 06:20:00,58217.3,66891.7,58158.8,58244.7
2026-06-02 06:25:00,58373.3,67070.9,58339.2,58389.2
2026-06-02 06:30:00,58475.4,67188.3,58489.2,58469.0
2026-06-02 06:35:00,58667.9,67409.5,58660.1,58671.6
2026-06-02 06:40:00,58871.6,67643.5,58839.0,58886.9
2026-06-02 06:45:00,59076.6,67879.0,59089.3,59070.7
2026-06-02 06:50:00,59232.2,68057.8,59257.4,59220.4
2026-06-02 06:55:00,59438.5,68294.9,59380.9,59465.5
2026-06-02 07:00:00,59764.5,68669.4,59734.4,59778.6
2026-06-02 07:05:00,60269.7,69249.8,60271.5,60268.8
2026-06-02 07:10:00,60599.9,69629.3,60534.3,60630.6
2026-06-02 07:15:00,60889.5,69962.0,60869.4,60898.9
2026-06-02 07:20:00,61063.3,70161.7,61107.2,61042.8
2026-06-02 07:25:00,61239.9,70364.7,61272.9,61224.5
2026-06-02 07:30:00,61443.2,70598.2,61426.0,61451.2
2026-06-02 07:35:00,61701.0,70894.4,61690.5,61705.9
2026-06-02 07:40:00,61849.7,71065.3,61802.8,61871.6
2026-06-02 07:45:00,61986.7,71222.8,61990.9,61984.8
2026-06-02 07:50:00,62128.6,71385.8,62118.8,62133.2
2026-06-02 07:55:00,62320.8,71606.5,62350.2,62306.9
2026-06-02 08:00:00,62752.7,72102.8,62740.0,62758.6
2026-06-02 08:05:00,63359.4,72800.0,63372.3,63353.4
2026-06-02 08:10:00,63816.8,73325.5,63749.5,63848.3
2026-06-02 08:15:00,64241.3,73813.2,64235.2,64244.1
2026-06-02 08:20:00,64581.2,74203.8,64561.0,64590.6
2026-06-02 08:25:00,64875.3,74541.7,64947.1,64841.6
2026-06-02 08:30:00,65144.6,74851.2,65136.0,65148.7
2026-06-02 08:35:00,65434.7,75184.5,65481.3,65412.9
2026-06-02 08:40:00,65587.9,75360.5,65661.2,65553.6
2026-06-02 08:45:00,65751.3,75548.2,65746.1,65753.7
2026-06-02 08:50:00,65873.1,75688.1,65926.7,65847.9
2026-06-02 08:55:00,65991.1,75823.7,65987.2,65992.9
2026-06-02 09:00:00,65927.1,75750.2,65985.6,65899.7
2026-06-02 09:05:00,65960.0,75788.0,66048.3,65918.6
2026-06-02 09:10:00,66054.9,75897.1,66084.6,66041.0
2026-06-02 09:15:00,66211.5,76077.1,66216.3,66209.3
2026-06-02 09:20:00,66258.4,76130.9,66271.6,66252.3
2026-06-02 09:25:00,66351.0,76237.3,66349.4,66351.8
2026-06-02 09:30:00,66300.9,76179.7,66354.5,66275.7
2026-06-02 09:35:00,66297.1,76175.4,66288.2,66301.3
2026-06-02 09:40:00,66262.6,76135.7,66254.5,66266.3
2026-06-02 09:45:00,66231.1,76099.5,66243.9,66225.1
2026-06-02 09:50:00,66186.4,76048.2,66215.8,66172.7
2026-06-02 09:55:00,66123.0,75975.3,66084.3,66141.2
2026-06-02 10:00:00,65983.8,75815.4,66057.8,65949.1
2026-06-02 10:05:00,65997.3,75830.9,66019.7,65986.8
2026-06-02 10:10:00,66039.4,75879.3,66052.5,66033.3
2026-06-02 10:15:00,66194.9,76057.9,66248.9,66169.6
2026-06-02 10:20:00,66263.4,76136.6,66223.2,66282.2
2026-06-02 10:25:00,66325.3,76207.7,66317.6,66328.9
2026-06-02 10:30:00,66277.3,76152.6,66331.2,66252.0
2026-06-02 10:35:00,66273.7,76148.5,66251.7,66284.0
2026-06-02 10:40:00,66261.4,76134.4,66233.3,66274.6
2026-06-02 10:45:00,66265.1,76138.6,66244.8,66274.6
2026-06-02 10:50:00,66238.6,76108.2,66234.5,66240.6
2026-06-02 10:55:00,66163.0,76021.3,66210.1,66141.0
2026-06-02 11:00:00,66052.4,75894.2,66022.7,66066.3
2026-06-02 11:05:00,65984.9,75816.6,65990.5,65982.2
2026-06-02 11:10:00,65920.0,75742.1,65906.8,65926.2
2026-06-02 11:15:00,65852.9,75665.0,65910.6,65825.8
2026-06-02 11:20:00,65796.6,75600.3,65767.8,65810.1
2026-06-02 11:25:00,65676.2,75461.9,65674.1,65677.2
2026-06-02 11:30:00,65583.1,75354.9,65514.0,65615.4
2026-06-02 11:35:00,65500.9,75260.5,65432.0,65533.1
2026-06-02 11:40:00,65347.9,75084.7,65271.4,65383.7
2026-06-02 11:45:00,65217.1,74934.5,65188.1,65230.7
2026-06-02 11:50:00,64896.1,74565.6,64845.6,64919.7
2026-06-02 11:55:00,64462.0,74066.8,64476.3,64455.2
2026-06-02 12:00:00,63935.1,73461.4,64009.5,63900.2
2026-06-02 12:05:00,63930.0,73455.6,63926.7,63931.6
2026-06-02 12:10:00,63950.8,73479.5,63910.0,63969.9
2026-06-02 12:15:00,63939.3,73466.2,63892.2,63961.3
2026-06-02 12:20:00,63945.6,73473.5,63907.3,63963.5
2026-06-02 12:25:00,63944.3,73472.0,63896.4,63966.7
2026-06-02 12:30:00,63846.3,73359.5,63776.2,63879.2
2026-06-02 12:35:00,63862.2,73377.7,63815.8,63883.9
2026-06-02 12:40:00,63956.5,73486.1,63862.8,64000.4
2026-06-02 12:45:00,64058.3,73603.0,64000.5,64085.4
2026-06-02 12:50:00,64234.0,73804.9,64175.6,64261.4
2026-06-02 12:55:00,64450.1,74053.2,64411.3,64468.3
2026-06-02 13:00:00,64853.2,74516.3,64771.3,64891.6
2026-06-02 13:05:00,65261.8,74985.8,65247.4,65268.6
2026-06-02 13:10:00,65603.8,75378.8,65614.3,65598.9
2026-06-02 13:15:00,65841.9,75652.4,65825.3,65849.7
2026-06-02 13:20:00,66038.6,75878.4,66070.0,66023.9
2026-06-02 13:25:00,66301.6,76180.5,66316.4,66294.7
2026-06-02 13:30:00,66548.0,76463.7,66530.3,66556.3
2026-06-02 13:35:00,66843.2,76802.8,66860.9,66834.9
2026-06-02 13:40:00,67028.2,77015.4,66958.4,67061.0
2026-06-02 13:45:00,67216.9,77232.3,67201.0,67224.4
2026-06-02 13:50:00,67293.9,77320.7,67335.1,67274.6
2026-06-02 13:55:00,67415.4,77460.3,67519.0,67366.9
2026-06-02 14:00:00,67560.6,77627.2,67532.1,67574.0
2026-06-02 14:05:00,67656.9,77737.7,67618.0,67675.1
2026-06-02 14:10:00,67814.7,77919.1,67774.0,67833.8
2026-06-02 14:15:00,67920.7,78040.9,67992.7,67886.9
2026-06-02 14:20:00,68010.1,78143.6,68096.0,67969.9
2026-06-02 14:25:00,68092.2,78238.0,68080.6,68097.7
2026-06-02 14:30:00,68187.7,78347.6,68167.9,68196.9
2026-06-02 14:35:00,68273.2,78446.0,68241.9,68287.9
2026-06-02 14:40:00,68315.4,78494.4,68375.9,68287.1
2026-06-02 14:45:00,68360.6,78546.4,68358.9,68361.4
2026-06-02 14:50:00,68397.3,78588.5,68492.0,68353.0
2026-06-02 14:55:00,68433.1,78629.7,68468.8,68416.4
2026-06-02 15:00:00,68431.7,78628.0,68434.2,68430.6
2026-06-02 15:05:00,68441.3,78639.0,68419.4,68451.5
2026-06-02 15:10:00,68589.6,78809.5,68526.3,68619.3
2026-06-02 15:15:00,68805.7,79057.8,68785.0,68815.4
2026-06-02 15:20:00,69004.4,79286.1,68931.6,69038.6
2026-06-02 15:25:00,69195.3,79505.4,69179.1,69202.9
2026-06-02 15:30:00,69317.8,79646.1,69354.6,69300.5
2026-06-02 15:35:00,69414.2,79756.9,69472.0,69387.1
2026-06-02 15:40:00,69527.4,79887.0,69579.7,69502.9
2026-06-02 15:45:00,69712.3,80099.5,69755.6,69692.1
2026-06-02 15:50:00,69872.1,80283.1,69842.6,69885.9
2026-06-02 15:55:00,70012.8,80444.7,70041.7,69999.2
2026-06-02 16:00:00,70058.0,80496.6,70098.6,70038.9
2026-06-02 16:05:00,69976.2,80402.7,70039.9,69946.4
2026-06-02 16:10:00,70077.8,80519.3,70031.0,70099.7
2026-06-02 16:15:00,70222.3,80685.4,70187.3,70238.7
2026-06-02 16:20:00,70362.1,80846.1,70306.3,70388.3
2026-06-02 16:25:00,70467.5,80967.2,70419.9,70489.8
2026-06-02 16:30:00,70475.6,80976.4,70526.9,70451.5
2026-06-02 16:35:00,70599.3,81118.6,70569.6,70613.2
2026-06-02 16:40:00,70663.9,81192.8,70725.9,70634.8
2026-06-02 16:45:00,70731.6,81270.6,70697.3,70747.6
2026-06-02 16:50:00,70794.2,81342.5,70790.6,70795.8
2026-06-02 16:55:00,70877.9,81438.7,70763.8,70931.3
2026-06-02 17:00:00,70813.4,81364.5,70860.9,70791.1
2026-06-02 17:05:00,70649.1,81175.8,70574.3,70684.1
2026-06-02 17:10:00,70716.8,81253.6,70663.8,70741.6
2026-06-02 17:15:00,70778.0,81323.9,70819.5,70758.5
2026-06-02 17:20:00,70864.1,81422.9,70806.7,70891.0
2026-06-02 17:25:00,70904.2,81468.9,70955.8,70880.0
2026-06-02 17:30:00,70885.8,81447.8,70942.2,70859.4
2026-06-02 17:35:00,70931.7,81500.5,70964.2,70916.5
2026-06-02 17:40:00,71017.1,81598.6,70956.1,71045.6
2026-06-02 17:45:00,71069.1,81658.4,71116.6,71046.9
2026-06-02 17:50:00,71031.4,81615.1,71076.6,71010.2
2026-06-02 17:55:00,71006.5,81586.4,71037.3,70992.0
2026-06-02 18:00:00,70995.8,81574.1,71029.6,70979.9
2026-06-02 18:05:00,70905.7,81470.6,70931.3,70893.6
2026-06-02 18:10:00,70925.1,81492.9,70968.8,70904.6
2026-06-02 18:15:00,71033.0,81616.9,70996.2,71050.2
2026-06-02 18:20:00,71073.6,81663.6,71126.2,71049.0
2026-06-02 18:25:00,71145.8,81746.6,71136.9,71150.0
2026-06-02 18:30:00,71197.3,81805.7,71293.0,71152.5
2026-06-02 18:35:00,71178.3,81783.9,71266.8,71136.9
2026-06-02 18:40:00,71163.6,81766.9,71244.4,71125.7
2026-06-02 18:45:00,71166.0,81769.7,71249.5,71126.9
2026-06-02 18:50:00,71126.3,81724.1,71212.9,71085.7
2026-06-02 18:55:00,71050.9,81637.4,71023.6,71063.6
2026-06-02 19:00:00,70941.2,81511.4,70966.7,70929.3
2026-06-02 19:05:00,70856.2,81413.8,70765.7,70898.6
2026-06-02 19:10:00,70834.3,81388.7,70882.6,70811.8
2026-06-02 19:15:00,70831.6,81385.5,70871.9,70812.7
2026-06-02 19:20:00,70785.7,81332.8,70724.8,70814.2
2026-06-02 19:25:00,70778.5,81324.4,70716.4,70807.5
2026-06-02 19:30:00,70756.2,81298.9,70702.0,70781.6
2026-06-02 19:35:00,70646.8,81173.2,70716.9,70614.0
2026-06-02 19:40:00,70597.6,81116.6,70558.4,70616.0
2026-06-02 19:45:00,70518.9,81026.2,70564.1,70497.7
2026-06-02 19:50:00,70431.8,80926.1,70380.7,70455.8
2026-06-02 19:55:00,70317.1,80794.4,70351.1,70301.2
2026-06-02 20:00:00,70019.7,80452.6,70132.2,69967.0
2026-06-02 20:05:00,69769.1,80164.7,69858.0,69727.5
2026-06-02 20:10:00,69568.5,79934.2,69673.0,69519.5
2026-06-02 20:15:00,69410.2,79752.3,69410.6,69410.0
2026-06-02 20:20:00,69245.8,79563.5,69303.4,69218.9
2026-06-02 20:25:00,69070.8,79362.3,69024.6,69092.4
2026-06-02 20:30:00,68839.3,79096.3,68859.5,68829.8
2026-06-02 20:35:00,68665.2,78896.3,68687.6,68654.7
2026-06-02 20:40:00,68472.0,78674.3,68437.3,68488.3
2026-06-02 20:45:00,68297.8,78474.2,68353.1,68271.9
2026-06-02 20:50:00,68060.8,78201.8,68045.8,68067.8
2026-06-02 20:55:00,67832.6,77939.7,67826.4,67835.6
2026-06-02 21:00:00,67522.1,77582.9,67559.1,67504.7
2026-06-02 21:05:00,67310.9,77340.2,67303.8,67314.2
2026-06-02 21:10:00,67155.6,77161.8,67142.8,67161.6
2026-06-02 21:15:00,66958.4,76935.2,66933.6,66970.0
2026-06-02 21:20:00,66773.0,76722.2,66806.5,66757.4
2026-06-02 21:25:00,66613.0,76538.3,66618.7,66610.3
2026-06-02 21:30:00,66426.4,76324.0,66406.9,66435.6
2026-06-02 21:35:00,66262.0,76135.1,66210.2,66286.3
2026-06-02 21:40:00,66076.4,75921.8,66101.5,66064.6
2026-06-02 21:45:00,65894.9,75713.3,65892.1,65896.3
2026-06-02 21:50:00,65703.8,75493.6,65679.9,65714.9
2026-06-02 21:55:00,65455.8,75208.7,65494.1,65437.9
2026-06-02 22:00:00,65227.6,74946.5,65230.3,65226.3
2026-06-02 22:05:00,65169.1,74879.2,65240.9,65135.4
2026-06-02 22:10:00,65052.5,74745.3,65037.9,65059.3
2026-06-02 22:15:00,64870.5,74536.1,64904.2,64854.7
2026-06-02 22:20:00,64731.3,74376.2,64710.8,64740.8
2026-06-02 22:25:00,64534.1,74149.6,64501.6,64549.3
2026-06-02 22:30:00,64335.1,73921.0,64294.0,64354.4
2026-06-02 22:35:00,64177.0,73739.4,64151.9,64188.8
2026-06-02 22:40:00,64001.1,73537.3,64048.0,63979.1
2026-06-02 22:45:00,63831.7,73342.6,63882.6,63807.8
2026-06-02 22:50:00,63693.5,73183.9,63713.4,63684.2
2026-06-02 22:55:00,63516.1,72980.0,63555.1,63497.9
2026-06-02 23:00:00,63460.6,72916.2,63512.6,63436.3
2026-06-02 23:05:00,63798.0,73303.9,63828.0,63784.0
2026-06-02 23:10:00,63677.2,73165.1,63711.7,63661.0
2026-06-02 23:15:00,63528.2,72993.9,63539.7,63522.8
2026-06-02 23:20:00,63341.1,72779.0,63367.8,63328.7
2026-06-02 23:25:00,63162.1,72573.2,63162.1,63162.0
2026-06-02 23:30:00,62851.3,72216.1,62842.9,62855.2
2026-06-02 23:35:00,62500.2,71812.8,62486.3,62506.8
2026-06-02 23:40:00,62193.6,71460.5,62204.1,62188.7
2026-06-02 23:45:00,61827.6,71039.9,61787.7,61846.3
2026-06-02 23:50:00,61418.8,70570.3,61462.5,61398.4
2026-06-02 23:55:00,60956.1,70038.5,60953.3,60957.4
2026-06-03 00:00:00,60400.5,69400.2,60400.1,60400.7
2026-06-03 00:05:00,60236.4,69211.6,60213.5,60247.1
2026-06-03 00:10:00,59967.0,68902.1,59944.5,59977.6
2026-06-03 00:15:00,59637.5,68523.5,59587.0,59661.2
2026-06-03 00:20:00,59257.3,68086.7,59343.1,59217.2
2026-06-03 00:25:00,58949.3,67732.8,59006.4,58922.6
2026-06-03 00:30:00,58670.1,67411.9,58683.3,58663.9
2026-06-03 00:35:00,58448.6,67157.4,58428.1,58458.1
2026-06-03 00:40:00,58234.6,66911.5,58242.3,58231.0
2026-06-03 00:45:00,58029.9,66676.4,58059.3,58016.1
2026-06-03 00:50:00,57806.8,66420.0,57774.8,57821.7
2026-06-03 00:55:00,57574.2,66152.8,57543.4,57588.6
2026-06-03 01:00:00,57410.0,65964.1,57405.8,57412.0
2026-06-03 01:05:00,57244.6,65774.1,57284.6,57225.9
2026-06-03 01:10:00,57110.9,65620.4,57102.0,57115.0
2026-06-03 01:15:00,56973.4,65462.4,56987.1,56966.9
2026-06-03 01:20:00,56851.9,65322.8,56825.3,56864.4
2026-06-03 01:25:00,56720.2,65171.5,56731.8,56714.7
2026-06-03 01:30:00,56530.2,64953.3,56543.4,56524.1
2026-06-03 01:35:00,56369.4,64768.5,56366.8,56370.6
2026-06-03 01:40:00,56229.9,64608.2,56287.2,56203.1
2026-06-03 01:45:00,56106.0,64465.7,56068.1,56123.7
2026-06-03 01:50:00,56010.3,64355.8,55959.6,56034.1
2026-06-03 01:55:00,55870.9,64195.6,55871.8,55870.4
2026-06-03 02:00:00,55798.9,64113.0,55751.9,55821.0
2026-06-03 02:05:00,55756.7,64064.5,55806.8,55733.3
2026-06-03 02:10:00,55647.0,63938.4,55630.5,55654.7
2026-06-03 02:15:00,55569.2,63849.0,55526.9,55589.1
2026-06-03 02:20:00,55445.2,63706.5,55415.9,55458.9
2026-06-03 02:25:00,55313.8,63555.5,55296.2,55322.0
2026-06-03 02:30:00,55225.8,63454.4,55194.4,55240.4
2026-06-03 02:35:00,55120.6,63333.6,55094.4,55132.8
2026-06-03 02:40:00,55047.5,63249.5,55070.8,55036.5
2026-06-03 02:45:00,54963.3,63152.8,54972.4,54959.1
2026-06-03 02:50:00,54849.0,63021.5,54826.0,54859.8
2026-06-03 02:55:00,54760.9,62920.3,54830.5,54728.4
2026-06-03 03:00:00,54719.2,62872.4,54714.7,54721.3
2026-06-03 03:05:00,54689.5,62838.2,54753.2,54659.6
2026-06-03 03:10:00,54597.9,62733.0,54603.8,54595.1
2026-06-03 03:15:00,54510.3,62632.4,54595.8,54470.3
2026-06-03 03:20:00,54492.6,62612.0,54477.7,54499.6
2026-06-03 03:25:00,54468.6,62584.4,54480.6,54462.9
2026-06-03 03:30:00,54388.3,62492.1,54463.3,54353.1
2026-06-03 03:35:00,54359.7,62459.3,54355.0,54361.9
2026-06-03 03:40:00,54348.1,62446.0,54345.4,54349.4
2026-06-03 03:45:00,54324.2,62418.5,54344.4,54314.7
2026-06-03 03:50:00,54248.4,62331.4,54339.2,54205.8
2026-06-03 03:55:00,54203.4,62279.8,54205.3,54202.6
2026-06-03 04:00:00,54265.3,62350.8,54243.2,54275.6
2026-06-03 04:05:00,54299.0,62389.6,54286.8,54304.8
2026-06-03 04:10:00,54287.7,62376.6,54268.2,54296.9
2026-06-03 04:15:00,54264.1,62349.4,54243.7,54273.7
2026-06-03 04:20:00,54257.4,62341.8,54235.5,54267.7
2026-06-03 04:25:00,54262.1,62347.1,54240.7,54272.0
2026-06-03 04:30:00,54260.0,62344.7,54239.5,54269.6
2026-06-03 04:35:00,54283.3,62371.5,54252.7,54297.6
2026-06-03 04:40:00,54258.3,62342.8,54223.3,54274.7
2026-06-03 04:45:00,54256.2,62340.4,54219.8,54273.3
2026-06-03 04:50:00,54251.0,62334.4,54216.1,54267.3
2026-06-03 04:55:00,54249.9,62333.1,54216.1,54265.8
2026-06-03 05:00:00,54262.3,62347.4,54252.8,54266.7
2026-06-03 05:05:00,54315.2,62408.1,54298.2,54323.1
2026-06-03 05:10:00,54328.2,62423.1,54412.0,54289.0
2026-06-03 05:15:00,54325.2,62419.7,54398.7,54290.8
2026-06-03 05:20:00,54324.0,62418.2,54388.0,54294.0
2026-06-03 05:25:00,54323.3,62417.5,54387.3,54293.3
2026-06-03 05:30:00,54320.9,62414.7,54391.1,54288.0
2026-06-03 05:35:00,54374.1,62475.9,54432.7,54346.6
2026-06-03 05:40:00,54402.0,62507.9,54389.2,54408.0
2026-06-03 05:45:00,54404.0,62510.2,54395.0,54408.3
2026-06-03 05:50:00,54401.3,62507.1,54396.6,54403.5
2026-06-03 05:55:00,54398.4,62503.8,54392.4,54401.2
2026-06-03 06:00:00,54445.4,62557.8,54451.2,54442.7
2026-06-03 06:05:00,54555.5,62684.2,54514.1,54574.8
2026-06-03 06:10:00,54586.7,62720.1,54575.4,54591.9
2026-06-03 06:15:00,54585.1,62718.3,54559.2,54597.2
2026-06-03 06:20:00,54556.0,62684.9,54535.9,54565.4
2026-06-03 06:25:00,54555.5,62684.3,54536.2,54564.5
2026-06-03 06:30:00,54539.6,62666.0,54533.1,54542.6
2026-06-03 06:35:00,54580.7,62713.2,54578.2,54581.9
2026-06-03 06:40:00,54525.1,62649.4,54536.8,54519.7
2026-06-03 06:45:00,54525.8,62650.1,54538.2,54520.0
2026-06-03 06:50:00,54518.8,62642.1,54535.3,54511.1
2026-06-03 06:55:00,54519.8,62643.3,54535.6,54512.4
2026-06-03 07:00:00,54605.7,62741.9,54596.9,54609.8
2026-06-03 07:05:00,54725.2,62879.2,54812.8,54684.1
2026-06-03 07:10:00,54764.2,62924.1,54851.1,54723.5
2026-06-03 07:15:00,54817.7,62985.6,54849.5,54802.8
2026-06-03 07:20:00,54757.4,62916.3,54788.8,54742.7
2026-06-03 07:25:00,54753.4,62911.6,54784.8,54738.6
2026-06-03 07:30:00,54741.7,62898.2,54748.2,54738.6
2026-06-03 07:35:00,54801.9,62967.4,54811.9,54797.3
2026-06-03 07:40:00,54734.4,62889.8,54754.8,54724.8
2026-06-03 07:45:00,54668.5,62814.1,54747.4,54631.5
2026-06-03 07:50:00,54633.8,62774.2,54638.2,54631.7
2026-06-03 07:55:00,54625.4,62764.6,54633.3,54621.7
2026-06-03 08:00:00,54758.4,62917.4,54785.8,54745.6
2026-06-03 08:05:00,54954.9,63143.2,54965.0,54950.2
2026-06-03 08:10:00,55012.3,63209.1,55025.5,55006.1
2026-06-03 08:15:00,55166.4,63386.2,55184.8,55157.8
2026-06-03 08:20:00,55212.5,63439.2,55221.9,55208.1
2026-06-03 08:25:00,55223.4,63451.7,55235.1,55218.0
2026-06-03 08:30:00,55174.3,63395.3,55194.3,55165.0
2026-06-03 08:35:00,55237.3,63467.6,55224.4,55243.3
2026-06-03 08:40:00,55193.0,63416.7,55274.3,55154.9
2026-06-03 08:45:00,55161.6,63380.7,55150.0,55167.1
2026-06-03 08:50:00,55137.3,63352.8,55126.7,55142.3
2026-06-03 08:55:00,55126.7,63340.6,55116.4,55131.5
2026-06-03 09:00:00,55085.5,63293.3,55145.6,55057.4
2026-06-03 09:05:00,55127.6,63341.6,55162.7,55111.1
2026-06-03 09:10:00,55183.8,63406.2,55266.6,55145.0
2026-06-03 09:15:00,55279.6,63516.2,55285.1,55277.0
2026-06-03 09:20:00,55351.8,63599.2,55344.0,55355.4
2026-06-03 09:25:00,55384.4,63636.6,55443.1,55356.9
2026-06-03 09:30:00,55412.2,63668.6,55408.6,55413.8
2026-06-03 09:35:00,55433.5,63693.0,55424.0,55437.9
2026-06-03 09:40:00,55403.9,63659.1,55404.6,55403.6
2026-06-03 09:45:00,55407.9,63663.7,55416.8,55403.7
2026-06-03 09:50:00,55413.1,63669.6,55403.0,55417.8
2026-06-03 09:55:00,55400.7,63655.4,55394.8,55403.5
2026-06-03 10:00:00,55378.1,63629.4,55399.9,55367.9
2026-06-03 10:05:00,55482.1,63749.0,55509.1,55469.5
2026-06-03 10:10:00,55522.1,63794.9,55631.2,55471.0
2026-06-03 10:15:00,55714.3,64015.7,55711.2,55715.7
2026-06-03 10:20:00,55768.8,64078.4,55813.0,55748.1
2026-06-03 10:25:00,55795.5,64109.0,55804.4,55791.3
2026-06-03 10:30:00,55748.7,64055.2,55762.7,55742.1
2026-06-03 10:35:00,55772.0,64082.1,55787.2,55764.9
2026-06-03 10:40:00,55750.4,64057.2,55766.2,55742.9
2026-06-03 10:45:00,55754.1,64061.4,55777.7,55743.0
2026-06-03 10:50:00,55743.8,64049.6,55760.5,55735.9
2026-06-03 10:55:00,55749.1,64055.7,55751.5,55748.0
2026-06-03 11:00:00,55718.8,64020.9,55729.9,55713.6
2026-06-03 11:05:00,55729.0,64032.6,55752.7,55717.9
2026-06-03 11:10:00,55720.3,64022.6,55749.3,55706.7
2026-06-03 11:15:00,55719.1,64021.2,55752.9,55703.2
2026-06-03 11:20:00,55668.1,63962.6,55718.0,55644.7
2026-06-03 11:25:00,55580.6,63862.1,55613.3,55565.2
2026-06-03 11:30:00,55503.4,63773.4,55576.6,55469.1
2026-06-03 11:35:00,55490.7,63758.9,55500.3,55486.3
2026-06-03 11:40:00,55457.1,63720.2,55473.0,55449.6
2026-06-03 11:45:00,55349.1,63596.1,55353.6,55347.0
2026-06-03 11:50:00,55228.2,63457.2,55289.7,55199.3
2026-06-03 11:55:00,55007.4,63203.6,55014.0,55004.4
2026-06-03 12:00:00,54948.6,63135.9,54920.0,54961.9
2026-06-03 12:05:00,55042.2,63243.5,54970.0,55076.1
2026-06-03 12:10:00,55138.5,63354.1,55116.3,55148.9
2026-06-03 12:15:00,55189.9,63413.3,55196.5,55186.9
2026-06-03 12:20:00,55201.7,63426.8,55214.4,55195.8
2026-06-03 12:25:00,55207.8,63433.8,55208.7,55207.4
2026-06-03 12:30:00,55158.5,63377.2,55166.9,55154.6
2026-06-03 12:35:00,55208.4,63434.4,55212.6,55206.4
2026-06-03 12:40:00,55268.8,63503.8,55262.4,55271.8
2026-06-03 12:45:00,55388.7,63641.6,55397.8,55384.4
2026-06-03 12:50:00,55499.2,63768.6,55492.2,55502.5
2026-06-03 12:55:00,55657.7,63950.7,55638.5,55666.7
2026-06-03 13:00:00,55879.9,64206.0,55887.2,55876.5
2026-06-03 13:05:00,56078.3,64434.0,56114.1,56061.5
2026-06-03 13:10:00,56237.1,64616.4,56226.4,56242.1
2026-06-03 13:15:00,56299.9,64688.5,56311.2,56294.6
2026-06-03 13:20:00,56362.7,64760.7,56373.0,56357.9
2026-06-03 13:25:00,56435.5,64844.4,56472.1,56418.4
2026-06-03 13:30:00,56495.4,64913.2,56494.2,56496.0
2026-06-03 13:35:00,56656.2,65098.0,56614.4,56675.8
2026-06-03 13:40:00,56742.2,65196.8,56772.5,56728.0
2026-06-03 13:45:00,56831.7,65299.6,56857.9,56819.4
2026-06-03 13:50:00,56939.8,65423.8,56921.3,56948.5
2026-06-03 13:55:00,57019.5,65515.4,57050.8,57004.8
2026-06-03 14:00:00,57128.2,65640.3,57115.3,57134.3
2026-06-03 14:05:00,57168.3,65686.4,57182.9,57161.4
2026-06-03 14:10:00,57246.3,65776.1,57219.6,57258.9
2026-06-03 14:15:00,57329.3,65871.3,57325.8,57330.9
2026-06-03 14:20:00,57390.2,65941.3,57394.1,57388.4
2026-06-03 14:25:00,57478.9,66043.2,57492.4,57472.6
2026-06-03 14:30:00,57567.3,66144.9,57606.3,57549.1
2026-06-03 14:35:00,57654.3,66244.8,57711.0,57627.7
2026-06-03 14:40:00,57703.9,66301.8,57713.7,57699.4
2026-06-03 14:45:00,57756.2,66361.8,57805.9,57732.9
2026-06-03 14:50:00,57825.7,66441.7,57875.6,57802.3
2026-06-03 14:55:00,57876.4,66500.0,57873.0,57878.0
2026-06-03 15:00:00,57896.9,66523.5,57999.3,57848.9
2026-06-03 15:05:00,57916.0,66545.5,57976.9,57887.4
2026-06-03 15:10:00,58054.1,66704.1,58058.0,58052.2
2026-06-03 15:15:00,58226.6,66902.3,58272.8,58204.9
2026-06-03 15:20:00,58377.2,67075.4,58419.4,58357.4
2026-06-03 15:25:00,58531.9,67253.1,58525.8,58534.7
2026-06-03 15:30:00,58657.4,67397.4,58706.7,58634.4
2026-06-03 15:35:00,58820.6,67584.9,58806.8,58827.1
2026-06-03 15:40:00,58950.1,67733.7,58972.4,58939.7
2026-06-03 15:45:00,59139.0,67950.7,59109.9,59152.6
2026-06-03 15:50:00,59293.2,68127.9,59264.9,59306.5
2026-06-03 15:55:00,59457.4,68316.6,59485.2,59444.4
2026-06-03 16:00:00,59592.1,68471.3,59626.5,59575.9
2026-06-03 16:05:00,59678.6,68570.7,59634.8,59699.1
2026-06-03 16:10:00,59798.9,68708.9,59813.4,59792.1
2026-06-03 16:15:00,59979.4,68916.3,59955.2,59990.7
2026-06-03 16:20:00,60168.1,69133.2,60128.6,60186.6
2026-06-03 16:25:00,60318.2,69305.6,60326.4,60314.4
2026-06-03 16:30:00,60474.5,69485.2,60496.8,60464.1
2026-06-03 16:35:00,60669.9,69709.7,60678.3,60665.9
2026-06-03 16:40:00,60913.0,69989.1,60886.1,60925.7
2026-06-03 16:45:00,61082.6,70183.9,61077.5,61085.0
2026-06-03 16:50:00,61233.5,70357.3,61229.5,61235.4
2026-06-03 16:55:00,61362.6,70505.6,61307.2,61388.5
2026-06-03 17:00:00,61432.1,70585.5,61471.4,61413.7
2026-06-03 17:05:00,61439.0,70593.4,61411.1,61452.0
2026-06-03 17:10:00,61613.6,70794.1,61634.9,61603.7
2026-06-03 17:15:00,61773.3,70977.6,61750.7,61784.0
2026-06-03 17:20:00,61961.6,71193.9,61945.8,61969.0
2026-06-03 17:25:00,62110.9,71365.4,62130.5,62101.7
2026-06-03 17:30:00,62322.8,71608.9,62338.4,62315.4
2026-06-03 17:35:00,62512.6,71827.0,62490.9,62522.8
2026-06-03 17:40:00,62676.5,72015.3,62655.7,62686.3
2026-06-03 17:45:00,62860.1,72226.2,62877.6,62851.9
2026-06-03 17:50:00,63041.9,72435.1,63081.8,63023.2
2026-06-03 17:55:00,63147.6,72556.5,63209.0,63118.8
2026-06-03 18:00:00,63235.0,72657.0,63203.9,63249.6
2026-06-03 18:05:00,63293.3,72724.0,63353.3,63265.2
2026-06-03 18:10:00,63426.3,72876.8,63445.8,63417.1
2026-06-03 18:15:00,63566.0,73037.3,63633.8,63534.3
2026-06-03 18:20:00,63719.1,73213.2,63715.9,63720.6
2026-06-03 18:25:00,63860.3,73375.5,63904.0,63839.9
2026-06-03 18:30:00,64012.0,73549.8,64039.6,63999.0
2026-06-03 18:35:00,64178.9,73741.5,64157.4,64188.9
2026-06-03 18:40:00,64326.0,73910.6,64347.1,64316.1
2026-06-03 18:45:00,64493.6,74103.1,64461.7,64508.5
2026-06-03 18:50:00,64611.5,74238.6,64636.6,64599.7
2026-06-03 18:55:00,64711.7,74353.7,64724.0,64705.9
2026-06-03 19:00:00,64787.7,74441.1,64767.2,64797.3
2026-06-03 19:05:00,64849.5,74512.1,64826.1,64860.5
2026-06-03 19:10:00,64945.5,74622.3,64945.0,64945.7
2026-06-03 19:15:00,65018.4,74706.1,65056.4,65000.6
2026-06-03 19:20:00,65078.4,74775.0,65041.5,65095.6
2026-06-03 19:25:00,65151.6,74859.2,65141.0,65156.6
2026-06-03 19:30:00,65173.3,74884.1,65238.7,65142.6
2026-06-03 19:35:00,65199.2,74913.8,65226.8,65186.2
2026-06-03 19:40:00,65216.6,74933.8,65215.8,65217.0
2026-06-03 19:45:00,65215.8,74932.9,65210.7,65218.2
2026-06-03 19:50:00,65173.4,74884.2,65163.7,65178.0
2026-06-03 19:55:00,65164.3,74873.8,65151.8,65170.2
2026-06-03 20:00:00,65076.1,74772.4,65096.4,65066.6
2026-06-03 20:05:00,64993.3,74677.3,65010.8,64985.1
2026-06-03 20:10:00,64937.9,74613.7,64954.5,64930.1
2026-06-03 20:15:00,64857.2,74520.9,64939.4,64818.6
2026-06-03 20:20:00,64768.8,74419.3,64833.8,64738.3
2026-06-03 20:25:00,64671.1,74307.1,64720.7,64647.9
2026-06-03 20:30:00,64557.6,74176.7,64598.6,64538.4
2026-06-03 20:35:00,64435.3,74036.1,64407.1,64448.5
2026-06-03 20:40:00,64322.6,73906.6,64293.2,64336.3
2026-06-03 20:45:00,64228.3,73798.3,64203.3,64240.0
2026-06-03 20:50:00,64095.2,73645.4,64061.9,64110.8
2026-06-03 20:55:00,64000.4,73536.4,63966.8,64016.1
2026-06-03 21:00:00,63829.6,73340.2,63795.1,63845.8
2026-06-03 21:05:00,63748.0,73246.5,63747.2,63748.4
2026-06-03 21:10:00,63612.9,73091.2,63609.3,63614.5
2026-06-03 21:15:00,63410.8,72859.0,63410.0,63411.2
2026-06-03 21:20:00,63240.8,72663.6,63257.8,63232.8
2026-06-03 21:25:00,63083.8,72483.2,63131.1,63061.6
2026-06-03 21:30:00,62950.6,72330.2,62946.0,62952.7
2026-06-03 21:35:00,62794.3,72150.7,62846.5,62769.9
2026-06-03 21:40:00,62668.3,72005.8,62669.6,62667.6
2026-06-03 21:45:00,62499.5,71811.9,62585.6,62459.2
2026-06-03 21:50:00,62384.2,71679.4,62376.9,62387.6
2026-06-03 21:55:00,62265.7,71543.2,62294.1,62252.3
2026-06-03 22:00:00,62102.5,71355.8,62133.0,62088.2
2026-06-03 22:05:00,62162.1,71424.3,62090.2,62195.8
2026-06-03 22:10:00,62086.8,71337.7,62075.7,62092.0
2026-06-03 22:15:00,61908.6,71133.0,61926.6,61900.2
2026-06-03 22:20:00,61764.7,70967.7,61677.9,61805.4
2026-06-03 22:25:00,61522.0,70688.7,61558.8,61504.7
2026-06-03 22:30:00,61288.3,70420.2,61278.9,61292.7
2026-06-03 22:35:00,61046.1,70142.0,61097.8,61021.9
2026-06-03 22:40:00,60804.6,69864.5,60884.7,60767.0
2026-06-03 22:45:00,60605.6,69635.8,60625.5,60596.2
2026-06-03 22:50:00,60422.5,69425.4,60467.0,60401.6
2026-06-03 22:55:00,60224.8,69198.3,60272.8,60202.4
2026-06-03 23:00:00,60259.8,69238.6,60252.5,60263.3
2026-06-03 23:05:00,60586.2,69613.6,60521.0,60616.8
2026-06-03 23:10:00,60608.1,69638.7,60624.8,60600.3
2026-06-03 23:15:00,60444.3,69450.5,60459.3,60437.2
2026-06-03 23:20:00,60276.6,69257.8,60219.9,60303.2
2026-06-03 23:25:00,60085.9,69038.6,60079.8,60088.7
2026-06-03 23:30:00,59855.9,68774.4,59864.0,59852.1
2026-06-03 23:35:00,59597.2,68477.1,59565.7,59611.9
2026-06-03 23:40:00,59330.4,68170.6,59327.9,59331.5
2026-06-03 23:45:00,59084.2,67887.7,59032.4,59108.4
2026-06-03 23:50:00,58797.1,67557.9,58828.9,58782.3
2026-06-03 23:55:00,58453.5,67163.1,58473.3,58444.2
2026-06-04 00:00:00,57988.0,66628.2,57991.6,57986.3
2026-06-04 00:05:00,57820.9,66436.2,57827.4,57817.9
2026-06-04 00:10:00,57601.0,66183.6,57487.8,57654.0
2026-06-04 00:15:00,57315.0,65855.0,57305.1,57319.7
2026-06-04 00:20:00,57007.3,65501.4,57044.4,56990.0
2026-06-04 00:25:00,56756.3,65213.0,56806.0,56733.0
2026-06-04 00:30:00,56542.3,64967.1,56570.8,56528.9
2026-06-04 00:35:00,56391.0,64793.3,56416.8,56379.0
2026-06-04 00:40:00,56256.4,64638.6,56230.4,56268.5
2026-06-04 00:45:00,56046.5,64397.4,56114.5,56014.6
2026-06-04 00:50:00,55819.4,64136.5,55895.6,55783.7
2026-06-04 00:55:00,55624.1,63912.1,55687.9,55594.2
2026-06-04 01:00:00,55541.6,63817.3,55522.4,55550.6
2026-06-04 01:05:00,55527.8,63801.4,55484.6,55548.0
2026-06-04 01:10:00,55462.8,63726.7,55429.0,55478.6
2026-06-04 01:15:00,55373.8,63624.5,55411.1,55356.3
2026-06-04 01:20:00,55326.9,63570.6,55306.8,55336.4
2026-06-04 01:25:00,55249.1,63481.2,55216.8,55264.2
2026-06-04 01:30:00,55151.9,63369.6,55218.9,55120.6
2026-06-04 01:35:00,55124.5,63338.1,55115.7,55128.6
2026-06-04 01:40:00,55046.4,63248.3,55097.3,55022.6
2026-06-04 01:45:00,54953.0,63141.0,54948.3,54955.2
2026-06-04 01:50:00,54844.1,63015.9,54835.5,54848.1
2026-06-04 01:55:00,54727.8,62882.2,54716.9,54732.9
2026-06-04 02:00:00,54687.5,62836.0,54718.1,54673.2
2026-06-04 02:05:00,54641.3,62782.8,54625.5,54648.6
2026-06-04 02:10:00,54639.0,62780.2,54599.1,54657.7
2026-06-04 02:15:00,54649.5,62792.3,54612.6,54666.8
2026-06-04 02:20:00,54644.9,62786.9,54610.5,54661.0
2026-06-04 02:25:00,54619.2,62757.5,54613.3,54622.0
2026-06-04 02:30:00,54612.5,62749.8,54601.2,54617.8
2026-06-04 02:35:00,54638.8,62780.0,54623.0,54646.2
2026-06-04 02:40:00,54619.3,62757.6,54607.1,54625.0
2026-06-04 02:45:00,54623.9,62762.8,54615.3,54627.9
2026-06-04 02:50:00,54623.1,62762.0,54611.4,54628.6
2026-06-04 02:55:00,54620.6,62759.1,54609.4,54625.8
2026-06-04 03:00:00,54595.8,62730.6,54615.2,54586.7
2026-06-04 03:05:00,54537.4,62663.5,54663.3,54478.4
2026-06-04 03:10:00,54481.8,62599.5,54518.3,54464.6
2026-06-04 03:15:00,54478.6,62595.9,54503.6,54466.9
2026-06-04 03:20:00,54479.5,62597.0,54503.5,54468.3
2026-06-04 03:25:00,54483.2,62601.1,54506.5,54472.2
2026-06-04 03:30:00,54475.9,62592.8,54498.9,54465.1
2026-06-04 03:35:00,54500.7,62621.3,54526.6,54488.6
2026-06-04 03:40:00,54483.6,62601.7,54506.2,54473.0
2026-06-04 03:45:00,54485.6,62604.0,54512.4,54473.1
2026-06-04 03:50:00,54483.4,62601.4,54506.9,54472.4
2026-06-04 03:55:00,54481.2,62598.8,54507.1,54469.0
2026-06-04 04:00:00,54548.7,62676.5,54548.6,54548.7
2026-06-04 04:05:00,54582.0,62714.7,54596.3,54575.3
2026-06-04 04:10:00,54582.6,62715.4,54584.1,54581.9
2026-06-04 04:15:00,54583.9,62716.9,54578.3,54586.5
2026-06-04 04:20:00,54580.2,62712.7,54573.2,54583.5
2026-06-04 04:25:00,54585.8,62719.1,54580.6,54588.2
2026-06-04 04:30:00,54578.3,62710.4,54572.3,54581.0
2026-06-04 04:35:00,54614.6,62752.2,54612.7,54615.5
2026-06-04 04:40:00,54703.3,62854.1,54695.7,54706.9
2026-06-04 04:45:00,54701.0,62851.5,54691.7,54705.4
2026-06-04 04:50:00,54695.0,62844.6,54687.1,54698.7
2026-06-04 04:55:00,54691.3,62840.3,54686.6,54693.5
2026-06-04 05:00:00,54745.3,62902.3,54793.9,54722.5
2026-06-04 05:05:00,54953.6,63141.7,54989.8,54936.6
2026-06-04 05:10:00,55028.8,63228.1,55049.3,55019.3
2026-06-04 05:15:00,55128.2,63342.3,55164.2,55111.4
2026-06-04 05:20:00,55165.7,63385.4,55269.6,55117.1
2026-06-04 05:25:00,55276.3,63512.4,55271.2,55278.6
2026-06-04 05:30:00,55394.8,63648.6,55391.5,55396.3
2026-06-04 05:35:00,55600.6,63885.1,55568.2,55615.8
2026-06-04 05:40:00,55770.3,64080.0,55729.6,55789.4
2026-06-04 05:45:00,55871.3,64196.2,55831.3,55890.1
2026-06-04 05:50:00,56040.7,64390.7,56001.8,56058.9
2026-06-04 05:55:00,56181.2,64552.3,56205.3,56170.0
2026-06-04 06:00:00,56444.8,64855.0,56424.1,56454.4
2026-06-04 06:05:00,56823.3,65290.0,56884.3,56794.7
2026-06-04 06:10:00,57066.1,65569.0,57083.3,57058.1
2026-06-04 06:15:00,57279.0,65813.6,57239.9,57297.4
2026-06-04 06:20:00,57414.7,65969.5,57400.3,57421.4
2026-06-04 06:25:00,57585.1,66165.3,57554.7,57599.3
2026-06-04 06:30:00,57817.7,66432.5,57797.1,57827.3
2026-06-04 06:35:00,58076.7,66730.2,58043.6,58092.3
2026-06-04 06:40:00,58256.9,66937.2,58256.0,58257.4
2026-06-04 06:45:00,58408.1,67110.9,58420.8,58402.1
2026-06-04 06:50:00,58548.6,67272.3,58512.8,58565.4
2026-06-04 06:55:00,58728.6,67479.1,58722.9,58731.3
2026-06-04 07:00:00,59074.0,67876.0,59079.6,59071.3
2026-06-04 07:05:00,59572.0,68448.2,59556.2,59579.4
2026-06-04 07:10:00,59889.2,68812.7,59856.3,59904.6
2026-06-04 07:15:00,60174.6,69140.6,60116.0,60202.0
2026-06-04 07:20:00,60312.6,69299.2,60355.1,60292.8
2026-06-04 07:25:00,60488.3,69501.1,60524.2,60471.5
2026-06-04 07:30:00,60651.2,69688.2,60669.9,60642.5
2026-06-04 07:35:00,60891.4,69964.2,60838.9,60915.9
2026-06-04 07:40:00,61014.8,70106.0,61051.4,60997.6
2026-06-04 07:45:00,61169.5,70283.8,61152.0,61177.8
2026-06-04 07:50:00,61322.7,70459.8,61339.3,61314.9
2026-06-04 07:55:00,61454.1,70610.8,61394.7,61482.0
2026-06-04 08:00:00,61829.5,71042.1,61822.6,61832.7
2026-06-04 08:05:00,62419.3,71719.7,62392.1,62432.0
2026-06-04 08:10:00,62830.5,72192.2,62770.0,62858.8
2026-06-04 08:15:00,63179.7,72593.5,63160.9,63188.6
2026-06-04 08:20:00,63465.8,72922.2,63450.1,63473.2
2026-06-04 08:25:00,63787.7,73292.1,63748.3,63806.2
2026-06-04 08:30:00,63984.7,73518.4,64000.3,63977.4
2026-06-04 08:35:00,64265.0,73840.5,64301.4,64247.9
2026-06-04 08:40:00,64463.6,74068.6,64502.8,64445.2
2026-06-04 08:45:00,64607.4,74233.9,64665.1,64580.4
2026-06-04 08:50:00,64725.5,74369.6,64755.8,64711.3
2026-06-04 08:55:00,64847.6,74509.9,64870.3,64836.9
2026-06-04 09:00:00,64808.4,74464.9,64827.8,64799.3
2026-06-04 09:05:00,64893.6,74562.7,64862.2,64908.3
2026-06-04 09:10:00,65036.4,74726.8,64959.9,65072.2
2026-06-04 09:15:00,65138.4,74844.0,65136.4,65139.3
2026-06-04 09:20:00,65178.5,74890.1,65255.9,65142.2
2026-06-04 09:25:00,65216.8,74934.1,65248.9,65201.8
2026-06-04 09:30:00,65153.0,74860.8,65170.2,65144.9
2026-06-04 09:35:00,65130.8,74835.3,65190.5,65102.9
2026-06-04 09:40:00,65105.8,74806.5,65160.7,65080.0
2026-06-04 09:45:00,65068.1,74763.2,65055.2,65074.1
2026-06-04 09:50:00,65036.4,74726.8,65030.0,65039.3
2026-06-04 09:55:00,64920.5,74593.7,64893.2,64933.3
2026-06-04 10:00:00,64744.5,74391.4,64782.1,64726.8
2026-06-04 10:05:00,64757.6,74406.5,64769.4,64752.1
2026-06-04 10:10:00,64800.9,74456.2,64872.9,64767.1
2026-06-04 10:15:00,64975.2,74656.4,64962.0,64981.3
2026-06-04 10:20:00,65059.8,74753.7,65039.9,65069.1
2026-06-04 10:25:00,65061.6,74755.7,65137.0,65026.2
2026-06-04 10:30:00,65001.3,74686.5,65022.3,64991.4
2026-06-04 10:35:00,64936.5,74612.1,64949.4,64930.5
2026-06-04 10:40:00,64860.7,74524.9,64930.4,64828.0
2026-06-04 10:45:00,64802.1,74457.6,64842.7,64783.0
2026-06-04 10:50:00,64743.4,74390.2,64731.0,64749.2
2026-06-04 10:55:00,64677.9,74314.9,64635.3,64697.8
2026-06-04 11:00:00,64546.0,74163.3,64556.9,64540.9
2026-06-04 11:05:00,64457.9,74062.1,64430.4,64470.8
2026-06-04 11:10:00,64404.2,74000.4,64427.9,64393.1
2026-06-04 11:15:00,64344.9,73932.3,64323.8,64354.8
2026-06-04 11:20:00,64221.8,73790.8,64195.0,64234.3
2026-06-04 11:25:00,64139.0,73695.8,64093.0,64160.6
2026-06-04 11:30:00,64003.4,73539.9,63959.3,64024.1
2026-06-04 11:35:00,63929.8,73455.3,63858.4,63963.2
2026-06-04 11:40:00,63816.9,73325.6,63723.8,63860.5
2026-06-04 11:45:00,63729.6,73225.3,63649.4,63767.2
2026-06-04 11:50:00,63542.8,73010.7,63442.6,63589.7
2026-06-04 11:55:00,63208.5,72626.5,63181.6,63221.1
2026-06-04 12:00:00,62743.3,72092.0,62785.5,62723.5
2026-06-04 12:05:00,62803.8,72161.5,62734.3,62836.3
2026-06-04 12:10:00,62824.1,72184.9,62813.4,62829.1
2026-06-04 12:15:00,62817.4,72177.2,62792.9,62828.9
2026-06-04 12:20:00,62830.7,72192.4,62810.9,62839.9
2026-06-04 12:25:00,62838.2,72201.1,62800.0,62856.1
2026-06-04 12:30:00,62677.2,72016.1,62653.9,62688.1
2026-06-04 12:35:00,62678.9,72018.0,62660.9,62687.3
2026-06-04 12:40:00,62795.9,72152.4,62719.3,62831.7
2026-06-04 12:45:00,62891.2,72262.0,62872.0,62900.2
2026-06-04 12:50:00,63029.2,72420.6,63010.1,63038.2
2026-06-04 12:55:00,63182.8,72597.0,63157.0,63194.9
2026-06-04 13:00:00,63497.7,72958.8,63493.0,63499.9
2026-06-04 13:05:00,63791.4,73296.3,63802.2,63786.3
2026-06-04 13:10:00,63985.0,73518.8,64011.0,63972.8
2026-06-04 13:15:00,64141.7,73698.8,64234.5,64098.2
2026-06-04 13:20:00,64360.1,73949.8,64316.6,64380.5
2026-06-04 13:25:00,64600.8,74226.3,64631.7,64586.4
2026-06-04 13:30:00,64850.8,74513.5,64794.0,64877.3
2026-06-04 13:35:00,65090.8,74789.3,65077.0,65097.2
2026-06-04 13:40:00,65292.2,75020.8,65244.5,65314.6
2026-06-04 13:45:00,65464.2,75218.3,65455.5,65468.3
2026-06-04 13:50:00,65620.3,75397.7,65599.8,65629.9
2026-06-04 13:55:00,65726.5,75519.7,65726.5,65726.4
2026-06-04 14:00:00,65812.0,75617.9,65861.0,65789.0
2026-06-04 14:05:00,65835.3,75644.7,65842.3,65832.0
2026-06-04 14:10:00,65931.2,75754.9,65998.3,65899.7
2026-06-04 14:15:00,66002.7,75837.0,66100.5,65956.8
2026-06-04 14:20:00,66041.3,75881.5,66078.6,66023.9
2026-06-04 14:25:00,66186.8,76048.6,66178.9,66190.5
2026-06-04 14:30:00,66256.7,76129.0,66274.2,66248.5
2026-06-04 14:35:00,66371.8,76261.2,66375.8,66369.9
2026-06-04 14:40:00,66453.8,76355.4,66464.0,66449.0
2026-06-04 14:45:00,66483.3,76389.3,66557.8,66448.4
2026-06-04 14:50:00,66509.7,76419.7,66541.8,66494.7
2026-06-04 14:55:00,66473.4,76377.9,66509.8,66456.4
2026-06-04 15:00:00,66455.5,76357.3,66483.7,66442.3
2026-06-04 15:05:00,66409.0,76303.9,66481.7,66374.9
2026-06-04 15:10:00,66512.2,76422.5,66495.7,66520.0
2026-06-04 15:15:00,66666.9,76600.2,66645.7,66676.8
2026-06-04 15:20:00,66814.5,76769.8,66806.4,66818.2
2026-06-04 15:25:00,66957.5,76934.1,66926.9,66971.8
2026-06-04 15:30:00,67032.0,77019.8,67107.2,66996.8
2026-06-04 15:35:00,67096.6,77094.0,67115.6,67087.7
2026-06-04 15:40:00,67147.3,77152.3,67249.1,67099.7
2026-06-04 15:45:00,67242.1,77261.2,67262.0,67232.8
2026-06-04 15:50:00,67330.4,77362.6,67329.9,67330.6
2026-06-04 15:55:00,67394.3,77436.0,67451.0,67367.7
2026-06-04 16:00:00,67427.6,77474.3,67457.5,67413.6
2026-06-04 16:05:00,67371.8,77410.2,67397.1,67359.9
2026-06-04 16:10:00,67425.5,77471.9,67436.0,67420.6
2026-06-04 16:15:00,67513.7,77573.2,67525.7,67508.1
2026-06-04 16:20:00,67548.2,77612.9,67637.0,67506.6
2026-06-04 16:25:00,67659.5,77740.8,67649.0,67664.4
2026-06-04 16:30:00,67760.5,77856.9,67745.4,67767.6
2026-06-04 16:35:00,67897.9,78014.6,67866.9,67912.3
2026-06-04 16:40:00,67972.6,78100.6,67936.8,67989.4
2026-06-04 16:45:00,68085.9,78230.7,68055.4,68100.3
2026-06-04 16:50:00,68164.6,78321.1,68148.0,68172.4
2026-06-04 16:55:00,68180.9,78339.8,68231.8,68157.0
2026-06-04 17:00:00,68086.7,78231.6,68154.7,68054.8
2026-06-04 17:05:00,67961.7,78087.9,67958.7,67963.0
2026-06-04 17:10:00,68029.6,78166.0,68039.1,68025.1
2026-06-04 17:15:00,68076.9,78220.4,68144.2,68045.4
2026-06-04 17:20:00,68144.1,78297.6,68142.4,68144.9
2026-06-04 17:25:00,68170.4,78327.8,68231.7,68141.6
2026-06-04 17:30:00,68160.9,78316.8,68234.1,68126.6
2026-06-04 17:35:00,68203.6,78365.9,68231.6,68190.4
2026-06-04 17:40:00,68278.6,78452.1,68225.5,68303.4
2026-06-04 17:45:00,68318.5,78498.0,68348.2,68304.6
2026-06-04 17:50:00,68364.3,78550.6,68349.7,68371.1
2026-06-04 17:55:00,68376.7,78564.8,68422.7,68355.2
2026-06-04 18:00:00,68372.3,78559.8,68407.6,68355.7
2026-06-04 18:05:00,68298.7,78475.2,68332.9,68282.7
2026-06-04 18:10:00,68376.4,78564.5,68365.8,68381.4
2026-06-04 18:15:00,68429.6,78625.6,68501.4,68395.9
2026-06-04 18:20:00,68525.1,78735.3,68491.9,68540.6
2026-06-04 18:25:00,68619.6,78844.0,68602.3,68627.8
2026-06-04 18:30:00,68693.8,78929.2,68739.0,68672.6
2026-06-04 18:35:00,68782.1,79030.6,68865.0,68743.2
2026-06-04 18:40:00,68862.1,79122.5,68861.7,68862.3
2026-06-04 18:45:00,68899.7,79165.8,68977.2,68863.5
2026-06-04 18:50:00,68939.1,79211.1,68937.6,68939.8
2026-06-04 18:55:00,68943.6,79216.2,68992.7,68920.6
2026-06-04 19:00:00,68911.1,79178.9,68912.3,68910.6
2026-06-04 19:05:00,68844.3,79102.1,68782.1,68873.4
2026-06-04 19:10:00,68843.6,79101.3,68851.6,68839.8
2026-06-04 19:15:00,68843.5,79101.2,68849.3,68840.8
2026-06-04 19:20:00,68833.5,79089.7,68835.5,68832.6
2026-06-04 19:25:00,68820.6,79074.8,68821.6,68820.1
2026-06-04 19:30:00,68809.2,79061.7,68818.3,68804.9
2026-06-04 19:35:00,68814.5,79067.9,68832.3,68806.2
2026-06-04 19:40:00,68813.0,79066.1,68819.5,68810.0
2026-06-04 19:45:00,68815.7,79069.2,68825.2,68811.2
2026-06-04 19:50:00,68773.5,79020.8,68777.8,68771.5
2026-06-04 19:55:00,68717.4,78956.3,68649.7,68749.1
2026-06-04 20:00:00,68536.4,78748.3,68624.4,68495.2
2026-06-04 20:05:00,68389.4,78579.4,68390.1,68389.1
2026-06-04 20:10:00,68306.3,78484.0,68346.1,68287.7
2026-06-04 20:15:00,68272.1,78444.6,68237.2,68288.4
2026-06-04 20:20:00,68192.1,78352.7,68238.0,68170.6
2026-06-04 20:25:00,68142.1,78295.3,68105.9,68159.1
2026-06-04 20:30:00,68022.2,78157.5,68063.4,68002.9
2026-06-04 20:35:00,67889.9,78005.5,67986.2,67844.8
2026-06-04 20:40:00,67696.6,77783.4,67683.5,67702.8
2026-06-04 20:45:00,67525.9,77587.2,67603.4,67489.6
2026-06-04 20:50:00,67304.0,77332.2,67299.8,67305.9
2026-06-04 20:55:00,67088.7,77085.0,67080.2,67092.7
2026-06-04 21:00:00,66818.0,76773.9,66847.3,66804.2
2026-06-04 21:05:00,66626.5,76553.8,66605.3,66636.4
2026-06-04 21:10:00,66452.3,76353.7,66434.1,66460.8
2026-06-04 21:15:00,66312.3,76192.8,66314.9,66311.1
2026-06-04 21:20:00,66112.3,75963.0,66129.3,66104.3
2026-06-04 21:25:00,65910.8,75731.5,65892.3,65919.5
2026-06-04 21:30:00,65712.8,75504.0,65693.8,65721.7
2026-06-04 21:35:00,65473.0,75228.5,65507.0,65457.1
2026-06-04 21:40:00,65271.9,74997.5,65286.8,65265.0
2026-06-04 21:45:00,65121.1,74824.1,65123.0,65120.2
2026-06-04 21:50:00,64908.3,74579.6,64907.6,64908.6
2026-06-04 21:55:00,64703.1,74343.8,64670.7,64718.2
2026-06-04 22:00:00,64509.2,74121.1,64485.0,64520.6
2026-06-04 22:05:00,64540.0,74156.4,64505.6,64556.1
2026-06-04 22:10:00,64441.9,74043.8,64415.4,64454.4
2026-06-04 22:15:00,64296.8,73877.0,64273.5,64307.7
2026-06-04 22:20:00,64162.9,73723.2,64176.1,64156.7
2026-06-04 22:25:00,64003.1,73539.6,64027.8,63991.5
2026-06-04 22:30:00,63794.7,73300.1,63819.6,63783.1
2026-06-04 22:35:00,63607.0,73084.4,63609.2,63606.0
2026-06-04 22:40:00,63367.2,72808.9,63371.7,63365.1
2026-06-04 22:45:00,63239.8,72662.6,63213.9,63252.0
2026-06-04 22:50:00,63069.5,72466.8,63104.5,63053.1
2026-06-04 22:55:00,62946.2,72325.2,62907.9,62964.2
2026-06-04 23:00:00,62963.2,72344.7,62991.7,62949.9
2026-06-04 23:05:00,63382.2,72826.1,63390.6,63378.2
2026-06-04 23:10:00,63397.2,72843.4,63410.6,63391.0
2026-06-04 23:15:00,63241.3,72664.2,63229.1,63247.0
2026-06-04 23:20:00,63045.4,72439.2,63044.7,63045.8
2026-06-04 23:25:00,62838.4,72201.3,62824.2,62845.0
2026-06-04 23:30:00,62494.0,71805.7,62455.6,62512.1
2026-06-04 23:35:00,62179.6,71444.3,62177.9,62180.3
2026-06-04 23:40:00,61798.0,71006.0,61793.2,61800.3
2026-06-04 23:45:00,61427.3,70580.0,61404.3,61438.1
2026-06-04 23:50:00,61034.9,70129.2,61023.0,61040.5
2026-06-04 23:55:00,60643.2,69679.0,60587.5,60669.3
2026-06-05 00:00:00,60092.5,69046.2,60031.0,60121.3
2026-06-05 00:05:00,60002.0,68942.3,59997.0,60004.4
2026-06-05 00:10:00,59686.6,68579.9,59713.8,59673.9
2026-06-05 00:15:00,59316.7,68154.8,59322.2,59314.0
2026-06-05 00:20:00,58989.0,67778.4,58980.1,58993.2
2026-06-05 00:25:00,58685.2,67429.3,58735.5,58661.7
2026-06-05 00:30:00,58433.6,67140.2,58396.3,58451.1
2026-06-05 00:35:00,58234.0,66910.9,58232.9,58234.6
2026-06-05 00:40:00,58040.3,66688.3,58055.1,58033.4
2026-06-05 00:45:00,57822.2,66437.7,57786.7,57838.8
2026-06-05 00:50:00,57633.2,66220.5,57547.6,57673.2
2026-06-05 00:55:00,57468.9,66031.7,57372.9,57513.8
2026-06-05 01:00:00,57304.5,65842.9,57341.0,57287.4
2026-06-05 01:05:00,57185.6,65706.2,57226.4,57166.4
2026-06-05 01:10:00,57110.0,65619.4,57130.7,57100.3
2026-06-05 01:15:00,57018.6,65514.4,57020.5,57017.8
2026-06-05 01:20:00,56930.9,65413.6,56954.4,56919.9
2026-06-05 01:25:00,56866.5,65339.6,56851.6,56873.5
2026-06-05 01:30:00,56784.5,65245.4,56738.6,56806.1
2026-06-05 01:35:00,56735.0,65188.5,56711.8,56745.9
2026-06-05 01:40:00,56662.1,65104.7,56694.9,56646.7
2026-06-05 01:45:00,56548.6,64974.3,56587.9,56530.1
2026-06-05 01:50:00,56461.0,64873.6,56511.5,56437.3
2026-06-05 01:55:00,56384.7,64786.0,56430.8,56363.1
2026-06-05 02:00:00,56362.9,64761.0,56317.1,56384.4
2026-06-05 02:05:00,56324.0,64716.3,56389.3,56293.4
2026-06-05 02:10:00,56270.5,64654.8,56258.8,56275.9
2026-06-05 02:15:00,56221.5,64598.5,56239.0,56213.3
2026-06-05 02:20:00,56187.0,64558.8,56138.4,56209.7
2026-06-05 02:25:00,56193.6,64566.5,56141.5,56218.0
2026-06-05 02:30:00,56190.0,64562.3,56130.8,56217.8
2026-06-05 02:35:00,56153.3,64520.1,56117.2,56170.1
2026-06-05 02:40:00,56089.3,64446.6,56114.9,56077.2
2026-06-05 02:45:00,56078.9,64434.7,56021.9,56105.6
2026-06-05 02:50:00,56082.6,64438.9,56032.2,56106.2
2026-06-05 02:55:00,56081.1,64437.2,56031.0,56104.5
2026-06-05 03:00:00,56025.0,64372.8,56013.1,56030.6
2026-06-05 03:05:00,56021.2,64368.4,56068.0,55999.3
2026-06-05 03:10:00,55990.9,64333.6,56039.8,55968.0
2026-06-05 03:15:00,55930.1,64263.7,55933.1,55928.7
2026-06-05 03:20:00,55881.0,64207.2,55932.1,55857.0
2026-06-05 03:25:00,55823.1,64140.7,55829.9,55819.8
2026-06-05 03:30:00,55742.3,64047.9,55805.6,55712.7
2026-06-05 03:35:00,55727.5,64030.8,55712.3,55734.5
2026-06-05 03:40:00,55710.7,64011.6,55691.5,55719.8
2026-06-05 03:45:00,55647.0,63938.4,55692.2,55625.8
2026-06-05 03:50:00,55610.3,63896.3,55579.1,55625.0
2026-06-05 03:55:00,55597.2,63881.1,55580.1,55605.2
2026-06-05 04:00:00,55620.8,63908.3,55631.3,55615.9
2026-06-05 04:05:00,55734.6,64039.1,55708.2,55747.0
2026-06-05 04:10:00,55810.2,64125.9,55775.4,55826.6
2026-06-05 04:15:00,55814.4,64130.8,55884.9,55781.4
2026-06-05 04:20:00,55810.3,64126.1,55878.8,55778.2
2026-06-05 04:25:00,55806.3,64121.4,55885.3,55769.3
2026-06-05 04:30:00,55801.8,64116.3,55882.4,55764.1
2026-06-05 04:35:00,55840.3,64160.6,55920.9,55802.6
2026-06-05 04:40:00,55900.9,64230.1,55880.5,55910.4
2026-06-05 04:45:00,55900.4,64229.5,55882.2,55908.9
2026-06-05 04:50:00,55892.5,64220.5,55875.2,55900.7
2026-06-05 04:55:00,55894.9,64223.2,55875.0,55904.1
2026-06-05 05:00:00,55933.4,64267.5,55966.1,55918.1
2026-06-05 05:05:00,56029.7,64378.2,56143.2,55976.6
2026-06-05 05:10:00,56143.6,64509.0,56183.6,56124.9
2026-06-05 05:15:00,56229.9,64608.1,56283.5,56204.8
2026-06-05 05:20:00,56297.9,64686.2,56289.2,56301.9
2026-06-05 05:25:00,56374.9,64774.8,56389.4,56368.1
2026-06-05 05:30:00,56421.7,64828.5,56476.1,56396.2
2026-06-05 05:35:00,56551.9,64978.1,56549.9,56552.8
2026-06-05 05:40:00,56647.2,65087.7,56708.2,56618.7
2026-06-05 05:45:00,56730.6,65183.4,56766.2,56713.9
2026-06-05 05:50:00,56838.2,65307.1,56863.2,56826.5
2026-06-05 05:55:00,56941.5,65425.8,56954.5,56935.4
2026-06-05 06:00:00,57190.4,65711.8,57194.6,57188.5
2026-06-05 06:05:00,57591.5,66172.7,57602.0,57586.6
2026-06-05 06:10:00,57800.7,66413.0,57820.4,57791.4
2026-06-05 06:15:00,57981.1,66620.3,57962.8,57989.7
2026-06-05 06:20:00,58124.5,66785.0,58134.7,58119.7
2026-06-05 06:25:00,58277.4,66960.7,58221.0,58303.8
2026-06-05 06:30:00,58424.8,67130.1,58391.2,58440.6
2026-06-05 06:35:00,58604.8,67336.9,58628.9,58593.6
2026-06-05 06:40:00,58768.2,67524.7,58806.4,58750.3
2026-06-05 06:45:00,58918.7,67697.6,58891.5,58931.4
2026-06-05 06:50:00,59053.2,67852.2,59060.1,59050.0
2026-06-05 06:55:00,59198.5,68019.1,59152.6,59220.0
2026-06-05 07:00:00,59449.0,68306.9,59497.5,59426.2
2026-06-05 07:05:00,59922.7,68851.2,59946.9,59911.4
2026-06-05 07:10:00,60226.7,69200.5,60224.3,60227.9
2026-06-05 07:15:00,60497.0,69511.1,60475.0,60507.3
2026-06-05 07:20:00,60656.7,69694.5,60687.5,60642.2
2026-06-05 07:25:00,60801.7,69861.2,60752.7,60824.6
2026-06-05 07:30:00,60881.7,69953.0,60886.7,60879.3
2026-06-05 07:35:00,61120.9,70227.9,61087.8,61136.4
2026-06-05 07:40:00,61253.3,70380.1,61195.5,61280.4
2026-06-05 07:45:00,61400.1,70548.7,61383.9,61407.7
2026-06-05 07:50:00,61505.7,70670.0,61488.7,61513.6
2026-06-05 07:55:00,61605.0,70784.1,61562.7,61624.8
2026-06-05 08:00:00,61898.5,71121.4,61879.8,61907.3
2026-06-05 08:05:00,62438.0,71741.3,62382.4,62464.1
2026-06-05 08:10:00,62789.5,72145.2,62729.7,62817.5
2026-06-05 08:15:00,63139.9,72547.8,63125.0,63146.9
2026-06-05 08:20:00,63340.7,72778.5,63328.1,63346.6
2026-06-05 08:25:00,63668.3,73154.9,63661.7,63671.4
2026-06-05 08:30:00,63899.1,73420.0,63889.2,63903.7
2026-06-05 08:35:00,64157.9,73717.4,64167.1,64153.6
2026-06-05 08:40:00,64324.2,73908.5,64303.4,64333.9
2026-06-05 08:45:00,64474.7,74081.4,64464.2,64479.5
2026-06-05 08:50:00,64554.0,74172.5,64651.7,64508.2
2026-06-05 08:55:00,64613.3,74240.7,64587.6,64625.3
2026-06-05 09:00:00,64598.0,74223.1,64570.4,64610.9
2026-06-05 09:05:00,64707.9,74349.4,64671.6,64724.9
2026-06-05 09:10:00,64846.1,74508.1,64812.0,64862.0
2026-06-05 09:15:00,64960.1,74639.2,65021.2,64931.5
2026-06-05 09:20:00,65016.0,74703.4,65073.1,64989.2
2026-06-05 09:25:00,65052.7,74745.6,65053.6,65052.3
2026-06-05 09:30:00,65033.8,74723.9,65078.6,65012.9
2026-06-05 09:35:00,65005.5,74691.3,64993.6,65011.0
2026-06-05 09:40:00,64961.3,74640.6,64955.8,64963.9
2026-06-05 09:45:00,64902.0,74572.5,64945.7,64881.6
2026-06-05 09:50:00,64839.8,74500.9,64819.8,64849.2
2026-06-05 09:55:00,64756.3,74404.9,64714.4,64775.9
2026-06-05 10:00:00,64638.9,74270.1,64699.1,64610.8
2026-06-05 10:05:00,64694.8,74334.3,64661.8,64710.2
2026-06-05 10:10:00,64814.4,74471.7,64773.0,64833.8
2026-06-05 10:15:00,64986.3,74669.3,64963.0,64997.3
2026-06-05 10:20:00,65039.6,74730.6,65043.4,65037.9
2026-06-05 10:25:00,65011.4,74698.1,65033.4,65001.0
2026-06-05 10:30:00,64914.0,74586.1,64927.3,64907.7
2026-06-05 10:35:00,64853.6,74516.8,64869.7,64846.0
2026-06-05 10:40:00,64821.7,74480.1,64843.3,64811.6
2026-06-05 10:45:00,64800.0,74455.2,64775.2,64811.6
2026-06-05 10:50:00,64777.5,74429.4,64769.0,64781.5
2026-06-05 10:55:00,64765.6,74415.7,64752.4,64771.8
2026-06-05 11:00:00,64651.7,74284.8,64671.3,64642.5
2026-06-05 11:05:00,64614.9,74242.6,64664.4,64591.7
2026-06-05 11:10:00,64602.0,74227.7,64553.4,64624.8
2026-06-05 11:15:00,64577.8,74199.9,64558.5,64586.8
2026-06-05 11:20:00,64487.5,74096.1,64524.5,64470.2
2026-06-05 11:25:00,64467.8,74073.5,64440.6,64480.6
2026-06-05 11:30:00,64313.1,73895.7,64322.5,64308.7
2026-06-05 11:35:00,64209.5,73776.7,64146.6,64239.0
2026-06-05 11:40:00,64088.9,73638.2,64012.9,64124.5
2026-06-05 11:45:00,63951.0,73479.6,63916.9,63966.9
2026-06-05 11:50:00,63707.9,73200.3,63619.3,63749.3
2026-06-05 11:55:00,63390.0,72835.1,63359.2,63404.4
2026-06-05 12:00:00,62988.6,72373.9,62931.8,63015.2
2026-06-05 12:05:00,63057.2,72452.7,63037.4,63066.5
2026-06-05 12:10:00,63158.5,72569.1,63128.7,63172.4
2026-06-05 12:15:00,63245.3,72668.9,63196.0,63268.4
2026-06-05 12:20:00,63267.8,72694.7,63289.5,63257.7
2026-06-05 12:25:00,63265.5,72692.1,63279.1,63259.1
2026-06-05 12:30:00,63182.9,72597.2,63158.0,63194.6
2026-06-05 12:35:00,63182.3,72596.5,63173.4,63186.5
2026-06-05 12:40:00,63223.4,72643.7,63232.6,63219.1
2026-06-05 12:45:00,63251.0,72675.4,63260.8,63246.4
2026-06-05 12:50:00,63417.4,72866.6,63414.3,63418.9
2026-06-05 12:55:00,63563.9,73034.9,63613.4,63540.7
2026-06-05 13:00:00,63941.9,73469.3,63906.4,63958.6
2026-06-05 13:05:00,64350.7,73938.9,64323.0,64363.6
2026-06-05 13:10:00,64690.6,74329.5,64658.7,64705.6
2026-06-05 13:15:00,64903.7,74574.3,64941.8,64885.8
2026-06-05 13:20:00,65069.7,74765.1,65070.1,65069.5
2026-06-05 13:25:00,65294.2,75023.1,65316.9,65283.6
2026-06-05 13:30:00,65469.6,75224.6,65499.4,65455.6
2026-06-05 13:35:00,65722.7,75515.4,65703.5,65731.7
2026-06-05 13:40:00,65937.6,75762.3,65948.4,65932.6
2026-06-05 13:45:00,66088.6,75935.8,66119.5,66074.2
2026-06-05 13:50:00,66187.5,76049.5,66155.6,66202.5
2026-06-05 13:55:00,66282.7,76158.8,66301.8,66273.7
2026-06-05 14:00:00,66395.0,76287.9,66383.2,66400.6
2026-06-05 14:05:00,66467.7,76371.4,66466.7,66468.1
2026-06-05 14:10:00,66596.4,76519.3,66600.7,66594.4
2026-06-05 14:15:00,66727.1,76669.4,66707.6,66736.2
2026-06-05 14:20:00,66805.1,76759.0,66771.2,66820.9
2026-06-05 14:25:00,66884.9,76850.7,66878.3,66888.0
2026-06-05 14:30:00,66978.4,76958.2,66971.5,66981.7
2026-06-05 14:35:00,66983.7,76964.3,67037.1,66958.7
2026-06-05 14:40:00,66981.6,76961.9,67046.6,66951.2
2026-06-05 14:45:00,66978.6,76958.4,67058.6,66941.1
2026-06-05 14:50:00,66963.4,76940.9,67040.1,66927.4
2026-06-05 14:55:00,66934.5,76907.8,67001.7,66903.1
2026-06-05 15:00:00,66837.6,76796.4,66892.4,66811.9
2026-06-05 15:05:00,66755.9,76702.5,66805.4,66732.7
2026-06-05 15:10:00,66823.0,76779.6,66900.1,66786.9
2026-06-05 15:15:00,66945.6,76920.5,66945.6,66945.6
2026-06-05 15:20:00,67026.5,77013.4,67005.1,67036.5
2026-06-05 15:25:00,67117.4,77117.9,67113.0,67119.5
2026-06-05 15:30:00,67167.9,77175.9,67211.2,67147.6
2026-06-05 15:35:00,67211.9,77226.5,67296.3,67172.4
2026-06-05 15:40:00,67252.8,77273.5,67299.1,67231.1
2026-06-05 15:45:00,67329.4,77361.5,67313.3,67337.0
2026-06-05 15:50:00,67374.8,77413.6,67447.6,67340.7
2026-06-05 15:55:00,67452.1,77502.5,67501.3,67429.1
2026-06-05 16:00:00,67467.8,77520.5,67431.6,67484.7
2026-06-05 16:05:00,67359.4,77396.0,67376.1,67351.6
2026-06-05 16:10:00,67402.1,77445.0,67404.9,67400.7
2026-06-05 16:15:00,67449.9,77499.9,67523.8,67415.3
2026-06-05 16:20:00,67509.9,77568.9,67514.2,67507.9
2026-06-05 16:25:00,67549.1,77613.9,67629.6,67511.3
2026-06-05 16:30:00,67626.5,77702.8,67603.6,67637.2
2026-06-05 16:35:00,67689.7,77775.5,67712.7,67678.9
2026-06-05 16:40:00,67771.8,77869.8,67729.3,67791.7
2026-06-05 16:45:00,67873.2,77986.3,67854.2,67882.1
2026-06-05 16:50:00,67935.1,78057.5,67908.7,67947.5
2026-06-05 16:55:00,67961.7,78088.0,68019.9,67934.5
2026-06-05 17:00:00,67956.1,78081.5,67957.2,67955.6
2026-06-05 17:05:00,67816.9,77921.6,67869.7,67792.2
2026-06-05 17:10:00,67860.4,77971.6,67907.7,67838.2
2026-06-05 17:15:00,67937.2,78059.9,67921.2,67944.8
2026-06-05 17:20:00,67973.3,78101.3,68034.7,67944.6
2026-06-05 17:25:00,68039.8,78177.7,68034.4,68042.3
2026-06-05 17:30:00,68064.3,78205.9,68114.7,68040.7
2026-06-05 17:35:00,68077.5,78221.0,68122.5,68056.4
2026-06-05 17:40:00,68133.8,78285.8,68116.5,68141.9
2026-06-05 17:45:00,68169.3,78326.5,68225.1,68143.2
2026-06-05 17:50:00,68140.9,78293.9,68193.3,68116.4
2026-06-05 17:55:00,68122.9,78273.3,68164.8,68103.3
2026-06-05 18:00:00,68094.8,78240.9,68063.6,68109.4
2026-06-05 18:05:00,68028.8,78165.1,67992.9,68045.7
2026-06-05 18:10:00,68094.8,78240.9,68106.6,68089.3
2026-06-05 18:15:00,68167.4,78324.4,68128.9,68185.5
2026-06-05 18:20:00,68198.5,78360.1,68223.0,68187.0
2026-06-05 18:25:00,68286.9,78461.7,68239.2,68309.3
2026-06-05 18:30:00,68332.4,78513.9,68374.7,68312.6
2026-06-05 18:35:00,68399.7,78591.2,68386.2,68406.0
2026-06-05 18:40:00,68469.7,78671.7,68469.5,68469.8
2026-06-05 18:45:00,68560.4,78775.9,68575.7,68553.2
2026-06-05 18:50:00,68577.3,78795.3,68552.1,68589.0
2026-06-05 18:55:00,68592.5,78812.7,68628.1,68575.8
2026-06-05 19:00:00,68592.1,78812.3,68564.8,68604.9
2026-06-05 19:05:00,68553.4,78767.8,68526.8,68565.8
2026-06-05 19:10:00,68574.7,78792.3,68495.0,68612.1
2026-06-05 19:15:00,68597.7,78818.8,68591.7,68600.5
2026-06-05 19:20:00,68590.6,78810.6,68594.6,68588.7
2026-06-05 19:25:00,68621.6,78846.2,68579.0,68641.6
2026-06-05 19:30:00,68609.0,78831.8,68578.1,68623.6
2026-06-05 19:35:00,68614.5,78838.1,68587.5,68627.2
2026-06-05 19:40:00,68610.2,78833.1,68566.9,68630.4
2026-06-05 19:45:00,68606.7,78829.1,68572.6,68622.6
2026-06-05 19:50:00,68566.0,78782.4,68537.0,68579.7
2026-06-05 19:55:00,68519.2,78728.6,68418.8,68566.2
2026-06-05 20:00:00,68392.8,78583.3,68407.9,68385.7
2026-06-05 20:05:00,68270.2,78442.5,68307.5,68252.8
2026-06-05 20:10:00,68202.1,78364.2,68262.3,68173.9
2026-06-05 20:15:00,68156.9,78312.2,68129.4,68169.7
2026-06-05 20:20:00,68013.9,78147.9,68130.2,67959.4
2026-06-05 20:25:00,67820.6,77925.9,67848.5,67807.5
2026-06-05 20:30:00,67615.4,77690.1,67666.5,67591.5
2026-06-05 20:35:00,67404.7,77448.0,67500.1,67360.1
2026-06-05 20:40:00,67176.2,77185.5,67244.4,67144.3
2026-06-05 20:45:00,67016.1,77001.5,67025.8,67011.6
2026-06-05 20:50:00,66845.5,76805.5,66798.3,66867.7
2026-06-05 20:55:00,66612.0,76537.2,66588.4,66623.1
2026-06-05 21:00:00,66363.7,76251.9,66344.8,66372.6
2026-06-05 21:05:00,66256.9,76129.2,66201.4,66283.0
2026-06-05 21:10:00,66119.8,75971.6,66138.8,66110.8
2026-06-05 21:15:00,65943.5,75769.1,65968.4,65931.8
2026-06-05 21:20:00,65783.8,75585.6,65795.9,65778.1
2026-06-05 21:25:00,65545.6,75311.9,65613.5,65513.8
2026-06-05 21:30:00,65322.4,75055.4,65405.5,65283.4
2026-06-05 21:35:00,65122.6,74825.9,65109.2,65129.0
2026-06-05 21:40:00,64901.4,74571.8,64885.3,64909.0
2026-06-05 21:45:00,64711.3,74353.2,64694.8,64719.0
2026-06-05 21:50:00,64548.6,74166.4,64524.7,64559.9
2026-06-05 21:55:00,64367.2,73957.9,64337.3,64381.2
2026-06-05 22:00:00,64211.2,73778.6,64219.4,64207.3
2026-06-05 22:05:00,64220.4,73789.2,64202.3,64228.9
2026-06-05 22:10:00,64122.9,73677.2,64109.4,64129.3
2026-06-05 22:15:00,64012.2,73550.0,63973.1,64030.5
2026-06-05 22:20:00,63890.3,73410.0,63889.5,63890.7
2026-06-05 22:25:00,63716.3,73210.0,63770.1,63691.1
2026-06-05 22:30:00,63509.3,72972.2,63558.7,63486.2
2026-06-05 22:35:00,63314.0,72747.7,63280.3,63329.7
2026-06-05 22:40:00,63117.9,72522.5,63105.6,63123.7
2026-06-05 22:45:00,62949.9,72329.5,62919.1,62964.4
2026-06-05 22:50:00,62802.9,72160.6,62821.4,62794.3
2026-06-05 22:55:00,62684.1,72024.1,62668.8,62691.4
2026-06-05 23:00:00,62748.7,72098.2,62737.2,62754.0
2026-06-05 23:05:00,63112.9,72516.7,63106.0,63116.1
2026-06-05 23:10:00,63080.5,72479.5,63099.7,63071.5
2026-06-05 23:15:00,62939.5,72317.5,62918.1,62949.5
2026-06-05 23:20:00,62723.5,72069.3,62676.4,62745.5
2026-06-05 23:25:00,62505.4,71818.7,62456.5,62528.2
2026-06-05 23:30:00,62197.8,71465.3,62194.7,62199.3
2026-06-05 23:35:00,61864.8,71082.6,61769.0,61909.6
2026-06-05 23:40:00,61462.0,70619.9,61463.6,61461.3
2026-06-05 23:45:00,61044.9,70140.6,61099.4,61019.4
2026-06-05 23:50:00,60649.3,69686.1,60706.3,60622.7
2026-06-05 23:55:00,60260.9,69239.7,60204.3,60287.4
2026-06-06 00:00:00,59784.3,68692.1,59712.5,59817.9
2026-06-06 00:05:00,59534.6,68405.2,59515.6,59543.5
2026-06-06 00:10:00,59165.6,67981.3,59235.8,59132.7
2026-06-06 00:15:00,58800.5,67561.7,58883.3,58761.6
2026-06-06 00:20:00,58466.7,67178.3,58499.0,58451.6
2026-06-06 00:25:00,58170.6,66838.0,58169.4,58171.2
2026-06-06 00:30:00,57972.2,66610.0,57930.3,57991.8
2026-06-06 00:35:00,57777.8,66386.7,57765.8,57783.4
2026-06-06 00:40:00,57537.0,66110.0,57531.1,57539.7
2026-06-06 00:45:00,57310.7,65850.0,57257.0,57335.9
2026-06-06 00:50:00,57045.9,65545.8,57084.2,57028.0
2026-06-06 00:55:00,56784.3,65245.2,56836.1,56760.1
2026-06-06 01:00:00,56664.6,65107.6,56635.8,56678.1
2026-06-06 01:05:00,56573.2,65002.7,56568.4,56575.5
2026-06-06 01:10:00,56437.9,64847.1,56461.9,56426.6
2026-06-06 01:15:00,56238.4,64617.9,56236.2,56239.4
2026-06-06 01:20:00,56057.9,64410.5,56047.7,56062.6
2026-06-06 01:25:00,55962.4,64300.8,55916.2,55984.1
2026-06-06 01:30:00,55835.9,64155.5,55817.8,55844.4
2026-06-06 01:35:00,55764.1,64073.0,55726.7,55781.7
2026-06-06 01:40:00,55670.0,63964.9,55625.1,55691.1
2026-06-06 01:45:00,55535.0,63809.8,55497.6,55552.6
2026-06-06 01:50:00,55453.2,63715.7,55400.7,55477.7
2026-06-06 01:55:00,55315.3,63557.3,55278.0,55332.8
2026-06-06 02:00:00,55217.6,63445.1,55186.4,55232.3
2026-06-06 02:05:00,55134.2,63349.2,55116.1,55142.7
2026-06-06 02:10:00,55119.1,63331.8,55077.5,55138.6
2026-06-06 02:15:00,55046.2,63248.1,55070.1,55035.1
2026-06-06 02:20:00,54958.5,63147.3,54959.4,54958.0
2026-06-06 02:25:00,54842.4,63013.9,54815.2,54855.2
2026-06-06 02:30:00,54712.9,62865.2,54687.8,54724.7
2026-06-06 02:35:00,54625.7,62764.9,54592.0,54641.5
2026-06-06 02:40:00,54589.2,62723.0,54594.8,54586.6
2026-06-06 02:45:00,54454.2,62567.9,54439.8,54461.0
2026-06-06 02:50:00,54384.8,62488.1,54426.9,54365.0
2026-06-06 02:55:00,54316.9,62410.1,54304.9,54322.5
2026-06-06 03:00:00,54255.7,62339.7,54331.7,54220.0
2026-06-06 03:05:00,54231.8,62312.3,54214.8,54239.7
2026-06-06 03:10:00,54196.4,62271.7,54202.6,54193.5
2026-06-06 03:15:00,54194.9,62269.9,54191.8,54196.3
2026-06-06 03:20:00,54198.1,62273.7,54192.1,54201.0
2026-06-06 03:25:00,54200.7,62276.6,54187.8,54206.7
2026-06-06 03:30:00,54188.8,62262.9,54187.3,54189.4
2026-06-06 03:35:00,54203.1,62279.3,54203.7,54202.7
2026-06-06 03:40:00,54189.5,62263.8,54187.7,54190.4
2026-06-06 03:45:00,54170.5,62242.0,54175.9,54168.0
2026-06-06 03:50:00,54081.2,62139.3,54171.2,54039.0
2026-06-06 03:55:00,54033.4,62084.4,54027.1,54036.3
2026-06-06 04:00:00,54014.5,62062.6,54083.6,53982.1
2026-06-06 04:05:00,54037.2,62088.7,54119.6,53998.6
2026-06-06 04:10:00,54122.6,62186.9,54091.7,54137.1
2026-06-06 04:15:00,54123.6,62188.0,54084.7,54141.8
2026-06-06 04:20:00,54119.0,62182.7,54076.5,54138.9
2026-06-06 04:25:00,54124.1,62188.6,54081.7,54144.0
2026-06-06 04:30:00,54120.6,62184.6,54081.4,54139.0
2026-06-06 04:35:00,54144.8,62212.4,54097.7,54166.9
2026-06-06 04:40:00,54121.7,62185.8,54076.5,54142.8
2026-06-06 04:45:00,54120.3,62184.2,54075.4,54141.3
2026-06-06 04:50:00,54114.5,62177.5,54074.8,54133.1
2026-06-06 04:55:00,54110.7,62173.2,54074.6,54127.6
2026-06-06 05:00:00,54116.5,62179.9,54120.7,54114.5
2026-06-06 05:05:00,54165.0,62235.6,54152.3,54170.9
2026-06-06 05:10:00,54177.8,62250.3,54265.3,54136.8
2026-06-06 05:15:00,54175.5,62247.6,54252.9,54139.2
2026-06-06 05:20:00,54176.2,62248.5,54243.7,54144.7
2026-06-06 05:25:00,54176.0,62248.3,54244.3,54144.0
2026-06-06 05:30:00,54175.4,62247.5,54248.0,54141.4
2026-06-06 05:35:00,54221.6,62300.6,54279.0,54194.7
2026-06-06 05:40:00,54266.0,62351.6,54250.5,54273.3
2026-06-06 05:45:00,54273.3,62360.0,54248.0,54285.2
2026-06-06 05:50:00,54268.8,62354.9,54247.2,54279.0
2026-06-06 05:55:00,54263.2,62348.4,54243.6,54272.3
2026-06-06 06:00:00,54307.1,62398.8,54291.2,54314.5
2026-06-06 06:05:00,54399.8,62505.4,54332.9,54431.1
2026-06-06 06:10:00,54428.7,62538.5,54416.1,54434.5
2026-06-06 06:15:00,54416.8,62524.9,54400.1,54424.6
2026-06-06 06:20:00,54385.8,62489.3,54373.1,54391.7
2026-06-06 06:25:00,54386.0,62489.5,54375.2,54391.1
2026-06-06 06:30:00,54373.4,62475.1,54374.4,54373.0
2026-06-06 06:35:00,54399.1,62504.6,54400.1,54398.6
2026-06-06 06:40:00,54348.1,62446.0,54369.1,54338.3
2026-06-06 06:45:00,54349.6,62447.6,54373.0,54338.6
2026-06-06 06:50:00,54341.4,62438.2,54367.6,54329.0
2026-06-06 06:55:00,54345.8,62443.3,54364.2,54337.2
2026-06-06 07:00:00,54436.4,62547.4,54427.8,54440.4
2026-06-06 07:05:00,54522.0,62645.8,54485.0,54539.3
2026-06-06 07:10:00,54563.6,62693.6,54541.2,54574.1
2026-06-06 07:15:00,54560.5,62690.0,54553.3,54563.8
2026-06-06 07:20:00,54501.3,62621.9,54490.7,54506.2
2026-06-06 07:25:00,54492.1,62611.4,54477.1,54499.1
2026-06-06 07:30:00,54458.9,62573.3,54443.6,54466.1
2026-06-06 07:35:00,54418.8,62527.2,54490.6,54385.2
2026-06-06 07:40:00,54316.0,62409.0,54320.4,54313.9
2026-06-06 07:45:00,54244.1,62326.5,54315.4,54210.7
2026-06-06 07:50:00,54201.4,62277.4,54182.4,54210.3
2026-06-06 07:55:00,54185.9,62259.6,54173.7,54191.6
2026-06-06 08:00:00,54246.7,62329.4,54338.1,54203.9
2026-06-06 08:05:00,54407.7,62514.5,54394.1,54414.1
2026-06-06 08:10:00,54467.3,62582.9,54475.1,54463.6
2026-06-06 08:15:00,54507.3,62628.8,54605.7,54461.1
2026-06-06 08:20:00,54551.4,62679.5,54522.8,54564.8
2026-06-06 08:25:00,54562.8,62692.7,54548.9,54569.4
2026-06-06 08:30:00,54534.1,62659.7,54511.3,54544.9
2026-06-06 08:35:00,54556.4,62685.3,54532.0,54567.9
2026-06-06 08:40:00,54478.5,62595.8,54474.2,54480.6
2026-06-06 08:45:00,54481.4,62599.2,54483.2,54480.6
2026-06-06 08:50:00,54454.7,62568.4,54452.2,54455.8
2026-06-06 08:55:00,54350.8,62449.0,54443.1,54307.5
2026-06-06 09:00:00,54366.5,62467.1,54373.5,54363.2
2026-06-06 09:05:00,54437.3,62548.5,54444.5,54434.0
2026-06-06 09:10:00,54439.7,62551.2,54460.4,54429.9
2026-06-06 09:15:00,54451.5,62564.8,54481.2,54437.6
2026-06-06 09:20:00,54457.7,62571.9,54539.0,54419.7
2026-06-06 09:25:00,54460.3,62574.9,54544.0,54421.1
2026-06-06 09:30:00,54429.5,62539.5,54507.8,54392.8
2026-06-06 09:35:00,54408.7,62515.6,54402.2,54411.7
2026-06-06 09:40:00,54369.7,62470.8,54363.0,54372.8
2026-06-06 09:45:00,54372.9,62474.5,54373.0,54372.9
2026-06-06 09:50:00,54380.7,62483.4,54361.8,54389.6
2026-06-06 09:55:00,54370.1,62471.3,54357.3,54376.1
2026-06-06 10:00:00,54365.6,62466.0,54377.4,54360.0
2026-06-06 10:05:00,54475.9,62592.8,54482.4,54472.8
2026-06-06 10:10:00,54607.1,62743.6,54608.3,54606.6
2026-06-06 10:15:00,54726.5,62880.8,54822.5,54681.6
2026-06-06 10:20:00,54784.9,62947.9,54837.6,54760.3
2026-06-06 10:25:00,54825.2,62994.1,54841.1,54817.7
2026-06-06 10:30:00,54773.5,62934.8,54766.9,54776.6
2026-06-06 10:35:00,54790.6,62954.4,54788.9,54791.3
2026-06-06 10:40:00,54769.8,62930.5,54772.5,54768.6
2026-06-06 10:45:00,54772.8,62934.0,54781.7,54768.6
2026-06-06 10:50:00,54789.8,62953.5,54778.6,54795.1
2026-06-06 10:55:00,54779.8,62941.9,54770.0,54784.3
2026-06-06 11:00:00,54758.7,62917.7,54758.4,54758.8
2026-06-06 11:05:00,54770.2,62931.0,54789.8,54761.1
2026-06-06 11:10:00,54809.8,62976.5,54792.9,54817.7
2026-06-06 11:15:00,54817.4,62985.2,54795.5,54827.7
2026-06-06 11:20:00,54796.1,62960.7,54762.5,54811.8
2026-06-06 11:25:00,54804.8,62970.8,54767.9,54822.2
2026-06-06 11:30:00,54789.2,62952.8,54748.9,54808.0
2026-06-06 11:35:00,54805.4,62971.4,54770.8,54821.6
2026-06-06 11:40:00,54780.5,62942.9,54748.2,54795.7
2026-06-06 11:45:00,54779.0,62941.0,54747.8,54793.6
2026-06-06 11:50:00,54733.8,62889.2,54696.0,54751.6
2026-06-06 11:55:00,54603.9,62739.9,54643.9,54585.2
2026-06-06 12:00:00,54516.0,62638.9,54557.5,54496.5
2026-06-06 12:05:00,54583.0,62715.8,54574.5,54586.9
2026-06-06 12:10:00,54582.5,62715.3,54577.5,54584.9
2026-06-06 12:15:00,54580.7,62713.2,54564.6,54588.2
2026-06-06 12:20:00,54587.4,62720.9,54570.8,54595.2
2026-06-06 12:25:00,54588.1,62721.8,54570.0,54596.6
2026-06-06 12:30:00,54561.2,62690.8,54543.4,54569.6
2026-06-06 12:35:00,54590.7,62724.7,54577.6,54596.8
2026-06-06 12:40:00,54633.0,62773.3,54731.4,54586.9
2026-06-06 12:45:00,54720.5,62873.9,54736.7,54712.9
2026-06-06 12:50:00,54759.3,62918.4,54840.9,54721.0
2026-06-06 12:55:00,54837.5,63008.3,54845.2,54833.9
2026-06-06 13:00:00,54896.0,63075.6,54946.7,54872.3
2026-06-06 13:05:00,55037.4,63238.0,55075.4,55019.6
2026-06-06 13:10:00,55116.5,63328.9,55180.3,55086.6
2026-06-06 13:15:00,55128.1,63342.1,55256.8,55067.7
2026-06-06 13:20:00,55146.0,63362.7,55226.5,55108.3
2026-06-06 13:25:00,55230.7,63460.1,55241.1,55225.9
2026-06-06 13:30:00,55264.3,63498.6,55366.6,55216.3
2026-06-06 13:35:00,55397.2,63651.4,55380.5,55405.0
2026-06-06 13:40:00,55473.7,63739.3,55460.2,55480.1
2026-06-06 13:45:00,55483.5,63750.5,55542.6,55455.8
2026-06-06 13:50:00,55438.3,63698.6,55558.5,55382.0
2026-06-06 13:55:00,55440.7,63701.4,55440.0,55441.0
2026-06-06 14:00:00,55476.8,63742.9,55457.6,55485.8
2026-06-06 14:05:00,55484.7,63751.9,55550.8,55453.7
2026-06-06 14:10:00,55567.3,63846.8,55578.2,55562.1
2026-06-06 14:15:00,55569.6,63849.5,55581.2,55564.2
2026-06-06 14:20:00,55586.9,63869.3,55568.3,55595.6
2026-06-06 14:25:00,55634.9,63924.6,55672.9,55617.2
2026-06-06 14:30:00,55694.5,63993.0,55692.8,55695.3
2026-06-06 14:35:00,55732.7,64036.9,55802.3,55700.1
2026-06-06 14:40:00,55787.3,64099.6,55792.7,55784.7
2026-06-06 14:45:00,55789.9,64102.6,55802.4,55784.0
2026-06-06 14:50:00,55785.4,64097.4,55798.8,55779.0
2026-06-06 14:55:00,55776.6,64087.4,55790.6,55770.1
2026-06-06 15:00:00,55783.6,64095.3,55791.3,55779.9
2026-06-06 15:05:00,55790.3,64103.0,55772.6,55798.5
2026-06-06 15:10:00,55835.4,64154.8,55857.1,55825.2
2026-06-06 15:15:00,55978.5,64319.3,56013.2,55962.3
2026-06-06 15:20:00,56103.9,64463.3,56092.5,56109.2
2026-06-06 15:25:00,56199.3,64573.0,56229.0,56185.5
2026-06-06 15:30:00,56311.3,64701.7,56310.0,56312.0
2026-06-06 15:35:00,56392.0,64794.4,56414.6,56381.4
2026-06-06 15:40:00,56492.2,64909.6,56519.2,56479.6
2026-06-06 15:45:00,56604.3,65038.3,56651.5,56582.1
2026-06-06 15:50:00,56730.9,65183.8,56755.6,56719.4
2026-06-06 15:55:00,56820.5,65286.7,56913.2,56777.1
2026-06-06 16:00:00,56956.0,65442.5,56950.7,56958.5
2026-06-06 16:05:00,57023.9,65520.4,56974.3,57047.1
2026-06-06 16:10:00,57166.7,65684.5,57197.3,57152.3
2026-06-06 16:15:00,57270.2,65803.5,57274.3,57268.3
2026-06-06 16:20:00,57393.6,65945.2,57372.8,57403.3
2026-06-06 16:25:00,57506.6,66075.1,57538.6,57491.7
2026-06-06 16:30:00,57616.6,66201.5,57648.2,57601.8
2026-06-06 16:35:00,57718.1,66318.1,57761.9,57697.6
2026-06-06 16:40:00,57863.7,66485.4,57841.1,57874.3
2026-06-06 16:45:00,57987.7,66627.9,58041.3,57962.6
2026-06-06 16:50:00,58052.5,66702.4,58097.2,58031.6
2026-06-06 16:55:00,58130.0,66791.4,58175.4,58108.7
2026-06-06 17:00:00,58199.2,66870.9,58153.3,58220.7
2026-06-06 17:05:00,58266.8,66948.6,58210.1,58293.4
2026-06-06 17:10:00,58344.4,67037.8,58413.0,58312.3
2026-06-06 17:15:00,58456.4,67166.4,58479.5,58445.6
2026-06-06 17:20:00,58522.5,67242.4,58573.3,58498.7
2026-06-06 17:25:00,58665.6,67406.7,58688.2,58655.0
2026-06-06 17:30:00,58808.0,67570.4,58797.9,58812.7
2026-06-06 17:35:00,58917.5,67696.2,58945.4,58904.4
2026-06-06 17:40:00,59043.4,67840.9,59057.9,59036.6
2026-06-06 17:45:00,59170.5,67986.9,59148.0,59181.0
2026-06-06 17:50:00,59261.6,68091.6,59310.6,59238.7
2026-06-06 17:55:00,59388.1,68236.9,59425.9,59370.4
2026-06-06 18:00:00,59497.6,68362.7,59515.2,59489.3
2026-06-06 18:05:00,59560.5,68435.0,59530.5,59574.5
2026-06-06 18:10:00,59676.3,68568.1,59680.4,59674.4
2026-06-06 18:15:00,59757.0,68660.8,59767.0,59752.3
2026-06-06 18:20:00,59870.4,68791.1,59871.2,59870.0
2026-06-06 18:25:00,59949.9,68882.4,59966.9,59941.9
2026-06-06 18:30:00,60060.9,69010.0,60093.2,60045.7
2026-06-06 18:35:00,60180.2,69147.1,60142.4,60198.0
2026-06-06 18:40:00,60234.3,69209.3,60220.1,60241.0
2026-06-06 18:45:00,60390.8,69389.0,60324.9,60421.6
2026-06-06 18:50:00,60481.4,69493.1,60511.0,60467.5
2026-06-06 18:55:00,60564.0,69588.1,60591.3,60551.2
2026-06-06 19:00:00,60655.9,69693.6,60668.7,60649.9
2026-06-06 19:05:00,60700.4,69744.8,60664.0,60717.5
2026-06-06 19:10:00,60774.4,69829.8,60803.2,60760.9
2026-06-06 19:15:00,60869.5,69939.1,60879.7,60864.7
2026-06-06 19:20:00,60925.6,70003.5,60956.2,60911.2
2026-06-06 19:25:00,60986.7,70073.7,60962.5,60998.0
2026-06-06 19:30:00,61018.8,70110.6,61061.2,60998.9
2026-06-06 19:35:00,61067.3,70166.3,61054.1,61073.4
2026-06-06 19:40:00,61094.9,70198.1,61133.9,61076.7
2026-06-06 19:45:00,61141.6,70251.7,61129.4,61147.3
2026-06-06 19:50:00,61187.2,70304.1,61198.0,61182.1
2026-06-06 19:55:00,61163.3,70276.7,61178.2,61156.4
2026-06-06 20:00:00,61170.6,70285.0,61181.1,61165.6
2026-06-06 20:05:00,61143.8,70254.3,61180.9,61126.5
2026-06-06 20:10:00,61174.1,70289.0,61192.9,61165.2
2026-06-06 20:15:00,61155.2,70267.4,61166.0,61150.2
2026-06-06 20:20:00,61134.0,70243.0,61145.7,61128.6
2026-06-06 20:25:00,61060.6,70158.6,61037.3,61071.5
2026-06-06 20:30:00,60985.7,70072.6,61032.8,60963.7
2026-06-06 20:35:00,60896.9,69970.6,60918.9,60886.6
2026-06-06 20:40:00,60809.4,69870.0,60807.9,60810.1
2026-06-06 20:45:00,60715.6,69762.3,60713.9,60716.4
2026-06-06 20:50:00,60605.8,69636.0,60602.6,60607.3
2026-06-06 20:55:00,60510.7,69526.7,60497.5,60516.8
2026-06-06 21:00:00,60372.2,69367.6,60402.3,60358.1
2026-06-06 21:05:00,60303.7,69288.9,60342.5,60285.5
2026-06-06 21:10:00,60229.1,69203.2,60238.9,60224.4
2026-06-06 21:15:00,60134.0,69093.9,60143.3,60129.6
2026-06-06 21:20:00,60005.1,68945.9,60024.0,59996.3
2026-06-06 21:25:00,59917.8,68845.6,59927.4,59913.4
2026-06-06 21:30:00,59818.4,68731.4,59823.0,59816.3
2026-06-06 21:35:00,59722.4,68621.0,59719.0,59724.0
2026-06-06 21:40:00,59572.2,68448.4,59594.2,59561.8
2026-06-06 21:45:00,59418.2,68271.5,59442.7,59406.7
2026-06-06 21:50:00,59325.2,68164.7,59264.6,59353.6
2026-06-06 21:55:00,59213.2,68036.0,59179.8,59228.8
2026-06-06 22:00:00,59103.3,67909.7,59095.2,59107.1
2026-06-06 22:05:00,59127.9,67938.0,59120.8,59131.2
2026-06-06 22:10:00,59068.2,67869.3,59041.0,59080.9
2026-06-06 22:15:00,58953.2,67737.3,58995.8,58933.3
2026-06-06 22:20:00,58837.2,67603.9,58800.7,58854.2
2026-06-06 22:25:00,58642.2,67379.9,58661.6,58633.1
2026-06-06 22:30:00,58464.9,67176.2,58498.9,58449.0
2026-06-06 22:35:00,58304.7,66992.1,58323.6,58295.9
2026-06-06 22:40:00,58193.9,66864.8,58145.9,58216.4
2026-06-06 22:45:00,58083.2,66737.6,58092.8,58078.7
2026-06-06 22:50:00,57945.6,66579.5,57971.5,57933.5
2026-06-06 22:55:00,57838.7,66456.7,57802.0,57855.9
2026-06-06 23:00:00,57900.5,66527.7,57804.7,57945.4
2026-06-06 23:05:00,58140.3,66803.2,58087.8,58164.9
2026-06-06 23:10:00,58198.4,66869.9,58174.9,58209.3
2026-06-06 23:15:00,58105.0,66762.6,58007.5,58150.6
2026-06-06 23:20:00,57984.6,66624.3,57884.2,58031.7
2026-06-06 23:25:00,57831.0,66447.8,57791.4,57849.6
2026-06-06 23:30:00,57616.2,66201.0,57553.1,57645.7
2026-06-06 23:35:00,57394.2,65945.9,57405.5,57388.9
2026-06-06 23:40:00,57168.6,65686.7,57206.5,57150.9
2026-06-06 23:45:00,56982.7,65473.1,56916.4,57013.7
2026-06-06 23:50:00,56798.4,65261.4,56724.8,56832.9
2026-06-06 23:55:00,56610.9,65045.9,56516.2,56655.2
2026-06-07 00:00:00,56254.3,64636.2,56241.7,56260.2
2026-06-07 00:05:00,56057.2,64409.8,56092.1,56040.9
2026-06-07 00:10:00,55829.9,64148.6,55814.4,55837.2
2026-06-07 00:15:00,55590.7,63873.7,55574.8,55598.2
2026-06-07 00:20:00,55333.5,63578.2,55361.0,55320.6
2026-06-07 00:25:00,55102.5,63312.7,55039.4,55132.0
2026-06-07 00:30:00,54873.4,63049.5,54841.4,54888.4
2026-06-07 00:35:00,54686.6,62834.9,54680.6,54689.3
2026-06-07 00:40:00,54433.9,62544.6,54445.2,54428.7
2026-06-07 00:45:00,54191.1,62265.6,54173.0,54199.6
2026-06-07 00:50:00,54060.0,62114.9,54008.8,54084.0
2026-06-07 00:55:00,53899.9,61931.0,53884.4,53907.2
2026-06-07 01:00:00,53752.0,61761.0,53743.4,53756.0
2026-06-07 01:05:00,53592.9,61578.2,53603.7,53587.8
2026-06-07 01:10:00,53447.8,61411.6,53447.7,53447.9
2026-06-07 01:15:00,53279.9,61218.6,53273.7,53282.8
2026-06-07 01:20:00,53117.5,61032.0,53086.9,53131.8
2026-06-07 01:25:00,52931.1,60817.8,52926.5,52933.3
2026-06-07 01:30:00,52781.7,60646.2,52758.5,52792.7
2026-06-07 01:35:00,52620.7,60461.2,52591.7,52634.3
2026-06-07 01:40:00,52518.6,60343.8,52596.9,52481.9
2026-06-07 01:45:00,52436.4,60249.4,52390.0,52458.1
2026-06-07 01:50:00,52437.6,60250.8,52388.5,52460.6
2026-06-07 01:55:00,52390.5,60196.7,52390.8,52390.3
2026-06-07 02:00:00,52228.5,60010.5,52187.3,52247.8
2026-06-07 02:05:00,52229.0,60011.1,52210.8,52237.6
2026-06-07 02:10:00,52218.8,59999.4,52202.7,52226.4
2026-06-07 02:15:00,52229.0,60011.1,52205.2,52240.1
2026-06-07 02:20:00,52228.2,60010.2,52201.3,52240.8
2026-06-07 02:25:00,52211.9,59991.5,52214.3,52210.7
2026-06-07 02:30:00,52216.5,59996.8,52181.6,52232.9
2026-06-07 02:35:00,52204.3,59982.8,52194.4,52209.0
2026-06-07 02:40:00,52198.2,59975.7,52181.8,52205.9
2026-06-07 02:45:00,52199.6,59977.3,52186.0,52205.9
2026-06-07 02:50:00,52199.3,59977.0,52183.9,52206.5
2026-06-07 02:55:00,52227.9,60009.8,52188.2,52246.5
2026-06-07 03:00:00,52189.9,59966.2,52235.9,52168.4
2026-06-07 03:05:00,52093.7,59855.7,52258.3,52016.6
2026-06-07 03:10:00,52002.6,59750.9,51987.5,52009.6
2026-06-07 03:15:00,52001.6,59749.8,51983.1,52010.3
2026-06-07 03:20:00,52001.2,59749.4,51984.9,52008.8
2026-06-07 03:25:00,52006.9,59755.9,51988.2,52015.7
2026-06-07 03:30:00,52003.3,59751.8,51987.8,52010.6
2026-06-07 03:35:00,52021.7,59772.9,52005.0,52029.5
2026-06-07 03:40:00,52005.5,59754.3,51988.5,52013.4
2026-06-07 03:45:00,52006.8,59755.8,51992.6,52013.5
2026-06-07 03:50:00,52006.1,59755.0,51990.8,52013.3
2026-06-07 03:55:00,52005.4,59754.2,51990.9,52012.1
2026-06-07 04:00:00,52055.3,59811.6,52007.2,52077.9
2026-06-07 04:05:00,52096.3,59858.6,52077.9,52104.9
2026-06-07 04:10:00,52085.1,59845.8,52055.5,52098.9
2026-06-07 04:15:00,52085.0,59845.7,52048.8,52102.0
2026-06-07 04:20:00,52083.6,59844.0,52044.5,52101.9
2026-06-07 04:25:00,52089.2,59850.5,52050.6,52107.4
2026-06-07 04:30:00,52085.7,59846.5,52050.3,52102.3
2026-06-07 04:35:00,52107.1,59871.0,52066.6,52126.0
2026-06-07 04:40:00,52086.1,59846.9,52043.9,52105.8
2026-06-07 04:45:00,52084.7,59845.3,52042.9,52104.3
2026-06-07 04:50:00,52078.0,59837.6,52037.2,52097.1
2026-06-07 04:55:00,52077.3,59836.9,52037.4,52096.0
2026-06-07 05:00:00,52075.5,59834.7,52059.6,52082.9
2026-06-07 05:05:00,52122.1,59888.2,52087.4,52138.3
2026-06-07 05:10:00,52091.0,59852.6,52068.3,52101.6
2026-06-07 05:15:00,52089.3,59850.6,52059.9,52103.1
2026-06-07 05:20:00,52089.6,59851.0,52052.5,52107.0
2026-06-07 05:25:00,52089.9,59851.3,52054.1,52106.7
2026-06-07 05:30:00,52089.0,59850.3,52057.1,52104.0
2026-06-07 05:35:00,52132.6,59900.4,52088.7,52153.2
2026-06-07 05:40:00,52094.6,59856.7,52055.0,52113.1
2026-06-07 05:45:00,52094.0,59856.0,52052.5,52113.5
2026-06-07 05:50:00,52089.9,59851.3,52052.2,52107.6
2026-06-07 05:55:00,52088.5,59849.7,52050.0,52106.6
2026-06-07 06:00:00,52112.0,59876.7,52084.8,52124.7
2026-06-07 06:05:00,52187.8,59963.7,52131.0,52214.4
2026-06-07 06:10:00,52182.6,59957.8,52278.8,52137.6
2026-06-07 06:15:00,52174.3,59948.3,52268.3,52130.3
2026-06-07 06:20:00,52086.6,59847.6,52040.2,52108.4
2026-06-07 06:25:00,52086.9,59847.9,52041.7,52108.1
2026-06-07 06:30:00,52071.7,59830.4,52038.0,52087.5
2026-06-07 06:35:00,52094.7,59856.9,52064.4,52108.9
2026-06-07 06:40:00,52046.2,59801.1,52033.0,52052.5
2026-06-07 06:45:00,52047.7,59802.8,52036.9,52052.8
2026-06-07 06:50:00,52039.4,59793.2,52031.9,52042.8
2026-06-07 06:55:00,52038.0,59791.6,52029.8,52041.8
2026-06-07 07:00:00,52098.1,59860.7,52063.6,52114.2
2026-06-07 07:05:00,52157.5,59929.0,52087.3,52190.4
2026-06-07 07:10:00,52102.7,59866.0,52034.3,52134.7
2026-06-07 07:15:00,52111.3,59875.9,52076.6,52127.5
2026-06-07 07:20:00,52059.6,59816.5,52016.2,52079.9
2026-06-07 07:25:00,52050.7,59806.2,52003.0,52073.0
2026-06-07 07:30:00,52012.7,59762.6,51960.2,52037.3
2026-06-07 07:35:00,52051.5,59807.1,52007.9,52071.9
2026-06-07 07:40:00,51990.5,59737.1,51960.2,52004.7
2026-06-07 07:45:00,51993.9,59741.0,51958.9,52010.4
2026-06-07 07:50:00,51995.5,59742.8,51965.3,52009.6
2026-06-07 07:55:00,51993.5,59740.5,51958.4,52009.9
2026-06-07 08:00:00,52109.4,59873.7,52101.0,52113.3
2026-06-07 08:05:00,52177.9,59952.4,52158.2,52187.2
2026-06-07 08:10:00,52214.4,59994.3,52323.8,52163.1
2026-06-07 08:15:00,52329.4,60126.5,52341.7,52323.6
2026-06-07 08:20:00,52300.4,60093.2,52278.4,52310.7
2026-06-07 08:25:00,52304.7,60098.1,52289.1,52312.0
2026-06-07 08:30:00,52257.0,60043.3,52244.9,52262.6
2026-06-07 08:35:00,52273.5,60062.3,52262.8,52278.5
2026-06-07 08:40:00,52197.3,59974.7,52201.9,52195.1
2026-06-07 08:45:00,52200.2,59978.0,52210.9,52195.2
2026-06-07 08:50:00,52173.7,59947.6,52180.3,52170.7
2026-06-07 08:55:00,52006.0,59754.9,52010.8,52003.8
2026-06-07 09:00:00,52060.2,59817.2,52051.3,52064.4
2026-06-07 09:05:00,52105.9,59869.7,52073.0,52121.3
2026-06-07 09:10:00,52061.1,59818.2,52047.0,52067.7
2026-06-07 09:15:00,52067.4,59825.4,52066.6,52067.7
2026-06-07 09:20:00,52047.9,59803.0,52021.5,52060.3
2026-06-07 09:25:00,52048.9,59804.2,52026.9,52059.3
2026-06-07 09:30:00,52019.1,59769.9,51984.2,52035.4
2026-06-07 09:35:00,52037.5,59791.1,52001.5,52054.3
2026-06-07 09:40:00,52003.5,59752.0,51977.6,52015.6
2026-06-07 09:45:00,52006.7,59755.7,51987.6,52015.7
2026-06-07 09:50:00,52058.0,59814.6,52015.2,52078.0
2026-06-07 09:55:00,52055.9,59812.2,52009.2,52077.8
2026-06-07 10:00:00,52056.3,59812.7,52026.3,52070.3
2026-06-07 10:05:00,52176.7,59951.0,52126.9,52200.1
2026-06-07 10:10:00,52240.9,60024.8,52345.0,52192.1
2026-06-07 10:15:00,52366.8,60169.4,52401.3,52350.6
2026-06-07 10:20:00,52322.2,60118.2,52324.5,52321.1
2026-06-07 10:25:00,52305.3,60098.7,52321.7,52297.6
2026-06-07 10:30:00,52252.7,60038.3,52239.2,52259.0
2026-06-07 10:35:00,52269.4,60057.5,52260.2,52273.7
2026-06-07 10:40:00,52248.7,60033.7,52243.5,52251.1
2026-06-07 10:45:00,52251.6,60037.1,52252.7,52251.2
2026-06-07 10:50:00,52316.9,60112.1,52285.1,52331.8
2026-06-07 10:55:00,52314.6,60109.4,52278.2,52331.6
2026-06-07 11:00:00,52302.9,60096.0,52270.5,52318.0
2026-06-07 11:05:00,52313.6,60108.4,52258.0,52339.7
2026-06-07 11:10:00,52282.0,60072.0,52253.3,52295.4
2026-06-07 11:15:00,52283.6,60073.9,52259.3,52295.0
2026-06-07 11:20:00,52269.8,60058.0,52228.9,52288.9
2026-06-07 11:25:00,52280.1,60069.8,52234.5,52301.4
2026-06-07 11:30:00,52263.7,60051.0,52211.4,52288.3
2026-06-07 11:35:00,52279.6,60069.3,52232.3,52301.8
2026-06-07 11:40:00,52254.7,60040.6,52208.8,52276.1
2026-06-07 11:45:00,52253.1,60038.8,52208.4,52274.0
2026-06-07 11:50:00,52240.8,60024.6,52201.5,52259.2
2026-06-07 11:55:00,52240.7,60024.6,52189.1,52264.9
2026-06-07 12:00:00,52211.9,59991.4,52189.0,52222.6
2026-06-07 12:05:00,52305.3,60098.8,52279.4,52317.5
2026-06-07 12:10:00,52307.3,60101.1,52290.1,52315.3
2026-06-07 12:15:00,52303.2,60096.4,52278.5,52314.8
2026-06-07 12:20:00,52307.3,60101.1,52282.7,52318.8
2026-06-07 12:25:00,52309.5,60103.7,52282.3,52322.3
2026-06-07 12:30:00,52302.4,60095.4,52281.8,52312.0
2026-06-07 12:35:00,52311.4,60105.8,52287.4,52322.7
2026-06-07 12:40:00,52340.6,60139.3,52319.4,52350.5
2026-06-07 12:45:00,52349.2,60149.2,52327.3,52359.4
2026-06-07 12:50:00,52358.2,60159.6,52329.2,52371.8
2026-06-07 12:55:00,52364.2,60166.4,52332.5,52379.0
2026-06-07 13:00:00,52434.3,60247.0,52469.2,52418.0
2026-06-07 13:05:00,52626.9,60468.3,52716.2,52585.0
2026-06-07 13:10:00,52665.8,60513.0,52845.4,52581.6
2026-06-07 13:15:00,52784.6,60649.5,52825.6,52765.3
2026-06-07 13:20:00,52773.4,60636.6,52801.1,52760.4
2026-06-07 13:25:00,52827.2,60698.4,52818.9,52831.0
2026-06-07 13:30:00,52870.7,60748.4,52973.5,52822.5
2026-06-07 13:35:00,52986.6,60881.6,53020.0,52971.0
2026-06-07 13:40:00,53025.2,60925.9,52986.0,53043.6
2026-06-07 13:45:00,53169.4,61091.6,53165.0,53171.4
2026-06-07 13:50:00,53222.0,61152.0,53327.3,53172.6
2026-06-07 13:55:00,53326.4,61272.0,53339.7,53320.1
2026-06-07 14:00:00,53315.6,61259.7,53308.0,53319.2
2026-06-07 14:05:00,53292.6,61233.2,53285.1,53296.1
2026-06-07 14:10:00,53316.2,61260.3,53332.3,53308.6
2026-06-07 14:15:00,53316.5,61260.6,53337.5,53306.6
2026-06-07 14:20:00,53310.8,61254.1,53327.0,53303.2
2026-06-07 14:25:00,53313.5,61257.2,53330.8,53305.4
2026-06-07 14:30:00,53365.0,61316.4,53330.1,53381.4
2026-06-07 14:35:00,53548.6,61527.3,53517.4,53563.3
2026-06-07 14:40:00,53579.3,61562.6,53671.5,53536.1
2026-06-07 14:45:00,53689.5,61689.3,53691.0,53688.8
2026-06-07 14:50:00,53679.7,61678.0,53691.6,53674.1
2026-06-07 14:55:00,53748.2,61756.7,53685.1,53777.7
2026-06-07 15:00:00,53891.2,61921.0,53843.8,53913.5
2026-06-07 15:05:00,54039.7,62091.6,53993.1,54061.5
2026-06-07 15:10:00,54232.1,62312.7,54217.0,54239.2
2026-06-07 15:15:00,54376.9,62479.0,54402.7,54364.7
2026-06-07 15:20:00,54530.7,62655.7,54568.0,54513.1
2026-06-07 15:25:00,54726.4,62880.7,54725.6,54726.8
2026-06-07 15:30:00,54888.9,63067.4,54948.6,54861.0
2026-06-07 15:35:00,55114.6,63326.6,55092.5,55124.9
2026-06-07 15:40:00,55293.0,63531.7,55368.9,55257.5
2026-06-07 15:45:00,55507.0,63777.5,55516.7,55502.4
2026-06-07 15:50:00,55734.5,64038.9,55743.0,55730.5
2026-06-07 15:55:00,55919.4,64251.3,55932.4,55913.2
2026-06-07 16:00:00,56073.4,64428.3,56090.2,56065.5
2026-06-07 16:05:00,56190.3,64562.7,56138.8,56214.5
2026-06-07 16:10:00,56386.6,64788.2,56372.6,56393.2
2026-06-07 16:15:00,56600.1,65033.5,56550.2,56623.5
2026-06-07 16:20:00,56794.8,65257.2,56785.9,56798.9
2026-06-07 16:25:00,56971.6,65460.3,56960.1,56976.9
2026-06-07 16:30:00,57147.4,65662.4,57122.8,57158.9
2026-06-07 16:35:00,57338.2,65881.6,57302.5,57355.0
2026-06-07 16:40:00,57485.9,66051.3,57480.8,57488.3
2026-06-07 16:45:00,57697.7,66294.7,57726.8,57684.1
2026-06-07 16:50:00,57848.1,66467.5,57887.5,57829.6
2026-06-07 16:55:00,58050.7,66700.2,58047.1,58052.4
2026-06-07 17:00:00,58221.2,66896.2,58214.1,58224.5
2026-06-07 17:05:00,58277.0,66960.2,58244.8,58292.0
2026-06-07 17:10:00,58379.4,67077.9,58421.2,58359.8
2026-06-07 17:15:00,58533.9,67255.5,58502.1,58548.8
2026-06-07 17:20:00,58712.8,67461.1,58713.8,58712.4
2026-06-07 17:25:00,58879.3,67652.3,58890.3,58874.2
2026-06-07 17:30:00,59089.1,67893.3,59111.1,59078.7
2026-06-07 17:35:00,59245.1,68072.6,59263.3,59236.6
2026-06-07 17:40:00,59413.3,68265.9,59360.6,59438.0
2026-06-07 17:45:00,59578.6,68455.8,59566.1,59584.5
2026-06-07 17:50:00,59736.0,68636.6,59716.0,59745.3
2026-06-07 17:55:00,59929.8,68859.4,59923.3,59932.9
2026-06-07 18:00:00,60072.8,69023.7,60098.8,60060.6
2026-06-07 18:05:00,60157.4,69120.9,60106.4,60181.3
2026-06-07 18:10:00,60285.3,69267.9,60282.5,60286.7
2026-06-07 18:15:00,60449.4,69456.4,60477.7,60436.2
2026-06-07 18:20:00,60590.5,69618.5,60516.8,60625.1
2026-06-07 18:25:00,60792.3,69850.4,60749.0,60812.6
2026-06-07 18:30:00,60960.1,70043.2,60963.3,60958.6
2026-06-07 18:35:00,61110.8,70216.3,61095.2,61118.1
2026-06-07 18:40:00,61176.9,70292.3,61182.3,61174.4
2026-06-07 18:45:00,61263.6,70391.9,61285.9,61253.1
2026-06-07 18:50:00,61350.3,70491.5,61365.5,61343.2
2026-06-07 18:55:00,61379.8,70525.4,61453.6,61345.2
2026-06-07 19:00:00,61496.2,70659.1,61466.0,61510.3
2026-06-07 19:05:00,61557.5,70729.6,61547.5,61562.2
2026-06-07 19:10:00,61648.1,70833.6,61676.2,61634.9
2026-06-07 19:15:00,61698.8,70891.9,61746.6,61676.4
2026-06-07 19:20:00,61732.7,70930.9,61715.0,61741.0
2026-06-07 19:25:00,61794.9,71002.4,61788.9,61797.8
2026-06-07 19:30:00,61822.4,71034.0,61839.4,61814.5
2026-06-07 19:35:00,61888.8,71110.2,61896.0,61885.4
2026-06-07 19:40:00,61895.4,71117.8,61889.3,61898.3
2026-06-07 19:45:00,61902.2,71125.7,61888.5,61908.7
2026-06-07 19:50:00,61936.2,71164.7,61888.8,61958.4
2026-06-07 19:55:00,61969.6,71203.1,61991.4,61959.4
2026-06-07 20:00:00,61983.1,71218.5,61932.2,62006.9
2026-06-07 20:05:00,61965.9,71198.8,61954.9,61971.1
2026-06-07 20:10:00,61994.9,71232.1,61964.3,62009.2
2026-06-07 20:15:00,61957.6,71189.3,61934.6,61968.4
2026-06-07 20:20:00,61938.4,71167.2,61910.7,61951.4
2026-06-07 20:25:00,61934.4,71162.7,61924.4,61939.1
2026-06-07 20:30:00,61896.1,71118.6,61886.9,61900.4
2026-06-07 20:35:00,61830.5,71043.2,61811.8,61839.2
2026-06-07 20:40:00,61823.9,71035.7,61792.5,61838.6
2026-06-07 20:45:00,61826.6,71038.7,61798.3,61839.8
2026-06-07 20:50:00,61773.2,70977.4,61763.1,61777.9
2026-06-07 20:55:00,61706.1,70900.3,61681.4,61717.7
2026-06-07 21:00:00,61591.5,70768.6,61518.7,61625.5
2026-06-07 21:05:00,61456.5,70613.6,61473.5,61448.6
2026-06-07 21:10:00,61372.2,70516.6,61398.3,61359.9
2026-06-07 21:15:00,61234.8,70358.8,61276.2,61215.4
2026-06-07 21:20:00,61108.6,70213.7,61057.2,61132.7
2026-06-07 21:25:00,60967.2,70051.4,60968.2,60966.8
2026-06-07 21:30:00,60857.4,69925.2,60866.2,60853.3
2026-06-07 21:35:00,60749.4,69801.0,60765.6,60741.8
2026-06-07 21:40:00,60612.9,69644.3,60558.6,60638.4
2026-06-07 21:45:00,60454.4,69462.1,60469.0,60447.5
2026-06-07 21:50:00,60344.5,69335.9,60277.4,60376.0
2026-06-07 21:55:00,60194.7,69163.7,60185.9,60198.8
2026-06-07 22:00:00,60067.6,69017.6,60117.0,60044.4
2026-06-07 22:05:00,60082.0,69034.2,60066.1,60089.4
2026-06-07 22:10:00,60012.3,68954.1,59988.5,60023.4
2026-06-07 22:15:00,59911.6,68838.5,59921.4,59907.0
2026-06-07 22:20:00,59791.0,68699.8,59788.9,59791.9
2026-06-07 22:25:00,59670.6,68561.5,59589.0,59708.8
2026-06-07 22:30:00,59433.7,68289.3,59477.7,59413.1
2026-06-07 22:35:00,59291.9,68126.4,59233.3,59319.4
2026-06-07 22:40:00,59141.8,67953.9,59148.2,59138.8
2026-06-07 22:45:00,59017.6,67811.2,58974.3,59037.8
2026-06-07 22:50:00,58899.4,67675.4,58870.0,58913.1
2026-06-07 22:55:00,58774.4,67531.8,58784.4,58769.7
2026-06-07 23:00:00,58799.3,67560.4,58730.3,58831.7
2026-06-07 23:05:00,59035.2,67831.5,59012.4,59045.9
2026-06-07 23:10:00,59015.8,67809.1,58968.8,59037.8
2026-06-07 23:15:00,58818.4,67582.4,58836.4,58810.0
2026-06-07 23:20:00,58616.2,67350.0,58622.3,58613.3
2026-06-07 23:25:00,58436.3,67143.3,58448.9,58430.4
2026-06-07 23:30:00,58198.8,66870.5,58221.8,58188.1
2026-06-07 23:35:00,57998.7,66640.5,57980.0,58007.4
2026-06-07 23:40:00,57764.2,66371.0,57770.8,57761.1
2026-06-07 23:45:00,57540.5,66114.0,57536.5,57542.3
2026-06-07 23:50:00,57298.9,65836.4,57248.4,57322.6
2026-06-07 23:55:00,56997.8,65490.4,57031.7,56981.9
2026-06-08 00:00:00,56619.9,65056.3,56706.2,56579.5
2026-06-08 00:05:00,56529.7,64952.7,56468.2,56558.5
2026-06-08 00:10:00,56308.1,64698.0,56262.5,56329.5
2026-06-08 00:15:00,56082.5,64438.8,56084.4,56081.7
2026-06-08 00:20:00,55851.1,64172.9,55834.2,55859.0
2026-06-08 00:25:00,55624.1,63912.1,55629.0,55621.9
2026-06-08 00:30:00,55448.6,63710.5,55441.7,55451.8
2026-06-08 00:35:00,55282.1,63519.2,55250.0,55297.2
2026-06-08 00:40:00,55178.3,63399.9,55152.8,55190.3
2026-06-08 00:45:00,55039.7,63240.6,54999.7,55058.4
2026-06-08 00:50:00,54865.0,63039.8,54899.0,54849.0
2026-06-08 00:55:00,54674.1,62820.6,54751.8,54637.7
2026-06-08 01:00:00,54569.2,62700.1,54550.0,54578.3
2026-06-08 01:05:00,54487.9,62606.6,54440.0,54510.3
2026-06-08 01:10:00,54441.2,62553.0,54449.9,54437.1
2026-06-08 01:15:00,54251.6,62335.1,54253.0,54251.0
2026-06-08 01:20:00,54155.5,62224.7,54128.3,54168.2
2026-06-08 01:25:00,54021.9,62071.2,54014.6,54025.3
2026-06-08 01:30:00,53898.2,61929.0,53995.8,53852.5
2026-06-08 01:35:00,53851.1,61874.9,53850.4,53851.4
2026-06-08 01:40:00,53687.5,61686.9,53670.0,53695.7
2026-06-08 01:45:00,53541.7,61519.4,53527.6,53548.3
2026-06-08 01:50:00,53452.8,61417.3,53537.2,53413.3
2026-06-08 01:55:00,53406.6,61364.2,53386.7,53416.0
2026-06-08 02:00:00,53423.9,61384.1,53394.0,53438.0
2026-06-08 02:05:00,53463.3,61429.3,53431.2,53478.3
2026-06-08 02:10:00,53457.6,61422.8,53426.2,53472.4
2026-06-08 02:15:00,53413.6,61372.3,53370.8,53433.7
2026-06-08 02:20:00,53413.8,61372.4,53373.1,53432.8
2026-06-08 02:25:00,53416.0,61374.9,53375.6,53434.9
2026-06-08 02:30:00,53410.9,61369.1,53364.8,53432.5
2026-06-08 02:35:00,53438.6,61400.9,53384.6,53463.8
2026-06-08 02:40:00,53452.6,61417.0,53384.7,53484.4
2026-06-08 02:45:00,53480.7,61449.3,53388.4,53523.9
2026-06-08 02:50:00,53482.2,61451.1,53391.7,53524.6
2026-06-08 02:55:00,53480.6,61449.2,53389.9,53523.0
2026-06-08 03:00:00,53478.1,61446.4,53406.5,53511.7
2026-06-08 03:05:00,53524.9,61500.1,53447.3,53561.2
2026-06-08 03:10:00,53512.5,61485.9,53438.2,53547.4
2026-06-08 03:15:00,53512.2,61485.5,53433.6,53549.0
2026-06-08 03:20:00,53511.2,61484.4,53436.5,53546.2
2026-06-08 03:25:00,53514.7,61488.4,53439.3,53550.1
2026-06-08 03:30:00,53507.3,61479.9,53430.8,53543.2
2026-06-08 03:35:00,53531.6,61507.8,53456.9,53566.6
2026-06-08 03:40:00,53567.8,61549.4,53604.6,53550.6
2026-06-08 03:45:00,53665.4,61661.6,53608.1,53692.2
2026-06-08 03:50:00,53664.5,61660.6,53605.4,53692.3
2026-06-08 03:55:00,53663.5,61659.3,53608.1,53689.4
2026-06-08 04:00:00,53707.2,61709.6,53653.4,53732.5
2026-06-08 04:05:00,53808.7,61826.2,53870.7,53779.7
2026-06-08 04:10:00,53863.7,61889.4,53837.5,53876.0
2026-06-08 04:15:00,53911.1,61943.9,53980.0,53878.9
2026-06-08 04:20:00,53993.2,62038.2,53976.6,54001.0
2026-06-08 04:25:00,53997.8,62043.5,53983.8,54004.4
2026-06-08 04:30:00,54006.4,62053.4,54026.1,53997.2
2026-06-08 04:35:00,54093.7,62153.7,54047.4,54115.4
2026-06-08 04:40:00,54183.3,62256.6,54150.3,54198.7
2026-06-08 04:45:00,54227.9,62307.9,54290.1,54198.8
2026-06-08 04:50:00,54313.6,62406.4,54287.3,54326.0
2026-06-08 04:55:00,54321.1,62414.9,54291.4,54335.0
2026-06-08 05:00:00,54444.1,62556.3,54521.7,54407.8
2026-06-08 05:05:00,54626.1,62765.3,54633.1,54622.8
2026-06-08 05:10:00,54842.3,63013.8,54819.7,54853.0
2026-06-08 05:15:00,54934.9,63120.2,54921.1,54941.4
2026-06-08 05:20:00,55083.6,63291.0,55054.1,55097.4
2026-06-08 05:25:00,55230.6,63459.9,55195.5,55247.0
2026-06-08 05:30:00,55381.7,63633.5,55440.5,55354.1
2026-06-08 05:35:00,55638.2,63928.3,55635.1,55639.6
2026-06-08 05:40:00,55838.4,64158.3,55803.8,55854.6
2026-06-08 05:45:00,56075.8,64431.1,56032.7,56096.0
2026-06-08 05:50:00,56264.3,64647.7,56226.1,56282.1
2026-06-08 05:55:00,56449.8,64860.8,56476.3,56437.3
2026-06-08 06:00:00,56836.6,65305.2,56833.8,56837.9
2026-06-08 06:05:00,57354.2,65900.0,57392.1,57336.5
2026-06-08 06:10:00,57637.1,66225.1,57615.8,57647.1
2026-06-08 06:15:00,57914.4,66543.7,57918.8,57912.4
2026-06-08 06:20:00,58211.3,66884.7,58169.2,58231.0
2026-06-08 06:25:00,58494.8,67210.5,58469.1,58506.8
2026-06-08 06:30:00,58738.8,67490.9,58697.4,58758.2
2026-06-08 06:35:00,59016.3,67809.8,59026.1,59011.8
2026-06-08 06:40:00,59190.4,68009.8,59198.5,59186.6
2026-06-08 06:45:00,59440.4,68297.0,59426.6,59446.8
2026-06-08 06:50:00,59732.7,68632.9,59743.0,59727.9
2026-06-08 06:55:00,60029.5,68973.9,60010.2,60038.5
2026-06-08 07:00:00,60477.3,69488.4,60468.9,60481.2
2026-06-08 07:05:00,61196.9,70315.3,61196.0,61197.4
2026-06-08 07:10:00,61556.4,70728.3,61526.9,61570.2
2026-06-08 07:15:00,61923.6,71150.2,61915.8,61927.3
2026-06-08 07:20:00,62202.6,71470.8,62219.6,62194.7
2026-06-08 07:25:00,62494.3,71806.0,62531.4,62477.0
2026-06-08 07:30:00,62718.6,72063.7,62742.8,62707.3
2026-06-08 07:35:00,63047.5,72441.6,63040.6,63050.7
2026-06-08 07:40:00,63256.6,72681.8,63339.1,63218.0
2026-06-08 07:45:00,63514.7,72978.4,63502.4,63520.4
2026-06-08 07:50:00,63733.0,73229.2,63696.6,63750.0
2026-06-08 07:55:00,64040.4,73582.4,64016.5,64051.6
2026-06-08 08:00:00,64558.5,74177.8,64531.7,64571.1
2026-06-08 08:05:00,65196.4,74910.7,65180.4,65204.0
2026-06-08 08:10:00,65672.1,75457.2,65629.2,65692.2
2026-06-08 08:15:00,66121.8,75973.9,66116.1,66124.4
2026-06-08 08:20:00,66459.1,76361.5,66525.3,66428.1
2026-06-08 08:25:00,66848.3,76808.7,66886.8,66830.3
2026-06-08 08:30:00,67191.7,77203.3,67225.7,67175.8
2026-06-08 08:35:00,67559.7,77626.1,67602.0,67539.9
2026-06-08 08:40:00,67881.2,77995.5,67797.7,67920.3
2026-06-08 08:45:00,68139.7,78292.5,68102.0,68157.4
2026-06-08 08:50:00,68299.0,78475.5,68411.5,68246.3
2026-06-08 08:55:00,68530.3,78741.3,68489.8,68549.2
2026-06-08 09:00:00,68588.8,78808.6,68575.4,68595.1
2026-06-08 09:05:00,68696.2,78931.9,68742.3,68674.6
2026-06-08 09:10:00,68876.9,79139.6,68898.8,68866.7
2026-06-08 09:15:00,69101.4,79397.6,69061.4,69120.2
2026-06-08 09:20:00,69253.5,79572.2,69202.7,69277.3
2026-06-08 09:25:00,69382.4,79720.3,69301.0,69420.5
2026-06-08 09:30:00,69417.9,79761.2,69367.4,69441.5
2026-06-08 09:35:00,69474.2,79825.8,69475.6,69473.5
2026-06-08 09:40:00,69450.8,79799.0,69418.7,69465.9
2026-06-08 09:45:00,69446.3,79793.8,69441.9,69448.4
2026-06-08 09:50:00,69354.0,79687.8,69420.0,69323.1
2026-06-08 09:55:00,69275.7,79597.8,69258.1,69284.0
2026-06-08 10:00:00,69160.3,79465.2,69234.9,69125.4
2026-06-08 10:05:00,69196.5,79506.8,69265.8,69164.1
2026-06-08 10:10:00,69265.5,79586.0,69313.2,69243.1
2026-06-08 10:15:00,69450.1,79798.2,69393.4,69476.6
2026-06-08 10:20:00,69510.8,79867.9,69485.8,69522.5
2026-06-08 10:25:00,69559.0,79923.3,69601.0,69539.4
2026-06-08 10:30:00,69505.0,79861.2,69571.1,69474.0
2026-06-08 10:35:00,69498.6,79853.9,69483.6,69505.7
2026-06-08 10:40:00,69490.4,79844.4,69465.7,69501.9
2026-06-08 10:45:00,69494.1,79848.7,69477.2,69502.0
2026-06-08 10:50:00,69459.9,79809.4,69454.5,69462.4
2026-06-08 10:55:00,69443.8,79790.9,69423.3,69453.4
2026-06-08 11:00:00,69256.0,79575.2,69275.4,69247.0
2026-06-08 11:05:00,69176.2,79483.4,69160.6,69183.5
2026-06-08 11:10:00,69132.7,79433.5,69192.7,69104.6
2026-06-08 11:15:00,69066.8,79357.8,69063.3,69068.5
2026-06-08 11:20:00,68961.8,79237.1,69042.1,68924.2
2026-06-08 11:25:00,68867.4,79128.7,68934.5,68836.0
2026-06-08 11:30:00,68757.2,79002.1,68698.3,68784.8
2026-06-08 11:35:00,68661.3,78891.8,68614.1,68683.3
2026-06-08 11:40:00,68500.2,78706.7,68450.9,68523.3
2026-06-08 11:45:00,68311.4,78489.8,68340.2,68297.9
2026-06-08 11:50:00,68025.6,78161.4,68017.9,68029.2
2026-06-08 11:55:00,67656.8,77737.7,67711.8,67631.1
2026-06-08 12:00:00,67329.2,77361.3,67211.6,67384.4
2026-06-08 12:05:00,67404.0,77447.1,67315.6,67445.3
2026-06-08 12:10:00,67367.6,77405.4,67459.0,67324.8
2026-06-08 12:15:00,67326.7,77358.4,67350.3,67315.6
2026-06-08 12:20:00,67352.9,77388.4,67351.9,67353.3
2026-06-08 12:25:00,67316.1,77346.3,67340.8,67304.6
2026-06-08 12:30:00,67238.2,77256.7,67254.0,67230.8
2026-06-08 12:35:00,67240.4,77259.2,67223.8,67248.2
2026-06-08 12:40:00,67271.8,77295.3,67281.3,67267.3
2026-06-08 12:45:00,67304.7,77333.1,67374.7,67271.9
2026-06-08 12:50:00,67490.7,77546.8,67473.6,67498.7
2026-06-08 12:55:00,67680.6,77765.0,67711.6,67666.0
2026-06-08 13:00:00,68030.2,78166.7,67911.4,68085.8
2026-06-08 13:05:00,68402.6,78594.6,68333.6,68434.9
2026-06-08 13:10:00,68713.8,78952.1,68690.7,68724.6
2026-06-08 13:15:00,68890.9,79155.7,68950.3,68863.1
2026-06-08 13:20:00,69076.6,79369.0,69058.9,69084.9
2026-06-08 13:25:00,69244.8,79562.2,69322.7,69208.3
2026-06-08 13:30:00,69468.4,79819.2,69423.8,69489.3
2026-06-08 13:35:00,69682.4,80065.1,69657.9,69693.9
2026-06-08 13:40:00,69844.5,80251.3,69889.5,69823.4
2026-06-08 13:45:00,70032.6,80467.5,70005.2,70045.5
2026-06-08 13:50:00,70101.5,80546.6,70164.8,70071.8
2026-06-08 13:55:00,70199.5,80659.3,70160.0,70218.1
2026-06-08 14:00:00,70283.3,80755.5,70249.1,70299.3
2026-06-08 14:05:00,70315.0,80791.9,70373.5,70287.6
2026-06-08 14:10:00,70382.3,80869.2,70426.6,70361.5
2026-06-08 14:15:00,70469.0,80968.9,70424.9,70489.6
2026-06-08 14:20:00,70587.7,81105.3,70538.8,70610.6
2026-06-08 14:25:00,70655.8,81183.5,70706.3,70632.2
2026-06-08 14:30:00,70690.6,81223.5,70696.1,70688.0
2026-06-08 14:35:00,70788.1,81335.6,70801.6,70781.8
2026-06-08 14:40:00,70891.5,81454.4,70802.4,70933.3
2026-06-08 14:45:00,70949.3,81520.8,70985.1,70932.6
2026-06-08 14:50:00,71020.8,81602.8,70959.9,71049.2
2026-06-08 14:55:00,71038.6,81623.4,71059.1,71029.1
2026-06-08 15:00:00,70967.3,81541.5,71048.1,70929.5
2026-06-08 15:05:00,70930.7,81499.4,70903.8,70943.3
2026-06-08 15:10:00,71121.5,81718.6,71038.6,71160.4
2026-06-08 15:15:00,71313.4,81939.0,71242.4,71346.6
2026-06-08 15:20:00,71481.5,82132.2,71517.4,71464.6
2026-06-08 15:25:00,71611.7,82281.8,71675.8,71581.6
2026-06-08 15:30:00,71715.3,82400.9,71768.4,71690.4
2026-06-08 15:35:00,71832.8,82535.8,71774.4,71860.1
2026-06-08 15:40:00,71914.9,82630.2,71954.4,71896.4
2026-06-08 15:45:00,72086.2,82827.1,72155.4,72053.8
2026-06-08 15:50:00,72243.0,83007.3,72284.9,72223.5
2026-06-08 15:55:00,72288.6,83059.6,72237.3,72312.6
2026-06-08 16:00:00,72283.8,83054.1,72350.8,72252.4
2026-06-08 16:05:00,72177.8,82932.3,72303.0,72119.2
2026-06-08 16:10:00,72296.3,83068.4,72276.1,72305.7
2026-06-08 16:15:00,72445.5,83239.9,72479.9,72429.4
2026-06-08 16:20:00,72584.8,83399.9,72625.3,72565.9
2026-06-08 16:25:00,72692.8,83524.0,72613.0,72730.1
2026-06-08 16:30:00,72768.3,83610.8,72814.3,72746.7
2026-06-08 16:35:00,72888.8,83749.3,72816.9,72922.5
2026-06-08 16:40:00,72970.0,83842.5,73001.1,72955.4
2026-06-08 16:45:00,73138.4,84036.0,73153.0,73131.6
2026-06-08 16:50:00,73205.5,84113.1,73113.2,73248.7
2026-06-08 16:55:00,73241.4,84154.4,73283.0,73221.9
2026-06-08 17:00:00,73112.1,84005.8,73172.0,73084.0
2026-06-08 17:05:00,72938.1,83805.9,72843.9,72982.3
2026-06-08 17:10:00,73005.6,83883.4,72949.4,73031.9
2026-06-08 17:15:00,73083.0,83972.3,73126.0,73062.8
2026-06-08 17:20:00,73074.0,83962.0,73103.9,73060.0
2026-06-08 17:25:00,73073.4,83961.4,73097.8,73062.0
2026-06-08 17:30:00,73044.8,83928.5,73079.2,73028.8
2026-06-08 17:35:00,73063.6,83950.1,73100.8,73046.2
2026-06-08 17:40:00,73043.5,83927.0,73084.3,73024.4
2026-06-08 17:45:00,73046.0,83929.8,73089.4,73025.6
2026-06-08 17:50:00,73006.1,83884.0,73050.4,72985.3
2026-06-08 17:55:00,72975.3,83848.6,73011.3,72958.4
2026-06-08 18:00:00,72946.0,83815.0,72973.8,72933.0
2026-06-08 18:05:00,72815.4,83664.9,72737.9,72851.7
2026-06-08 18:10:00,72892.3,83753.3,72933.2,72873.2
2026-06-08 18:15:00,72912.6,83776.5,72960.6,72890.0
2026-06-08 18:20:00,72904.8,83767.7,72942.4,72887.2
2026-06-08 18:25:00,72914.1,83778.3,72951.3,72896.7
2026-06-08 18:30:00,73026.0,83906.9,72957.0,73058.3
2026-06-08 18:35:00,73059.4,83945.2,73092.8,73043.7
2026-06-08 18:40:00,73043.6,83927.1,73078.6,73027.2
2026-06-08 18:45:00,73046.0,83929.9,73083.7,73028.4
2026-06-08 18:50:00,73004.0,83881.6,73047.8,72983.5
2026-06-08 18:55:00,72963.5,83835.1,72999.3,72946.8
2026-06-08 19:00:00,72889.2,83749.7,72944.2,72863.5
2026-06-08 19:05:00,72694.7,83526.2,72726.6,72679.7
2026-06-08 19:10:00,72608.9,83427.6,72678.0,72576.5
2026-06-08 19:15:00,72614.1,83433.6,72684.0,72581.3
2026-06-08 19:20:00,72611.3,83430.4,72682.5,72578.0
2026-06-08 19:25:00,72601.7,83419.4,72673.2,72568.3
2026-06-08 19:30:00,72503.9,83306.9,72423.3,72541.6
2026-06-08 19:35:00,72375.3,83159.2,72435.5,72347.1
2026-06-08 19:40:00,72314.5,83089.4,72240.8,72349.1
2026-06-08 19:45:00,72192.6,82949.3,72230.9,72174.7
2026-06-08 19:50:00,72097.0,82839.5,72021.8,72132.2
2026-06-08 19:55:00,71967.3,82690.4,71986.2,71958.4
2026-06-08 20:00:00,71675.9,82355.6,71736.8,71647.4
2026-06-08 20:05:00,71413.3,82053.9,71430.9,71405.0
2026-06-08 20:10:00,71257.1,81874.5,71230.5,71269.6
2026-06-08 20:15:00,71100.8,81694.8,71054.5,71122.5
2026-06-08 20:20:00,70939.3,81509.2,70878.0,70968.0
2026-06-08 20:25:00,70772.2,81317.3,70725.5,70794.2
2026-06-08 20:30:00,70586.6,81104.0,70527.8,70614.1
2026-06-08 20:35:00,70358.1,80841.5,70410.7,70333.5
2026-06-08 20:40:00,70205.6,80666.2,70133.2,70239.5
2026-06-08 20:45:00,70056.3,80494.7,69977.3,70093.4
2026-06-08 20:50:00,69796.0,80195.5,69812.6,69788.2
2026-06-08 20:55:00,69495.7,79850.6,69572.7,69459.7
2026-06-08 21:00:00,69154.2,79458.2,69181.2,69141.6
2026-06-08 21:05:00,68909.7,79177.3,68955.2,68888.4
2026-06-08 21:10:00,68722.4,78962.1,68681.8,68741.5
2026-06-08 21:15:00,68495.5,78701.4,68546.1,68471.9
2026-06-08 21:20:00,68317.3,78496.6,68321.4,68315.4
2026-06-08 21:25:00,68068.1,78210.2,68052.7,68075.3
2026-06-08 21:30:00,67857.0,77967.7,67850.4,67860.1
2026-06-08 21:35:00,67638.0,77716.0,67621.9,67645.5
2026-06-08 21:40:00,67414.0,77458.7,67410.2,67415.8
2026-06-08 21:45:00,67217.0,77232.4,67220.5,67215.4
2026-06-08 21:50:00,66980.0,76960.1,66974.7,66982.5
2026-06-08 21:55:00,66725.2,76667.2,66767.1,66705.5
2026-06-08 22:00:00,66439.7,76339.3,66426.0,66446.2
2026-06-08 22:05:00,66433.0,76331.5,66423.5,66437.4
2026-06-08 22:10:00,66363.4,76251.5,66359.6,66365.1
2026-06-08 22:15:00,66263.1,76136.3,66224.6,66281.2
2026-06-08 22:20:00,66131.8,75985.5,66143.5,66126.4
2026-06-08 22:25:00,65931.6,75755.4,65943.8,65925.9
2026-06-08 22:30:00,65691.2,75479.2,65725.8,65675.0
2026-06-08 22:35:00,65462.0,75215.9,65495.9,65446.2
2026-06-08 22:40:00,65260.1,74983.9,65255.4,65262.3
2026-06-08 22:45:00,65103.4,74803.8,65099.4,65105.2
2026-06-08 22:50:00,64921.3,74594.6,64888.2,64936.9
2026-06-08 22:55:00,64714.1,74356.5,64695.8,64722.7
2026-06-08 23:00:00,64679.0,74316.2,64667.2,64684.5
2026-06-08 23:05:00,64971.0,74651.7,65020.4,64947.9
2026-06-08 23:10:00,64946.0,74623.0,64952.9,64942.8
2026-06-08 23:15:00,64741.0,74387.4,64800.5,64713.1
2026-06-08 23:20:00,64534.8,74150.5,64500.1,64551.1
2026-06-08 23:25:00,64314.9,73897.8,64272.2,64334.9
2026-06-08 23:30:00,64022.6,73562.0,63971.6,64046.5
2026-06-08 23:35:00,63703.7,73195.6,63724.0,63694.2
2026-06-08 23:40:00,63370.0,72812.2,63447.7,63333.7
2026-06-08 23:45:00,63061.1,72457.2,63036.1,63072.9
2026-06-08 23:50:00,62770.5,72123.3,62710.6,62798.5
2026-06-08 23:55:00,62355.3,71646.3,62382.8,62342.5
2026-06-09 00:00:00,61669.0,70857.7,61718.8,61645.7
2026-06-09 00:05:00,61449.9,70606.0,61529.0,61412.9
2026-06-09 00:10:00,61147.5,70258.5,61196.7,61124.4
2026-06-09 00:15:00,60786.4,69843.5,60848.7,60757.2
2026-06-09 00:20:00,60461.7,69470.5,60480.6,60452.9
2026-06-09 00:25:00,60206.1,69176.9,60144.8,60234.9
2026-06-09 00:30:00,59990.5,68929.0,59988.0,59991.6
2026-06-09 00:35:00,59734.7,68635.2,59739.4,59732.5
2026-06-09 00:40:00,59445.6,68303.0,59532.8,59404.7
2026-06-09 00:45:00,59205.4,68027.0,59271.6,59174.4
2026-06-09 00:50:00,58916.4,67694.9,58997.2,58878.5
2026-06-09 00:55:00,58697.2,67443.0,58732.7,58680.5
2026-06-09 01:00:00,58579.1,67307.4,58573.4,58581.8
2026-06-09 01:05:00,58503.7,67220.8,58459.5,58524.4
2026-06-09 01:10:00,58312.6,67001.2,58309.2,58314.2
2026-06-09 01:15:00,58160.1,66825.9,58105.1,58185.8
2026-06-09 01:20:00,58008.8,66652.2,58015.0,58006.0
2026-06-09 01:25:00,57918.5,66548.4,57848.3,57951.4
2026-06-09 01:30:00,57844.4,66463.2,57756.1,57885.8
2026-06-09 01:35:00,57780.6,66389.9,57698.7,57818.9
2026-06-09 01:40:00,57700.7,66298.1,57700.9,57700.6
2026-06-09 01:45:00,57642.0,66230.7,57628.5,57648.4
2026-06-09 01:50:00,57631.1,66218.1,57553.4,57667.5
2026-06-09 01:55:00,57629.6,66216.5,57554.8,57664.7
2026-06-09 02:00:00,57600.9,66183.5,57524.4,57636.8
2026-06-09 02:05:00,57567.6,66145.1,57587.6,57558.2
2026-06-09 02:10:00,57554.3,66129.9,57543.9,57559.2
2026-06-09 02:15:00,57532.6,66104.9,57440.7,57575.6
2026-06-09 02:20:00,57525.4,66096.6,57432.9,57568.7
2026-06-09 02:25:00,57495.1,66061.9,57446.4,57517.9
2026-06-09 02:30:00,57399.4,65951.9,57430.4,57384.9
2026-06-09 02:35:00,57334.7,65877.6,57348.0,57328.5
2026-06-09 02:40:00,57272.5,65806.1,57265.8,57275.7
2026-06-09 02:45:00,57228.3,65755.4,57191.6,57245.6
2026-06-09 02:50:00,57169.1,65687.3,57187.3,57160.6
2026-06-09 02:55:00,57120.9,65631.9,57086.3,57137.1
2026-06-09 03:00:00,57030.3,65527.9,57068.1,57012.6
2026-06-09 03:05:00,56998.4,65491.2,57031.8,56982.7
2026-06-09 03:10:00,56980.1,65470.1,57010.7,56965.7
2026-06-09 03:15:00,56930.6,65413.3,56909.0,56940.8
2026-06-09 03:20:00,56883.5,65359.2,56908.0,56872.1
2026-06-09 03:25:00,56857.1,65328.8,56835.7,56867.1
2026-06-09 03:30:00,56784.4,65245.2,56830.2,56762.9
2026-06-09 03:35:00,56779.6,65239.7,56765.2,56786.4
2026-06-09 03:40:00,56752.2,65208.2,56746.8,56754.7
2026-06-09 03:45:00,56704.3,65153.2,56753.0,56681.4
2026-06-09 03:50:00,56631.5,65069.6,56639.4,56627.8
2026-06-09 03:55:00,56610.1,65045.0,56573.8,56627.1
2026-06-09 04:00:00,56694.3,65141.7,56591.1,56742.6
2026-06-09 04:05:00,56825.8,65292.8,56742.7,56864.7
2026-06-09 04:10:00,56873.3,65347.4,56891.9,56864.5
2026-06-09 04:15:00,56933.8,65417.0,56879.3,56959.4
2026-06-09 04:20:00,56955.2,65441.5,56954.2,56955.7
2026-06-09 04:25:00,57007.6,65501.7,56961.6,57029.1
2026-06-09 04:30:00,57063.3,65565.7,57052.5,57068.3
2026-06-09 04:35:00,57152.7,65668.5,57091.2,57181.6
2026-06-09 04:40:00,57215.6,65740.7,57142.4,57249.9
2026-06-09 04:45:00,57252.9,65783.5,57240.2,57258.8
2026-06-09 04:50:00,57322.3,65863.3,57265.2,57349.0
2026-06-09 04:55:00,57359.5,65906.1,57351.3,57363.4
2026-06-09 05:00:00,57452.3,66012.7,57408.6,57472.8
2026-06-09 05:05:00,57637.4,66225.4,57607.3,57651.6
2026-06-09 05:10:00,57756.7,66362.5,57763.8,57753.4
2026-06-09 05:15:00,57861.0,66482.2,57920.6,57833.0
2026-06-09 05:20:00,57967.7,66604.8,58019.8,57943.3
2026-06-09 05:25:00,58064.6,66716.2,58119.1,58039.1
2026-06-09 05:30:00,58168.6,66835.8,58185.3,58160.8
2026-06-09 05:35:00,58342.5,67035.5,58405.7,58312.9
2026-06-09 05:40:00,58460.6,67171.2,58483.1,58450.1
2026-06-09 05:45:00,58542.1,67264.9,58569.0,58529.5
2026-06-09 05:50:00,58701.4,67447.9,58687.2,58708.1
2026-06-09 05:55:00,58866.7,67637.9,58878.9,58861.1
2026-06-09 06:00:00,59150.2,67963.5,59111.6,59168.2
2026-06-09 06:05:00,59591.6,68470.8,59529.8,59620.5
2026-06-09 06:10:00,59872.0,68792.9,59841.3,59886.4
2026-06-09 06:15:00,60069.5,69019.9,60082.0,60063.6
2026-06-09 06:20:00,60268.6,69248.6,60238.4,60282.8
2026-06-09 06:25:00,60476.8,69487.8,60443.9,60492.1
2026-06-09 06:30:00,60669.6,69709.3,60689.9,60660.0
2026-06-09 06:35:00,60922.3,69999.8,60950.9,60908.9
2026-06-09 06:40:00,61111.0,70216.5,61124.3,61104.7
2026-06-09 06:45:00,61292.0,70424.5,61321.5,61278.2
2026-06-09 06:50:00,61464.4,70622.6,61452.5,61470.0
2026-06-09 06:55:00,61655.2,70841.8,61650.0,61657.6
2026-06-09 07:00:00,62027.6,71269.7,62009.7,62036.0
2026-06-09 07:05:00,62692.2,72033.3,62609.4,62730.9
2026-06-09 07:10:00,63099.7,72501.5,63040.0,63127.6
2026-06-09 07:15:00,63424.4,72874.6,63425.8,63423.7
2026-06-09 07:20:00,63662.9,73148.7,63713.5,63639.2
2026-06-09 07:25:00,63899.5,73420.5,63892.7,63902.7
2026-06-09 07:30:00,64120.0,73673.9,64118.6,64120.7
2026-06-09 07:35:00,64466.0,74071.5,64409.0,64492.7
2026-06-09 07:40:00,64650.9,74283.8,64733.9,64612.0
2026-06-09 07:45:00,64851.6,74514.4,64928.5,64815.5
2026-06-09 07:50:00,65068.6,74763.9,65089.5,65058.9
2026-06-09 07:55:00,65312.8,75044.4,65305.2,65316.4
2026-06-09 08:00:00,65704.7,75494.7,65649.7,65730.5
2026-06-09 08:05:00,66357.8,76245.1,66240.7,66412.7
2026-06-09 08:10:00,66860.6,76822.8,66789.9,66893.7
2026-06-09 08:15:00,67268.2,77291.1,67298.0,67254.2
2026-06-09 08:20:00,67614.3,77688.8,67629.6,67607.1
2026-06-09 08:25:00,68005.3,78138.1,68017.5,67999.6
2026-06-09 08:30:00,68286.8,78461.5,68298.7,68281.2
2026-06-09 08:35:00,68576.1,78793.9,68639.8,68546.2
2026-06-09 08:40:00,68835.9,79092.5,68837.8,68835.0
2026-06-09 08:45:00,69064.1,79354.7,69054.2,69068.8
2026-06-09 08:50:00,69219.9,79533.7,69278.0,69192.7
2026-06-09 08:55:00,69438.3,79784.6,69455.1,69430.4
2026-06-09 09:00:00,69394.9,79734.7,69407.9,69388.7
2026-06-09 09:05:00,69485.1,79838.4,69491.0,69482.4
2026-06-09 09:10:00,69637.3,80013.3,69537.1,69684.3
2026-06-09 09:15:00,69813.3,80215.5,69842.5,69799.6
2026-06-09 09:20:00,69952.5,80375.4,69881.2,69985.9
2026-06-09 09:25:00,70036.7,80472.2,69995.0,70056.3
2026-06-09 09:30:00,70015.9,80448.2,70080.7,69985.5
2026-06-09 09:35:00,70031.5,80466.2,70089.0,70004.6
2026-06-09 09:40:00,69992.0,80420.8,70045.8,69966.8
2026-06-09 09:45:00,69942.5,80363.9,69928.3,69949.1
2026-06-09 09:50:00,69909.8,80326.3,69888.8,69919.6
2026-06-09 09:55:00,69813.9,80216.2,69875.4,69785.1
2026-06-09 10:00:00,69723.8,80112.6,69749.3,69711.8
2026-06-09 10:05:00,69743.1,80134.8,69749.1,69740.3
2026-06-09 10:10:00,69793.7,80193.0,69768.8,69805.4
2026-06-09 10:15:00,69975.7,80402.1,70034.1,69948.3
2026-06-09 10:20:00,70052.9,80490.7,70013.1,70071.5
2026-06-09 10:25:00,70079.0,80520.8,70129.0,70055.6
2026-06-09 10:30:00,70098.6,80543.3,70041.0,70125.6
2026-06-09 10:35:00,70131.9,80581.5,70077.9,70157.2
2026-06-09 10:40:00,70167.3,80622.2,70206.6,70148.9
2026-06-09 10:45:00,70194.1,80653.1,70220.2,70181.9
2026-06-09 10:50:00,70238.0,80703.4,70192.8,70259.1
2026-06-09 10:55:00,70215.8,80677.9,70172.7,70235.9
2026-06-09 11:00:00,70079.4,80521.2,70030.3,70102.4
2026-06-09 11:05:00,70039.1,80475.0,70004.8,70055.3
2026-06-09 11:10:00,69973.0,80399.0,70004.4,69958.3
2026-06-09 11:15:00,69936.7,80357.3,69897.2,69955.2
2026-06-09 11:20:00,69913.3,80330.4,69855.7,69940.3
2026-06-09 11:25:00,69833.8,80239.1,69860.7,69821.3
2026-06-09 11:30:00,69739.6,80130.8,69679.7,69767.6
2026-06-09 11:35:00,69645.1,80022.2,69569.4,69680.6
2026-06-09 11:40:00,69554.5,79918.1,69533.1,69564.5
2026-06-09 11:45:00,69448.4,79796.3,69436.3,69454.1
2026-06-09 11:50:00,69242.1,79559.2,69173.9,69274.1
2026-06-09 11:55:00,68847.8,79106.2,68827.8,68857.2
2026-06-09 12:00:00,68369.6,78556.6,68348.8,68379.3
2026-06-09 12:05:00,68334.8,78516.7,68401.2,68303.7
2026-06-09 12:10:00,68319.2,78498.8,68330.8,68313.7
2026-06-09 12:15:00,68308.8,78486.9,68317.1,68305.0
2026-06-09 12:20:00,68312.7,78491.3,68330.9,68304.2
2026-06-09 12:25:00,68311.4,78489.8,68319.8,68307.4
2026-06-09 12:30:00,68226.5,78392.2,68229.2,68225.2
2026-06-09 12:35:00,68229.9,78396.2,68229.9,68229.9
2026-06-09 12:40:00,68284.0,78458.4,68299.9,68276.6
2026-06-09 12:45:00,68374.5,78562.3,68411.3,68357.3
2026-06-09 12:50:00,68573.9,78791.4,68608.5,68557.7
2026-06-09 12:55:00,68838.2,79095.1,68794.2,68858.8
2026-06-09 13:00:00,69280.4,79603.2,69344.3,69250.5
2026-06-09 13:05:00,69659.9,80039.2,69726.9,69628.5
2026-06-09 13:10:00,69995.4,80424.7,70055.8,69967.1
2026-06-09 13:15:00,70204.0,80664.4,70161.0,70224.1
2026-06-09 13:20:00,70475.1,80975.9,70403.6,70508.6
2026-06-09 13:25:00,70739.5,81279.7,70690.7,70762.4
2026-06-09 13:30:00,70973.2,81548.2,71023.0,70949.8
2026-06-09 13:35:00,71253.0,81869.7,71212.8,71271.8
2026-06-09 13:40:00,71447.9,82093.6,71399.8,71470.5
2026-06-09 13:45:00,71620.5,82291.9,71687.0,71589.3
2026-06-09 13:50:00,71720.0,82406.3,71770.5,71696.3
2026-06-09 13:55:00,71839.8,82543.9,71816.2,71850.9
2026-06-09 14:00:00,71984.3,82710.0,71863.2,72041.0
2026-06-09 14:05:00,72046.9,82781.8,72085.3,72028.9
2026-06-09 14:10:00,72224.6,82986.0,72131.2,72268.3
2026-06-09 14:15:00,72359.6,83141.2,72293.7,72390.4
2026-06-09 14:20:00,72507.4,83310.9,72440.5,72538.7
2026-06-09 14:25:00,72557.4,83368.4,72580.2,72546.7
2026-06-09 14:30:00,72648.8,83473.5,72553.7,72693.4
2026-06-09 14:35:00,72736.3,83574.0,72723.6,72742.3
2026-06-09 14:40:00,72845.8,83699.8,72762.3,72884.8
2026-06-09 14:45:00,72932.1,83799.0,72964.4,72916.9
2026-06-09 14:50:00,73003.6,83881.1,72946.8,73030.1
2026-06-09 14:55:00,73057.8,83943.4,73052.3,73060.4
2026-06-09 15:00:00,72997.3,83873.9,73051.4,72971.9
2026-06-09 15:05:00,73010.7,83889.3,73047.5,72993.4
2026-06-09 15:10:00,73177.7,84081.2,73204.3,73165.3
2026-06-09 15:15:00,73440.2,84382.8,73464.9,73428.6
2026-06-09 15:20:00,73620.8,84590.3,73632.1,73615.5
2026-06-09 15:25:00,73771.3,84763.2,73806.7,73754.7
2026-06-09 15:30:00,73899.4,84910.4,73951.4,73875.0
2026-06-09 15:35:00,74028.2,85058.4,74085.3,74001.5
2026-06-09 15:40:00,74205.2,85261.8,74094.9,74256.9
2026-06-09 15:45:00,74318.9,85392.4,74315.8,74320.3
2026-06-09 15:50:00,74456.4,85550.4,74516.1,74428.4
2026-06-09 15:55:00,74641.1,85762.6,74680.5,74622.6
2026-06-09 16:00:00,74744.3,85881.2,74791.2,74722.4
2026-06-09 16:05:00,74686.8,85815.1,74749.8,74657.2
2026-06-09 16:10:00,74841.4,85992.7,74878.1,74824.1
2026-06-09 16:15:00,75026.5,86205.5,75089.6,74997.0
2026-06-09 16:20:00,75157.7,86356.2,75056.5,75205.2
2026-06-09 16:25:00,75284.5,86501.9,75278.8,75287.2
2026-06-09 16:30:00,75426.1,86664.6,75457.8,75411.2
2026-06-09 16:35:00,75598.6,86862.8,75473.4,75657.3
2026-06-09 16:40:00,75693.7,86972.0,75670.2,75704.7
2026-06-09 16:45:00,75938.1,87252.8,75897.1,75957.2
2026-06-09 16:50:00,76107.6,87447.6,76099.0,76111.6
2026-06-09 16:55:00,76226.7,87584.5,76072.1,76299.2
2026-06-09 17:00:00,76143.9,87489.3,76155.8,76138.3
2026-06-09 17:05:00,76034.3,87363.4,76055.5,76024.4
2026-06-09 17:10:00,76055.9,87388.3,76042.6,76062.2
2026-06-09 17:15:00,76069.9,87404.3,76073.5,76068.2
2026-06-09 17:20:00,76034.1,87363.1,76049.2,76027.0
2026-06-09 17:25:00,76026.8,87354.8,76034.1,76023.4
2026-06-09 17:30:00,75989.4,87311.8,76008.3,75980.5
2026-06-09 17:35:00,76008.9,87334.2,76029.6,75999.2
2026-06-09 17:40:00,76004.7,87329.4,76013.9,76000.4
2026-06-09 17:45:00,75991.7,87314.5,76019.1,75978.8
2026-06-09 17:50:00,75943.5,87259.1,75976.4,75928.1
2026-06-09 17:55:00,75891.4,87199.2,75909.1,75883.1
2026-06-09 18:00:00,75785.9,87078.0,75653.6,75847.9
2026-06-09 18:05:00,75572.3,86832.6,75594.8,75561.8
2026-06-09 18:10:00,75514.2,86765.8,75562.9,75491.4
2026-06-09 18:15:00,75537.2,86792.3,75596.7,75509.4
2026-06-09 18:20:00,75542.2,86798.0,75581.5,75523.9
2026-06-09 18:25:00,75543.3,86799.2,75575.1,75528.4
2026-06-09 18:30:00,75559.3,86817.7,75596.4,75542.0
2026-06-09 18:35:00,75540.1,86795.5,75567.4,75527.3
2026-06-09 18:40:00,75527.9,86781.6,75553.2,75516.1
2026-06-09 18:45:00,75530.4,86784.4,75558.3,75517.3
2026-06-09 18:50:00,75494.0,86742.6,75525.7,75479.1
2026-06-09 18:55:00,75391.4,86624.8,75457.1,75360.7
2026-06-09 19:00:00,75147.3,86344.2,75187.6,75128.4
2026-06-09 19:05:00,74874.1,86030.3,74904.3,74859.9
2026-06-09 19:10:00,74808.5,85954.9,74841.6,74793.0
2026-06-09 19:15:00,74750.7,85888.5,74645.5,74800.0
2026-06-09 19:20:00,74612.1,85729.3,74647.1,74595.7
2026-06-09 19:25:00,74530.3,85635.3,74433.9,74575.4
2026-06-09 19:30:00,74410.1,85497.2,74428.5,74401.5
2026-06-09 19:35:00,74339.7,85416.3,74209.4,74400.7
2026-06-09 19:40:00,74198.3,85253.8,74202.1,74196.5
2026-06-09 19:45:00,74046.4,85079.4,74042.4,74048.4
2026-06-09 19:50:00,73941.2,84958.4,73796.2,74009.1
2026-06-09 19:55:00,73764.7,84755.6,73762.9,73765.5
2026-06-09 20:00:00,73489.2,84439.1,73516.6,73476.4
2026-06-09 20:05:00,73300.8,84222.7,73147.7,73372.6
2026-06-09 20:10:00,73178.2,84081.7,73061.0,73233.0
2026-06-09 20:15:00,73051.5,83936.1,73055.4,73049.6
2026-06-09 20:20:00,72836.3,83688.9,72847.6,72831.0
2026-06-09 20:25:00,72571.1,83384.2,72621.3,72547.6
2026-06-09 20:30:00,72346.6,83126.2,72240.3,72396.3
2026-06-09 20:35:00,72155.9,82907.1,72104.3,72180.1
2026-06-09 20:40:00,71914.7,82630.0,71920.1,71912.1
2026-06-09 20:45:00,71678.0,82358.0,71772.9,71633.5
2026-06-09 20:50:00,71382.2,82018.2,71439.0,71355.6
2026-06-09 20:55:00,71156.6,81758.9,71106.7,71180.0
2026-06-09 21:00:00,70855.6,81413.1,70900.6,70834.5
2026-06-09 21:05:00,70627.5,81151.0,70692.6,70597.1
2026-06-09 21:10:00,70395.3,80884.2,70401.3,70392.5
2026-06-09 21:15:00,70188.2,80646.2,70126.1,70217.3
2026-06-09 21:20:00,69950.1,80372.7,69957.6,69946.6
2026-06-09 21:25:00,69714.4,80101.9,69704.0,69719.3
2026-06-09 21:30:00,69461.0,79810.7,69458.4,69462.2
2026-06-09 21:35:00,69285.7,79609.2,69243.8,69305.3
2026-06-09 21:40:00,69016.0,79299.4,69085.0,68983.6
2026-06-09 21:45:00,68771.1,79018.0,68746.7,68782.6
2026-06-09 21:50:00,68558.2,78773.4,68505.5,68582.9
2026-06-09 21:55:00,68339.8,78522.4,68293.8,68361.3
2026-06-09 22:00:00,68012.1,78145.9,67974.9,68029.5
2026-06-09 22:05:00,67922.7,78043.2,67927.7,67920.4
2026-06-09 22:10:00,67763.5,77860.3,67801.9,67745.6
2026-06-09 22:15:00,67559.2,77625.6,67564.3,67556.9
2026-06-09 22:20:00,67353.8,77389.5,67331.5,67364.3
2026-06-09 22:25:00,67071.7,77065.4,67095.8,67060.4
2026-06-09 22:30:00,66835.7,76794.2,66841.8,66832.8
2026-06-09 22:35:00,66611.6,76536.8,66580.4,66626.3
2026-06-09 22:40:00,66406.7,76301.3,66377.0,66420.6
2026-06-09 22:45:00,66250.3,76121.6,66198.5,66274.6
2026-06-09 22:50:00,66078.7,75924.5,66093.9,66071.6
2026-06-09 22:55:00,65885.3,75702.2,65857.7,65898.2
2026-06-09 23:00:00,65803.0,75607.7,65773.2,65817.0
2026-06-09 23:05:00,66012.4,75848.2,65983.8,66025.8
2026-06-09 23:10:00,65954.0,75781.1,65949.1,65956.3
2026-06-09 23:15:00,65826.0,75634.0,65805.7,65835.5
2026-06-09 23:20:00,65631.6,75410.7,65666.3,65615.3
2026-06-09 23:25:00,65351.5,75088.9,65419.8,65319.5
2026-06-09 23:30:00,64982.3,74664.7,65003.6,64972.4
2026-06-09 23:35:00,64658.7,74292.8,64644.2,64665.5
2026-06-09 23:40:00,64325.2,73909.7,64377.9,64300.6
2026-06-09 23:45:00,64038.3,73580.1,63995.8,64058.3
2026-06-09 23:50:00,63675.7,73163.3,63693.8,63667.2
2026-06-09 23:55:00,63193.2,72608.9,63205.1,63187.6
2026-06-10 00:00:00,62561.3,71882.9,62540.3,62571.1
2026-06-10 00:05:00,62359.0,71650.5,62357.8,62359.6
2026-06-10 00:10:00,62052.8,71298.7,62010.4,62072.7
2026-06-10 00:15:00,61799.7,71007.9,61757.6,61819.4
2026-06-10 00:20:00,61586.9,70763.3,61503.6,61625.9
2026-06-10 00:25:00,61324.8,70462.2,61291.4,61340.4
2026-06-10 00:30:00,61031.5,70125.2,61045.7,61024.9
2026-06-10 00:35:00,60773.2,69828.4,60781.6,60769.2
2026-06-10 00:40:00,60553.7,69576.2,60570.7,60545.7
2026-06-10 00:45:00,60356.2,69349.3,60313.7,60376.1
2026-06-10 00:50:00,60108.8,69065.0,60079.1,60122.7
2026-06-10 00:55:00,59843.2,68759.8,59904.4,59814.5
2026-06-10 01:00:00,59680.5,68572.9,59662.1,59689.2
2026-06-10 01:05:00,59579.9,68457.3,59608.8,59566.4
2026-06-10 01:10:00,59448.1,68305.9,59474.5,59435.8
2026-06-10 01:15:00,59398.7,68249.1,59378.9,59407.9
2026-06-10 01:20:00,59270.7,68102.0,59278.4,59267.1
2026-06-10 01:25:00,59176.2,67993.4,59182.1,59173.4
2026-06-10 01:30:00,59053.6,67852.6,59074.6,59043.7
2026-06-10 01:35:00,58968.0,67754.2,58920.6,58990.2
2026-06-10 01:40:00,58858.7,67628.7,58895.9,58841.3
2026-06-10 01:45:00,58760.6,67515.9,58705.1,58786.6
2026-06-10 01:50:00,58677.9,67420.9,58624.8,58702.8
2026-06-10 01:55:00,58621.0,67355.5,58570.3,58644.7
2026-06-10 02:00:00,58536.9,67258.9,58558.5,58526.8
2026-06-10 02:05:00,58514.1,67232.7,58564.5,58490.5
2026-06-10 02:10:00,58485.6,67200.0,58514.6,58472.0
2026-06-10 02:15:00,58451.8,67161.1,58411.1,58470.8
2026-06-10 02:20:00,58386.7,67086.3,58401.7,58379.7
2026-06-10 02:25:00,58361.8,67057.7,58322.4,58380.2
2026-06-10 02:30:00,58307.7,66995.6,58309.5,58306.9
2026-06-10 02:35:00,58292.6,66978.2,58236.1,58319.1
2026-06-10 02:40:00,58285.6,66970.2,58220.5,58316.1
2026-06-10 02:45:00,58283.3,66967.5,58221.9,58312.1
2026-06-10 02:50:00,58283.8,66968.1,58219.3,58314.0
2026-06-10 02:55:00,58280.4,66964.2,58213.5,58311.8
2026-06-10 03:00:00,58247.4,66926.2,58190.2,58274.1
2026-06-10 03:05:00,58216.0,66890.2,58266.2,58192.5
2026-06-10 03:10:00,58134.1,66796.1,58149.5,58126.9
2026-06-10 03:15:00,58094.9,66751.0,58130.9,58078.0
2026-06-10 03:20:00,57993.0,66633.9,58032.1,57974.7
2026-06-10 03:25:00,57929.6,66561.1,57954.9,57917.8
2026-06-10 03:30:00,57892.0,66517.9,57866.3,57904.0
2026-06-10 03:35:00,57849.2,66468.7,57851.3,57848.2
2026-06-10 03:40:00,57832.1,66449.1,57830.4,57832.9
2026-06-10 03:45:00,57795.8,66407.4,57745.3,57819.5
2026-06-10 03:50:00,57713.0,66312.2,57739.4,57700.7
2026-06-10 03:55:00,57641.4,66229.9,57663.0,57631.2
2026-06-10 04:00:00,57676.1,66269.8,57617.0,57703.8
2026-06-10 04:05:00,57774.7,66383.1,57794.4,57765.4
2026-06-10 04:10:00,57814.5,66428.9,57812.1,57815.6
2026-06-10 04:15:00,57862.5,66484.1,57801.8,57891.0
2026-06-10 04:20:00,57860.2,66481.4,57883.1,57849.5
2026-06-10 04:25:00,57872.3,66495.3,57909.6,57854.8
2026-06-10 04:30:00,57872.8,66495.9,57899.1,57860.5
2026-06-10 04:35:00,57916.3,66545.8,57941.0,57904.7
2026-06-10 04:40:00,57934.0,66566.2,57896.4,57951.6
2026-06-10 04:45:00,57932.5,66564.4,57894.9,57950.1
2026-06-10 04:50:00,57933.9,66566.0,57912.9,57943.7
2026-06-10 04:55:00,57978.5,66617.3,57912.4,58009.5
2026-06-10 05:00:00,58060.1,66711.1,58090.7,58045.8
2026-06-10 05:05:00,58219.9,66894.7,58259.3,58201.5
2026-06-10 05:10:00,58291.7,66977.2,58296.3,58289.6
2026-06-10 05:15:00,58383.6,67082.8,58367.7,58391.1
2026-06-10 05:20:00,58461.3,67172.0,58471.6,58456.5
2026-06-10 05:25:00,58505.6,67222.9,58551.1,58484.2
2026-06-10 05:30:00,58646.8,67385.2,58664.4,58638.6
2026-06-10 05:35:00,58795.9,67556.5,58815.0,58786.9
2026-06-10 05:40:00,58906.7,67683.8,58933.2,58894.3
2026-06-10 05:45:00,59024.2,67818.8,59050.8,59011.7
2026-06-10 05:50:00,59155.3,67969.5,59129.5,59167.5
2026-06-10 05:55:00,59263.9,68094.2,59321.9,59236.7
2026-06-10 06:00:00,59542.0,68413.7,59579.6,59524.4
2026-06-10 06:05:00,60032.5,68977.4,59988.4,60053.2
2026-06-10 06:10:00,60302.6,69287.7,60319.8,60294.6
2026-06-10 06:15:00,60547.8,69569.5,60545.2,60549.1
2026-06-10 06:20:00,60712.8,69759.0,60710.4,60713.9
2026-06-10 06:25:00,60876.5,69947.1,60910.7,60860.4
2026-06-10 06:30:00,61039.6,70134.5,61057.3,61031.3
2026-06-10 06:35:00,61321.9,70458.9,61227.4,61366.2
2026-06-10 06:40:00,61504.0,70668.1,61444.0,61532.2
2026-06-10 06:45:00,61689.4,70881.1,61636.1,61714.4
2026-06-10 06:50:00,61827.0,71039.2,61810.7,61834.6
2026-06-10 06:55:00,62039.3,71283.2,62032.1,62042.7
2026-06-10 07:00:00,62456.3,71762.3,62447.5,62460.5
2026-06-10 07:05:00,63054.1,72449.2,62982.3,63087.8
2026-06-10 07:10:00,63463.5,72919.6,63433.6,63477.6
2026-06-10 07:15:00,63845.4,73358.3,63794.6,63869.1
2026-06-10 07:20:00,64102.7,73654.0,64121.0,64094.1
2026-06-10 07:25:00,64364.8,73955.2,64375.0,64360.0
2026-06-10 07:30:00,64594.0,74218.5,64638.9,64572.9
2026-06-10 07:35:00,64914.7,74587.0,64913.0,64915.5
2026-06-10 07:40:00,65084.9,74782.5,65093.4,65080.9
2026-06-10 07:45:00,65302.0,75032.0,65301.7,65302.1
2026-06-10 07:50:00,65492.6,75251.0,65496.5,65490.7
2026-06-10 07:55:00,65718.5,75510.6,65685.6,65734.0
2026-06-10 08:00:00,66184.3,76045.7,66172.5,66189.8
2026-06-10 08:05:00,66850.7,76811.4,66770.3,66888.3
2026-06-10 08:10:00,67318.0,77348.4,67292.0,67330.2
2026-06-10 08:15:00,67750.6,77845.4,67752.8,67749.5
2026-06-10 08:20:00,68157.1,78312.5,68142.3,68164.1
2026-06-10 08:25:00,68488.0,78692.7,68571.2,68449.0
2026-06-10 08:30:00,68762.2,79007.8,68806.9,68741.2
2026-06-10 08:35:00,69174.4,79481.4,69112.8,69203.2
2026-06-10 08:40:00,69432.6,79778.0,69447.2,69425.7
2026-06-10 08:45:00,69648.1,80025.6,69720.8,69614.0
2026-06-10 08:50:00,69840.2,80246.3,69950.4,69788.5
2026-06-10 08:55:00,70035.2,80470.4,70052.5,70027.1
2026-06-10 09:00:00,70005.8,80436.7,70040.0,69989.8
2026-06-10 09:05:00,70101.1,80546.2,70156.2,70075.3
2026-06-10 09:10:00,70231.0,80695.4,70183.2,70253.4
2026-06-10 09:15:00,70388.3,80876.1,70334.4,70413.5
2026-06-10 09:20:00,70446.2,80942.7,70416.4,70460.2
2026-06-10 09:25:00,70502.3,81007.1,70530.0,70489.3
2026-06-10 09:30:00,70546.2,81057.5,70485.9,70574.4
2026-06-10 09:35:00,70604.2,81124.2,70619.3,70597.1
2026-06-10 09:40:00,70587.9,81105.5,70626.0,70570.0
2026-06-10 09:45:00,70568.2,81082.9,70592.8,70556.7
2026-06-10 09:50:00,70535.1,81044.9,70572.9,70517.4
2026-06-10 09:55:00,70470.7,80970.9,70424.3,70492.5
2026-06-10 10:00:00,70399.7,80889.2,70387.2,70405.5
2026-06-10 10:05:00,70414.8,80906.6,70427.4,70408.9
2026-06-10 10:10:00,70511.4,81017.6,70572.2,70482.9
2026-06-10 10:15:00,70740.1,81280.3,70689.1,70763.9
2026-06-10 10:20:00,70849.9,81406.5,70830.3,70859.0
2026-06-10 10:25:00,70950.0,81521.6,70967.9,70941.7
2026-06-10 10:30:00,70975.4,81550.7,70903.8,71008.9
2026-06-10 10:35:00,71008.4,81588.6,70941.7,71039.6
2026-06-10 10:40:00,71045.4,81631.2,71065.4,71036.0
2026-06-10 10:45:00,71049.2,81635.6,71076.9,71036.3
2026-06-10 10:50:00,71015.4,81596.7,71050.6,70998.9
2026-06-10 10:55:00,71019.6,81601.6,71020.6,71019.2
2026-06-10 11:00:00,70900.8,81465.0,70890.8,70905.5
2026-06-10 11:05:00,70866.0,81425.0,70910.8,70845.0
2026-06-10 11:10:00,70864.1,81422.8,70898.2,70848.1
2026-06-10 11:15:00,70874.0,81434.2,70915.4,70854.6
2026-06-10 11:20:00,70847.4,81403.7,70872.4,70835.7
2026-06-10 11:25:00,70854.8,81412.1,70875.8,70845.0
2026-06-10 11:30:00,70773.4,81318.6,70782.3,70769.2
2026-06-10 11:35:00,70752.2,81294.3,70666.6,70792.4
2026-06-10 11:40:00,70621.2,81143.8,70629.6,70617.3
2026-06-10 11:45:00,70570.2,81085.1,70474.1,70615.1
2026-06-10 11:50:00,70319.3,80796.9,70313.5,70322.0
2026-06-10 11:55:00,69904.7,80320.5,69944.6,69886.0
2026-06-10 12:00:00,69416.3,79759.3,69473.8,69389.4
2026-06-10 12:05:00,69436.3,79782.4,69488.5,69411.9
2026-06-10 12:10:00,69450.9,79799.0,69495.7,69429.9
2026-06-10 12:15:00,69515.5,79873.4,69479.9,69532.2
2026-06-10 12:20:00,69549.2,79912.0,69589.9,69530.1
2026-06-10 12:25:00,69546.1,79908.5,69573.4,69533.3
2026-06-10 12:30:00,69465.8,79816.2,69491.2,69453.9
2026-06-10 12:35:00,69512.7,79870.1,69478.7,69528.7
2026-06-10 12:40:00,69576.4,79943.3,69675.3,69530.1
2026-06-10 12:45:00,69670.2,80051.0,69689.8,69661.0
2026-06-10 12:50:00,69829.7,80234.3,69885.1,69803.8
2026-06-10 12:55:00,70084.2,80526.8,70082.0,70085.2
2026-06-10 13:00:00,70559.9,81073.3,70504.0,70586.1
2026-06-10 13:05:00,71049.3,81635.6,71057.0,71045.7
2026-06-10 13:10:00,71457.8,82105.1,71453.8,71459.7
2026-06-10 13:15:00,71713.9,82399.3,71792.1,71677.4
2026-06-10 13:20:00,71966.6,82689.6,71895.8,71999.7
2026-06-10 13:25:00,72244.6,83009.0,72288.6,72223.9
2026-06-10 13:30:00,72477.7,83276.9,72467.2,72482.6
2026-06-10 13:35:00,72760.5,83601.8,72830.1,72727.8
2026-06-10 13:40:00,72956.4,83826.9,72937.9,72965.1
2026-06-10 13:45:00,73105.1,83997.8,73054.4,73128.9
2026-06-10 13:50:00,73174.1,84077.0,73129.8,73194.8
2026-06-10 13:55:00,73278.0,84196.4,73336.4,73250.6
2026-06-10 14:00:00,73386.3,84320.9,73283.2,73434.6
2026-06-10 14:05:00,73443.8,84386.9,73486.0,73424.0
2026-06-10 14:10:00,73510.8,84463.9,73545.5,73494.5
2026-06-10 14:15:00,73625.2,84595.4,73560.0,73655.8
2026-06-10 14:20:00,73654.5,84629.1,73694.1,73636.0
2026-06-10 14:25:00,73768.5,84760.0,73682.0,73809.0
2026-06-10 14:30:00,73815.6,84814.1,73850.5,73799.2
2026-06-10 14:35:00,73822.8,84822.4,73859.4,73805.6
2026-06-10 14:40:00,73890.3,84900.0,73861.3,73903.9
2026-06-10 14:45:00,73935.7,84952.1,74013.9,73899.0
2026-06-10 14:50:00,73922.2,84936.6,73975.3,73897.4
2026-06-10 14:55:00,73893.5,84903.7,73940.1,73871.7
2026-06-10 15:00:00,73844.6,84847.4,73920.0,73809.3
2026-06-10 15:05:00,73818.1,84817.1,73784.8,73833.8
2026-06-10 15:10:00,73965.0,84985.8,73915.6,73988.2
2026-06-10 15:15:00,74095.5,85135.7,74134.8,74077.1
2026-06-10 15:20:00,74302.1,85373.1,74293.5,74306.0
2026-06-10 15:25:00,74487.9,85586.7,74505.2,74479.9
2026-06-10 15:30:00,74651.8,85774.9,74682.4,74637.4
2026-06-10 15:35:00,74824.8,85973.6,74893.9,74792.4
2026-06-10 15:40:00,74978.1,86149.8,74891.2,75018.8
2026-06-10 15:45:00,75083.9,86271.4,75082.4,75084.6
2026-06-10 15:50:00,75247.7,86459.6,75285.7,75229.8
2026-06-10 15:55:00,75445.3,86686.6,75446.2,75444.9
2026-06-10 16:00:00,75607.2,86872.7,75580.4,75619.8
2026-06-10 16:05:00,75544.9,86801.0,75542.4,75546.0
2026-06-10 16:10:00,75690.4,86968.2,75670.1,75699.9
2026-06-10 16:15:00,75957.3,87274.9,75920.8,75974.4
2026-06-10 16:20:00,76154.0,87500.9,76154.2,76153.9
2026-06-10 16:25:00,76373.5,87753.2,76389.1,76366.2
2026-06-10 16:30:00,76526.3,87928.7,76581.7,76500.3
2026-06-10 16:35:00,76617.5,88033.5,76586.4,76632.1
2026-06-10 16:40:00,76788.5,88229.9,76829.6,76769.2
2026-06-10 16:45:00,77057.7,88539.3,77091.8,77041.7
2026-06-10 16:50:00,77260.2,88771.9,77264.4,77258.2
2026-06-10 16:55:00,77401.5,88934.3,77393.4,77405.3
2026-06-10 17:00:00,77270.3,88783.6,77234.6,77287.0
2026-06-10 17:05:00,77176.3,88675.5,77144.6,77191.1
2026-06-10 17:10:00,77197.6,88700.0,77178.2,77206.6
2026-06-10 17:15:00,77204.9,88708.4,77198.4,77208.0
2026-06-10 17:20:00,77178.0,88677.5,77147.2,77192.4
2026-06-10 17:25:00,77163.6,88661.0,77130.8,77179.0
2026-06-10 17:30:00,77101.6,88589.7,77112.3,77096.6
2026-06-10 17:35:00,77121.2,88612.3,77134.0,77115.2
2026-06-10 17:40:00,77177.3,88676.7,77113.0,77207.4
2026-06-10 17:45:00,77165.9,88663.6,77113.0,77190.6
2026-06-10 17:50:00,77105.0,88593.7,77050.8,77130.4
2026-06-10 17:55:00,77038.2,88516.9,76981.1,77065.0
2026-06-10 18:00:00,77014.8,88490.0,76960.0,77040.4
2026-06-10 18:05:00,76862.3,88314.7,76937.9,76826.8
2026-06-10 18:10:00,76818.7,88264.7,76884.9,76787.8
2026-06-10 18:15:00,76843.9,88293.6,76918.1,76809.1
2026-06-10 18:20:00,76836.8,88285.5,76902.2,76806.2
2026-06-10 18:25:00,76852.8,88303.8,76892.3,76834.3
2026-06-10 18:30:00,76868.2,88321.5,76905.0,76850.9
2026-06-10 18:35:00,76850.5,88301.2,76881.0,76836.2
2026-06-10 18:40:00,76820.2,88266.4,76864.9,76799.3
2026-06-10 18:45:00,76826.8,88274.0,76870.0,76806.5
2026-06-10 18:50:00,76791.5,88233.4,76833.5,76771.8
2026-06-10 18:55:00,76725.9,88158.1,76764.9,76707.6
2026-06-10 19:00:00,76490.0,87887.0,76494.2,76488.1
2026-06-10 19:05:00,76256.1,87618.3,76249.5,76259.2
2026-06-10 19:10:00,76151.1,87497.6,76138.8,76156.8
2026-06-10 19:15:00,76155.4,87502.6,76143.4,76161.1
2026-06-10 19:20:00,76153.2,87500.1,76143.0,76158.1
2026-06-10 19:25:00,76129.0,87472.2,76119.8,76133.2
2026-06-10 19:30:00,76117.1,87458.6,76103.0,76123.7
2026-06-10 19:35:00,76124.9,87467.5,76120.1,76127.1
2026-06-10 19:40:00,76125.9,87468.7,76115.0,76131.0
2026-06-10 19:45:00,76128.0,87471.1,76119.0,76132.2
2026-06-10 19:50:00,76090.8,87428.3,76084.5,76093.8
2026-06-10 19:55:00,75743.2,87029.0,75815.5,75709.4
2026-06-10 20:00:00,75425.8,86664.3,75570.1,75358.3
2026-06-10 20:05:00,75167.5,86367.4,75097.4,75200.3
2026-06-10 20:10:00,74896.5,86056.1,74970.9,74861.7
2026-06-10 20:15:00,74721.0,85854.4,74716.0,74723.3
2026-06-10 20:20:00,74556.4,85665.3,74509.8,74578.2
2026-06-10 20:25:00,74378.7,85461.1,74329.3,74401.8
2026-06-10 20:30:00,74001.9,85028.2,74066.2,73971.8
2026-06-10 20:35:00,73714.2,84697.6,73742.1,73701.1
2026-06-10 20:40:00,73500.2,84451.7,73548.4,73477.6
2026-06-10 20:45:00,73295.9,84217.0,73197.8,73341.8
2026-06-10 20:50:00,73092.6,83983.3,72999.5,73136.1
2026-06-10 20:55:00,72743.2,83581.9,72783.2,72724.5
2026-06-10 21:00:00,72372.3,83155.8,72329.6,72392.3
2026-06-10 21:05:00,72140.4,82889.4,72059.5,72178.4
2026-06-10 21:10:00,71886.6,82597.8,71909.5,71876.0
2026-06-10 21:15:00,71691.1,82373.1,71613.0,71727.7
2026-06-10 21:20:00,71465.2,82113.5,71463.3,71466.1
2026-06-10 21:25:00,71266.3,81885.0,71314.5,71243.8
2026-06-10 21:30:00,71047.4,81633.5,70981.5,71078.3
2026-06-10 21:35:00,70802.7,81352.3,70838.3,70786.0
2026-06-10 21:40:00,70590.4,81108.4,70523.3,70621.9
2026-06-10 21:45:00,70317.0,80794.2,70371.4,70291.5
2026-06-10 21:50:00,70109.2,80555.5,70088.6,70118.9
2026-06-10 21:55:00,69834.3,80239.7,69818.1,69842.0
2026-06-10 22:00:00,69531.9,79892.2,69539.5,69528.4
2026-06-10 22:05:00,69518.2,79876.4,69547.3,69504.5
2026-06-10 22:10:00,69354.1,79687.8,69428.6,69319.2
2026-06-10 22:15:00,69177.2,79484.6,69135.5,69196.8
2026-06-10 22:20:00,68974.2,79251.4,68996.7,68963.7
2026-06-10 22:25:00,68758.9,79004.0,68755.0,68760.8
2026-06-10 22:30:00,68548.9,78762.7,68485.3,68578.8
2026-06-10 22:35:00,68364.7,78551.0,68325.8,68382.9
2026-06-10 22:40:00,68092.9,78238.7,68143.3,68069.3
2026-06-10 22:45:00,67909.7,78028.3,67869.0,67928.8
2026-06-10 22:50:00,67691.1,77777.1,67735.6,67670.3
2026-06-10 22:55:00,67438.5,77486.9,67436.3,67439.6
2026-06-10 23:00:00,67319.3,77349.9,67322.9,67317.6
2026-06-10 23:05:00,67438.8,77487.2,67476.0,67421.5
2026-06-10 23:10:00,67365.3,77402.8,67369.1,67363.6
2026-06-10 23:15:00,67170.1,77178.5,67137.5,67185.4
2026-06-10 23:20:00,67003.9,76987.5,67015.4,66998.5
2026-06-10 23:25:00,66844.0,76803.8,66779.1,66874.4
2026-06-10 23:30:00,66492.5,76399.9,66444.9,66514.9
2026-06-10 23:35:00,66223.3,76090.6,66172.0,66247.3
2026-06-10 23:40:00,65948.5,75774.9,65994.4,65927.0
2026-06-10 23:45:00,65625.5,75403.7,65644.8,65616.4
2026-06-10 23:50:00,65185.6,74898.3,65239.7,65160.3
2026-06-10 23:55:00,64722.0,74365.6,64713.8,64725.9
2026-06-11 00:00:00,64078.3,73626.0,64064.4,64084.8
2026-06-11 00:05:00,63935.7,73462.1,63917.1,63944.4
2026-06-11 00:10:00,63657.0,73141.9,63591.0,63687.9
2026-06-11 00:15:00,63295.6,72726.7,63277.0,63304.3
2026-06-11 00:20:00,62874.6,72242.9,62922.1,62852.3
2026-06-11 00:25:00,62555.1,71875.8,62563.7,62551.1
2026-06-11 00:30:00,62241.4,71515.3,62236.6,62243.6
2026-06-11 00:35:00,62046.1,71291.0,62027.9,62054.6
2026-06-11 00:40:00,61887.5,71108.7,61848.2,61905.9
2026-06-11 00:45:00,61691.8,70883.9,61662.2,61705.7
2026-06-11 00:50:00,61490.9,70653.0,61463.8,61503.5
2026-06-11 00:55:00,61208.7,70328.9,61244.9,61191.8
2026-06-11 01:00:00,60974.0,70059.1,60999.6,60962.0
2026-06-11 01:05:00,60882.9,69954.5,60930.9,60860.5
2026-06-11 01:10:00,60729.9,69778.6,60760.6,60715.5
2026-06-11 01:15:00,60632.7,69666.9,60568.9,60662.5
2026-06-11 01:20:00,60450.7,69457.9,60472.9,60440.3
2026-06-11 01:25:00,60338.4,69328.8,60272.4,60369.3
2026-06-11 01:30:00,60193.0,69161.8,60188.7,60195.0
2026-06-11 01:35:00,60106.4,69062.2,60135.4,60092.8
2026-06-11 01:40:00,60023.0,68966.4,60031.1,60019.2
2026-06-11 01:45:00,59931.5,68861.3,59933.4,59930.6
2026-06-11 01:50:00,59827.9,68742.3,59808.0,59837.3
2026-06-11 01:55:00,59778.2,68685.2,59737.4,59797.3
2026-06-11 02:00:00,59741.8,68643.3,59650.2,59784.6
2026-06-11 02:05:00,59691.4,68585.4,59725.2,59675.5
2026-06-11 02:10:00,59638.1,68524.1,59589.2,59660.9
2026-06-11 02:15:00,59581.3,68458.9,59590.1,59577.1
2026-06-11 02:20:00,59500.4,68366.0,59488.8,59505.9
2026-06-11 02:25:00,59490.0,68354.0,59403.6,59530.5
2026-06-11 02:30:00,59452.7,68311.1,59405.0,59475.0
2026-06-11 02:35:00,59471.6,68332.9,59412.5,59499.3
2026-06-11 02:40:00,59399.4,68249.9,59399.1,59399.5
2026-06-11 02:45:00,59318.6,68157.1,59305.0,59325.0
2026-06-11 02:50:00,59263.1,68093.3,59233.7,59276.8
2026-06-11 02:55:00,59221.5,68045.5,59239.3,59213.1
2026-06-11 03:00:00,59104.2,67910.7,59125.8,59094.1
2026-06-11 03:05:00,59049.9,67848.4,59118.0,59018.0
2026-06-11 03:10:00,58997.5,67788.1,58991.4,59000.4
2026-06-11 03:15:00,58936.9,67718.6,58977.1,58918.1
2026-06-11 03:20:00,58905.4,67682.3,58883.4,58915.7
2026-06-11 03:25:00,58867.0,67638.1,58885.0,58858.5
2026-06-11 03:30:00,58800.8,67562.1,58752.1,58823.6
2026-06-11 03:35:00,58757.0,67511.8,58779.6,58746.5
2026-06-11 03:40:00,58706.0,67453.2,58682.5,58717.1
2026-06-11 03:45:00,58664.0,67404.9,58687.8,58652.8
2026-06-11 03:50:00,58638.6,67375.7,58604.9,58654.4
2026-06-11 03:55:00,58567.5,67294.0,58590.4,58556.7
2026-06-11 04:00:00,58606.6,67339.0,58556.3,58630.2
2026-06-11 04:05:00,58717.7,67466.6,58738.8,58707.8
2026-06-11 04:10:00,58773.6,67530.9,58767.1,58776.7
2026-06-11 04:15:00,58816.8,67580.5,58760.4,58843.1
2026-06-11 04:20:00,58832.6,67598.7,58828.3,58834.6
2026-06-11 04:25:00,58840.0,67607.2,58845.5,58837.4
2026-06-11 04:30:00,58891.5,67666.3,58833.7,58918.5
2026-06-11 04:35:00,58976.7,67764.3,59006.5,58962.8
2026-06-11 04:40:00,59005.5,67797.3,59038.4,58990.1
2026-06-11 04:45:00,59005.8,67797.7,59042.6,58988.5
2026-06-11 04:50:00,59005.8,67797.7,59035.4,58991.9
2026-06-11 04:55:00,59005.8,67797.7,59046.6,58986.7
2026-06-11 05:00:00,59036.0,67832.4,59079.0,59015.9
2026-06-11 05:05:00,59197.1,68017.5,59182.7,59203.9
2026-06-11 05:10:00,59254.9,68083.9,59308.0,59230.1
2026-06-11 05:15:00,59386.8,68235.4,59402.0,59379.7
2026-06-11 05:20:00,59463.9,68324.0,59466.1,59462.9
2026-06-11 05:25:00,59559.1,68433.4,59585.2,59546.8
2026-06-11 05:30:00,59649.5,68537.3,59642.4,59652.8
2026-06-11 05:35:00,59795.6,68705.1,59779.1,59803.3
2026-06-11 05:40:00,59902.7,68828.3,59846.2,59929.2
2026-06-11 05:45:00,59981.0,68918.2,59935.5,60002.3
2026-06-11 05:50:00,60075.0,69026.1,60047.6,60087.8
2026-06-11 05:55:00,60158.1,69121.6,60152.9,60160.5
2026-06-11 06:00:00,60416.4,69418.4,60416.3,60416.4
2026-06-11 06:05:00,60915.9,69992.3,60838.2,60952.2
2026-06-11 06:10:00,61164.1,70277.5,61200.8,61146.9
2026-06-11 06:15:00,61388.6,70535.5,61415.7,61375.8
2026-06-11 06:20:00,61542.5,70712.4,61548.0,61540.0
2026-06-11 06:25:00,61735.2,70933.8,61752.2,61727.3
2026-06-11 06:30:00,61907.1,71131.2,61913.4,61904.1
2026-06-11 06:35:00,62176.7,71441.1,62091.4,62216.7
2026-06-11 06:40:00,62366.5,71659.1,62374.5,62362.8
2026-06-11 06:45:00,62548.7,71868.4,62540.8,62552.4
2026-06-11 06:50:00,62700.6,72043.0,62705.2,62698.4
2026-06-11 06:55:00,62914.5,72288.8,62906.1,62918.4
2026-06-11 07:00:00,63311.0,72744.4,63307.1,63312.9
2026-06-11 07:05:00,63909.4,73432.0,63801.5,63960.0
2026-06-11 07:10:00,64345.1,73932.5,64284.7,64373.4
2026-06-11 07:15:00,64678.8,74315.9,64634.2,64699.7
2026-06-11 07:20:00,64917.9,74590.7,65026.6,64867.0
2026-06-11 07:25:00,65134.0,74839.0,65138.6,65131.8
2026-06-11 07:30:00,65338.0,75073.3,65392.9,65312.2
2026-06-11 07:35:00,65595.1,75368.8,65648.7,65570.0
2026-06-11 07:40:00,65782.0,75583.5,65800.9,65773.2
2026-06-11 07:45:00,66001.1,75835.2,65989.3,66006.6
2026-06-11 07:50:00,66189.7,76052.0,66182.3,66193.2
2026-06-11 07:55:00,66407.6,76302.3,66407.4,66407.7
2026-06-11 08:00:00,66819.6,76775.8,66794.9,66831.2
2026-06-11 08:05:00,67472.9,77526.3,67372.4,67519.9
2026-06-11 08:10:00,67946.0,78069.9,67856.7,67987.8
2026-06-11 08:15:00,68325.4,78505.9,68371.4,68303.8
2026-06-11 08:20:00,68611.3,78834.4,68662.3,68587.4
2026-06-11 08:25:00,69000.5,79281.6,68960.9,69019.1
2026-06-11 08:30:00,69366.6,79702.2,69355.8,69371.7
2026-06-11 08:35:00,69759.3,80153.5,69745.4,69765.9
2026-06-11 08:40:00,70043.6,80480.1,70084.3,70024.6
2026-06-11 08:45:00,70259.0,80727.6,70331.9,70224.8
2026-06-11 08:50:00,70426.5,80920.1,70460.2,70410.7
2026-06-11 08:55:00,70614.2,81135.7,70680.9,70583.0
2026-06-11 09:00:00,70622.2,81144.9,70599.2,70633.0
2026-06-11 09:05:00,70735.6,81275.2,70761.0,70723.7
2026-06-11 09:10:00,70868.9,81428.4,70913.8,70847.9
2026-06-11 09:15:00,71088.2,81680.3,71128.4,71069.3
2026-06-11 09:20:00,71241.5,81856.5,71189.3,71266.0
2026-06-11 09:25:00,71359.7,81992.3,71314.1,71381.0
2026-06-11 09:30:00,71319.6,81946.3,71377.7,71292.5
2026-06-11 09:35:00,71311.6,81937.0,71384.9,71277.2
2026-06-11 09:40:00,71330.2,81958.4,71357.2,71317.5
2026-06-11 09:45:00,71315.2,81941.2,71359.5,71294.5
2026-06-11 09:50:00,71272.7,81892.3,71336.2,71242.9
2026-06-11 09:55:00,71190.3,81797.7,71155.7,71206.5
2026-06-11 10:00:00,71051.8,81638.6,71130.3,71015.1
2026-06-11 10:05:00,71083.0,81674.4,71181.6,71036.9
2026-06-11 10:10:00,71195.1,81803.1,71190.4,71197.3
2026-06-11 10:15:00,71390.3,82027.5,71431.4,71371.1
2026-06-11 10:20:00,71502.7,82156.5,71451.7,71526.5
2026-06-11 10:25:00,71504.6,82158.8,71576.8,71470.8
2026-06-11 10:30:00,71418.1,82059.4,71479.0,71389.6
2026-06-11 10:35:00,71406.3,82045.8,71376.2,71420.4
2026-06-11 10:40:00,71395.8,82033.7,71350.9,71416.8
2026-06-11 10:45:00,71399.5,82038.0,71362.4,71416.8
2026-06-11 10:50:00,71370.1,82004.2,71345.2,71381.7
2026-06-11 10:55:00,71344.4,81974.8,71314.3,71358.5
2026-06-11 11:00:00,71176.0,81781.2,71180.3,71174.0
2026-06-11 11:05:00,71141.7,81741.8,71178.7,71124.3
2026-06-11 11:10:00,71155.2,81757.4,71168.8,71148.9
2026-06-11 11:15:00,71150.7,81752.2,71197.1,71129.0
2026-06-11 11:20:00,71117.3,81713.8,71142.9,71105.3
2026-06-11 11:25:00,71070.1,81659.5,70981.9,71111.4
2026-06-11 11:30:00,70906.3,81471.3,70928.9,70895.6
2026-06-11 11:35:00,70795.3,81343.8,70825.3,70781.3
2026-06-11 11:40:00,70714.8,81251.3,70625.6,70756.6
2026-06-11 11:45:00,70595.7,81114.5,70627.5,70580.8
2026-06-11 11:50:00,70289.6,80762.7,70312.1,70279.1
2026-06-11 11:55:00,69866.7,80276.9,69915.4,69843.9
2026-06-11 12:00:00,69401.7,79742.5,69360.3,69421.0
2026-06-11 12:05:00,69420.0,79763.6,69486.0,69389.2
2026-06-11 12:10:00,69442.4,79789.3,69491.7,69419.3
2026-06-11 12:15:00,69432.2,79777.6,69477.0,69411.3
2026-06-11 12:20:00,69432.6,79778.1,69482.8,69409.1
2026-06-11 12:25:00,69439.3,79785.7,69464.2,69427.6
2026-06-11 12:30:00,69358.2,79692.5,69374.9,69350.3
2026-06-11 12:35:00,69401.9,79742.8,69337.5,69432.1
2026-06-11 12:40:00,69476.2,79828.2,69510.8,69460.0
2026-06-11 12:45:00,69532.5,79892.8,69558.4,69520.4
2026-06-11 12:50:00,69723.3,80112.1,69752.4,69709.7
2026-06-11 12:55:00,69957.5,80381.2,69930.8,69970.0
2026-06-11 13:00:00,70390.5,80878.7,70358.1,70405.8
2026-06-11 13:05:00,70787.7,81335.1,70739.3,70810.4
2026-06-11 13:10:00,71260.6,81878.4,71121.6,71325.6
2026-06-11 13:15:00,71519.9,82176.4,71463.3,71546.4
2026-06-11 13:20:00,71732.8,82421.0,71734.8,71731.8
2026-06-11 13:25:00,72006.5,82735.5,71949.7,72033.2
2026-06-11 13:30:00,72225.1,82986.6,72263.8,72207.0
2026-06-11 13:35:00,72495.9,83297.8,72480.2,72503.3
2026-06-11 13:40:00,72686.5,83516.7,72725.4,72668.2
2026-06-11 13:45:00,72863.8,83720.5,72916.8,72838.9
2026-06-11 13:50:00,72946.2,83815.1,72990.1,72925.6
2026-06-11 13:55:00,72994.5,83870.7,72982.5,73000.1
2026-06-11 14:00:00,73089.4,83979.7,73070.8,73098.1
2026-06-11 14:05:00,73093.6,83984.5,73106.0,73087.8
2026-06-11 14:10:00,73150.4,84049.9,73149.9,73150.7
2026-06-11 14:15:00,73319.4,84244.0,73351.2,73304.5
2026-06-11 14:20:00,73443.3,84386.4,73335.8,73493.7
2026-06-11 14:25:00,73509.8,84462.8,73543.3,73494.2
2026-06-11 14:30:00,73562.0,84522.7,73490.7,73595.4
2026-06-11 14:35:00,73633.1,84604.4,73680.0,73611.1
2026-06-11 14:40:00,73663.8,84639.7,73672.0,73659.9
2026-06-11 14:45:00,73732.0,84718.0,73688.6,73752.3
2026-06-11 14:50:00,73771.3,84763.2,73849.9,73734.4
2026-06-11 14:55:00,73743.8,84731.7,73814.7,73710.6
2026-06-11 15:00:00,73700.4,84681.8,73804.4,73651.7
2026-06-11 15:05:00,73718.9,84703.1,73810.1,73676.2
2026-06-11 15:10:00,73862.2,84867.6,73944.9,73823.4
2026-06-11 15:15:00,74058.7,85093.5,74011.5,74080.8
2026-06-11 15:20:00,74261.4,85326.3,74158.0,74309.8
2026-06-11 15:25:00,74497.9,85598.1,74535.8,74480.2
2026-06-11 15:30:00,74659.4,85783.6,74697.4,74641.6
2026-06-11 15:35:00,74837.4,85988.2,74904.4,74806.0
2026-06-11 15:40:00,75038.2,86218.9,75077.1,75020.0
2026-06-11 15:45:00,75275.7,86491.8,75303.0,75262.9
2026-06-11 15:50:00,75446.0,86687.5,75490.8,75425.0
2026-06-11 15:55:00,75659.3,86932.6,75647.6,75664.8
2026-06-11 16:00:00,75861.4,87164.7,75801.7,75889.3
2026-06-11 16:05:00,75794.7,87088.2,75774.1,75804.4
2026-06-11 16:10:00,75934.7,87249.0,75898.3,75951.8
2026-06-11 16:15:00,76171.3,87520.9,76167.3,76173.2
2026-06-11 16:20:00,76383.4,87764.5,76389.2,76380.7
2026-06-11 16:25:00,76554.1,87960.6,76604.6,76530.4
2026-06-11 16:30:00,76774.3,88213.6,76772.3,76775.2
2026-06-11 16:35:00,77079.6,88564.5,77098.6,77070.7
2026-06-11 16:40:00,77289.3,88805.4,77308.4,77280.3
2026-06-11 16:45:00,77501.5,89049.2,77500.2,77502.1
2026-06-11 16:50:00,77689.7,89265.5,77704.8,77682.7
2026-06-11 16:55:00,77781.0,89370.4,77651.2,77841.9
2026-06-11 17:00:00,77704.1,89282.0,77685.8,77712.7
2026-06-11 17:05:00,77612.2,89176.4,77598.0,77618.8
2026-06-11 17:10:00,77615.5,89180.2,77648.4,77600.0
2026-06-11 17:15:00,77640.1,89208.5,77642.2,77639.1
2026-06-11 17:20:00,77632.7,89200.0,77629.3,77634.4
2026-06-11 17:25:00,77584.5,89144.6,77595.6,77579.3
2026-06-11 17:30:00,77565.8,89123.1,77580.4,77558.9
2026-06-11 17:35:00,77567.2,89124.7,77582.3,77560.1
2026-06-11 17:40:00,77564.5,89121.6,77571.2,77561.4
2026-06-11 17:45:00,77550.6,89105.7,77616.1,77520.0
2026-06-11 17:50:00,77501.2,89048.9,77575.8,77466.3
2026-06-11 17:55:00,77422.9,88958.9,77465.9,77402.8
2026-06-11 18:00:00,77201.8,88704.9,77194.5,77205.3
2026-06-11 18:05:00,76916.4,88377.0,76914.4,76917.4
2026-06-11 18:10:00,76873.4,88327.5,76872.4,76873.8
2026-06-11 18:15:00,76898.9,88356.9,76905.7,76895.8
2026-06-11 18:20:00,76892.0,88348.9,76890.3,76892.8
2026-06-11 18:25:00,76897.1,88354.8,76881.4,76904.5
2026-06-11 18:30:00,76911.6,88371.4,76891.1,76921.2
2026-06-11 18:35:00,76893.9,88351.1,76867.3,76906.4
2026-06-11 18:40:00,76801.0,88244.4,76851.2,76777.5
2026-06-11 18:45:00,76803.5,88247.2,76856.3,76778.7
2026-06-11 18:50:00,76766.2,88204.3,76817.3,76742.2
2026-06-11 18:55:00,76632.7,88051.0,76533.3,76679.3
2026-06-11 19:00:00,76487.9,87884.5,76495.7,76484.2
2026-06-11 19:05:00,76259.0,87621.6,76254.1,76261.3
2026-06-11 19:10:00,76154.8,87501.8,76143.2,76160.2
2026-06-11 19:15:00,76160.2,87508.1,76147.8,76166.1
2026-06-11 19:20:00,76158.1,87505.6,76147.3,76163.1
2026-06-11 19:25:00,76133.8,87477.7,76124.2,76138.2
2026-06-11 19:30:00,76120.3,87462.2,76104.2,76127.8
2026-06-11 19:35:00,76128.7,87471.8,76121.3,76132.1
2026-06-11 19:40:00,76129.7,87473.0,76116.2,76136.0
2026-06-11 19:45:00,76132.1,87475.8,76121.2,76137.2
2026-06-11 19:50:00,76108.1,87448.2,76132.6,76096.7
2026-06-11 19:55:00,75919.2,87231.2,75816.9,75967.1
2026-06-11 20:00:00,75637.1,86907.0,75807.1,75557.4
2026-06-11 20:05:00,75401.5,86636.3,75346.1,75427.5
2026-06-11 20:10:00,75089.5,86277.9,75189.5,75042.7
2026-06-11 20:15:00,74896.1,86055.6,74955.7,74868.1
2026-06-11 20:20:00,74720.0,85853.3,74720.3,74719.8
2026-06-11 20:25:00,74542.5,85649.4,74504.2,74560.5
2026-06-11 20:30:00,74222.4,85281.6,74298.3,74186.9
2026-06-11 20:35:00,73980.6,85003.8,73950.6,73994.7
2026-06-11 20:40:00,73707.2,84689.6,73736.5,73693.6
2026-06-11 20:45:00,73507.2,84459.8,73564.4,73480.4
2026-06-11 20:50:00,73258.5,84174.0,73164.0,73302.7
2026-06-11 20:55:00,72949.1,83818.6,72981.2,72934.1
2026-06-11 21:00:00,72633.1,83455.5,72580.2,72657.9
2026-06-11 21:05:00,72345.8,83125.4,72387.3,72326.4
2026-06-11 21:10:00,72129.4,82876.7,72107.2,72139.8
2026-06-11 21:15:00,71896.2,82608.7,71916.1,71886.9
2026-06-11 21:20:00,71680.1,82360.4,71607.3,71714.2
2026-06-11 21:25:00,71402.6,82041.6,71471.8,71370.2
2026-06-11 21:30:00,71201.7,81810.8,71161.7,71220.5
2026-06-11 21:35:00,70943.5,81514.1,70977.0,70927.8
2026-06-11 21:40:00,70745.2,81286.3,70676.0,70777.7
2026-06-11 21:45:00,70474.1,80974.7,70530.1,70447.8
2026-06-11 21:50:00,70266.2,80735.8,70216.8,70289.3
2026-06-11 21:55:00,70038.1,80473.8,70086.5,70015.5
2026-06-11 22:00:00,69751.4,80144.4,69758.1,69748.3
2026-06-11 22:05:00,69696.1,80080.8,69764.3,69664.2
2026-06-11 22:10:00,69579.9,79947.3,69550.1,69593.9
2026-06-11 22:15:00,69373.1,79709.7,69393.9,69363.3
2026-06-11 22:20:00,69174.0,79480.9,69138.5,69190.6
2026-06-11 22:25:00,68952.5,79226.4,68974.8,68942.0
2026-06-11 22:30:00,68709.0,78946.6,68702.4,68712.0
2026-06-11 22:35:00,68496.4,78702.4,68548.7,68471.9
2026-06-11 22:40:00,68315.5,78494.5,68325.1,68310.9
2026-06-11 22:45:00,68076.1,78219.4,68071.6,68078.2
2026-06-11 22:50:00,67913.9,78033.0,67851.2,67943.3
2026-06-11 22:55:00,67688.8,77774.4,67736.8,67666.3
2026-06-11 23:00:00,67511.5,77570.7,67539.4,67498.4
2026-06-11 23:05:00,67599.7,77672.1,67724.3,67541.4
2026-06-11 23:10:00,67460.8,77512.5,67572.6,67408.5
2026-06-11 23:15:00,67269.9,77293.2,67264.7,67272.4
2026-06-11 23:20:00,67082.1,77077.4,67112.8,67067.8
2026-06-11 23:25:00,66884.5,76850.3,66894.9,66879.6
2026-06-11 23:30:00,66589.8,76511.7,66535.0,66615.5
2026-06-11 23:35:00,66313.9,76194.7,66280.7,66329.5
2026-06-11 23:40:00,65965.0,75793.8,65991.5,65952.6
2026-06-11 23:45:00,65639.7,75420.0,65640.8,65639.2
2026-06-11 23:50:00,65217.8,74935.3,65327.9,65166.3
2026-06-11 23:55:00,64754.4,74402.8,64752.7,64755.2
2026-06-12 00:00:00,64098.9,73649.6,64066.9,64113.8
2026-06-12 00:05:00,63987.7,73521.9,63938.4,64010.8
2026-06-12 00:10:00,63665.4,73151.6,63659.4,63668.3
2026-06-12 00:15:00,63320.2,72754.9,63273.4,63342.2
2026-06-12 00:20:00,62875.3,72243.7,62926.4,62851.4
2026-06-12 00:25:00,62561.8,71883.5,62583.9,62551.5
2026-06-12 00:30:00,62244.1,71518.5,62236.4,62247.7
2026-06-12 00:35:00,62085.4,71336.1,62026.3,62113.0
2026-06-12 00:40:00,61885.9,71106.9,61848.9,61903.2
2026-06-12 00:45:00,61690.4,70882.3,61662.9,61703.3
2026-06-12 00:50:00,61490.0,70652.0,61464.3,61502.1
2026-06-12 00:55:00,61209.1,70329.3,61243.9,61192.9
2026-06-12 01:00:00,60982.5,70068.9,61009.7,60969.8
2026-06-12 01:05:00,60881.7,69953.0,60934.3,60857.0
2026-06-12 01:10:00,60732.2,69781.3,60763.0,60717.8
2026-06-12 01:15:00,60634.4,69668.9,60571.0,60664.1
2026-06-12 01:20:00,60452.5,69459.9,60475.2,60441.9
2026-06-12 01:25:00,60331.9,69321.3,60275.5,60358.3
2026-06-12 01:30:00,60200.1,69169.9,60194.8,60202.6
2026-06-12 01:35:00,60110.6,69067.1,60134.2,60099.5
2026-06-12 01:40:00,60024.4,68968.1,60032.4,60020.7
2026-06-12 01:45:00,59931.2,68861.0,59932.6,59930.6
2026-06-12 01:50:00,59828.7,68743.2,59808.6,59838.1
2026-06-12 01:55:00,59778.0,68684.9,59738.7,59796.4
2026-06-12 02:00:00,59745.9,68648.1,59659.8,59786.3
2026-06-12 02:05:00,59693.2,68587.4,59729.8,59676.0
2026-06-12 02:10:00,59639.7,68526.1,59590.8,59662.7
2026-06-12 02:15:00,59580.9,68458.5,59590.0,59576.7
2026-06-12 02:20:00,59500.7,68366.3,59488.9,59506.2
2026-06-12 02:25:00,59490.5,68354.6,59404.6,59530.7
2026-06-12 02:30:00,59453.3,68311.8,59400.2,59478.2
2026-06-12 02:35:00,59470.9,68332.1,59413.8,59497.7
2026-06-12 02:40:00,59399.4,68249.9,59399.3,59399.5
2026-06-12 02:45:00,59288.1,68122.0,59306.0,59279.7
2026-06-12 02:50:00,59222.6,68046.8,59235.3,59216.7
2026-06-12 02:55:00,59136.2,67947.5,59150.6,59129.4
2026-06-12 03:00:00,59053.7,67852.7,59050.2,59055.3
2026-06-12 03:05:00,59023.6,67818.1,59033.9,59018.7
2026-06-12 03:10:00,58996.8,67787.3,58984.8,59002.3
2026-06-12 03:15:00,58936.5,67718.0,58976.1,58917.9
2026-06-12 03:20:00,58905.5,67682.4,58882.4,58916.3
2026-06-12 03:25:00,58867.2,67638.4,58884.6,58859.1
2026-06-12 03:30:00,58803.8,67565.6,58753.4,58827.4
2026-06-12 03:35:00,58757.3,67512.1,58779.2,58747.0
2026-06-12 03:40:00,58706.1,67453.3,58681.5,58717.6
2026-06-12 03:45:00,58664.3,67405.3,58687.7,58653.4
2026-06-12 03:50:00,58635.6,67372.3,58591.4,58656.3
2026-06-12 03:55:00,58570.3,67297.3,58592.3,58560.0
2026-06-12 04:00:00,58606.8,67339.2,58563.4,58627.1
2026-06-12 04:05:00,58712.6,67460.8,58736.3,58701.5
2026-06-12 04:10:00,58770.0,67526.8,58767.5,58771.2
2026-06-12 04:15:00,58811.7,67574.6,58760.1,58835.8
2026-06-12 04:20:00,58828.0,67593.3,58827.6,58828.1
2026-06-12 04:25:00,58834.4,67600.7,58844.0,58829.9
2026-06-12 04:30:00,58818.7,67582.7,58833.9,58811.6
2026-06-12 04:35:00,58864.0,67634.7,58885.2,58854.1
2026-06-12 04:40:00,58895.0,67670.4,58842.0,58919.9
2026-06-12 04:45:00,58933.8,67715.0,58966.9,58918.3
2026-06-12 04:50:00,58977.0,67764.6,58960.8,58984.7
2026-06-12 04:55:00,59000.3,67791.3,59045.7,58979.0
2026-06-12 05:00:00,59033.9,67829.9,59084.2,59010.3
2026-06-12 05:05:00,59190.6,68010.1,59178.9,59196.1
2026-06-12 05:10:00,59250.3,68078.6,59309.8,59222.4
2026-06-12 05:15:00,59349.4,68192.4,59299.9,59372.6
2026-06-12 05:20:00,59459.3,68318.8,59466.9,59455.8
2026-06-12 05:25:00,59545.5,68417.8,59583.7,59527.6
2026-06-12 05:30:00,59645.2,68532.3,59649.4,59643.2
2026-06-12 05:35:00,59800.0,68710.2,59796.5,59801.6
2026-06-12 05:40:00,59908.8,68835.2,59860.4,59931.4
2026-06-12 05:45:00,60021.9,68965.2,60055.9,60006.0
2026-06-12 05:50:00,60095.6,69049.9,60146.5,60071.8
2026-06-12 05:55:00,60180.9,69147.9,60240.8,60152.9
2026-06-12 06:00:00,60401.9,69401.8,60401.5,60402.1
2026-06-12 06:05:00,60902.7,69977.2,60812.2,60945.1
2026-06-12 06:10:00,61154.1,70266.1,61188.9,61137.8
2026-06-12 06:15:00,61375.9,70520.9,61397.0,61366.0
2026-06-12 06:20:00,61535.5,70704.2,61534.5,61535.9
2026-06-12 06:25:00,61725.0,70922.0,61728.3,61723.5
2026-06-12 06:30:00,61898.6,71121.5,61902.2,61896.9
2026-06-12 06:35:00,62115.8,71371.0,62076.9,62134.0
2026-06-12 06:40:00,62355.7,71646.7,62359.6,62353.9
2026-06-12 06:45:00,62538.7,71856.9,62528.5,62543.4
2026-06-12 06:50:00,62689.2,72029.9,62690.0,62688.8
2026-06-12 06:55:00,62899.2,72271.1,62889.6,62903.6
2026-06-12 07:00:00,63297.0,72728.3,63281.4,63304.3
2026-06-12 07:05:00,63891.1,73410.9,63767.2,63949.2
2026-06-12 07:10:00,64282.7,73860.8,64250.2,64297.9
2026-06-12 07:15:00,64602.2,74227.9,64615.4,64596.0
2026-06-12 07:20:00,64854.0,74517.3,64834.1,64863.4
2026-06-12 07:25:00,65066.6,74761.5,65124.0,65039.7
2026-06-12 07:30:00,65305.7,75036.2,65283.8,65316.0
2026-06-12 07:35:00,65567.1,75336.5,65558.7,65571.0
2026-06-12 07:40:00,65772.7,75572.8,65788.5,65765.3
2026-06-12 07:45:00,65991.8,75824.5,65976.9,65998.7
2026-06-12 07:50:00,66177.5,76037.9,66170.0,66181.0
2026-06-12 07:55:00,66380.8,76271.6,66360.9,66390.2
2026-06-12 08:00:00,66812.2,76767.2,66780.2,66827.2
2026-06-12 08:05:00,67467.4,77520.1,67355.4,67519.9
2026-06-12 08:10:00,67935.0,78057.3,67841.9,67978.6
2026-06-12 08:15:00,68318.4,78497.8,68385.6,68286.9
2026-06-12 08:20:00,68608.4,78831.1,68649.0,68589.4
2026-06-12 08:25:00,68991.8,79271.6,68946.5,69013.0
2026-06-12 08:30:00,69356.1,79690.2,69347.4,69360.1
2026-06-12 08:35:00,69722.0,80110.5,69730.3,69718.1
2026-06-12 08:40:00,69990.3,80418.8,69944.4,70011.7
2026-06-12 08:45:00,70204.8,80665.3,70161.8,70224.9
2026-06-12 08:50:00,70423.2,80916.2,70448.0,70411.5
2026-06-12 08:55:00,70605.7,81125.9,70668.9,70576.1
2026-06-12 09:00:00,70558.4,81071.6,70596.3,70540.7
2026-06-12 09:05:00,70657.4,81185.3,70758.8,70609.9
2026-06-12 09:10:00,70757.1,81299.9,70759.8,70755.8
2026-06-12 09:15:00,70921.9,81489.2,70955.1,70906.3
2026-06-12 09:20:00,71121.6,81718.7,71053.0,71153.7
2026-06-12 09:25:00,71221.7,81833.7,71161.2,71250.1
2026-06-12 09:30:00,71274.4,81894.2,71206.9,71306.0
2026-06-12 09:35:00,71269.4,81888.5,71208.3,71298.0
2026-06-12 09:40:00,71229.7,81842.9,71172.9,71256.3
2026-06-12 09:45:00,71253.4,81870.2,71183.7,71286.1
2026-06-12 09:50:00,71212.1,81822.7,71160.7,71236.2
2026-06-12 09:55:00,71096.3,81689.7,71133.2,71079.0
2026-06-12 10:00:00,71008.1,81588.3,70968.6,71026.5
2026-06-12 10:05:00,71079.4,81670.2,71160.4,71041.4
2026-06-12 10:10:00,71192.0,81799.6,71163.5,71205.4
2026-06-12 10:15:00,71347.8,81978.7,71413.1,71317.3
2026-06-12 10:20:00,71386.8,82023.4,71444.0,71360.0
2026-06-12 10:25:00,71453.7,82100.3,71436.5,71461.8
2026-06-12 10:30:00,71423.4,82065.4,71493.4,71390.6
2026-06-12 10:35:00,71406.2,82045.7,71395.2,71411.4
2026-06-12 10:40:00,71396.2,82034.3,71371.7,71407.8
2026-06-12 10:45:00,71400.0,82038.5,71383.2,71407.8
2026-06-12 10:50:00,71363.7,81996.9,71337.9,71375.8
2026-06-12 10:55:00,71285.4,81907.0,71311.3,71273.3
2026-06-12 11:00:00,71129.9,81728.2,71033.7,71174.9
2026-06-12 11:05:00,71093.3,81686.2,71017.3,71128.9
2026-06-12 11:10:00,71106.5,81701.4,71001.7,71155.6
2026-06-12 11:15:00,71123.5,81720.9,71027.8,71168.3
2026-06-12 11:20:00,71071.8,81661.5,70984.6,71112.6
2026-06-12 11:25:00,70985.4,81562.2,71001.2,70977.9
2026-06-12 11:30:00,70868.6,81428.1,70787.5,70906.6
2026-06-12 11:35:00,70790.3,81338.1,70821.2,70775.9
2026-06-12 11:40:00,70718.2,81255.2,70624.4,70762.2
2026-06-12 11:45:00,70598.0,81117.2,70623.0,70586.4
2026-06-12 11:50:00,70294.2,80768.0,70315.3,70284.3
2026-06-12 11:55:00,69902.5,80318.0,69958.9,69876.2
2026-06-12 12:00:00,69461.7,79811.5,69479.6,69453.3
2026-06-12 12:05:00,69499.4,79854.8,69494.6,69501.7
2026-06-12 12:10:00,69519.6,79878.0,69488.6,69534.1
2026-06-12 12:15:00,69546.7,79909.1,69590.6,69526.1
2026-06-12 12:20:00,69556.2,79920.1,69592.5,69539.2
2026-06-12 12:25:00,69551.9,79915.1,69575.9,69540.6
2026-06-12 12:30:00,69480.7,79833.3,69494.1,69474.3
2026-06-12 12:35:00,69512.3,79869.6,69469.7,69532.2
2026-06-12 12:40:00,69591.1,79960.2,69659.5,69559.1
2026-06-12 12:45:00,69667.8,80048.3,69703.6,69651.0
2026-06-12 12:50:00,69819.5,80222.6,69882.7,69789.9
2026-06-12 12:55:00,70063.8,80503.4,70084.4,70054.2
2026-06-12 13:00:00,70514.8,81021.5,70484.0,70529.2
2026-06-12 13:05:00,70933.9,81503.0,70906.4,70946.8
2026-06-12 13:10:00,71375.5,82010.4,71291.2,71415.0
2026-06-12 13:15:00,71618.4,82289.5,71625.4,71615.1
2026-06-12 13:20:00,71840.6,82544.8,71882.4,71821.0
2026-06-12 13:25:00,72159.1,82910.8,72094.1,72189.6
2026-06-12 13:30:00,72383.1,83168.1,72448.9,72352.2
2026-06-12 13:35:00,72688.1,83518.6,72637.9,72711.6
2026-06-12 13:40:00,72879.4,83738.4,72920.3,72860.2
2026-06-12 13:45:00,73006.8,83884.8,73036.8,72992.7
2026-06-12 13:50:00,73063.8,83950.4,73105.9,73044.2
2026-06-12 13:55:00,73093.8,83984.7,73113.0,73084.8
2026-06-12 14:00:00,73091.0,83981.5,73082.9,73094.7
2026-06-12 14:05:00,73094.9,83986.1,73112.3,73086.8
2026-06-12 14:10:00,73151.7,84051.4,73148.8,73153.1
2026-06-12 14:15:00,73321.1,84246.0,73346.1,73309.5
2026-06-12 14:20:00,73441.6,84384.4,73320.0,73498.6
2026-06-12 14:25:00,73499.9,84451.4,73532.5,73484.7
2026-06-12 14:30:00,73570.0,84531.9,73488.8,73608.0
2026-06-12 14:35:00,73629.4,84600.2,73664.1,73613.2
2026-06-12 14:40:00,73595.6,84561.3,73670.0,73560.7
2026-06-12 14:45:00,73587.3,84551.8,73681.2,73543.3
2026-06-12 14:50:00,73578.1,84541.2,73654.1,73542.5
2026-06-12 14:55:00,73551.6,84510.8,73623.2,73518.1
2026-06-12 15:00:00,73517.1,84471.1,73620.5,73468.6
2026-06-12 15:05:00,73534.0,84490.6,73624.8,73491.6
2026-06-12 15:10:00,73654.8,84629.3,73729.1,73619.9
2026-06-12 15:15:00,73860.5,84865.8,73807.5,73885.4
2026-06-12 15:20:00,74018.2,85046.9,73950.9,74049.6
2026-06-12 15:25:00,74121.5,85165.6,74110.2,74126.7
2026-06-12 15:30:00,74223.9,85283.3,74254.2,74209.7
2026-06-12 15:35:00,74377.8,85460.1,74304.4,74412.2
2026-06-12 15:40:00,74458.0,85552.3,74470.6,74452.1
2026-06-12 15:45:00,74678.8,85806.0,74705.1,74666.5
2026-06-12 15:50:00,74819.5,85967.6,74884.1,74789.3
2026-06-12 15:55:00,74931.3,86096.0,74840.9,74973.6
2026-06-12 16:00:00,74968.6,86138.9,74952.3,74976.2
2026-06-12 16:05:00,74879.3,86036.3,74926.4,74857.2
2026-06-12 16:10:00,75057.5,86241.1,75044.1,75063.9
2026-06-12 16:15:00,75254.9,86467.9,75291.9,75237.6
2026-06-12 16:20:00,75440.1,86680.7,75470.2,75426.0
2026-06-12 16:25:00,75665.1,86939.1,75688.4,75654.1
2026-06-12 16:30:00,75893.7,87201.8,75883.4,75898.5
2026-06-12 16:35:00,76133.8,87477.7,76125.9,76137.5
2026-06-12 16:40:00,76367.7,87746.5,76372.4,76365.5
2026-06-12 16:45:00,76534.0,87937.6,76578.0,76513.4
2026-06-12 16:50:00,76638.6,88057.7,76530.4,76689.3
2026-06-12 16:55:00,76720.1,88151.4,76752.2,76705.0
2026-06-12 17:00:00,76574.7,87984.4,76600.8,76562.5
2026-06-12 17:05:00,76472.0,87866.3,76513.6,76452.5
2026-06-12 17:10:00,76516.6,87917.6,76530.0,76510.4
2026-06-12 17:15:00,76510.6,87910.7,76541.0,76496.3
2026-06-12 17:20:00,76475.6,87870.5,76506.7,76461.0
2026-06-12 17:25:00,76465.8,87859.2,76484.6,76456.9
2026-06-12 17:30:00,76433.9,87822.6,76451.6,76425.6
2026-06-12 17:35:00,76433.7,87822.3,76447.3,76427.3
2026-06-12 17:40:00,76423.7,87810.8,76436.8,76417.6
2026-06-12 17:45:00,76378.4,87758.8,76441.9,76348.7
2026-06-12 17:50:00,76337.9,87712.3,76383.5,76316.6
2026-06-12 17:55:00,76268.3,87632.3,76334.9,76237.1
2026-06-12 18:00:00,76092.7,87430.5,76116.7,76081.4
2026-06-12 18:05:00,75796.5,87090.2,75842.7,75774.8
2026-06-12 18:10:00,75688.2,86965.8,75777.8,75646.3
2026-06-12 18:15:00,75709.5,86990.3,75806.9,75663.9
2026-06-12 18:20:00,75751.4,87038.4,75794.7,75731.1
2026-06-12 18:25:00,75754.9,87042.4,75796.3,75735.6
2026-06-12 18:30:00,75765.0,87053.9,75811.1,75743.4
2026-06-12 18:35:00,75734.3,87018.7,75778.3,75713.7
2026-06-12 18:40:00,75720.2,87002.5,75758.0,75702.5
2026-06-12 18:45:00,75723.2,87006.0,75764.8,75703.7
2026-06-12 18:50:00,75683.5,86960.4,75720.9,75666.0
2026-06-12 18:55:00,75630.8,86899.8,75664.7,75614.9
2026-06-12 19:00:00,75404.7,86640.0,75423.1,75396.0
2026-06-12 19:05:00,75218.8,86426.4,75139.3,75256.0
2026-06-12 19:10:00,75252.3,86464.9,75054.8,75344.9
2026-06-12 19:15:00,75330.6,86554.9,75280.9,75353.9
2026-06-12 19:20:00,75217.8,86425.2,75283.6,75187.0
2026-06-12 19:25:00,75124.9,86318.5,75045.4,75162.1
2026-06-12 19:30:00,74990.7,86164.4,75029.4,74972.7
2026-06-12 19:35:00,74822.1,85970.6,74843.8,74812.0
2026-06-12 19:40:00,74761.2,85900.6,74644.5,74815.9
2026-06-12 19:45:00,74627.0,85746.4,74650.2,74616.1
2026-06-12 19:50:00,74523.2,85627.2,74422.1,74570.6
2026-06-12 19:55:00,74343.2,85420.3,74387.3,74322.5
2026-06-12 20:00:00,74034.9,85066.1,74097.9,74005.3
2026-06-12 20:05:00,73813.2,84811.4,73724.2,73854.9
2026-06-12 20:10:00,73555.7,84515.5,73613.4,73528.6
2026-06-12 20:15:00,73399.1,84335.6,73423.0,73387.9
2026-06-12 20:20:00,73223.7,84134.1,73235.1,73218.4
2026-06-12 20:25:00,73044.7,83928.4,73075.2,73030.4
2026-06-12 20:30:00,72793.2,83639.4,72807.3,72786.6
2026-06-12 20:35:00,72560.0,83371.4,72615.9,72533.8
2026-06-12 20:40:00,72368.4,83151.3,72286.7,72406.7
2026-06-12 20:45:00,72220.3,82981.1,72117.4,72268.5
2026-06-12 20:50:00,71960.8,82683.0,71906.8,71986.2
2026-06-12 20:55:00,71633.4,82306.7,71734.7,71585.9
2026-06-12 21:00:00,71302.1,81926.2,71352.5,71278.5
2026-06-12 21:05:00,71069.9,81659.3,71113.1,71049.6
2026-06-12 21:10:00,70825.0,81377.9,70871.7,70803.1
2026-06-12 21:15:00,70629.6,81153.4,70565.7,70659.5
2026-06-12 21:20:00,70392.2,80880.7,70384.2,70396.0
2026-06-12 21:25:00,70182.7,80640.0,70122.4,70211.0
2026-06-12 21:30:00,69950.2,80372.8,69951.2,69949.7
2026-06-12 21:35:00,69710.3,80097.2,69691.8,69719.0
2026-06-12 21:40:00,69451.2,79799.4,69439.5,69456.7
2026-06-12 21:45:00,69283.5,79606.7,69239.0,69304.3
2026-06-12 21:50:00,69023.6,79308.1,69087.5,68993.6
2026-06-12 21:55:00,68780.5,79028.7,68746.5,68796.4
2026-06-12 22:00:00,68540.0,78752.5,68479.9,68568.2
2026-06-12 22:05:00,68562.9,78778.8,68513.2,68586.2
2026-06-12 22:10:00,68461.5,78662.2,68394.4,68492.9
2026-06-12 22:15:00,68291.1,78466.5,68266.0,68302.9
2026-06-12 22:20:00,68070.1,78212.6,68088.0,68061.8
2026-06-12 22:25:00,67933.1,78055.1,67862.0,67966.4
2026-06-12 22:30:00,67659.1,77740.3,67692.7,67643.4
2026-06-12 22:35:00,67448.4,77498.2,67446.7,67449.2
2026-06-12 22:40:00,67200.8,77213.7,67231.6,67186.4
2026-06-12 22:45:00,66979.1,76959.0,67011.2,66964.1
2026-06-12 22:50:00,66784.2,76735.0,66799.0,66777.3
2026-06-12 22:55:00,66635.3,76563.9,66599.3,66652.1
2026-06-12 23:00:00,66530.6,76443.6,66510.3,66540.1
2026-06-12 23:05:00,66687.4,76623.8,66671.2,66695.0
2026-06-12 23:10:00,66654.4,76585.9,66672.1,66646.1
2026-06-12 23:15:00,66501.4,76410.1,66531.7,66487.3
2026-06-12 23:20:00,66340.5,76225.3,66302.4,66358.4
2026-06-12 23:25:00,66151.5,76008.1,66168.1,66143.8
2026-06-12 23:30:00,65810.4,75616.2,65799.4,65815.6
2026-06-12 23:35:00,65504.2,75264.4,65477.9,65516.6
2026-06-12 23:40:00,65165.6,74875.3,65139.6,65177.8
2026-06-12 23:45:00,64854.9,74518.3,64821.8,64870.4
2026-06-12 23:50:00,64453.1,74056.6,64524.3,64419.7
2026-06-12 23:55:00,64036.2,73577.6,64060.9,64024.6
2026-06-13 00:00:00,63505.3,72967.6,63426.0,63542.5
2026-06-13 00:05:00,63223.5,72643.8,63247.5,63212.2
2026-06-13 00:10:00,62807.8,72166.2,62828.7,62798.0
2026-06-13 00:15:00,62442.4,71746.3,62447.7,62439.9
2026-06-13 00:20:00,62129.5,71386.8,62084.2,62150.7
2026-06-13 00:25:00,61894.2,71116.4,61860.9,61909.8
2026-06-13 00:30:00,61641.3,70825.9,61607.6,61657.1
2026-06-13 00:35:00,61532.1,70700.3,61470.9,61560.7
2026-06-13 00:40:00,61300.5,70434.3,61350.4,61277.2
2026-06-13 00:45:00,61026.9,70119.9,61046.2,61017.9
2026-06-13 00:50:00,60783.7,69840.5,60750.4,60799.3
2026-06-13 00:55:00,60538.8,69559.1,60555.4,60531.0
2026-06-13 01:00:00,60392.3,69390.7,60340.8,60416.4
2026-06-13 01:05:00,60286.5,69269.2,60313.7,60273.8
2026-06-13 01:10:00,60166.8,69131.6,60147.8,60175.7
2026-06-13 01:15:00,60065.3,69015.0,60014.4,60089.2
2026-06-13 01:20:00,59972.7,68908.7,59914.8,59999.9
2026-06-13 01:25:00,59885.1,68807.9,59829.9,59910.9
2026-06-13 01:30:00,59767.4,68672.8,59687.8,59804.7
2026-06-13 01:35:00,59644.5,68531.5,59632.4,59650.2
2026-06-13 01:40:00,59524.7,68393.8,59547.5,59513.9
2026-06-13 01:45:00,59417.1,68270.2,59356.7,59445.3
2026-06-13 01:50:00,59322.7,68161.7,59248.6,59357.4
2026-06-13 01:55:00,59252.0,68080.6,59189.2,59281.5
2026-06-13 02:00:00,59209.2,68031.4,59199.2,59213.9
2026-06-13 02:05:00,59088.4,67892.6,59170.0,59050.1
2026-06-13 02:10:00,58988.3,67777.6,59035.2,58966.4
2026-06-13 02:15:00,58904.0,67680.7,58925.8,58893.7
2026-06-13 02:20:00,58815.2,67578.7,58821.9,58812.0
2026-06-13 02:25:00,58693.2,67438.4,58722.8,58679.3
2026-06-13 02:30:00,58610.7,67343.7,58633.8,58599.8
2026-06-13 02:35:00,58530.5,67251.6,58564.3,58514.7
2026-06-13 02:40:00,58439.3,67146.7,58468.8,58425.4
2026-06-13 02:45:00,58350.7,67044.9,58374.3,58339.6
2026-06-13 02:50:00,58284.5,66968.9,58298.1,58278.1
2026-06-13 02:55:00,58249.1,66928.2,58190.3,58276.6
2026-06-13 03:00:00,58174.0,66841.9,58185.3,58168.7
2026-06-13 03:05:00,58112.8,66771.6,58139.1,58100.4
2026-06-13 03:10:00,58067.5,66719.5,58029.2,58085.4
2026-06-13 03:15:00,57999.5,66641.4,58016.3,57991.6
2026-06-13 03:20:00,57922.8,66553.3,57923.1,57922.7
2026-06-13 03:25:00,57901.7,66529.0,57844.7,57928.3
2026-06-13 03:30:00,57820.9,66436.2,57804.8,57828.4
2026-06-13 03:35:00,57810.3,66424.0,57730.5,57847.6
2026-06-13 03:40:00,57707.9,66306.4,57706.9,57708.3
2026-06-13 03:45:00,57601.2,66183.8,57630.0,57587.7
2026-06-13 03:50:00,57541.3,66114.9,57555.4,57534.7
2026-06-13 03:55:00,57499.8,66067.3,57431.2,57531.9
2026-06-13 04:00:00,57540.7,66114.3,57509.4,57555.3
2026-06-13 04:05:00,57593.7,66175.1,57563.0,57608.0
2026-06-13 04:10:00,57605.6,66188.8,57620.5,57598.6
2026-06-13 04:15:00,57609.5,66193.3,57605.6,57611.3
2026-06-13 04:20:00,57603.3,66186.1,57603.1,57603.3
2026-06-13 04:25:00,57624.5,66210.5,57607.9,57632.2
2026-06-13 04:30:00,57575.7,66154.5,57606.4,57561.3
2026-06-13 04:35:00,57601.0,66183.5,57626.2,57589.2
2026-06-13 04:40:00,57582.8,66162.6,57625.6,57562.7
2026-06-13 04:45:00,57584.9,66165.1,57586.6,57584.1
2026-06-13 04:50:00,57580.1,66159.5,57584.9,57577.8
2026-06-13 04:55:00,57585.2,66165.4,57584.7,57585.4
2026-06-13 05:00:00,57624.0,66210.0,57687.6,57594.2
2026-06-13 05:05:00,57685.2,66280.3,57728.1,57665.1
2026-06-13 05:10:00,57706.3,66304.5,57778.0,57672.7
2026-06-13 05:15:00,57701.6,66299.1,57757.3,57675.5
2026-06-13 05:20:00,57694.9,66291.4,57742.7,57672.5
2026-06-13 05:25:00,57694.9,66291.5,57743.0,57672.5
2026-06-13 05:30:00,57692.8,66289.0,57747.4,57667.2
2026-06-13 05:35:00,57778.8,66387.8,57782.6,57777.0
2026-06-13 05:40:00,57805.2,66418.2,57829.9,57793.6
2026-06-13 05:45:00,57804.6,66417.5,57827.4,57794.0
2026-06-13 05:50:00,57800.5,66412.7,57825.8,57788.6
2026-06-13 05:55:00,57794.8,66406.2,57822.3,57781.9
2026-06-13 06:00:00,57867.8,66490.2,57898.2,57853.6
2026-06-13 06:05:00,58047.4,66696.5,58047.2,58047.5
2026-06-13 06:10:00,58113.7,66772.6,58148.2,58097.5
2026-06-13 06:15:00,58151.0,66815.5,58121.3,58164.9
2026-06-13 06:20:00,58177.1,66845.5,58191.7,58170.2
2026-06-13 06:25:00,58180.6,66849.5,58202.8,58170.2
2026-06-13 06:30:00,58167.6,66834.6,58198.5,58153.2
2026-06-13 06:35:00,58177.7,66846.2,58213.5,58160.9
2026-06-13 06:40:00,58128.8,66790.0,58176.7,58106.3
2026-06-13 06:45:00,58106.5,66764.3,58076.4,58120.6
2026-06-13 06:50:00,58098.7,66755.4,58070.6,58111.9
2026-06-13 06:55:00,58035.4,66682.7,58067.2,58020.5
2026-06-13 07:00:00,58125.8,66786.5,58107.7,58134.3
2026-06-13 07:05:00,58279.9,66963.6,58221.3,58307.3
2026-06-13 07:10:00,58362.9,67059.0,58339.0,58374.1
2026-06-13 07:15:00,58385.0,67084.4,58444.5,58357.1
2026-06-13 07:20:00,58356.4,67051.5,58384.2,58343.4
2026-06-13 07:25:00,58306.9,66994.7,58370.4,58277.2
2026-06-13 07:30:00,58238.7,66916.3,58232.8,58241.5
2026-06-13 07:35:00,58224.5,66900.0,58287.1,58195.2
2026-06-13 07:40:00,58164.4,66830.9,58236.6,58130.6
2026-06-13 07:45:00,58100.3,66757.3,58141.0,58081.3
2026-06-13 07:50:00,57998.4,66640.1,58046.1,57976.0
2026-06-13 07:55:00,57909.0,66537.4,57956.7,57886.7
2026-06-13 08:00:00,57957.3,66592.9,57997.9,57938.2
2026-06-13 08:05:00,58121.0,66781.0,58146.9,58108.8
2026-06-13 08:10:00,58199.6,66871.3,58167.4,58214.7
2026-06-13 08:15:00,58258.6,66939.1,58261.9,58257.0
2026-06-13 08:20:00,58231.5,66907.9,58279.2,58209.1
2026-06-13 08:25:00,58245.2,66923.7,58306.4,58216.5
2026-06-13 08:30:00,58210.1,66883.4,58281.2,58176.8
2026-06-13 08:35:00,58206.5,66879.3,58212.4,58203.8
2026-06-13 08:40:00,58142.5,66805.7,58145.3,58141.2
2026-06-13 08:45:00,58105.4,66763.2,58139.5,58089.5
2026-06-13 08:50:00,58068.8,66721.1,58020.7,58091.4
2026-06-13 08:55:00,57986.6,66626.6,58040.6,57961.3
2026-06-13 09:00:00,57937.9,66570.6,57962.1,57926.6
2026-06-13 09:05:00,57966.8,66603.9,57936.9,57980.8
2026-06-13 09:10:00,58010.0,66653.5,58042.5,57994.8
2026-06-13 09:15:00,58051.2,66700.9,58057.3,58048.4
2026-06-13 09:20:00,58043.5,66692.0,58090.7,58021.4
2026-06-13 09:25:00,58047.8,66696.9,58095.3,58025.6
2026-06-13 09:30:00,58008.7,66652.0,58069.4,57980.2
2026-06-13 09:35:00,58002.8,66645.3,58009.7,57999.6
2026-06-13 09:40:00,57936.4,66568.9,57983.4,57914.4
2026-06-13 09:45:00,57906.7,66534.8,57901.7,57909.0
2026-06-13 09:50:00,57843.2,66461.9,57888.4,57822.1
2026-06-13 09:55:00,57807.3,66420.6,57787.8,57816.5
2026-06-13 10:00:00,57763.4,66370.2,57824.8,57734.6
2026-06-13 10:05:00,57831.4,66448.2,57876.3,57810.3
2026-06-13 10:10:00,57888.0,66513.3,57888.1,57887.9
2026-06-13 10:15:00,57983.1,66622.6,58055.3,57949.3
2026-06-13 10:20:00,58005.3,66648.1,58045.2,57986.6
2026-06-13 10:25:00,57985.3,66625.1,58037.8,57960.7
2026-06-13 10:30:00,57939.3,66572.2,57981.4,57919.6
2026-06-13 10:35:00,57936.2,66568.7,57915.9,57945.7
2026-06-13 10:40:00,57928.8,66560.2,57924.5,57930.8
2026-06-13 10:45:00,57932.5,66564.4,57936.0,57930.8
2026-06-13 10:50:00,57943.9,66577.5,57918.3,57955.8
2026-06-13 10:55:00,57930.5,66562.1,57909.7,57940.2
2026-06-13 11:00:00,57893.7,66519.9,57898.7,57891.4
2026-06-13 11:05:00,57851.5,66471.4,57923.1,57818.0
2026-06-13 11:10:00,57852.8,66472.9,57916.6,57823.0
2026-06-13 11:15:00,57828.6,66445.1,57888.0,57800.8
2026-06-13 11:20:00,57769.3,66377.0,57764.5,57771.6
2026-06-13 11:25:00,57732.7,66334.8,57768.8,57715.8
2026-06-13 11:30:00,57696.6,66293.4,57676.1,57706.2
2026-06-13 11:35:00,57668.9,66261.6,57690.5,57658.8
2026-06-13 11:40:00,57643.4,66232.2,57662.6,57634.4
2026-06-13 11:45:00,57585.2,66165.4,57582.4,57586.5
2026-06-13 11:50:00,57492.6,66058.9,57500.5,57488.8
2026-06-13 11:55:00,57340.3,65884.0,57359.3,57331.3
2026-06-13 12:00:00,57249.4,65779.6,57184.7,57279.8
2026-06-13 12:05:00,57385.2,65935.6,57356.1,57398.8
2026-06-13 12:10:00,57486.0,66051.4,57517.8,57471.1
2026-06-13 12:15:00,57552.2,66127.4,57560.8,57548.1
2026-06-13 12:20:00,57608.9,66192.7,57568.6,57627.8
2026-06-13 12:25:00,57618.2,66203.3,57681.6,57588.5
2026-06-13 12:30:00,57603.9,66186.9,57652.9,57581.0
2026-06-13 12:35:00,57635.3,66222.9,57693.2,57608.2
2026-06-13 12:40:00,57708.2,66306.7,57718.6,57703.3
2026-06-13 12:45:00,57744.3,66348.3,57807.4,57714.8
2026-06-13 12:50:00,57825.2,66441.1,57812.3,57831.2
2026-06-13 12:55:00,57952.0,66586.9,57920.0,57967.0
2026-06-13 13:00:00,58159.4,66825.1,58237.9,58122.6
2026-06-13 13:05:00,58347.8,67041.6,58430.7,58308.9
2026-06-13 13:10:00,58462.2,67173.1,58544.6,58423.6
2026-06-13 13:15:00,58521.2,67240.8,58587.5,58490.1
2026-06-13 13:20:00,58618.3,67352.4,58657.6,58599.9
2026-06-13 13:25:00,58724.9,67474.9,58778.4,58699.8
2026-06-13 13:30:00,58809.0,67571.6,58853.6,58788.1
2026-06-13 13:35:00,58923.0,67702.5,58962.9,58904.3
2026-06-13 13:40:00,59018.0,67811.7,59036.0,59009.6
2026-06-13 13:45:00,59078.5,67881.2,59100.7,59068.1
2026-06-13 13:50:00,59139.4,67951.2,59174.3,59123.1
2026-06-13 13:55:00,59173.8,67990.7,59171.8,59174.7
2026-06-13 14:00:00,59274.4,68106.3,59296.3,59264.1
2026-06-13 14:05:00,59391.9,68241.3,59419.4,59379.0
2026-06-13 14:10:00,59489.3,68353.3,59527.5,59471.5
2026-06-13 14:15:00,59566.8,68442.2,59625.8,59539.1
2026-06-13 14:20:00,59671.1,68562.1,59676.1,59668.8
2026-06-13 14:25:00,59750.1,68652.8,59749.0,59750.6
2026-06-13 14:30:00,59856.7,68775.4,59852.0,59858.9
2026-06-13 14:35:00,59949.8,68882.3,59950.8,59949.3
2026-06-13 14:40:00,60021.7,68964.9,60046.5,60010.0
2026-06-13 14:45:00,60111.3,69067.9,60155.2,60090.8
2026-06-13 14:50:00,60185.3,69152.9,60235.3,60161.8
2026-06-13 14:55:00,60332.8,69322.4,60316.4,60340.5
2026-06-13 15:00:00,60389.1,69387.1,60454.4,60358.5
2026-06-13 15:05:00,60467.6,69477.2,60526.2,60440.1
2026-06-13 15:10:00,60615.6,69647.3,60580.5,60632.0
2026-06-13 15:15:00,60770.8,69825.6,60814.0,60750.5
2026-06-13 15:20:00,60973.4,70058.5,60979.2,60970.8
2026-06-13 15:25:00,61194.4,70312.4,61211.6,61186.4
2026-06-13 15:30:00,61288.9,70421.0,61374.5,61248.8
2026-06-13 15:35:00,61397.1,70545.3,61473.1,61361.6
2026-06-13 15:40:00,61507.4,70672.0,61566.0,61480.0
2026-06-13 15:45:00,61692.6,70884.8,61670.1,61703.1
2026-06-13 15:50:00,61857.6,71074.4,61845.0,61863.5
2026-06-13 15:55:00,62034.8,71277.9,62037.2,62033.6
2026-06-13 16:00:00,62224.7,71496.2,62199.7,62236.5
2026-06-13 16:05:00,62315.4,71600.4,62373.7,62288.0
2026-06-13 16:10:00,62511.8,71826.0,62524.4,62505.9
2026-06-13 16:15:00,62690.7,72031.6,62709.8,62681.8
2026-06-13 16:20:00,62861.1,72227.4,62884.5,62850.1
2026-06-13 16:25:00,63073.1,72471.0,63137.1,63043.2
2026-06-13 16:30:00,63238.6,72661.1,63249.2,63233.6
2026-06-13 16:35:00,63384.8,72829.1,63441.9,63358.0
2026-06-13 16:40:00,63585.2,73059.4,63574.1,63590.3
2026-06-13 16:45:00,63747.5,73245.9,63742.1,63750.0
2026-06-13 16:50:00,63923.2,73447.8,63902.7,63932.9
2026-06-13 16:55:00,64086.0,73634.9,64061.2,64097.7
2026-06-13 17:00:00,64171.8,73733.4,64226.5,64146.2
2026-06-13 17:05:00,64256.8,73831.1,64277.6,64247.1
2026-06-13 17:10:00,64391.9,73986.3,64365.7,64404.2
2026-06-13 17:15:00,64584.3,74207.3,64551.5,64599.6
2026-06-13 17:20:00,64726.8,74371.1,64777.4,64703.1
2026-06-13 17:25:00,64852.5,74515.5,64897.5,64831.4
2026-06-13 17:30:00,64988.5,74671.8,65041.3,64963.8
2026-06-13 17:35:00,65196.7,74911.0,65153.6,65216.9
2026-06-13 17:40:00,65328.0,75061.9,65324.7,65329.5
2026-06-13 17:45:00,65419.2,75166.7,65418.7,65419.5
2026-06-13 17:50:00,65521.0,75283.6,65558.9,65503.2
2026-06-13 17:55:00,65629.7,75408.5,65680.6,65605.9
2026-06-13 18:00:00,65707.3,75497.7,65708.2,65706.9
2026-06-13 18:05:00,65743.5,75539.3,65748.9,65741.0
2026-06-13 18:10:00,65837.1,75646.8,65911.6,65802.2
2026-06-13 18:15:00,65923.1,75745.7,65993.0,65890.4
2026-06-13 18:20:00,66003.0,75837.4,66079.7,65967.0
2026-06-13 18:25:00,66060.4,75903.4,66094.3,66044.6
2026-06-13 18:30:00,66230.6,76099.0,66241.2,66225.6
2026-06-13 18:35:00,66357.9,76245.2,66390.8,66342.5
2026-06-13 18:40:00,66486.0,76392.4,66480.7,66488.5
2026-06-13 18:45:00,66575.1,76494.8,66585.0,66570.5
2026-06-13 18:50:00,66679.2,76614.5,66668.0,66684.5
2026-06-13 18:55:00,66755.6,76702.2,66737.9,66763.9
2026-06-13 19:00:00,66725.6,76667.7,66751.3,66713.5
2026-06-13 19:05:00,66670.0,76603.9,66625.5,66690.9
2026-06-13 19:10:00,66739.1,76683.2,66683.4,66765.2
2026-06-13 19:15:00,66739.1,76683.3,66678.2,66767.7
2026-06-13 19:20:00,66729.2,76671.8,66675.1,66754.5
2026-06-13 19:25:00,66742.6,76687.2,66692.5,66766.0
2026-06-13 19:30:00,66755.2,76701.8,66787.6,66740.1
2026-06-13 19:35:00,66751.0,76696.9,66787.6,66733.9
2026-06-13 19:40:00,66751.7,76697.8,66779.6,66738.7
2026-06-13 19:45:00,66754.4,76700.8,66785.3,66739.9
2026-06-13 19:50:00,66716.3,76657.0,66756.4,66697.5
2026-06-13 19:55:00,66670.6,76604.6,66629.1,66690.1
2026-06-13 20:00:00,66630.8,76558.8,66597.9,66646.3
2026-06-13 20:05:00,66541.0,76455.6,66504.4,66558.1
2026-06-13 20:10:00,66516.2,76427.1,66550.3,66500.2
2026-06-13 20:15:00,66475.0,76379.7,66433.0,66494.6
2026-06-13 20:20:00,66472.7,76377.2,66427.9,66493.7
2026-06-13 20:25:00,66460.0,76362.6,66417.4,66480.0
2026-06-13 20:30:00,66434.6,76333.3,66388.1,66456.3
2026-06-13 20:35:00,66388.5,76280.4,66416.1,66375.5
2026-06-13 20:40:00,66355.4,76242.4,66310.4,66376.5
2026-06-13 20:45:00,66347.8,76233.6,66316.2,66362.6
2026-06-13 20:50:00,66245.8,76116.4,66278.8,66230.3
2026-06-13 20:55:00,66145.8,76001.5,66157.5,66140.3
2026-06-13 21:00:00,65937.5,75762.2,65954.4,65929.6
2026-06-13 21:05:00,65737.3,75532.1,65801.7,65707.1
2026-06-13 21:10:00,65531.0,75295.1,65613.4,65492.4
2026-06-13 21:15:00,65303.8,75034.1,65397.0,65260.2
2026-06-13 21:20:00,65105.8,74806.6,65095.1,65110.9
2026-06-13 21:25:00,64918.8,74591.7,64887.5,64933.5
2026-06-13 21:30:00,64726.3,74370.6,64717.0,64730.7
2026-06-13 21:35:00,64552.9,74171.2,64541.2,64558.3
2026-06-13 21:40:00,64363.7,73953.9,64336.6,64376.4
2026-06-13 21:45:00,64242.4,73814.5,64262.4,64233.0
2026-06-13 21:50:00,64052.0,73595.7,64049.1,64053.3
2026-06-13 21:55:00,63853.0,73367.2,63870.3,63845.0
2026-06-13 22:00:00,63667.9,73154.4,63692.4,63656.4
2026-06-13 22:05:00,63682.9,73171.7,63664.1,63691.7
2026-06-13 22:10:00,63556.9,73026.9,63554.8,63557.9
2026-06-13 22:15:00,63402.3,72849.2,63392.8,63406.7
2026-06-13 22:20:00,63224.4,72644.8,63222.5,63225.2
2026-06-13 22:25:00,63037.7,72430.3,63014.3,63048.7
2026-06-13 22:30:00,62835.6,72198.1,62783.8,62859.8
2026-06-13 22:35:00,62666.5,72003.8,62660.3,62669.4
2026-06-13 22:40:00,62493.2,71804.7,62561.3,62461.3
2026-06-13 22:45:00,62385.9,71681.4,62391.9,62383.1
2026-06-13 22:50:00,62268.3,71546.3,62281.2,62262.4
2026-06-13 22:55:00,62078.6,71328.3,62120.9,62058.8
2026-06-13 23:00:00,62105.0,71358.6,62074.9,62119.0
2026-06-13 23:05:00,62471.8,71780.1,62412.2,62499.7
2026-06-13 23:10:00,62455.1,71760.9,62418.0,62472.4
2026-06-13 23:15:00,62290.0,71571.2,62269.5,62299.6
2026-06-13 23:20:00,62085.3,71336.0,61965.1,62141.6
2026-06-13 23:25:00,61811.3,71021.2,61769.8,61830.8
2026-06-13 23:30:00,61438.5,70592.8,61403.9,61454.7
2026-06-13 23:35:00,61095.6,70198.8,61119.8,61084.2
2026-06-13 23:40:00,60736.5,69786.2,60713.0,60747.4
2026-06-13 23:45:00,60404.7,69405.0,60399.3,60407.3
2026-06-13 23:50:00,60069.9,69020.3,60090.5,60060.2
2026-06-13 23:55:00,59696.9,68591.7,59695.8,59697.4
2026-06-14 00:00:00,59145.1,67957.7,59163.2,59136.6
2026-06-14 00:05:00,58869.7,67641.3,58885.8,58862.2
2026-06-14 00:10:00,58551.5,67275.6,58501.7,58574.8
2026-06-14 00:15:00,58238.5,66916.0,58257.4,58229.6
2026-06-14 00:20:00,57999.9,66641.9,57977.3,58010.5
2026-06-14 00:25:00,57732.8,66335.0,57709.2,57743.9
2026-06-14 00:30:00,57486.1,66051.6,57426.4,57514.1
2026-06-14 00:35:00,57201.6,65724.6,57243.2,57182.1
2026-06-14 00:40:00,56965.4,65453.2,57008.8,56945.0
2026-06-14 00:45:00,56748.9,65204.5,56737.6,56754.2
2026-06-14 00:50:00,56541.1,64965.7,56566.2,56529.3
2026-06-14 00:55:00,56360.0,64757.6,56384.3,56348.6
2026-06-14 01:00:00,56237.8,64617.2,56255.9,56229.3
2026-06-14 01:05:00,56058.6,64411.4,56069.2,56053.7
2026-06-14 01:10:00,55921.2,64253.5,55946.4,55909.4
2026-06-14 01:15:00,55760.4,64068.7,55819.3,55732.8
2026-06-14 01:20:00,55597.8,63881.9,55582.4,55605.1
2026-06-14 01:25:00,55481.1,63747.8,55485.1,55479.3
2026-06-14 01:30:00,55334.9,63579.8,55366.1,55320.3
2026-06-14 01:35:00,55193.7,63417.5,55170.7,55204.4
2026-06-14 01:40:00,55057.0,63260.4,55050.3,55060.1
2026-06-14 01:45:00,54920.4,63103.5,54936.7,54912.7
2026-06-14 01:50:00,54809.4,62976.0,54812.6,54808.0
2026-06-14 01:55:00,54676.2,62823.0,54680.7,54674.1
2026-06-14 02:00:00,54596.7,62731.6,54545.4,54620.8
2026-06-14 02:05:00,54515.4,62638.2,54578.8,54485.7
2026-06-14 02:10:00,54452.9,62566.3,54456.8,54451.0
2026-06-14 02:15:00,54354.5,62453.3,54405.3,54330.7
2026-06-14 02:20:00,54331.9,62427.3,54291.3,54350.9
2026-06-14 02:25:00,54224.5,62303.9,54291.3,54193.1
2026-06-14 02:30:00,54170.0,62241.4,54150.4,54179.2
2026-06-14 02:35:00,54079.2,62137.0,54159.9,54041.4
2026-06-14 02:40:00,54036.9,62088.4,54015.9,54046.8
2026-06-14 02:45:00,54041.2,62093.3,54018.7,54051.7
2026-06-14 02:50:00,54031.6,62082.3,54016.6,54038.6
2026-06-14 02:55:00,53924.9,61959.7,54014.3,53883.0
2026-06-14 03:00:00,53873.6,61900.7,53887.3,53867.1
2026-06-14 03:05:00,53785.9,61800.0,53894.1,53735.2
2026-06-14 03:10:00,53734.7,61741.2,53723.5,53739.9
2026-06-14 03:15:00,53717.1,61721.0,53721.6,53715.1
2026-06-14 03:20:00,53707.9,61710.4,53700.0,53711.6
2026-06-14 03:25:00,53626.7,61617.1,53703.3,53590.9
2026-06-14 03:30:00,53578.0,61561.1,53563.5,53584.7
2026-06-14 03:35:00,53598.2,61584.3,53586.7,53603.6
2026-06-14 03:40:00,53584.0,61568.0,53570.1,53590.5
2026-06-14 03:45:00,53585.3,61569.5,53574.2,53590.5
2026-06-14 03:50:00,53557.8,61537.9,53572.4,53550.9
2026-06-14 03:55:00,53552.3,61531.6,53557.8,53549.7
2026-06-14 04:00:00,53590.7,61575.7,53583.7,53594.0
2026-06-14 04:05:00,53621.0,61610.5,53616.4,53623.1
2026-06-14 04:10:00,53608.9,61596.6,53593.5,53616.1
2026-06-14 04:15:00,53623.2,61613.0,53585.4,53640.9
2026-06-14 04:20:00,53619.8,61609.1,53579.3,53638.8
2026-06-14 04:25:00,53626.7,61617.1,53589.4,53644.2
2026-06-14 04:30:00,53622.4,61612.2,53589.1,53638.1
2026-06-14 04:35:00,53643.8,61636.7,53605.4,53661.8
2026-06-14 04:40:00,53623.0,61612.8,53583.2,53641.6
2026-06-14 04:45:00,53621.6,61611.2,53582.2,53640.0
2026-06-14 04:50:00,53614.8,61603.4,53576.5,53632.8
2026-06-14 04:55:00,53643.2,61636.1,53576.7,53674.4
2026-06-14 05:00:00,53619.6,61608.9,53624.1,53617.4
2026-06-14 05:05:00,53667.6,61664.1,53652.0,53675.0
2026-06-14 05:10:00,53637.6,61629.6,53632.3,53640.0
2026-06-14 05:15:00,53634.9,61626.5,53620.7,53641.5
2026-06-14 05:20:00,53633.2,61624.6,53611.6,53643.3
2026-06-14 05:25:00,53633.5,61624.9,53613.2,53643.0
2026-06-14 05:30:00,53631.9,61623.0,53616.2,53639.2
2026-06-14 05:35:00,53675.5,61673.1,53647.8,53688.4
2026-06-14 05:40:00,53637.5,61629.5,53614.2,53648.4
2026-06-14 05:45:00,53636.9,61628.8,53611.6,53648.7
2026-06-14 05:50:00,53632.8,61624.1,53611.3,53642.9
2026-06-14 05:55:00,53631.4,61622.5,53609.2,53641.8
2026-06-14 06:00:00,53658.1,61653.1,53655.5,53659.3
2026-06-14 06:05:00,53735.3,61741.9,53701.7,53751.1
2026-06-14 06:10:00,53790.8,61805.6,53792.4,53790.1
2026-06-14 06:15:00,53780.6,61793.9,53775.8,53782.8
2026-06-14 06:20:00,53756.5,61766.2,53751.4,53758.9
2026-06-14 06:25:00,53757.1,61766.9,53754.0,53758.5
2026-06-14 06:30:00,53743.7,61751.5,53750.2,53740.7
2026-06-14 06:35:00,53766.8,61778.0,53776.7,53762.1
2026-06-14 06:40:00,53718.3,61722.3,53745.2,53705.7
2026-06-14 06:45:00,53719.7,61724.0,53749.1,53706.0
2026-06-14 06:50:00,53727.4,61732.8,53794.4,53696.0
2026-06-14 06:55:00,53726.0,61731.2,53792.3,53695.0
2026-06-14 07:00:00,53782.6,61796.2,53842.8,53754.4
2026-06-14 07:05:00,53885.5,61914.5,53884.0,53886.2
2026-06-14 07:10:00,53967.9,62009.1,53980.1,53962.1
2026-06-14 07:15:00,53962.3,62002.7,53978.1,53954.9
2026-06-14 07:20:00,53907.3,61939.5,53912.7,53904.8
2026-06-14 07:25:00,53898.4,61929.3,53899.6,53897.9
2026-06-14 07:30:00,53862.4,61887.9,53856.8,53865.1
2026-06-14 07:35:00,53813.1,61831.2,53904.5,53770.3
2026-06-14 07:40:00,53726.8,61732.1,53707.0,53736.1
2026-06-14 07:45:00,53729.1,61734.8,53702.1,53741.8
2026-06-14 07:50:00,53709.3,61712.0,53712.1,53707.9
2026-06-14 07:55:00,53636.4,61628.2,53705.2,53604.1
2026-06-14 08:00:00,53715.7,61719.3,53719.6,53713.9
2026-06-14 08:05:00,53809.3,61826.8,53907.6,53763.2
2026-06-14 08:10:00,53855.2,61879.7,53864.0,53851.1
2026-06-14 08:15:00,53860.4,61885.6,53880.5,53851.0
2026-06-14 08:20:00,53876.3,61903.8,53962.0,53836.1
2026-06-14 08:25:00,53880.5,61908.7,53972.6,53837.4
2026-06-14 08:30:00,53929.6,61965.1,53928.5,53930.1
2026-06-14 08:35:00,53952.0,61990.8,53951.2,53952.3
2026-06-14 08:40:00,53875.1,61902.5,53888.4,53868.9
2026-06-14 08:45:00,53785.6,61799.6,53897.4,53733.2
2026-06-14 08:50:00,53733.9,61740.2,53717.0,53741.8
2026-06-14 08:55:00,53732.7,61738.9,53730.6,53733.7
2026-06-14 09:00:00,53785.9,61800.0,53769.8,53793.4
2026-06-14 09:05:00,53822.5,61842.0,53829.4,53819.2
2026-06-14 09:10:00,53837.3,61859.1,53849.4,53831.7
2026-06-14 09:15:00,53841.8,61864.2,53863.2,53831.7
2026-06-14 09:20:00,53818.9,61837.9,53811.6,53822.3
2026-06-14 09:25:00,53819.9,61839.0,53817.0,53821.2
2026-06-14 09:30:00,53783.2,61796.9,53774.3,53787.4
2026-06-14 09:35:00,53801.6,61818.1,53791.6,53806.3
2026-06-14 09:40:00,53773.8,61786.1,53767.8,53776.7
2026-06-14 09:45:00,53778.4,61791.4,53782.1,53776.7
2026-06-14 09:50:00,53771.7,61783.7,53771.3,53771.9
2026-06-14 09:55:00,53769.0,61780.5,53765.3,53770.7
2026-06-14 10:00:00,53774.3,61786.6,53791.3,53766.3
2026-06-14 10:05:00,53895.9,61926.4,53891.5,53898.0
2026-06-14 10:10:00,54029.5,62079.9,54050.2,54019.9
2026-06-14 10:15:00,54092.2,62151.9,54251.1,54017.8
2026-06-14 10:20:00,54147.3,62215.2,54167.8,54137.7
2026-06-14 10:25:00,54130.4,62195.8,54165.0,54114.2
2026-06-14 10:30:00,54077.7,62135.2,54082.5,54075.4
2026-06-14 10:35:00,54094.4,62154.4,54103.6,54090.1
2026-06-14 10:40:00,54073.6,62130.6,54086.8,54067.5
2026-06-14 10:45:00,54076.6,62134.0,54096.0,54067.5
2026-06-14 10:50:00,54068.8,62125.1,54081.9,54062.7
2026-06-14 10:55:00,54065.8,62121.6,54075.1,54061.5
2026-06-14 11:00:00,54069.8,62126.2,54098.0,54056.6
2026-06-14 11:05:00,54129.1,62194.3,54113.9,54136.2
2026-06-14 11:10:00,54126.7,62191.6,54108.2,54135.4
2026-06-14 11:15:00,54127.8,62192.9,54112.8,54134.9
2026-06-14 11:20:00,54110.6,62173.1,54075.9,54126.9
2026-06-14 11:25:00,54120.9,62184.9,54081.5,54139.4
2026-06-14 11:30:00,54104.4,62166.0,54058.4,54126.0
2026-06-14 11:35:00,54120.3,62184.3,54079.3,54139.6
2026-06-14 11:40:00,54095.4,62155.6,54055.8,54113.9
2026-06-14 11:45:00,54093.8,62153.7,54055.4,54111.7
2026-06-14 11:50:00,54081.0,62139.1,54047.2,54096.9
2026-06-14 11:55:00,54077.8,62135.4,54034.8,54097.9
2026-06-14 12:00:00,54052.3,62106.1,54024.7,54065.2
2026-06-14 12:05:00,54143.1,62210.5,54120.1,54153.9
2026-06-14 12:10:00,54144.3,62211.8,54130.7,54150.7
2026-06-14 12:15:00,54139.8,62206.7,54117.6,54150.2
2026-06-14 12:20:00,54143.3,62210.7,54124.1,54152.4
2026-06-14 12:25:00,54145.6,62213.3,54123.7,54155.9
2026-06-14 12:30:00,54136.0,62202.2,54115.9,54145.4
2026-06-14 12:35:00,54148.1,62216.1,54131.0,54156.1
2026-06-14 12:40:00,54177.2,62249.6,54163.1,54183.8
2026-06-14 12:45:00,54229.8,62310.0,54308.9,54192.7
2026-06-14 12:50:00,54324.6,62419.0,54309.4,54331.8
2026-06-14 12:55:00,54387.8,62491.5,54445.9,54360.5
2026-06-14 13:00:00,54518.7,62642.0,54543.3,54507.2
2026-06-14 13:05:00,54621.2,62759.7,54663.5,54601.3
2026-06-14 13:10:00,54748.1,62905.6,54776.0,54735.0
2026-06-14 13:15:00,54842.2,63013.7,54876.5,54826.2
2026-06-14 13:20:00,54829.4,62998.9,54841.8,54823.5
2026-06-14 13:25:00,54842.9,63014.5,54855.9,54836.9
2026-06-14 13:30:00,54837.2,63008.0,54858.3,54827.3
2026-06-14 13:35:00,54849.8,63022.4,54873.7,54838.6
2026-06-14 13:40:00,54867.9,63043.2,54977.1,54816.8
2026-06-14 13:45:00,54888.4,63066.7,54972.5,54849.0
2026-06-14 13:50:00,54956.5,63145.0,54943.7,54962.5
2026-06-14 13:55:00,54985.0,63177.8,54952.1,55000.5
2026-06-14 14:00:00,55049.7,63252.1,55101.7,55025.3
2026-06-14 14:05:00,55090.5,63299.0,55080.2,55095.3
2026-06-14 14:10:00,55146.3,63363.1,55118.4,55159.4
2026-06-14 14:15:00,55235.6,63465.7,55224.5,55240.8
2026-06-14 14:20:00,55270.3,63505.6,55338.7,55238.3
2026-06-14 14:25:00,55346.6,63593.2,55347.4,55346.2
2026-06-14 14:30:00,55367.1,63616.8,55430.6,55337.4
2026-06-14 14:35:00,55371.2,63621.5,55433.1,55342.2
2026-06-14 14:40:00,55431.6,63690.9,55438.1,55428.5
2026-06-14 14:45:00,55492.9,63761.3,55492.0,55493.3
2026-06-14 14:50:00,55585.5,63867.7,55588.8,55583.9
2026-06-14 14:55:00,55616.1,63903.0,55672.0,55590.0
2026-06-14 15:00:00,55686.4,63983.7,55693.1,55683.2
2026-06-14 15:05:00,55710.3,64011.2,55775.4,55679.8
2026-06-14 15:10:00,55781.5,64093.0,55855.6,55746.8
2026-06-14 15:15:00,55860.1,64183.2,55909.6,55836.9
2026-06-14 15:20:00,55958.1,64295.9,56002.1,55937.5
2026-06-14 15:25:00,56107.3,64467.3,56125.5,56098.8
2026-06-14 15:30:00,56202.9,64577.1,56211.7,56198.8
2026-06-14 15:35:00,56307.5,64697.3,56321.3,56301.0
2026-06-14 15:40:00,56405.1,64809.5,56430.5,56393.3
2026-06-14 15:45:00,56549.1,64974.9,56533.4,56556.5
2026-06-14 15:50:00,56672.5,65116.8,56766.6,56628.5
2026-06-14 15:55:00,56746.9,65202.2,56828.3,56708.8
2026-06-14 16:00:00,56842.3,65311.8,56884.2,56822.6
2026-06-14 16:05:00,56908.0,65387.2,56907.6,56908.1
2026-06-14 16:10:00,57040.1,65539.1,57073.4,57024.5
2026-06-14 16:15:00,57184.1,65704.6,57223.9,57165.5
2026-06-14 16:20:00,57310.6,65849.8,57373.5,57281.1
2026-06-14 16:25:00,57441.7,66000.5,57473.8,57426.7
2026-06-14 16:30:00,57609.0,66192.8,57551.4,57636.0
2026-06-14 16:35:00,57747.4,66351.8,57772.5,57735.7
2026-06-14 16:40:00,57885.3,66510.2,57854.4,57899.8
2026-06-14 16:45:00,57998.5,66640.3,58059.6,57969.9
2026-06-14 16:50:00,58072.5,66725.4,58111.7,58054.2
2026-06-14 16:55:00,58162.7,66828.9,58189.1,58150.3
2026-06-14 17:00:00,58274.0,66956.8,58290.2,58266.3
2026-06-14 17:05:00,58291.4,66976.8,58315.2,58280.2
2026-06-14 17:10:00,58457.2,67167.4,58415.8,58476.7
2026-06-14 17:15:00,58562.3,67288.1,58609.9,58540.0
2026-06-14 17:20:00,58753.1,67507.4,58699.9,58778.1
2026-06-14 17:25:00,58902.7,67679.1,58869.2,58918.3
2026-06-14 17:30:00,59065.0,67865.7,59100.2,59048.5
2026-06-14 17:35:00,59220.1,68043.9,59250.2,59206.0
2026-06-14 17:40:00,59403.3,68254.4,59348.6,59429.0
2026-06-14 17:45:00,59574.2,68450.7,59566.8,59577.6
2026-06-14 17:50:00,59731.0,68630.9,59719.7,59736.3
2026-06-14 17:55:00,59932.9,68862.9,59929.3,59934.6
2026-06-14 18:00:00,60087.4,69040.4,60124.9,60069.8
2026-06-14 18:05:00,60194.3,69163.3,60206.2,60188.8
2026-06-14 18:10:00,60382.2,69379.2,60399.7,60374.0
2026-06-14 18:15:00,60543.1,69564.0,60569.4,60530.8
2026-06-14 18:20:00,60677.9,69718.9,60624.5,60702.9
2026-06-14 18:25:00,60893.4,69966.5,60865.5,60906.4
2026-06-14 18:30:00,61071.1,70170.7,61072.6,61070.4
2026-06-14 18:35:00,61237.9,70362.3,61199.5,61255.9
2026-06-14 18:40:00,61389.7,70536.8,61393.8,61387.9
2026-06-14 18:45:00,61487.7,70649.3,61482.5,61490.1
2026-06-14 18:50:00,61582.7,70758.6,61557.5,61594.6
2026-06-14 18:55:00,61667.4,70855.9,61651.4,61674.9
2026-06-14 19:00:00,61808.0,71017.4,61760.7,61830.1
2026-06-14 19:05:00,61924.9,71151.8,61891.1,61940.8
2026-06-14 19:10:00,62067.4,71315.4,62094.5,62054.7
2026-06-14 19:15:00,62158.0,71419.5,62150.3,62161.6
2026-06-14 19:20:00,62243.2,71517.4,62229.5,62249.6
2026-06-14 19:25:00,62333.9,71621.6,62338.3,62331.8
2026-06-14 19:30:00,62413.0,71712.5,62414.5,62412.3
2026-06-14 19:35:00,62486.6,71797.1,62495.4,62482.4
2026-06-14 19:40:00,62535.0,71852.7,62571.4,62517.9
2026-06-14 19:45:00,62601.3,71928.8,62566.2,62617.7
2026-06-14 19:50:00,62663.4,72000.3,62644.0,62672.5
2026-06-14 19:55:00,62674.3,72012.7,62738.2,62644.3
2026-06-14 20:00:00,62749.6,72099.3,62727.0,62760.2
2026-06-14 20:05:00,62734.6,72082.1,62742.4,62730.9
2026-06-14 20:10:00,62763.3,72115.1,62752.2,62768.5
2026-06-14 20:15:00,62833.2,72195.4,62834.8,62832.5
2026-06-14 20:20:00,62815.3,72174.7,62816.8,62814.5
2026-06-14 20:25:00,62751.3,72101.3,62782.2,62736.9
2026-06-14 20:30:00,62648.2,71982.8,62736.2,62607.0
2026-06-14 20:35:00,62519.3,71834.6,62516.3,62520.6
2026-06-14 20:40:00,62426.1,71727.6,62426.0,62426.2
2026-06-14 20:45:00,62337.2,71625.4,62339.6,62336.1
2026-06-14 20:50:00,62202.9,71471.1,62211.2,62198.9
2026-06-14 20:55:00,62143.9,71403.3,62131.9,62149.5
2026-06-14 21:00:00,62014.8,71255.1,61994.0,62024.6
2026-06-14 21:05:00,61935.9,71164.3,61939.8,61934.1
2026-06-14 21:10:00,61867.2,71085.5,61854.9,61873.0
2026-06-14 21:15:00,61731.0,70928.9,61716.2,61737.9
2026-06-14 21:20:00,61610.4,70790.3,61605.0,61612.8
2026-06-14 21:25:00,61450.0,70606.0,61431.6,61458.6
2026-06-14 21:30:00,61294.5,70427.3,61343.5,61271.5
2026-06-14 21:35:00,61111.5,70217.1,61142.5,61097.0
2026-06-14 21:40:00,60966.5,70050.5,60938.9,60979.4
2026-06-14 21:45:00,60849.5,69916.1,60870.2,60839.8
2026-06-14 21:50:00,60714.9,69761.4,60671.6,60735.1
2026-06-14 21:55:00,60563.1,69587.0,60588.7,60551.1
2026-06-14 22:00:00,60436.9,69442.0,60470.4,60421.2
2026-06-14 22:05:00,60393.4,69392.1,60427.3,60377.6
2026-06-14 22:10:00,60313.7,69300.4,60340.3,60301.2
2026-06-14 22:15:00,60167.3,69132.2,60195.4,60154.1
2026-06-14 22:20:00,60013.1,68955.1,59996.6,60020.9
2026-06-14 22:25:00,59852.0,68770.0,59866.3,59845.4
2026-06-14 22:30:00,59675.5,68567.1,59671.3,59677.4
2026-06-14 22:35:00,59464.2,68324.3,59516.8,59439.5
2026-06-14 22:40:00,59329.5,68169.6,59332.4,59328.1
2026-06-14 22:45:00,59173.5,67990.4,59156.6,59181.5
2026-06-14 22:50:00,59006.7,67798.7,59042.2,58990.0
2026-06-14 22:55:00,58862.3,67632.8,58864.3,58861.4
2026-06-14 23:00:00,58928.8,67709.2,58784.6,58996.3
2026-06-14 23:05:00,59160.2,67975.1,59098.2,59189.3
2026-06-14 23:10:00,59159.3,67974.1,59195.8,59142.2
2026-06-14 23:15:00,59011.2,67803.9,59036.8,58999.2
2026-06-14 23:20:00,58782.8,67541.4,58795.2,58777.0
2026-06-14 23:25:00,58602.9,67334.7,58620.9,58594.5
2026-06-14 23:30:00,58374.3,67072.1,58407.4,58358.7
2026-06-14 23:35:00,58188.6,66858.7,58154.8,58204.4
2026-06-14 23:40:00,57951.5,66586.3,57984.4,57936.1
2026-06-14 23:45:00,57754.3,66359.7,57742.2,57759.9
2026-06-14 23:50:00,57513.1,66082.5,57521.6,57509.1
2026-06-14 23:55:00,57166.9,65684.8,57218.4,57142.8
2026-06-15 00:00:00,56757.2,65214.0,56792.4,56740.7
2026-06-15 00:05:00,56639.9,65079.2,56648.0,56636.1
2026-06-15 00:10:00,56465.9,64879.3,56451.7,56472.6
2026-06-15 00:15:00,56250.2,64631.5,56250.2,56250.2
2026-06-15 00:20:00,55997.7,64341.4,56046.6,55974.8
2026-06-15 00:25:00,55762.4,64071.0,55752.4,55767.1
2026-06-15 00:30:00,55535.5,63810.2,55525.9,55539.9
2026-06-15 00:35:00,55384.6,63636.9,55364.3,55394.1
2026-06-15 00:40:00,55272.9,63508.6,55236.6,55289.9
2026-06-15 00:45:00,55125.2,63338.9,55114.4,55130.3
2026-06-15 00:50:00,54965.6,63155.5,54999.1,54949.9
2026-06-15 00:55:00,54755.4,62913.9,54754.0,54756.0
2026-06-15 01:00:00,54679.1,62826.2,54643.6,54695.7
2026-06-15 01:05:00,54610.9,62747.9,54596.1,54617.8
2026-06-15 01:10:00,54518.8,62642.0,54562.7,54498.2
2026-06-15 01:15:00,54439.2,62550.7,54445.1,54436.5
2026-06-15 01:20:00,54253.1,62336.8,54266.2,54246.9
2026-06-15 01:25:00,54152.4,62221.1,54128.5,54163.6
2026-06-15 01:30:00,54009.0,62056.3,54005.2,54010.8
2026-06-15 01:35:00,53868.6,61895.0,53865.3,53870.1
2026-06-15 01:40:00,53742.4,61750.0,53841.8,53695.8
2026-06-15 01:45:00,53685.3,61684.4,53667.8,53693.5
2026-06-15 01:50:00,53547.7,61526.3,53531.9,53555.1
2026-06-15 01:55:00,53459.9,61425.4,53553.4,53416.1
2026-06-15 02:00:00,53452.4,61416.8,53412.8,53470.9
2026-06-15 02:05:00,53473.4,61441.0,53445.7,53486.4
2026-06-15 02:10:00,53444.2,61407.4,53411.0,53459.7
2026-06-15 02:15:00,53456.5,61421.5,53423.3,53472.0
2026-06-15 02:20:00,53411.7,61370.1,53370.4,53431.1
2026-06-15 02:25:00,53413.2,61371.8,53372.4,53432.3
2026-06-15 02:30:00,53410.7,61368.9,53364.0,53432.6
2026-06-15 02:35:00,53438.5,61400.9,53384.2,53464.0
2026-06-15 02:40:00,53433.1,61394.7,53369.8,53462.8
2026-06-15 02:45:00,53453.7,61418.3,53387.6,53484.6
2026-06-15 02:50:00,53480.1,61448.6,53384.6,53524.8
2026-06-15 02:55:00,53480.4,61449.0,53389.1,53523.2
2026-06-15 03:00:00,53478.3,61446.6,53406.7,53511.8
2026-06-15 03:05:00,53525.1,61500.3,53447.6,53561.4
2026-06-15 03:10:00,53512.7,61486.1,53438.5,53547.5
2026-06-15 03:15:00,53512.4,61485.7,53433.9,53549.1
2026-06-15 03:20:00,53511.4,61484.6,53436.8,53546.3
2026-06-15 03:25:00,53514.9,61488.6,53439.5,53550.2
2026-06-15 03:30:00,53507.5,61480.1,53431.1,53543.3
2026-06-15 03:35:00,53531.8,61508.1,53457.2,53566.8
2026-06-15 03:40:00,53568.0,61549.6,53604.8,53550.8
2026-06-15 03:45:00,53665.6,61661.8,53608.4,53692.4
2026-06-15 03:50:00,53664.7,61660.8,53605.7,53692.4
2026-06-15 03:55:00,53663.7,61659.6,53608.4,53689.6
2026-06-15 04:00:00,53707.4,61709.8,53653.7,53732.6
2026-06-15 04:05:00,53808.9,61826.4,53870.9,53779.8
2026-06-15 04:10:00,53863.9,61889.7,53837.8,53876.2
2026-06-15 04:15:00,53911.3,61944.1,53980.3,53879.0
2026-06-15 04:20:00,53993.4,62038.4,53976.9,54001.1
2026-06-15 04:25:00,53998.0,62043.7,53984.0,54004.5
2026-06-15 04:30:00,54006.6,62053.6,54026.3,53997.4
2026-06-15 04:35:00,54093.9,62153.9,54047.6,54115.6
2026-06-15 04:40:00,54183.5,62256.8,54150.6,54198.9
2026-06-15 04:45:00,54228.1,62308.1,54290.4,54199.0
2026-06-15 04:50:00,54313.8,62406.6,54287.6,54326.1
2026-06-15 04:55:00,54321.4,62415.2,54291.9,54335.1
2026-06-15 05:00:00,54444.1,62556.3,54521.3,54408.0
2026-06-15 05:05:00,54626.1,62765.3,54632.8,54622.9
2026-06-15 05:10:00,54843.6,63015.4,54821.3,54854.1
2026-06-15 05:15:00,54936.2,63121.7,54922.7,54942.6
2026-06-15 05:20:00,55084.9,63292.5,55055.6,55098.6
2026-06-15 05:25:00,55231.9,63461.4,55197.2,55248.2
2026-06-15 05:30:00,55381.9,63633.8,55442.2,55353.7
2026-06-15 05:35:00,55642.3,63933.0,55636.8,55644.9
2026-06-15 05:40:00,55839.0,64159.1,55805.0,55855.0
2026-06-15 05:45:00,56076.7,64432.1,56034.7,56096.3
2026-06-15 05:50:00,56265.5,64649.1,56228.6,56282.8
2026-06-15 05:55:00,56451.0,64862.2,56478.7,56438.0
2026-06-15 06:00:00,56840.0,65309.1,56841.4,56839.3
2026-06-15 06:05:00,57356.7,65902.9,57401.4,57335.8
2026-06-15 06:10:00,57638.5,66226.6,57621.4,57646.5
2026-06-15 06:15:00,57915.7,66545.1,57924.2,57911.7
2026-06-15 06:20:00,58213.3,66887.1,58173.9,58231.8
2026-06-15 06:25:00,58496.4,67212.3,58472.3,58507.6
2026-06-15 06:30:00,58740.1,67492.4,58702.1,58757.9
2026-06-15 06:35:00,59019.3,67813.2,59033.7,59012.6
2026-06-15 06:40:00,59192.9,68012.6,59203.4,59187.9
2026-06-15 06:45:00,59442.4,68299.3,59430.3,59448.1
2026-06-15 06:50:00,59734.6,68635.0,59746.7,59728.9
2026-06-15 06:55:00,60031.3,68976.0,60013.9,60039.5
2026-06-15 07:00:00,60477.7,69488.9,60469.2,60481.7
2026-06-15 07:05:00,61197.1,70315.5,61196.2,61197.6
2026-06-15 07:10:00,61556.6,70728.5,61527.2,61570.4
2026-06-15 07:15:00,61923.8,71150.5,61916.1,61927.5
2026-06-15 07:20:00,62203.0,71471.2,62220.3,62194.8
2026-06-15 07:25:00,62491.8,71803.1,62523.2,62477.1
2026-06-15 07:30:00,62719.0,72064.1,62743.5,62707.5
2026-06-15 07:35:00,63045.7,72439.5,63034.6,63050.9
2026-06-15 07:40:00,63255.1,72680.1,63333.8,63218.1
2026-06-15 07:45:00,63515.3,72979.0,63503.9,63520.6
2026-06-15 07:50:00,63725.3,73220.3,63697.4,63738.3
2026-06-15 07:55:00,64009.4,73546.8,64017.2,64005.7
2026-06-15 08:00:00,64551.6,74169.8,64527.7,64562.8
2026-06-15 08:05:00,65195.3,74909.4,65176.4,65204.1
2026-06-15 08:10:00,65674.4,75459.8,65636.0,65692.3
2026-06-15 08:15:00,66122.2,75974.4,66117.2,66124.5
2026-06-15 08:20:00,66459.5,76362.0,66526.4,66428.2
2026-06-15 08:25:00,66894.5,76861.8,66887.9,66897.6
2026-06-15 08:30:00,67274.5,77298.4,67257.6,67282.5
2026-06-15 08:35:00,67677.9,77761.9,67685.9,67674.2
2026-06-15 08:40:00,67988.9,78119.2,67919.3,68021.5
2026-06-15 08:45:00,68238.1,78405.6,68234.6,68239.8
2026-06-15 08:50:00,68394.8,78585.7,68418.7,68383.7
2026-06-15 08:55:00,68624.2,78849.2,68614.7,68628.6
2026-06-15 09:00:00,68646.3,78874.6,68683.0,68629.2
2026-06-15 09:05:00,68790.8,79040.6,68762.2,68804.1
2026-06-15 09:10:00,68962.5,79238.0,68907.3,68988.4
2026-06-15 09:15:00,69137.3,79438.7,69166.0,69123.8
2026-06-15 09:20:00,69284.5,79607.9,69202.7,69322.8
2026-06-15 09:25:00,69413.6,79756.3,69398.0,69421.0
2026-06-15 09:30:00,69454.8,79803.5,69465.0,69450.0
2026-06-15 09:35:00,69484.6,79837.8,69450.8,69500.5
2026-06-15 09:40:00,69506.9,79863.4,69419.0,69548.1
2026-06-15 09:45:00,69502.4,79858.2,69442.2,69530.6
2026-06-15 09:50:00,69461.6,79811.4,69412.0,69484.8
2026-06-15 09:55:00,69415.1,79757.9,69360.2,69440.7
2026-06-15 10:00:00,69291.1,79615.5,69337.8,69269.2
2026-06-15 10:05:00,69319.5,79648.2,69376.5,69292.9
2026-06-15 10:10:00,69385.5,79723.9,69412.2,69373.0
2026-06-15 10:15:00,69587.2,79955.7,69506.7,69624.9
2026-06-15 10:20:00,69705.8,80091.9,69664.0,69725.3
2026-06-15 10:25:00,69739.5,80130.7,69750.1,69734.6
2026-06-15 10:30:00,69690.7,80074.7,69671.3,69699.9
2026-06-15 10:35:00,69723.2,80112.0,69705.6,69731.5
2026-06-15 10:40:00,69711.5,80098.5,69683.6,69724.6
2026-06-15 10:45:00,69715.2,80102.8,69695.1,69724.6
2026-06-15 10:50:00,69678.9,80061.1,69669.7,69683.2
2026-06-15 10:55:00,69598.1,79968.2,69638.5,69579.2
2026-06-15 11:00:00,69447.6,79795.3,69413.3,69463.7
2026-06-15 11:05:00,69394.5,79734.3,69393.3,69395.1
2026-06-15 11:10:00,69346.1,79678.6,69438.5,69302.8
2026-06-15 11:15:00,69302.0,79628.0,69316.5,69295.2
2026-06-15 11:20:00,69173.8,79480.7,69277.4,69125.3
2026-06-15 11:25:00,69073.1,79365.0,69156.7,69033.9
2026-06-15 11:30:00,68885.8,79149.8,68961.9,68850.1
2026-06-15 11:35:00,68772.7,79019.8,68752.8,68782.0
2026-06-15 11:40:00,68610.5,78833.5,68597.4,68616.7
2026-06-15 11:45:00,68402.0,78593.9,68469.6,68370.4
2026-06-15 11:50:00,68070.8,78213.3,68140.7,68038.0
2026-06-15 11:55:00,67753.1,77848.3,67763.3,67748.3
2026-06-15 12:00:00,67420.0,77465.6,67323.7,67465.1
2026-06-15 12:05:00,67538.7,77601.9,67438.4,67585.7
2026-06-15 12:10:00,67649.3,77729.0,67550.4,67695.6
2026-06-15 12:15:00,67720.8,77811.2,67646.1,67755.8
2026-06-15 12:20:00,67754.9,77850.4,67759.6,67752.7
2026-06-15 12:25:00,67771.6,77869.6,67772.1,67771.4
2026-06-15 12:30:00,67697.3,77784.2,67684.2,67703.5
2026-06-15 12:35:00,67714.3,77803.7,67783.5,67681.9
2026-06-15 12:40:00,67764.8,77861.7,67839.3,67729.9
2026-06-15 12:45:00,67879.6,77993.6,67865.3,67886.3
2026-06-15 12:50:00,68070.5,78213.0,68037.2,68086.1
2026-06-15 12:55:00,68329.3,78510.4,68305.8,68340.4
2026-06-15 13:00:00,68717.7,78956.6,68654.3,68747.3
2026-06-15 13:05:00,69087.5,79381.5,69061.0,69099.9
2026-06-15 13:10:00,69358.6,79693.1,69390.3,69343.8
2026-06-15 13:15:00,69529.6,79889.5,69513.1,69537.3
2026-06-15 13:20:00,69725.0,80114.0,69762.7,69707.3
2026-06-15 13:25:00,69935.2,80355.5,69883.9,69959.2
2026-06-15 13:30:00,70166.0,80620.8,70116.7,70189.2
2026-06-15 13:35:00,70389.4,80877.4,70424.0,70373.2
2026-06-15 13:40:00,70538.5,81048.8,70495.0,70558.9
2026-06-15 13:45:00,70672.7,81202.9,70607.2,70703.3
2026-06-15 13:50:00,70777.2,81322.9,70750.8,70789.5
2026-06-15 13:55:00,70981.6,81557.8,70912.3,71014.0
2026-06-15 14:00:00,71060.4,81648.4,71007.0,71085.4
2026-06-15 14:05:00,71089.6,81681.9,71137.2,71067.3
2026-06-15 14:10:00,71220.3,81832.1,71159.6,71248.7
2026-06-15 14:15:00,71346.6,81977.2,71327.4,71355.5
2026-06-15 14:20:00,71367.9,82001.8,71437.2,71335.5
2026-06-15 14:25:00,71401.4,82040.3,71445.2,71380.9
2026-06-15 14:30:00,71457.1,82104.3,71412.4,71478.1
2026-06-15 14:35:00,71504.3,82158.4,71574.9,71471.2
2026-06-15 14:40:00,71493.0,82145.4,71564.6,71459.5
2026-06-15 14:45:00,71483.3,82134.3,71575.8,71440.0
2026-06-15 14:50:00,71477.8,82128.0,71547.4,71445.2
2026-06-15 14:55:00,71426.0,82068.5,71504.3,71389.3
2026-06-15 15:00:00,71313.4,81939.1,71340.4,71300.7
2026-06-15 15:05:00,71268.3,81887.3,71324.0,71242.2
2026-06-15 15:10:00,71382.3,82018.3,71314.3,71414.2
2026-06-15 15:15:00,71565.1,82228.4,71529.8,71581.7
2026-06-15 15:20:00,71706.8,82391.1,71618.7,71748.0
2026-06-15 15:25:00,71840.0,82544.1,71777.9,71869.1
2026-06-15 15:30:00,71969.9,82693.5,71907.6,71999.1
2026-06-15 15:35:00,72062.1,82799.3,72119.0,72035.4
2026-06-15 15:40:00,72190.2,82946.5,72120.1,72223.0
2026-06-15 15:45:00,72360.8,83142.5,72297.2,72390.5
2026-06-15 15:50:00,72529.8,83336.7,72454.8,72564.9
2026-06-15 15:55:00,72547.8,83357.5,72584.0,72530.9
2026-06-15 16:00:00,72635.0,83457.6,72513.0,72692.1
2026-06-15 16:05:00,72610.7,83429.7,72634.9,72599.4
2026-06-15 16:10:00,72788.2,83633.6,72792.8,72786.0
2026-06-15 16:15:00,72954.7,83824.9,72862.1,72998.0
2026-06-15 16:20:00,73079.1,83967.9,73029.9,73102.2
2026-06-15 16:25:00,73161.5,84062.6,73179.4,73153.2
2026-06-15 16:30:00,73309.0,84232.1,73352.4,73288.7
2026-06-15 16:35:00,73459.8,84405.3,73367.0,73503.3
2026-06-15 16:40:00,73504.2,84456.4,73561.0,73477.6
2026-06-15 16:45:00,73620.1,84589.4,73566.1,73645.3
2026-06-15 16:50:00,73632.1,84603.3,73682.1,73608.6
2026-06-15 16:55:00,73640.0,84612.4,73648.5,73636.1
2026-06-15 17:00:00,73506.2,84458.6,73519.0,73500.2
2026-06-15 17:05:00,73339.3,84266.9,73210.2,73399.8
2026-06-15 17:10:00,73427.0,84367.7,73460.2,73411.5
2026-06-15 17:15:00,73439.8,84382.4,73491.1,73415.8
2026-06-15 17:20:00,73432.6,84374.0,73477.1,73411.7
2026-06-15 17:25:00,73430.7,84371.9,73475.6,73409.6
2026-06-15 17:30:00,73413.0,84351.6,73454.8,73393.5
2026-06-15 17:35:00,73428.4,84369.2,73476.4,73405.9
2026-06-15 17:40:00,73426.6,84367.2,73471.4,73405.6
2026-06-15 17:45:00,73408.8,84346.7,73460.8,73384.4
2026-06-15 17:50:00,73366.7,84298.3,73414.9,73344.1
2026-06-15 17:55:00,73334.1,84260.8,73369.9,73317.3
2026-06-15 18:00:00,73296.2,84217.4,73357.7,73267.4
2026-06-15 18:05:00,73160.1,84060.9,73100.6,73187.9
2026-06-15 18:10:00,73218.2,84127.7,73304.9,73177.5
2026-06-15 18:15:00,73236.1,84148.3,73335.8,73189.4
2026-06-15 18:20:00,73231.8,84143.3,73317.6,73191.6
2026-06-15 18:25:00,73241.7,84154.8,73327.1,73201.7
2026-06-15 18:30:00,73249.3,84163.5,73338.4,73207.6
2026-06-15 18:35:00,73230.0,84141.3,73309.1,73193.0
2026-06-15 18:40:00,73217.0,84126.3,73292.1,73181.8
2026-06-15 18:45:00,73219.5,84129.2,73297.2,73183.0
2026-06-15 18:50:00,73176.3,84079.6,73257.8,73138.1
2026-06-15 18:55:00,73126.4,84022.2,73179.7,73101.4
2026-06-15 19:00:00,72971.2,83843.9,72933.5,72988.8
2026-06-15 19:05:00,72833.6,83685.8,72871.1,72816.0
2026-06-15 19:10:00,72770.5,83613.4,72828.5,72743.4
2026-06-15 19:15:00,72716.7,83551.5,72649.5,72748.2
2026-06-15 19:20:00,72606.8,83425.2,72659.3,72582.2
2026-06-15 19:25:00,72525.4,83331.6,72424.8,72572.5
2026-06-15 19:30:00,72365.3,83147.7,72405.4,72346.5
2026-06-15 19:35:00,72314.1,83089.0,72237.7,72350.0
2026-06-15 19:40:00,72190.6,82947.0,72218.3,72177.7
2026-06-15 19:45:00,72138.4,82887.0,72051.8,72178.9
2026-06-15 19:50:00,71996.6,82724.1,72015.7,71987.7
2026-06-15 19:55:00,71815.5,82516.0,71833.3,71807.1
2026-06-15 20:00:00,71510.8,82166.0,71561.8,71487.0
2026-06-15 20:05:00,71255.4,81872.4,71277.1,71245.2
2026-06-15 20:10:00,71094.7,81687.8,71039.4,71120.6
2026-06-15 20:15:00,70942.6,81513.1,70878.5,70972.7
2026-06-15 20:20:00,70777.0,81322.7,70729.9,70799.0
2026-06-15 20:25:00,70629.5,81153.3,70575.9,70654.6
2026-06-15 20:30:00,70396.5,80885.6,70380.0,70404.2
2026-06-15 20:35:00,70215.8,80678.0,70151.1,70246.1
2026-06-15 20:40:00,70077.2,80518.7,70043.3,70093.1
2026-06-15 20:45:00,69893.4,80307.5,69852.6,69912.5
2026-06-15 20:50:00,69653.0,80031.3,69680.5,69640.1
2026-06-15 20:55:00,69316.9,79645.1,69421.3,69267.9
2026-06-15 21:00:00,68973.8,79250.9,69023.3,68950.7
2026-06-15 21:05:00,68720.4,78959.8,68749.1,68707.0
2026-06-15 21:10:00,68499.5,78705.9,68562.7,68469.9
2026-06-15 21:15:00,68323.1,78503.2,68323.4,68323.0
2026-06-15 21:20:00,68069.6,78212.0,68052.5,68077.6
2026-06-15 21:25:00,67857.4,77968.2,67863.4,67854.6
2026-06-15 21:30:00,67643.0,77721.8,67625.8,67651.0
2026-06-15 21:35:00,67426.5,77473.0,67431.1,67424.3
2026-06-15 21:40:00,67211.9,77226.5,67204.6,67215.3
2026-06-15 21:45:00,66980.9,76961.1,66997.9,66972.9
2026-06-15 21:50:00,66728.2,76670.7,66771.7,66707.8
2026-06-15 21:55:00,66485.5,76391.9,66485.4,66485.5
2026-06-15 22:00:00,66264.5,76138.0,66207.7,66291.2
2026-06-15 22:05:00,66275.2,76150.2,66247.7,66288.1
2026-06-15 22:10:00,66161.9,76020.0,66177.4,66154.6
2026-06-15 22:15:00,65994.2,75827.3,65969.7,66005.7
2026-06-15 22:20:00,65812.5,75618.5,65811.5,65812.9
2026-06-15 22:25:00,65619.3,75396.6,65590.0,65633.0
2026-06-15 22:30:00,65332.1,75066.6,65348.7,65324.4
2026-06-15 22:35:00,65110.7,74812.2,65092.8,65119.1
2026-06-15 22:40:00,64900.5,74570.7,64884.9,64907.8
2026-06-15 22:45:00,64708.8,74350.4,64696.0,64714.8
2026-06-15 22:50:00,64549.8,74167.7,64525.5,64561.2
2026-06-15 22:55:00,64368.9,73959.9,64339.2,64382.8
2026-06-15 23:00:00,64361.4,73951.2,64388.6,64348.6
2026-06-15 23:05:00,64644.1,74276.0,64762.2,64588.7
2026-06-15 23:10:00,64593.9,74218.4,64605.0,64588.7
2026-06-15 23:15:00,64490.2,74099.3,64440.4,64513.6
2026-06-15 23:20:00,64371.6,73963.0,64326.1,64392.9
2026-06-15 23:25:00,64184.1,73747.5,64182.0,64185.1
2026-06-15 23:30:00,63845.0,73357.9,63841.0,63846.9
2026-06-15 23:35:00,63564.0,73035.1,63528.8,63580.6
2026-06-15 23:40:00,63227.0,72647.8,63230.4,63225.4
2026-06-15 23:45:00,62901.6,72274.0,62846.2,62927.6
2026-06-15 23:50:00,62576.6,71900.5,62546.1,62590.9
2026-06-15 23:55:00,62190.6,71457.0,62205.0,62183.9
2026-06-16 00:00:00,61523.7,70690.8,61534.0,61519.0
2026-06-16 00:05:00,61312.7,70448.2,61320.7,61308.9
2026-06-16 00:10:00,60988.1,70075.3,60951.3,61005.3
2026-06-16 00:15:00,60616.8,69648.8,60651.6,60600.6
2026-06-16 00:20:00,60298.9,69283.4,60300.4,60298.2
2026-06-16 00:25:00,60068.6,69018.8,60044.8,60079.7
2026-06-16 00:30:00,59817.2,68730.0,59817.9,59817.0
2026-06-16 00:35:00,59550.7,68423.8,59596.4,59529.3
2026-06-16 00:40:00,59277.2,68109.5,59348.2,59243.9
2026-06-16 00:45:00,59022.8,67817.2,59092.8,58990.0
2026-06-16 00:50:00,58807.2,67569.5,58820.3,58801.1
2026-06-16 00:55:00,58567.0,67293.4,58606.2,58548.6
2026-06-16 01:00:00,58447.1,67155.7,58383.1,58477.0
2026-06-16 01:05:00,58376.9,67075.0,58353.5,58387.8
2026-06-16 01:10:00,58245.8,66924.5,58235.7,58250.6
2026-06-16 01:15:00,58078.1,66731.8,58109.1,58063.6
2026-06-16 01:20:00,57935.8,66568.2,57919.0,57943.6
2026-06-16 01:25:00,57866.5,66488.6,57806.8,57894.4
2026-06-16 01:30:00,57799.9,66412.1,57776.3,57811.0
2026-06-16 01:35:00,57700.4,66297.8,57715.4,57693.5
2026-06-16 01:40:00,57645.0,66234.2,57633.0,57650.7
2026-06-16 01:45:00,57623.3,66209.2,57558.8,57653.5
2026-06-16 01:50:00,57584.5,66164.5,57556.4,57597.6
2026-06-16 01:55:00,57539.8,66113.3,57556.0,57532.3
2026-06-16 02:00:00,57498.4,66065.7,57404.4,57542.4
2026-06-16 02:05:00,57448.5,66008.3,57472.0,57437.5
2026-06-16 02:10:00,57412.6,65967.1,57370.1,57432.5
2026-06-16 02:15:00,57369.9,65918.0,57363.5,57372.9
2026-06-16 02:20:00,57300.1,65837.8,57290.2,57304.8
2026-06-16 02:25:00,57263.5,65795.7,57266.4,57262.1
2026-06-16 02:30:00,57209.2,65733.3,57172.7,57226.2
2026-06-16 02:35:00,57173.7,65692.6,57202.3,57160.4
2026-06-16 02:40:00,57122.7,65634.0,57088.8,57138.5
2026-06-16 02:45:00,57061.9,65564.1,57088.5,57049.5
2026-06-16 02:50:00,57028.4,65525.6,56981.7,57050.2
2026-06-16 02:55:00,56968.6,65456.9,56985.8,56960.6
2026-06-16 03:00:00,56894.5,65371.8,56883.6,56899.6
2026-06-16 03:05:00,56884.2,65359.9,56880.9,56885.7
2026-06-16 03:10:00,56860.4,65332.6,56854.9,56862.9
2026-06-16 03:15:00,56856.3,65327.9,56839.4,56864.2
2026-06-16 03:20:00,56794.0,65256.3,56838.7,56773.1
2026-06-16 03:25:00,56756.5,65213.2,56750.6,56759.3
2026-06-16 03:30:00,56696.4,65144.1,56742.2,56674.9
2026-06-16 03:35:00,56650.2,65091.0,56661.8,56644.7
2026-06-16 03:40:00,56635.5,65074.2,56642.7,56632.2
2026-06-16 03:45:00,56620.2,65056.6,56582.2,56637.9
2026-06-16 03:50:00,56617.5,65053.5,56574.0,56637.9
2026-06-16 03:55:00,56555.4,64982.1,56575.0,56546.1
2026-06-16 04:00:00,56602.6,65036.4,56596.7,56605.3
2026-06-16 04:05:00,56726.8,65179.1,56681.3,56748.1
2026-06-16 04:10:00,56799.4,65262.5,56803.3,56797.6
2026-06-16 04:15:00,56843.2,65312.9,56790.5,56867.9
2026-06-16 04:20:00,56868.8,65342.2,56878.3,56864.3
2026-06-16 04:25:00,56937.6,65421.3,56886.1,56961.7
2026-06-16 04:30:00,56954.5,65440.7,56962.2,56950.9
2026-06-16 04:35:00,57034.0,65532.1,57003.7,57048.2
2026-06-16 04:40:00,57042.1,65541.4,57073.5,57027.4
2026-06-16 04:45:00,57074.4,65578.5,57071.4,57075.8
2026-06-16 04:50:00,57126.4,65638.2,57064.4,57155.4
2026-06-16 04:55:00,57149.5,65664.8,57142.3,57152.8
2026-06-16 05:00:00,57261.4,65793.3,57221.6,57280.1
2026-06-16 05:05:00,57456.9,66018.0,57419.1,57474.6
2026-06-16 05:10:00,57577.9,66157.0,57549.9,57591.1
2026-06-16 05:15:00,57697.3,66294.2,57738.1,57678.2
2026-06-16 05:20:00,57775.1,66383.6,57821.9,57753.3
2026-06-16 05:25:00,57857.1,66477.8,57912.8,57831.0
2026-06-16 05:30:00,57959.1,66595.0,58010.6,57935.0
2026-06-16 05:35:00,58122.2,66782.4,58176.0,58097.0
2026-06-16 05:40:00,58238.5,66916.0,58197.5,58257.6
2026-06-16 05:45:00,58377.7,67075.9,58400.4,58367.0
2026-06-16 05:50:00,58532.1,67253.4,58511.6,58541.7
2026-06-16 05:55:00,58729.0,67479.6,58712.7,58736.6
2026-06-16 06:00:00,59003.6,67795.1,59038.5,58987.2
2026-06-16 06:05:00,59460.5,68320.1,59436.0,59472.0
2026-06-16 06:10:00,59715.9,68613.6,59762.2,59694.3
2026-06-16 06:15:00,59955.5,68888.8,59878.7,59991.4
2026-06-16 06:20:00,60108.5,69064.7,60158.0,60085.3
2026-06-16 06:25:00,60314.9,69301.8,60341.7,60302.3
2026-06-16 06:30:00,60487.5,69500.1,60493.0,60484.9
2026-06-16 06:35:00,60738.7,69788.8,60769.7,60724.2
2026-06-16 06:40:00,60937.1,70016.7,60947.4,60932.2
2026-06-16 06:45:00,61126.8,70234.7,61130.5,61125.0
2026-06-16 06:50:00,61316.6,70452.8,61273.0,61337.0
2026-06-16 06:55:00,61517.1,70683.2,61467.6,61540.4
2026-06-16 07:00:00,61920.8,71147.0,61831.1,61962.9
2026-06-16 07:05:00,62543.2,71862.1,62504.6,62561.2
2026-06-16 07:10:00,62910.8,72284.5,62860.2,62934.5
2026-06-16 07:15:00,63258.4,72683.8,63256.0,63259.5
2026-06-16 07:20:00,63520.7,72985.3,63518.8,63521.6
2026-06-16 07:25:00,63755.9,73255.5,63793.5,63738.2
2026-06-16 07:30:00,63946.4,73474.4,63953.5,63943.0
2026-06-16 07:35:00,64233.0,73803.7,64209.9,64243.8
2026-06-16 07:40:00,64456.9,74061.0,64437.3,64466.2
2026-06-16 07:45:00,64654.9,74288.5,64732.0,64618.8
2026-06-16 07:50:00,64897.1,74566.8,64939.8,64877.1
2026-06-16 07:55:00,65136.3,74841.6,65094.8,65155.8
2026-06-16 08:00:00,65549.8,75316.8,65559.8,65545.2
2026-06-16 08:05:00,66208.0,76073.0,66133.6,66242.9
2026-06-16 08:10:00,66652.5,76583.8,66597.7,66678.2
2026-06-16 08:15:00,67071.5,77065.2,67102.7,67056.9
2026-06-16 08:20:00,67410.3,77454.4,67457.2,67388.3
2026-06-16 08:25:00,67850.0,77959.7,67811.7,67868.0
2026-06-16 08:30:00,68185.2,78344.8,68179.1,68188.1
2026-06-16 08:35:00,68461.0,78661.7,68546.2,68421.2
2026-06-16 08:40:00,68730.8,78971.7,68639.5,68773.6
2026-06-16 08:45:00,68969.3,79245.8,68939.6,68983.3
2026-06-16 08:50:00,69125.1,79424.8,69178.2,69100.3
2026-06-16 08:55:00,69291.3,79615.7,69281.6,69295.9
2026-06-16 09:00:00,69291.9,79616.4,69312.7,69282.1
2026-06-16 09:05:00,69382.6,79720.7,69388.8,69379.7
2026-06-16 09:10:00,69495.8,79850.6,69444.0,69520.0
2026-06-16 09:15:00,69679.2,80061.4,69569.3,69730.6
2026-06-16 09:20:00,69767.3,80162.7,69785.8,69758.7
2026-06-16 09:25:00,69835.2,80240.6,69881.3,69813.6
2026-06-16 09:30:00,69871.5,80282.3,69840.1,69886.1
2026-06-16 09:35:00,69936.2,80356.7,69976.1,69917.4
2026-06-16 09:40:00,69955.9,80379.3,69924.4,69970.7
2026-06-16 09:45:00,69944.6,80366.3,69929.0,69951.9
2026-06-16 09:50:00,69892.2,80306.2,69884.4,69895.9
2026-06-16 09:55:00,69815.0,80217.5,69854.5,69796.6
2026-06-16 10:00:00,69726.2,80115.4,69732.4,69723.3
2026-06-16 10:05:00,69747.4,80139.7,69759.2,69741.9
2026-06-16 10:10:00,69805.4,80206.4,69773.9,69820.1
2026-06-16 10:15:00,69979.8,80406.8,70029.1,69956.6
2026-06-16 10:20:00,70068.2,80508.4,70016.6,70092.4
2026-06-16 10:25:00,70186.5,80644.3,70140.5,70208.1
2026-06-16 10:30:00,70178.6,80635.2,70192.9,70171.9
2026-06-16 10:35:00,70212.4,80674.1,70231.7,70203.4
2026-06-16 10:40:00,70270.6,80740.9,70209.5,70299.2
2026-06-16 10:45:00,70311.5,80787.9,70337.7,70299.2
2026-06-16 10:50:00,70274.7,80745.6,70310.2,70258.1
2026-06-16 10:55:00,70252.5,80720.1,70290.1,70234.9
2026-06-16 11:00:00,70079.2,80521.0,70031.9,70101.3
2026-06-16 11:05:00,70038.9,80474.7,70006.4,70054.2
2026-06-16 11:10:00,69965.8,80390.7,70022.8,69939.1
2026-06-16 11:15:00,69924.0,80342.6,69898.4,69936.0
2026-06-16 11:20:00,69800.0,80200.2,69856.9,69773.3
2026-06-16 11:25:00,69699.4,80084.7,69760.0,69671.1
2026-06-16 11:30:00,69590.9,79960.0,69534.4,69617.4
2026-06-16 11:35:00,69519.2,79877.6,69468.5,69543.0
2026-06-16 11:40:00,69424.0,79768.1,69430.6,69420.8
2026-06-16 11:45:00,69299.7,79625.4,69317.8,69291.2
2026-06-16 11:50:00,68998.0,79278.7,69017.1,68989.0
2026-06-16 11:55:00,68607.2,78829.7,68576.2,68621.8
2026-06-16 12:00:00,68065.8,78207.6,68091.2,68054.0
2026-06-16 12:05:00,68051.8,78191.5,68110.2,68024.4
2026-06-16 12:10:00,68086.7,78231.6,68122.5,68069.9
2026-06-16 12:15:00,68124.1,78274.6,68108.7,68131.3
2026-06-16 12:20:00,68130.3,78281.8,68123.9,68133.4
2026-06-16 12:25:00,68133.6,78285.5,68106.5,68146.3
2026-06-16 12:30:00,68047.1,78186.2,68011.0,68064.0
2026-06-16 12:35:00,68087.4,78232.5,68078.1,68091.8
2026-06-16 12:40:00,68162.8,78319.1,68148.1,68169.7
2026-06-16 12:45:00,68218.5,78383.0,68305.2,68177.8
2026-06-16 12:50:00,68466.3,78667.7,68417.9,68488.9
2026-06-16 12:55:00,68778.6,79026.6,68768.5,68783.3
2026-06-16 13:00:00,69268.6,79589.7,69241.7,69281.3
2026-06-16 13:05:00,69669.0,80049.7,69641.5,69681.9
2026-06-16 13:10:00,69988.0,80416.2,70056.5,69956.0
2026-06-16 13:15:00,70215.4,80677.5,70158.3,70242.1
2026-06-16 13:20:00,70478.0,80979.3,70401.0,70514.1
2026-06-16 13:25:00,70739.5,81279.7,70687.3,70764.0
2026-06-16 13:30:00,71001.2,81580.4,71042.0,70982.1
2026-06-16 13:35:00,71295.5,81918.6,71342.8,71273.4
2026-06-16 13:40:00,71500.8,82154.4,71560.2,71473.0
2026-06-16 13:45:00,71623.4,82295.3,71690.9,71591.8
2026-06-16 13:50:00,71721.7,82408.3,71775.7,71696.5
2026-06-16 13:55:00,71845.2,82550.2,71813.2,71860.2
2026-06-16 14:00:00,71988.0,82714.2,71866.7,72044.8
2026-06-16 14:05:00,72048.1,82783.2,72088.8,72029.0
2026-06-16 14:10:00,72233.2,82996.0,72134.7,72279.4
2026-06-16 14:15:00,72360.8,83142.6,72297.2,72390.6
2026-06-16 14:20:00,72508.6,83312.3,72444.0,72538.8
2026-06-16 14:25:00,72558.2,83369.4,72582.3,72546.9
2026-06-16 14:30:00,72645.8,83470.0,72543.8,72693.5
2026-06-16 14:35:00,72736.7,83574.5,72724.6,72742.4
2026-06-16 14:40:00,72844.9,83698.8,72759.2,72885.0
2026-06-16 14:45:00,72931.4,83798.2,72962.1,72917.1
2026-06-16 14:50:00,73002.9,83880.4,72944.5,73030.3
2026-06-16 14:55:00,73058.3,83943.9,73053.3,73060.6
2026-06-16 15:00:00,72997.6,83874.2,73052.0,72972.1
2026-06-16 15:05:00,73011.0,83889.6,73048.1,72993.6
2026-06-16 15:10:00,73178.0,84081.6,73205.0,73165.4
2026-06-16 15:15:00,73440.6,84383.2,73465.7,73428.8
2026-06-16 15:20:00,73621.1,84590.7,73632.8,73615.6
2026-06-16 15:25:00,73771.4,84763.4,73806.7,73754.9
2026-06-16 15:30:00,73899.5,84910.5,73951.4,73875.2
2026-06-16 15:35:00,74028.3,85058.6,74085.3,74001.7
2026-06-16 15:40:00,74205.3,85261.9,74094.9,74257.0
2026-06-16 15:45:00,74319.0,85392.5,74315.8,74320.5
2026-06-16 15:50:00,74456.5,85550.5,74516.1,74428.6
2026-06-16 15:55:00,74641.2,85762.7,74680.5,74622.7
2026-06-16 16:00:00,74744.4,85881.3,74791.2,74722.5
2026-06-16 16:05:00,74686.9,85815.2,74749.8,74657.4
2026-06-16 16:10:00,74841.5,85992.8,74878.1,74824.3
2026-06-16 16:15:00,75026.6,86205.6,75089.6,74997.1
2026-06-16 16:20:00,75157.8,86356.4,75056.5,75205.3
2026-06-16 16:25:00,75285.8,86503.3,75282.3,75287.4
2026-06-16 16:30:00,75427.3,86666.0,75461.3,75411.3
2026-06-16 16:35:00,75599.9,86864.2,75476.9,75657.5
2026-06-16 16:40:00,75694.9,86973.5,75673.7,75704.8
2026-06-16 16:45:00,75939.3,87254.2,75900.6,75957.4
2026-06-16 16:50:00,76107.7,87447.8,76099.0,76111.8
2026-06-16 16:55:00,76226.8,87584.6,76072.1,76299.4
2026-06-16 17:00:00,76145.1,87490.7,76159.3,76138.4
2026-06-16 17:05:00,76035.5,87364.8,76059.0,76024.5
2026-06-16 17:10:00,76057.2,87389.7,76046.1,76062.4
2026-06-16 17:15:00,76071.1,87405.7,76077.0,76068.3
2026-06-16 17:20:00,76035.3,87364.5,76052.7,76027.1
2026-06-16 17:25:00,76028.0,87356.2,76037.6,76023.5
2026-06-16 17:30:00,75990.6,87313.2,76011.8,75980.7
2026-06-16 17:35:00,76010.1,87335.6,76033.1,75999.3
2026-06-16 17:40:00,76005.9,87330.8,76017.4,76000.5
2026-06-16 17:45:00,75992.9,87315.9,76022.6,75979.0
2026-06-16 17:50:00,75944.7,87260.5,75980.0,75928.2
2026-06-16 17:55:00,75892.6,87200.6,75912.6,75883.3
2026-06-16 18:00:00,75861.3,87164.6,75889.6,75848.0
2026-06-16 18:05:00,75573.6,86834.0,75598.3,75562.0
2026-06-16 18:10:00,75515.4,86767.2,75566.4,75491.6
2026-06-16 18:15:00,75538.5,86793.7,75600.2,75509.5
2026-06-16 18:20:00,75543.5,86799.4,75585.0,75524.0
2026-06-16 18:25:00,75545.4,86801.6,75581.3,75528.5
2026-06-16 18:30:00,75561.4,86820.1,75602.6,75542.1
2026-06-16 18:35:00,75542.2,86798.0,75573.7,75527.4
2026-06-16 18:40:00,75529.1,86783.0,75556.7,75516.2
2026-06-16 18:45:00,75531.6,86785.8,75561.8,75517.4
2026-06-16 18:50:00,75495.2,86744.0,75529.2,75479.3
2026-06-16 18:55:00,75437.8,86678.0,75457.2,75428.7
2026-06-16 19:00:00,75224.1,86432.5,75189.7,75240.3
2026-06-16 19:05:00,74994.7,86168.9,74904.3,75037.0
2026-06-16 19:10:00,74808.4,85954.8,74841.0,74793.1
2026-06-16 19:15:00,74750.8,85888.7,74645.5,74800.1
2026-06-16 19:20:00,74612.2,85729.4,74647.1,74595.9
2026-06-16 19:25:00,74530.4,85635.4,74433.9,74575.6
2026-06-16 19:30:00,74410.2,85497.4,74428.5,74401.7
2026-06-16 19:35:00,74339.8,85416.4,74209.4,74400.9
2026-06-16 19:40:00,74198.4,85253.9,74202.1,74196.6
2026-06-16 19:45:00,74046.5,85079.5,74042.4,74048.5
2026-06-16 19:50:00,73941.3,84958.5,73796.2,74009.3
2026-06-16 19:55:00,73764.8,84755.8,73762.9,73765.7
2026-06-16 20:00:00,73489.3,84439.2,73516.6,73476.6
2026-06-16 20:05:00,73274.7,84192.6,73152.2,73332.1
2026-06-16 20:10:00,73048.4,83932.6,73061.0,73042.5
2026-06-16 20:15:00,72836.5,83689.1,72855.9,72827.3
2026-06-16 20:20:00,72577.9,83392.0,72627.4,72554.7
2026-06-16 20:25:00,72392.7,83179.2,72304.0,72434.3
2026-06-16 20:30:00,72195.3,82952.4,72081.7,72248.5
2026-06-16 20:35:00,72007.0,82736.0,71946.1,72035.5
2026-06-16 20:40:00,71691.2,82373.1,71780.4,71649.3
2026-06-16 20:45:00,71483.9,82135.0,71477.3,71487.0
2026-06-16 20:50:00,71237.8,81852.2,71271.3,71222.1
2026-06-16 20:55:00,71021.7,81603.9,70959.7,71050.7
2026-06-16 21:00:00,70711.3,81247.2,70762.1,70687.5
2026-06-16 21:05:00,70458.2,80956.5,70528.6,70425.2
2026-06-16 21:10:00,70227.2,80691.0,70262.8,70210.5
2026-06-16 21:15:00,70044.6,80481.2,70027.2,70052.7
2026-06-16 21:20:00,69804.3,80205.2,69829.8,69792.4
2026-06-16 21:25:00,69515.6,79873.4,69598.2,69476.9
2026-06-16 21:30:00,69323.0,79652.1,69351.3,69309.8
2026-06-16 21:35:00,69021.3,79305.5,69105.2,68982.0
2026-06-16 21:40:00,68760.5,79005.8,68730.0,68774.8
2026-06-16 21:45:00,68555.4,78770.2,68505.3,68578.9
2026-06-16 21:50:00,68347.1,78530.8,68298.1,68370.0
2026-06-16 21:55:00,68050.8,78190.4,68024.0,68063.4
2026-06-16 22:00:00,67798.2,77900.1,67769.2,67811.8
2026-06-16 22:05:00,67750.3,77845.1,67728.4,67760.6
2026-06-16 22:10:00,67601.9,77674.5,67607.5,67599.2
2026-06-16 22:15:00,67403.6,77446.8,67459.7,67377.4
2026-06-16 22:20:00,67140.7,77144.6,67251.3,67088.9
2026-06-16 22:25:00,66941.0,76915.2,66911.1,66955.1
2026-06-16 22:30:00,66688.1,76624.6,66624.9,66717.6
2026-06-16 22:35:00,66503.8,76412.8,66485.2,66512.5
2026-06-16 22:40:00,66322.3,76204.3,66278.6,66342.8
2026-06-16 22:45:00,66114.1,75965.1,66125.2,66108.8
2026-06-16 22:50:00,65896.5,75715.1,65877.1,65905.6
2026-06-16 22:55:00,65702.4,75492.1,65678.3,65713.7
2026-06-16 23:00:00,65583.5,75355.4,65603.0,65574.3
2026-06-16 23:05:00,65765.0,75564.0,65812.3,65742.9
2026-06-16 23:10:00,65708.5,75499.1,65747.0,65690.4
2026-06-16 23:15:00,65487.8,75245.5,65499.9,65482.1
2026-06-16 23:20:00,65277.8,75004.2,65264.1,65284.2
2026-06-16 23:25:00,65071.9,74767.6,65046.7,65083.7
2026-06-16 23:30:00,64763.3,74413.0,64699.7,64793.1
2026-06-16 23:35:00,64424.4,74023.6,64467.9,64404.0
2026-06-16 23:40:00,64126.8,73681.7,64105.1,64137.0
2026-06-16 23:45:00,63800.8,73307.1,63784.7,63808.4
2026-06-16 23:50:00,63398.5,72844.8,63425.7,63385.7
2026-06-16 23:55:00,62919.1,72294.0,62938.1,62910.2
2026-06-17 00:00:00,62314.9,71599.8,62247.2,62346.6
2026-06-17 00:05:00,62205.9,71474.6,62182.4,62216.9
2026-06-17 00:10:00,61979.1,71214.0,61946.0,61994.6
2026-06-17 00:15:00,61707.6,70902.0,61672.0,61724.3
2026-06-17 00:20:00,61440.3,70594.9,61373.5,61471.6
2026-06-17 00:25:00,61196.9,70315.3,61203.0,61194.1
2026-06-17 00:30:00,60850.5,69917.3,60910.5,60822.5
2026-06-17 00:35:00,60596.4,69625.3,60564.3,60611.5
2026-06-17 00:40:00,60396.7,69395.8,60408.0,60391.4
2026-06-17 00:45:00,60150.3,69112.7,60185.6,60133.7
2026-06-17 00:50:00,59848.3,68765.7,59917.1,59816.1
2026-06-17 00:55:00,59560.1,68434.6,59602.5,59540.3
2026-06-17 01:00:00,59403.5,68254.6,59425.0,59393.4
2026-06-17 01:05:00,59336.8,68178.0,59334.3,59338.0
2026-06-17 01:10:00,59232.1,68057.6,59199.9,59247.1
2026-06-17 01:15:00,59146.7,67959.5,59090.1,59173.1
2026-06-17 01:20:00,59004.7,67796.5,58943.6,59033.4
2026-06-17 01:25:00,58879.3,67652.3,58864.0,58886.4
2026-06-17 01:30:00,58741.9,67494.4,58780.1,58724.0
2026-06-17 01:35:00,58595.0,67325.7,58629.6,58578.8
2026-06-17 01:40:00,58496.1,67212.0,58508.1,58490.4
2026-06-17 01:45:00,58406.0,67108.5,58355.4,58429.8
2026-06-17 01:50:00,58351.0,67045.3,58296.0,58376.7
2026-06-17 01:55:00,58307.1,66994.9,58317.8,58302.1
2026-06-17 02:00:00,58262.7,66943.9,58199.9,58292.1
2026-06-17 02:05:00,58258.9,66939.4,58286.6,58245.9
2026-06-17 02:10:00,58228.8,66904.9,58240.2,58223.5
2026-06-17 02:15:00,58195.2,66866.3,58229.5,58179.2
2026-06-17 02:20:00,58167.5,66834.5,58147.2,58177.1
2026-06-17 02:25:00,58122.3,66782.6,58133.5,58117.1
2026-06-17 02:30:00,58078.8,66732.5,58024.0,58104.4
2026-06-17 02:35:00,58029.3,66675.7,58047.6,58020.8
2026-06-17 02:40:00,57969.5,66606.9,57951.6,57977.8
2026-06-17 02:45:00,57930.1,66561.6,57954.3,57918.7
2026-06-17 02:50:00,57896.4,66523.0,57868.9,57909.3
2026-06-17 02:55:00,57820.0,66435.1,57824.4,57817.9
2026-06-17 03:00:00,57760.6,66367.0,57719.7,57779.8
2026-06-17 03:05:00,57743.2,66347.0,57795.2,57718.8
2026-06-17 03:10:00,57692.7,66288.9,57683.0,57697.2
2026-06-17 03:15:00,57639.5,66227.8,57651.1,57634.1
2026-06-17 03:20:00,57617.4,66202.4,57562.8,57643.0
2026-06-17 03:25:00,57576.0,66154.9,57545.4,57590.4
2026-06-17 03:30:00,57565.5,66142.7,57536.0,57579.3
2026-06-17 03:35:00,57590.7,66171.8,57565.1,57602.8
2026-06-17 03:40:00,57580.3,66159.8,57543.7,57597.4
2026-06-17 03:45:00,57585.7,66166.0,57560.7,57597.5
2026-06-17 03:50:00,57601.0,66183.6,57554.1,57623.1
2026-06-17 03:55:00,57598.8,66181.0,57554.2,57619.6
2026-06-17 04:00:00,57597.2,66179.1,57625.4,57584.0
2026-06-17 04:05:00,57676.5,66270.3,57746.3,57643.8
2026-06-17 04:10:00,57729.8,66331.5,57777.5,57707.4
2026-06-17 04:15:00,57772.0,66380.1,57767.3,57774.2
2026-06-17 04:20:00,57792.3,66403.4,57843.4,57768.4
2026-06-17 04:25:00,57797.4,66409.2,57850.0,57772.8
2026-06-17 04:30:00,57820.0,66435.2,57838.6,57811.3
2026-06-17 04:35:00,57915.5,66544.9,57884.9,57929.8
2026-06-17 04:40:00,57960.7,66596.9,57926.7,57976.7
2026-06-17 04:45:00,57987.9,66628.1,58015.2,57975.1
2026-06-17 04:50:00,57981.1,66620.3,58007.4,57968.8
2026-06-17 04:55:00,57979.5,66618.4,58006.0,57967.0
2026-06-17 05:00:00,58067.7,66719.8,58097.2,58053.9
2026-06-17 05:05:00,58248.2,66927.1,58294.2,58226.6
2026-06-17 05:10:00,58327.5,67018.3,58401.5,58292.9
2026-06-17 05:15:00,58423.6,67128.7,58485.9,58394.3
2026-06-17 05:20:00,58506.6,67224.1,58547.5,58487.5
2026-06-17 05:25:00,58653.8,67393.2,58670.7,58645.9
2026-06-17 05:30:00,58792.4,67552.4,58752.9,58810.8
2026-06-17 05:35:00,58973.5,67760.6,58998.7,58961.7
2026-06-17 05:40:00,59100.3,67906.2,59131.9,59085.5
2026-06-17 05:45:00,59188.4,68007.5,59220.4,59173.5
2026-06-17 05:50:00,59267.0,68097.8,59322.1,59241.2
2026-06-17 05:55:00,59404.5,68255.7,59440.9,59387.4
2026-06-17 06:00:00,59722.9,68621.6,59685.4,59740.4
2026-06-17 06:05:00,60259.3,69237.9,60189.0,60292.2
2026-06-17 06:10:00,60570.9,69596.0,60527.7,60591.2
2026-06-17 06:15:00,60823.4,69886.1,60840.9,60815.2
2026-06-17 06:20:00,61028.4,70121.6,60990.0,61046.4
2026-06-17 06:25:00,61226.7,70349.4,61188.1,61244.7
2026-06-17 06:30:00,61448.7,70604.5,61393.6,61474.5
2026-06-17 06:35:00,61747.8,70948.2,61734.6,61754.0
2026-06-17 06:40:00,61933.0,71161.0,61949.7,61925.2
2026-06-17 06:45:00,62129.8,71387.1,62156.3,62117.4
2026-06-17 06:50:00,62387.4,71683.1,62396.1,62383.3
2026-06-17 06:55:00,62662.7,71999.4,62651.5,62667.9
2026-06-17 07:00:00,63063.7,72460.2,63118.8,63037.8
2026-06-17 07:05:00,63713.4,73206.6,63642.6,63746.5
2026-06-17 07:10:00,64088.8,73638.0,64100.1,64083.5
2026-06-17 07:15:00,64441.7,74043.5,64484.7,64421.6
2026-06-17 07:20:00,64705.4,74346.5,64715.7,64700.6
2026-06-17 07:25:00,64969.6,74650.1,65018.8,64946.6
2026-06-17 07:30:00,65184.7,74897.2,65219.5,65168.4
2026-06-17 07:35:00,65491.2,75249.4,65488.1,65492.6
2026-06-17 07:40:00,65694.5,75483.0,65685.1,65698.9
2026-06-17 07:45:00,65901.7,75721.0,65895.7,65904.4
2026-06-17 07:50:00,66094.2,75942.2,66069.2,66105.9
2026-06-17 07:55:00,66316.7,76197.9,66278.4,66334.7
2026-06-17 08:00:00,66736.6,76680.4,66693.8,66756.7
2026-06-17 08:05:00,67379.8,77419.4,67281.8,67425.6
2026-06-17 08:10:00,67895.3,78011.7,67860.2,67911.8
2026-06-17 08:15:00,68300.1,78476.9,68286.2,68306.6
2026-06-17 08:20:00,68609.7,78832.5,68628.7,68600.8
2026-06-17 08:25:00,68991.3,79271.0,68961.4,69005.4
2026-06-17 08:30:00,69347.9,79680.8,69305.1,69368.0
2026-06-17 08:35:00,69740.0,80131.2,69767.3,69727.2
2026-06-17 08:40:00,70000.6,80430.7,69957.1,70021.0
2026-06-17 08:45:00,70256.7,80725.0,70332.4,70221.2
2026-06-17 08:50:00,70422.9,80915.9,70456.4,70407.1
2026-06-17 08:55:00,70618.7,81140.9,70676.3,70591.8
2026-06-17 09:00:00,70614.9,81136.5,70596.5,70623.5
2026-06-17 09:05:00,70728.9,81267.5,70760.2,70714.2
2026-06-17 09:10:00,70875.2,81435.6,70909.0,70859.3
2026-06-17 09:15:00,71084.8,81676.5,71124.7,71066.2
2026-06-17 09:20:00,71234.8,81848.8,71185.6,71257.9
2026-06-17 09:25:00,71353.0,81984.5,71310.4,71372.9
2026-06-17 09:30:00,71312.9,81938.5,71374.0,71284.2
2026-06-17 09:35:00,71304.8,81929.3,71381.2,71269.1
2026-06-17 09:40:00,71321.2,81948.0,71346.3,71309.4
2026-06-17 09:45:00,71309.3,81934.3,71355.8,71287.5
2026-06-17 09:50:00,71265.6,81884.2,71332.4,71234.4
2026-06-17 09:55:00,71182.2,81788.3,71152.0,71196.3
2026-06-17 10:00:00,71041.8,81627.0,71127.4,71001.7
2026-06-17 10:05:00,71076.4,81666.8,71178.6,71028.5
2026-06-17 10:10:00,71188.1,81795.1,71186.6,71188.7
2026-06-17 10:15:00,71388.7,82025.6,71424.6,71371.9
2026-06-17 10:20:00,71501.0,82154.7,71444.9,71527.4
2026-06-17 10:25:00,71497.8,82151.0,71570.0,71464.1
2026-06-17 10:30:00,71412.1,82052.5,71474.9,71382.7
2026-06-17 10:35:00,71399.4,82037.9,71369.1,71413.6
2026-06-17 10:40:00,71388.9,82025.9,71343.9,71410.0
2026-06-17 10:45:00,71392.6,82030.1,71355.3,71410.1
2026-06-17 10:50:00,71362.0,81994.9,71338.2,71373.1
2026-06-17 10:55:00,71281.2,81902.0,71307.2,71268.9
2026-06-17 11:00:00,71117.3,81713.8,71025.3,71160.4
2026-06-17 11:05:00,71077.7,81668.2,71007.2,71110.7
2026-06-17 11:10:00,71094.7,81687.8,70997.2,71140.3
2026-06-17 11:15:00,71091.0,81683.6,71028.3,71120.4
2026-06-17 11:20:00,71057.9,81645.6,70975.2,71096.7
2026-06-17 11:25:00,70978.2,81553.9,70998.3,70968.8
2026-06-17 11:30:00,70856.6,81414.2,70781.2,70891.9
2026-06-17 11:35:00,70783.2,81329.9,70818.2,70766.8
2026-06-17 11:40:00,70711.2,81247.2,70621.9,70753.0
2026-06-17 11:45:00,70592.1,81110.3,70623.8,70577.2
2026-06-17 11:50:00,70285.9,80758.5,70308.3,70275.4
2026-06-17 11:55:00,69877.2,80288.9,69947.6,69844.2
2026-06-17 12:00:00,69432.6,79778.0,69457.4,69420.9
2026-06-17 12:05:00,69423.4,79767.4,69486.5,69393.8
2026-06-17 12:10:00,69442.6,79789.6,69492.8,69419.1
2026-06-17 12:15:00,69442.4,79789.3,69477.3,69426.0
2026-06-17 12:20:00,69442.6,79789.5,69482.6,69423.8
2026-06-17 12:25:00,69439.0,79785.4,69464.5,69427.1
2026-06-17 12:30:00,69354.6,79688.5,69365.2,69349.7
2026-06-17 12:35:00,69401.5,79742.3,69337.2,69431.5
2026-06-17 12:40:00,69475.8,79827.6,69510.6,69459.4
2026-06-17 12:45:00,69532.0,79892.3,69558.1,69519.8
2026-06-17 12:50:00,69746.7,80138.9,69752.1,69744.1
2026-06-17 12:55:00,69956.5,80380.1,69922.0,69972.7
2026-06-17 13:00:00,70396.7,80885.8,70359.5,70414.2
2026-06-17 13:05:00,70792.5,81340.5,70736.1,70818.9
2026-06-17 13:10:00,71252.0,81868.6,71117.7,71315.0
2026-06-17 13:15:00,71514.9,82170.6,71459.4,71540.9
2026-06-17 13:20:00,71687.3,82368.7,71730.9,71666.9
2026-06-17 13:25:00,71991.5,82718.2,71914.3,72027.6
2026-06-17 13:30:00,72211.6,82971.1,72252.9,72192.2
2026-06-17 13:35:00,72491.3,83292.5,72477.6,72497.7
2026-06-17 13:40:00,72683.0,83512.7,72726.2,72662.7
2026-06-17 13:45:00,72860.3,83716.5,72917.7,72833.4
2026-06-17 13:50:00,72941.8,83810.1,72987.4,72920.4
2026-06-17 13:55:00,72989.5,83865.0,72979.6,72994.2
2026-06-17 14:00:00,73081.5,83970.7,73065.9,73088.9
2026-06-17 14:05:00,73082.6,83971.9,73101.1,73074.0
2026-06-17 14:10:00,73143.9,84042.3,73145.0,73143.4
2026-06-17 14:15:00,73248.4,84162.5,73146.6,73296.1
2026-06-17 14:20:00,73299.1,84220.7,73330.9,73284.2
2026-06-17 14:25:00,73433.9,84375.5,73323.0,73485.8
2026-06-17 14:30:00,73448.2,84392.0,73484.3,73431.3
2026-06-17 14:35:00,73465.1,84411.4,73503.4,73447.1
2026-06-17 14:40:00,73562.1,84522.9,73482.3,73599.5
2026-06-17 14:45:00,73587.6,84552.2,73682.7,73543.1
2026-06-17 14:50:00,73573.0,84535.3,73655.2,73534.5
2026-06-17 14:55:00,73544.6,84502.8,73620.0,73509.3
2026-06-17 15:00:00,73500.0,84451.5,73609.6,73448.6
2026-06-17 15:05:00,73456.9,84401.9,73425.3,73471.6
2026-06-17 15:10:00,73502.5,84454.4,73556.2,73477.4
2026-06-17 15:15:00,73692.6,84672.8,73639.9,73717.3
2026-06-17 15:20:00,73925.4,84940.2,73961.8,73908.3
2026-06-17 15:25:00,74077.5,85115.1,74118.5,74058.3
2026-06-17 15:30:00,74241.0,85302.9,74279.8,74222.9
2026-06-17 15:35:00,74405.3,85491.7,74350.2,74431.1
2026-06-17 15:40:00,74475.3,85572.1,74484.5,74470.9
2026-06-17 15:45:00,74703.7,85834.5,74718.8,74696.6
2026-06-17 15:50:00,74840.2,85991.4,74896.2,74813.9
2026-06-17 15:55:00,75002.0,86177.3,75024.2,74991.7
2026-06-17 16:00:00,74977.4,86149.1,74973.8,74979.2
2026-06-17 16:05:00,74875.8,86032.2,74935.8,74847.6
2026-06-17 16:10:00,75065.1,86249.8,75063.5,75065.8
2026-06-17 16:15:00,75271.6,86487.1,75303.5,75256.7
2026-06-17 16:20:00,75444.7,86686.0,75475.4,75430.3
2026-06-17 16:25:00,75666.3,86940.6,75683.2,75658.4
2026-06-17 16:30:00,75895.6,87204.0,75891.0,75897.7
2026-06-17 16:35:00,76139.5,87484.2,76134.4,76141.8
2026-06-17 16:40:00,76373.4,87753.0,76380.8,76369.9
2026-06-17 16:45:00,76539.7,87944.1,76586.4,76517.8
2026-06-17 16:50:00,76642.6,88062.3,76537.0,76692.0
2026-06-17 16:55:00,76722.4,88154.1,76758.9,76705.3
2026-06-17 17:00:00,76569.1,87977.9,76593.5,76557.7
2026-06-17 17:05:00,76455.1,87846.9,76502.2,76433.0
2026-06-17 17:10:00,76516.9,87917.9,76530.6,76510.5
2026-06-17 17:15:00,76513.8,87914.4,76545.2,76499.1
2026-06-17 17:20:00,76478.2,87873.5,76509.0,76463.8
2026-06-17 17:25:00,76469.4,87863.3,76487.1,76461.1
2026-06-17 17:30:00,76434.3,87823.0,76456.2,76424.0
2026-06-17 17:35:00,76437.5,87826.7,76452.6,76430.5
2026-06-17 17:40:00,76427.5,87815.2,76442.0,76420.8
2026-06-17 17:45:00,76382.2,87763.2,76447.1,76351.8
2026-06-17 17:50:00,76341.4,87716.2,76387.8,76319.6
2026-06-17 17:55:00,76270.1,87634.3,76339.2,76237.7
2026-06-17 18:00:00,76087.1,87424.1,76109.2,76076.8
2026-06-17 18:05:00,75784.6,87076.5,75835.8,75760.6
2026-06-17 18:10:00,75691.0,86969.0,75785.2,75646.9
2026-06-17 18:15:00,75715.1,86996.6,75817.8,75667.0
2026-06-17 18:20:00,75756.9,87044.7,75805.5,75734.1
2026-06-17 18:25:00,75759.6,87047.8,75804.6,75738.6
2026-06-17 18:30:00,75775.3,87065.8,75824.5,75752.2
2026-06-17 18:35:00,75753.2,87040.4,75786.6,75737.5
2026-06-17 18:40:00,75725.4,87008.5,75767.8,75705.5
2026-06-17 18:45:00,75727.9,87011.3,75772.9,75706.8
2026-06-17 18:50:00,75688.3,86965.8,75728.0,75669.6
2026-06-17 18:55:00,75633.3,86902.7,75669.8,75616.3
2026-06-17 19:00:00,75398.9,86633.3,75414.5,75391.6
2026-06-17 19:05:00,75212.3,86418.9,75130.8,75250.4
2026-06-17 19:10:00,75124.1,86317.6,75049.4,75159.1
2026-06-17 19:15:00,75132.4,86327.1,75060.2,75166.2
2026-06-17 19:20:00,75018.7,86196.4,75062.8,74998.0
2026-06-17 19:25:00,74933.2,86098.2,74841.6,74976.1
2026-06-17 19:30:00,74807.9,85954.3,74825.1,74799.8
2026-06-17 19:35:00,74753.0,85891.2,74645.9,74803.2
2026-06-17 19:40:00,74617.1,85735.0,74640.6,74606.1
2026-06-17 19:45:00,74561.0,85670.6,74462.2,74607.3
2026-06-17 19:50:00,74414.9,85502.8,74417.7,74413.6
2026-06-17 19:55:00,74262.9,85328.1,74144.4,74318.5
2026-06-17 20:00:00,74026.6,85056.6,74094.8,73994.7
2026-06-17 20:05:00,73844.6,84847.4,73736.5,73895.2
2026-06-17 20:10:00,73683.0,84661.8,73613.0,73715.9
2026-06-17 20:15:00,73498.8,84450.1,73421.7,73534.9
2026-06-17 20:20:00,73330.2,84256.4,73227.9,73378.1
2026-06-17 20:25:00,73201.6,84108.7,73194.4,73205.1
2026-06-17 20:30:00,73001.9,83879.2,72994.2,73005.5
2026-06-17 20:35:00,72810.4,83659.2,72826.3,72803.0
2026-06-17 20:40:00,72551.5,83361.7,72593.9,72531.7
2026-06-17 20:45:00,72368.0,83150.8,72269.2,72414.3
2026-06-17 20:50:00,72178.9,82933.5,72073.4,72228.3
2026-06-17 20:55:00,71943.2,82662.8,71887.1,71969.5
2026-06-17 21:00:00,71564.9,82228.1,71662.6,71519.2
2026-06-17 21:05:00,71313.7,81939.4,71279.4,71329.7
2026-06-17 21:10:00,71119.6,81716.4,71159.8,71100.7
2026-06-17 21:15:00,70927.9,81496.2,70872.8,70953.7
2026-06-17 21:20:00,70747.5,81288.9,70725.0,70758.1
2026-06-17 21:25:00,70494.9,80998.7,70558.4,70465.2
2026-06-17 21:30:00,70288.2,80761.1,70245.4,70308.2
2026-06-17 21:35:00,70059.8,80498.7,70107.3,70037.5
2026-06-17 21:40:00,69785.9,80184.0,69799.2,69779.7
2026-06-17 21:45:00,69503.7,79859.8,69581.7,69467.2
2026-06-17 21:50:00,69281.9,79604.9,69235.4,69303.7
2026-06-17 21:55:00,69014.7,79297.9,69081.3,68983.5
2026-06-17 22:00:00,68735.9,78977.6,68678.3,68762.9
2026-06-17 22:05:00,68683.0,78916.8,68708.3,68671.1
2026-06-17 22:10:00,68540.9,78753.5,68471.4,68573.5
2026-06-17 22:15:00,68406.3,78598.9,68333.4,68440.5
2026-06-17 22:20:00,68200.3,78362.1,68162.2,68218.2
2026-06-17 22:25:00,68000.5,78132.6,67944.7,68026.6
2026-06-17 22:30:00,67695.4,77782.0,67680.7,67702.3
2026-06-17 22:35:00,67442.5,77491.4,67440.9,67443.2
2026-06-17 22:40:00,67232.5,77250.1,67233.0,67232.3
2026-06-17 22:45:00,67008.4,76992.6,67015.5,67005.0
2026-06-17 22:50:00,66854.9,76816.2,66787.4,66886.5
2026-06-17 22:55:00,66660.9,76593.4,66685.2,66649.6
2026-06-17 23:00:00,66555.3,76472.1,66583.4,66542.2
2026-06-17 23:05:00,66752.3,76698.4,66768.4,66744.8
2026-06-17 23:10:00,66720.0,76661.3,66765.0,66699.0
2026-06-17 23:15:00,66554.4,76471.0,66526.1,66567.7
2026-06-17 23:20:00,66372.3,76261.8,66414.4,66352.6
2026-06-17 23:25:00,66217.2,76083.6,66168.9,66239.9
2026-06-17 23:30:00,65826.1,75634.1,65858.1,65811.0
2026-06-17 23:35:00,65529.6,75293.5,65555.2,65517.6
2026-06-17 23:40:00,65192.2,74905.8,65247.3,65166.4
2026-06-17 23:45:00,64886.7,74554.8,64814.8,64920.4
2026-06-17 23:50:00,64503.1,74114.1,64520.2,64495.1
2026-06-17 23:55:00,64068.3,73614.4,64053.6,64075.1
2026-06-18 00:00:00,63484.3,72943.4,63493.6,63479.9
2026-06-18 00:05:00,63248.4,72672.4,63275.7,63235.6
2026-06-18 00:10:00,62877.4,72246.2,62925.3,62855.0
2026-06-18 00:15:00,62537.2,71855.3,62548.6,62531.9
2026-06-18 00:20:00,62211.3,71480.8,62191.9,62220.4
2026-06-18 00:25:00,62025.1,71266.9,61959.7,62055.8
2026-06-18 00:30:00,61848.4,71063.8,61810.3,61866.3
2026-06-18 00:35:00,61679.2,70869.4,61656.1,61690.0
2026-06-18 00:40:00,61479.6,70640.1,61465.1,61486.4
2026-06-18 00:45:00,61204.5,70323.9,61248.5,61183.8
2026-06-18 00:50:00,60907.9,69983.2,60943.6,60891.2
2026-06-18 00:55:00,60648.4,69685.1,60669.3,60638.7
2026-06-18 01:00:00,60522.3,69540.1,60460.7,60551.2
2026-06-18 01:05:00,60432.3,69436.7,60455.8,60421.3
2026-06-18 01:10:00,60298.9,69283.4,60307.9,60294.6
2026-06-18 01:15:00,60215.4,69187.4,60196.3,60224.3
2026-06-18 01:20:00,60105.8,69061.5,60118.2,60100.0
2026-06-18 01:25:00,60020.8,68963.9,60035.4,60014.0
2026-06-18 01:30:00,59922.7,68851.1,59922.3,59922.8
2026-06-18 01:35:00,59841.6,68758.0,59828.9,59847.6
2026-06-18 01:40:00,59742.0,68643.5,59720.7,59751.9
2026-06-18 01:45:00,59653.4,68541.8,59661.0,59649.9
2026-06-18 01:50:00,59536.6,68407.5,59553.5,59528.7
2026-06-18 01:55:00,59503.2,68369.2,59478.7,59514.7
2026-06-18 02:00:00,59448.8,68306.6,59384.7,59478.8
2026-06-18 02:05:00,59483.1,68346.1,59478.1,59485.5
2026-06-18 02:10:00,59467.8,68328.4,59427.9,59486.4
2026-06-18 02:15:00,59477.9,68340.1,59428.8,59500.9
2026-06-18 02:20:00,59406.4,68257.9,59405.2,59406.9
2026-06-18 02:25:00,59325.8,68165.3,59311.6,59332.4
2026-06-18 02:30:00,59246.6,68074.3,59222.7,59257.8
2026-06-18 02:35:00,59202.1,68023.2,59171.2,59216.6
2026-06-18 02:40:00,59104.3,67910.8,59139.5,59087.7
2026-06-18 02:45:00,59008.6,67800.9,59057.5,58985.8
2026-06-18 02:50:00,58928.1,67708.4,58955.3,58915.4
2026-06-18 02:55:00,58890.7,67665.4,58866.6,58901.9
2026-06-18 03:00:00,58824.1,67588.9,58850.7,58811.7
2026-06-18 03:05:00,58780.6,67538.9,58831.9,58756.6
2026-06-18 03:10:00,58725.1,67475.1,58694.3,58739.5
2026-06-18 03:15:00,58676.0,67418.7,58686.8,58670.9
2026-06-18 03:20:00,58646.4,67384.7,58609.2,58663.8
2026-06-18 03:25:00,58583.3,67312.2,58611.3,58570.2
2026-06-18 03:30:00,58542.0,67264.7,58521.0,58551.8
2026-06-18 03:35:00,58509.6,67227.6,58535.8,58497.4
2026-06-18 03:40:00,58491.5,67206.7,58511.0,58482.3
2026-06-18 03:45:00,58462.4,67173.3,58415.6,58484.4
2026-06-18 03:50:00,58402.7,67104.7,58408.5,58400.0
2026-06-18 03:55:00,58375.4,67073.3,58335.4,58394.1
2026-06-18 04:00:00,58396.6,67097.7,58372.0,58408.1
2026-06-18 04:05:00,58475.9,67188.8,58471.7,58477.9
2026-06-18 04:10:00,58522.4,67242.2,58490.1,58537.5
2026-06-18 04:15:00,58557.3,67282.3,58589.6,58542.1
2026-06-18 04:20:00,58605.3,67337.5,58583.2,58615.7
2026-06-18 04:25:00,58642.6,67380.3,58690.7,58620.1
2026-06-18 04:30:00,58624.1,67359.1,58680.8,58597.5
2026-06-18 04:35:00,58669.0,67410.6,58727.1,58641.7
2026-06-18 04:40:00,58693.6,67439.0,58679.0,58700.4
2026-06-18 04:45:00,58722.2,67471.8,58771.8,58698.9
2026-06-18 04:50:00,58715.9,67464.5,58768.0,58691.4
2026-06-18 04:55:00,58712.7,67460.9,58765.8,58687.9
2026-06-18 05:00:00,58756.5,67511.2,58817.1,58728.1
2026-06-18 05:05:00,58913.0,67691.0,58913.9,58912.5
2026-06-18 05:10:00,58985.1,67773.9,59057.8,58951.1
2026-06-18 05:15:00,59079.3,67882.1,59110.3,59064.8
2026-06-18 05:20:00,59155.8,67970.0,59190.0,59139.7
2026-06-18 05:25:00,59255.1,68084.1,59291.8,59237.8
2026-06-18 05:30:00,59387.8,68236.6,59420.5,59372.5
2026-06-18 05:35:00,59538.0,68409.1,59559.4,59528.0
2026-06-18 05:40:00,59648.0,68535.5,59661.6,59641.6
2026-06-18 05:45:00,59737.3,68638.1,59740.6,59735.7
2026-06-18 05:50:00,59856.8,68775.5,59858.9,59855.9
2026-06-18 05:55:00,59934.4,68864.6,59956.3,59924.1
2026-06-18 06:00:00,60195.3,69164.5,60220.8,60183.4
2026-06-18 06:05:00,60713.1,69759.4,60671.4,60732.7
2026-06-18 06:10:00,60942.9,70023.4,60981.3,60924.9
2026-06-18 06:15:00,61220.2,70342.0,61150.3,61253.0
2026-06-18 06:20:00,61439.7,70594.3,61354.8,61479.5
2026-06-18 06:25:00,61655.6,70842.3,61674.6,61646.8
2026-06-18 06:30:00,61807.0,71016.2,61815.5,61802.9
2026-06-18 06:35:00,62081.5,71331.6,62031.2,62105.1
2026-06-18 06:40:00,62276.0,71555.1,62294.5,62267.4
2026-06-18 06:45:00,62507.7,71821.3,62491.8,62515.2
2026-06-18 06:50:00,62726.7,72073.0,62727.8,62726.2
2026-06-18 06:55:00,62917.8,72292.5,62928.0,62912.9
2026-06-18 07:00:00,63307.5,72740.4,63301.8,63310.2
2026-06-18 07:05:00,63901.4,73422.7,63801.6,63948.1
2026-06-18 07:10:00,64317.6,73900.9,64314.7,64318.9
2026-06-18 07:15:00,64694.4,74333.9,64640.7,64719.6
2026-06-18 07:20:00,64975.1,74656.4,65032.1,64948.4
2026-06-18 07:25:00,65223.1,74941.4,65267.9,65202.1
2026-06-18 07:30:00,65399.0,75143.5,65398.1,65399.5
2026-06-18 07:35:00,65666.1,75450.4,65653.9,65671.9
2026-06-18 07:40:00,65883.1,75699.7,65898.0,65876.2
2026-06-18 07:45:00,66082.6,75928.9,66064.9,66090.9
2026-06-18 07:50:00,66316.2,76197.3,66281.4,66332.4
2026-06-18 07:55:00,66515.8,76426.7,66496.0,66525.1
2026-06-18 08:00:00,66906.2,76875.2,66891.4,66913.1
2026-06-18 08:05:00,67604.2,77677.2,67510.2,67648.3
2026-06-18 08:10:00,68098.3,78245.0,68055.4,68118.4
2026-06-18 08:15:00,68473.8,78676.3,68515.6,68454.2
2026-06-18 08:20:00,68850.7,79109.4,68823.6,68863.3
2026-06-18 08:25:00,69239.7,79556.4,69225.1,69246.5
2026-06-18 08:30:00,69602.0,79972.8,69581.4,69611.7
2026-06-18 08:35:00,70003.4,80433.9,69991.5,70009.0
2026-06-18 08:40:00,70280.2,80752.0,70367.2,70239.5
2026-06-18 08:45:00,70512.0,81018.3,70576.4,70481.9
2026-06-18 08:50:00,70708.7,81244.3,70670.9,70726.4
2026-06-18 08:55:00,70950.1,81521.7,70988.9,70931.9
2026-06-18 09:00:00,70960.9,81534.1,70901.6,70988.7
2026-06-18 09:05:00,71080.4,81671.4,71060.6,71089.7
2026-06-18 09:10:00,71256.5,81873.7,71226.6,71270.5
2026-06-18 09:15:00,71412.4,82052.8,71404.0,71416.3
2026-06-18 09:20:00,71518.4,82174.7,71482.5,71535.2
2026-06-18 09:25:00,71547.2,82207.8,71592.4,71526.0
2026-06-18 09:30:00,71606.9,82276.4,71531.8,71642.1
2026-06-18 09:35:00,71682.3,82363.0,71712.5,71668.2
2026-06-18 09:40:00,71678.9,82359.0,71667.8,71684.1
2026-06-18 09:45:00,71650.4,82326.4,71668.7,71641.9
2026-06-18 09:50:00,71592.7,82260.0,71606.0,71586.5
2026-06-18 09:55:00,71503.7,82157.7,71458.3,71524.9
2026-06-18 10:00:00,71339.7,81969.3,71425.2,71299.6
2026-06-18 10:05:00,71372.1,82006.5,71462.9,71329.5
2026-06-18 10:10:00,71493.6,82146.1,71453.4,71512.4
2026-06-18 10:15:00,71683.2,82364.0,71714.6,71668.5
2026-06-18 10:20:00,71788.8,82485.3,71702.2,71829.3
2026-06-18 10:25:00,71801.2,82499.5,71876.1,71766.0
2026-06-18 10:30:00,71706.9,82391.2,71762.7,71680.8
2026-06-18 10:35:00,71693.8,82376.1,71655.8,71711.6
2026-06-18 10:40:00,71683.3,82364.1,71630.5,71708.0
2026-06-18 10:45:00,71687.0,82368.3,71642.0,71708.0
2026-06-18 10:50:00,71661.1,82338.6,71639.7,71671.1
2026-06-18 10:55:00,71565.2,82228.4,71608.8,71544.8
2026-06-18 11:00:00,71415.3,82056.2,71341.3,71449.9
2026-06-18 11:05:00,71360.3,81993.0,71333.9,71372.7
2026-06-18 11:10:00,71276.0,81896.1,71324.0,71253.5
2026-06-18 11:15:00,71239.5,81854.2,71184.0,71265.5
2026-06-18 11:20:00,71202.3,81811.5,71132.2,71235.2
2026-06-18 11:25:00,71100.5,81694.4,71135.9,71083.9
2026-06-18 11:30:00,70970.4,81545.0,70900.2,71003.3
2026-06-18 11:35:00,70850.6,81407.4,70788.3,70879.8
2026-06-18 11:40:00,70734.8,81274.3,70748.4,70728.5
2026-06-18 11:45:00,70562.6,81076.4,70605.5,70542.5
2026-06-18 11:50:00,70269.4,80739.6,70290.0,70259.8
2026-06-18 11:55:00,69848.8,80256.2,69888.8,69830.0
2026-06-18 12:00:00,69404.9,79746.3,69338.0,69436.3
2026-06-18 12:05:00,69416.9,79760.0,69479.4,69387.6
2026-06-18 12:10:00,69441.1,79787.8,69490.8,69417.8
2026-06-18 12:15:00,69428.8,79773.7,69470.2,69409.4
2026-06-18 12:20:00,69429.2,79774.1,69476.0,69407.3
2026-06-18 12:25:00,69427.5,79772.2,69463.9,69410.5
2026-06-18 12:30:00,69356.3,79690.4,69373.2,69348.4
2026-06-18 12:35:00,69400.5,79741.2,69337.2,69430.2
2026-06-18 12:40:00,69474.9,79826.6,69510.6,69458.1
2026-06-18 12:45:00,69526.1,79885.5,69542.4,69518.5
2026-06-18 12:50:00,69745.8,80137.9,69752.1,69742.8
2026-06-18 12:55:00,69956.4,80379.9,69930.5,69968.5
2026-06-18 13:00:00,70389.6,80877.7,70358.6,70404.2
2026-06-18 13:05:00,70785.8,81332.8,70736.3,70808.9
2026-06-18 13:10:00,71251.2,81867.7,71117.9,71313.7
2026-06-18 13:15:00,71514.1,82169.7,71459.6,71539.6
2026-06-18 13:20:00,71686.5,82367.8,71731.1,71665.6
2026-06-18 13:25:00,71990.3,82716.8,71913.4,72026.3
2026-06-18 13:30:00,72210.4,82969.8,72252.0,72191.0
2026-06-18 13:35:00,72490.1,83291.1,72476.7,72496.4
2026-06-18 13:40:00,72681.8,83511.3,72725.3,72661.3
2026-06-18 13:45:00,72859.1,83715.1,72916.8,72832.1
2026-06-18 13:50:00,72940.6,83808.7,72986.5,72919.0
2026-06-18 13:55:00,72988.9,83864.2,72978.7,72993.6
2026-06-18 14:00:00,73082.4,83971.6,73067.2,73089.5
2026-06-18 14:05:00,73086.6,83976.5,73102.4,73079.1
2026-06-18 14:10:00,73143.4,84041.8,73146.3,73142.1
2026-06-18 14:15:00,73249.1,84163.2,73151.4,73294.8
2026-06-18 14:20:00,73299.7,84221.4,73335.7,73282.9
2026-06-18 14:25:00,73434.5,84376.3,73327.9,73484.5
2026-06-18 14:30:00,73448.9,84392.8,73489.1,73430.1
2026-06-18 14:35:00,73465.7,84412.1,73508.3,73445.8
2026-06-18 14:40:00,73562.7,84523.6,73487.2,73598.1
2026-06-18 14:45:00,73588.2,84552.9,73687.6,73541.7
2026-06-18 14:50:00,73573.6,84536.1,73660.0,73533.1
2026-06-18 14:55:00,73546.2,84504.6,73624.8,73509.4
2026-06-18 15:00:00,73504.7,84457.0,73614.5,73453.3
2026-06-18 15:05:00,73463.0,84408.9,73430.2,73478.3
2026-06-18 15:10:00,73602.0,84568.7,73557.5,73622.8
2026-06-18 15:15:00,73750.7,84739.5,73821.5,73717.5
2026-06-18 15:20:00,73925.9,84940.9,73963.1,73908.5
2026-06-18 15:25:00,74078.1,85115.7,74119.8,74058.5
2026-06-18 15:30:00,74241.6,85303.6,74281.1,74223.2
2026-06-18 15:35:00,74402.4,85488.4,74340.8,74431.2
2026-06-18 15:40:00,74476.2,85573.1,74485.8,74471.7
2026-06-18 15:45:00,74704.6,85835.6,74720.1,74697.4
2026-06-18 15:50:00,74841.1,85992.5,74897.5,74814.7
2026-06-18 15:55:00,75003.9,86179.5,75025.5,74993.8
2026-06-18 16:00:00,74981.5,86153.7,74975.1,74984.4
2026-06-18 16:05:00,74881.1,86038.4,74937.1,74854.9
2026-06-18 16:10:00,75061.0,86245.1,75048.9,75066.6
2026-06-18 16:15:00,75269.7,86484.8,75295.7,75257.5
2026-06-18 16:20:00,75445.7,86687.1,75476.8,75431.1
2026-06-18 16:25:00,75667.3,86941.7,75684.5,75659.2
2026-06-18 16:30:00,75896.6,87205.2,75892.4,75898.6
2026-06-18 16:35:00,76140.4,87485.3,76135.7,76142.6
2026-06-18 16:40:00,76374.3,87754.1,76382.1,76370.6
2026-06-18 16:45:00,76540.6,87945.1,76587.7,76518.5
2026-06-18 16:50:00,76643.5,88063.4,76538.4,76692.8
2026-06-18 16:55:00,76724.3,88156.2,76760.2,76707.5
2026-06-18 17:00:00,76572.6,87981.9,76595.6,76561.8
2026-06-18 17:05:00,76459.9,87852.4,76504.2,76439.1
2026-06-18 17:10:00,76517.2,87918.3,76532.7,76510.0
2026-06-18 17:15:00,76515.6,87916.4,76547.2,76500.7
2026-06-18 17:20:00,76480.0,87875.5,76511.1,76465.5
2026-06-18 17:25:00,76471.1,87865.3,76489.1,76462.7
2026-06-18 17:30:00,76436.1,87825.1,76458.3,76425.7
2026-06-18 17:35:00,76439.3,87828.8,76454.7,76432.1
2026-06-18 17:40:00,76429.3,87817.3,76444.0,76422.4
2026-06-18 17:45:00,76384.0,87765.2,76449.2,76353.5
2026-06-18 17:50:00,76342.1,87717.0,76389.1,76320.0
2026-06-18 17:55:00,76271.7,87636.2,76340.5,76239.5
2026-06-18 18:00:00,76090.4,87427.9,76111.3,76080.6
2026-06-18 18:05:00,75787.9,87080.3,75837.9,75764.4
2026-06-18 18:10:00,75692.4,86970.6,75787.3,75647.9
2026-06-18 18:15:00,75716.5,86998.2,75819.9,75668.0
2026-06-18 18:20:00,75758.3,87046.3,75807.6,75735.2
2026-06-18 18:25:00,75761.0,87049.4,75806.6,75739.6
2026-06-18 18:30:00,75776.7,87067.4,75826.6,75753.4
2026-06-18 18:35:00,75754.5,87042.0,75788.7,75738.5
2026-06-18 18:40:00,75726.8,87010.0,75769.8,75706.6
2026-06-18 18:45:00,75729.2,87012.9,75774.9,75707.8
2026-06-18 18:50:00,75688.6,86966.2,75729.3,75669.5
2026-06-18 18:55:00,75634.5,86904.0,75671.1,75617.3
2026-06-18 19:00:00,75400.7,86635.4,75415.2,75393.9
2026-06-18 19:05:00,75214.1,86421.0,75131.6,75252.7
2026-06-18 19:10:00,75248.6,86460.6,75050.1,75341.6
2026-06-18 19:15:00,75326.2,86549.8,75277.9,75348.7
2026-06-18 19:20:00,75213.3,86420.1,75280.6,75181.8
2026-06-18 19:25:00,75120.4,86313.4,75042.5,75156.9
2026-06-18 19:30:00,74984.7,86157.4,75026.1,74965.3
2026-06-18 19:35:00,74817.7,85965.6,74841.0,74806.8
2026-06-18 19:40:00,74756.7,85895.5,74641.6,74810.7
2026-06-18 19:45:00,74622.3,85741.0,74646.5,74610.9
2026-06-18 19:50:00,74520.4,85624.0,74419.7,74567.6
2026-06-18 19:55:00,74340.4,85417.1,74384.8,74319.5
2026-06-18 20:00:00,74027.2,85057.3,74094.8,73995.5
2026-06-18 20:05:00,73809.1,84806.7,73736.5,73843.1
2026-06-18 20:10:00,73549.7,84508.6,73620.0,73516.8
2026-06-18 20:15:00,73399.0,84335.4,73431.4,73383.8
2026-06-18 20:20:00,73221.0,84130.9,73235.2,73214.3
2026-06-18 20:25:00,73042.0,83925.2,73075.3,73026.3
2026-06-18 20:30:00,72786.8,83632.1,72800.5,72780.4
2026-06-18 20:35:00,72509.8,83313.7,72463.5,72531.5
2026-06-18 20:40:00,72264.3,83031.7,72279.3,72257.2
2026-06-18 20:45:00,72045.4,82780.2,72095.0,72022.2
2026-06-18 20:50:00,71829.1,82531.7,71748.5,71866.9
2026-06-18 20:55:00,71490.8,82143.0,71577.5,71450.3
2026-06-18 21:00:00,71165.4,81769.1,71212.2,71143.5
2026-06-18 21:05:00,70912.7,81478.7,70953.0,70893.9
2026-06-18 21:10:00,70672.9,81203.2,70722.3,70649.7
2026-06-18 21:15:00,70459.7,80958.2,70418.4,70479.0
2026-06-18 21:20:00,70222.9,80686.1,70250.0,70210.2
2026-06-18 21:25:00,70043.6,80480.1,70031.9,70049.1
2026-06-18 21:30:00,69803.6,80204.4,69825.4,69793.4
2026-06-18 21:35:00,69511.7,79869.0,69586.9,69476.5
